timestamp,frame,fps,left,center,right,x,magnitude,fw_bias,visual_bias,escape_active,dopamine,items,skip_focus,collected,reward_rate,escape_rate,orient_rate
5.682,1,0.0,0.1489,0.6913,0.5261,0.433,0.8753,0.0,0.0,0,1.0,11,0,0,0.0,0.0,0.0
5.87,2,0.0,0.0308,0.6296,0.6934,0.7404,0.9172,0.0045,0.0,0,1.0,15,0,0,0.0002,0.0,0.0001
5.928,3,0.0,0.0218,0.5462,0.765,0.8084,0.8872,0.0045,0.0,0,1.0,13,0,0,0.0002,0.0,0.0001
5.979,4,0.0,0.0343,0.7379,0.5333,0.6376,0.9185,-0.1967,0.0,0,1.0,12,0,0,0.0098,0.0,0.0039
6.039,5,0.0,0.1376,0.6073,0.2744,0.2322,0.6638,0.0045,0.0,0,1.0,12,0,0,0.0002,0.0,0.0001
6.1,6,0.0,0.0764,0.9303,0.1439,0.1596,0.862,0.0045,0.0,0,1.0,10,0,0,0.0002,0.0,0.0001
6.153,7,0.0,0.3576,0.708,0.0401,-0.5285,0.7949,0.0,0.0,0,1.0,12,0,0,0.0,0.0,0.0
6.215,8,0.0,0.0491,0.9419,0.1263,0.2165,0.8619,-0.7,0.0,0,1.0,10,0,0,0.035,0.0,0.014
6.273,9,0.0,0.0693,0.9265,0.1272,0.1495,0.8495,0.0,0.0,0,1.0,9,0,0,0.0,0.0,0.0
6.328,10,0.0,0.3207,0.7435,0.1111,-0.3245,0.8042,0.0,0.0,0,1.0,10,0,0,0.0,0.0,0.0
6.38,11,0.0,0.0403,0.7479,0.2241,0.4029,0.7538,0.0,0.0,0,1.0,7,0,0,0.0,0.0,0.0
6.442,12,0.0,0.0373,0.7428,0.2281,0.4177,0.7517,0.0,0.0,0,1.0,6,0,0,0.0,0.0,0.0
6.507,13,0.0,0.0425,0.993,0.0494,0.0324,0.8618,0.0,0.0,0,1.0,9,0,0,0.0,0.0,0.0
6.563,14,0.0,0.0604,0.7023,0.3329,0.4583,0.7763,0.0,0.0,0,1.0,8,0,0,0.0,0.0,0.0
6.621,15,0.0,0.0152,0.9866,0.0508,0.2226,0.8572,0.0,0.0,0,1.0,5,0,0,0.0,0.0,0.0
6.681,16,0.0,0.4865,0.5285,0.0021,-0.757,0.7164,0.0,0.0,0,1.0,6,0,0,0.0,0.0,0.0
6.739,17,0.0,0.3413,0.672,0.0007,-0.6406,0.7556,-0.1129,0.0,0,1.0,8,0,0,0.0056,0.0,0.0023
6.8,18,0.0,0.1644,0.7046,0.2081,0.0763,0.7084,0.0,0.0,0,1.0,7,0,0,0.0,0.0,0.0
6.857,19,0.0,0.2024,0.9036,0.0655,-0.282,0.8724,0.0,0.0,0,1.0,9,0,0,0.0,0.0,0.0
6.921,20,0.0,0.402,0.6364,0.004,-0.6736,0.7597,0.0,0.0,0,1.0,6,0,0,0.0,0.0,0.0
6.978,21,0.0,0.3733,0.6708,0.0066,-0.6406,0.7725,0.0,0.0,0,1.0,7,0,0,0.0,0.0,0.0
7.027,22,0.0,0.4802,0.585,0.0099,-0.7128,0.7603,-0.7,0.0,0,1.0,6,0,0,0.035,0.0,0.014
7.077,23,0.0,0.3312,0.7221,0.0191,-0.5653,0.792,-0.1129,0.0,0,1.0,9,0,0,0.0056,0.0,0.0023
7.13,24,0.0,0.2712,0.7298,0.0483,-0.4297,0.7649,-0.1129,0.0,0,1.0,6,0,0,0.0056,0.0,0.0023
7.186,25,0.0,0.1804,0.7493,0.0888,-0.198,0.7304,0.0,0.0,0,1.0,4,0,0,0.0,0.0,0.0
7.235,26,0.0,0.1505,0.9156,0.1892,0.0668,0.875,0.0,0.0,0,1.0,5,0,0,0.0,0.0,0.0
7.306,27,0.0,0.1948,0.5746,0.2281,0.0564,0.6104,0.0,0.0,0,1.0,6,0,0,0.0,0.0,0.0
7.363,28,0.0,0.6626,0.6344,0.0,-0.7891,0.9039,0.0,0.0,0,1.0,8,0,0,0.0,0.0,0.0
7.419,29,0.0,0.8182,0.5283,0.0704,-0.7463,0.902,-0.0737,0.0,0,1.0,6,0,0,0.0037,0.0,0.0015
7.48,30,0.0,0.5726,0.7876,0.0368,-0.6386,0.9822,-0.0737,0.0,0,1.0,8,0,0,0.0037,0.0,0.0015
7.541,31,4.4,0.7026,0.622,0.2097,-0.4643,0.916,-0.2303,0.0,0,1.0,12,0,0,0.0115,0.0,0.0046
7.595,32,4.4,0.6041,0.7723,0.1266,-0.502,0.987,0.0915,0.0,0,1.0,12,0,0,0.0046,0.0,0.0018
7.654,33,4.4,0.6605,0.4357,0.0158,-0.83,0.7359,0.0915,0.0,0,1.0,10,0,0,0.0046,0.0,0.0018
7.723,34,4.4,0.4643,0.9956,0.0074,-0.792,1.0,-0.0737,0.0,0,1.0,13,0,0,0.0037,0.0,0.0015
7.787,35,4.4,0.0449,0.6037,0.747,0.7418,0.9254,-0.1129,0.0,0,1.0,17,0,0,0.0056,0.0,0.0023
7.85,36,4.4,0.1411,0.4997,0.5971,0.5318,0.7542,-0.1129,0.0,0,1.0,12,0,0,0.0056,0.0,0.0023
7.909,37,4.4,0.2835,0.7283,0.3919,0.1227,0.8313,-0.1967,0.0,0,1.0,18,0,0,0.0098,0.0,0.0039
7.966,38,4.4,0.1776,0.8207,0.2742,0.1406,0.8429,0.0045,0.0,0,1.0,14,0,0,0.0002,0.0,0.0001
8.019,39,4.4,0.4209,0.5454,0.3325,-0.0994,0.6938,0.0045,0.0,0,1.0,13,0,0,0.0002,0.0,0.0001
8.069,40,4.4,0.2915,0.574,0.4489,0.1771,0.7336,0.0045,0.0,0,1.0,11,0,0,0.0002,0.0,0.0001
8.125,41,4.4,0.2689,0.4424,0.613,0.3587,0.715,-0.1363,0.0,0,1.0,12,0,0,0.0068,0.0,0.0027
8.177,42,4.4,0.171,0.5763,0.6146,0.4769,0.8283,-0.1716,0.0,0,1.0,13,0,0,0.0086,0.0,0.0034
8.229,43,4.4,0.3595,0.8426,0.3309,-0.0306,0.9091,-0.1716,0.0,0,1.0,14,0,0,0.0086,0.0,0.0034
8.286,44,4.4,0.0138,0.7185,0.6546,0.7333,0.9701,-0.1129,0.0,0,1.0,15,0,0,0.0056,0.0,0.0023
8.346,45,4.4,0.0589,0.4924,0.8,0.7713,0.8616,0.0045,0.0,0,1.0,8,0,0,0.0002,0.0,0.0001
8.407,46,4.4,0.1418,0.9457,0.0362,-0.2927,0.8739,-0.1716,0.0,0,1.0,6,0,0,0.0086,0.0,0.0034
8.462,47,4.4,0.4074,0.6376,0.0246,-0.6197,0.7637,0.0,0.0,0,1.0,9,0,0,0.0,0.0,0.0
8.53,48,4.4,0.327,0.3963,0.6408,0.31,0.6917,-0.7,0.0,0,1.0,7,0,0,0.035,0.0,0.014
8.597,49,4.4,0.8386,0.5828,0.0245,-0.8125,0.9592,-0.7,0.0,0,1.0,8,0,0,0.035,0.0,0.014
8.661,50,4.4,0.0642,0.6488,0.2241,0.3429,0.6705,-0.2471,0.0,0,1.0,4,0,0,0.0124,0.0,0.0049
8.724,51,4.4,0.0802,0.9113,0.0293,-0.2095,0.8104,-0.1876,0.0,0,1.0,4,0,0,0.0094,0.0,0.0038
8.783,52,4.4,0.4466,0.8481,0.0016,-0.5478,0.9625,0.0,0.0,0,1.0,3,0,0,0.0,0.0,0.0
8.84,53,4.4,0.501,0.6648,0.0275,-0.6558,0.839,-0.1129,0.0,0,1.0,8,0,0,0.0056,0.0,0.0023
8.898,54,4.4,0.0909,0.7853,0.2794,0.3204,0.8161,-0.0961,0.0,0,1.0,6,0,0,0.0048,0.0,0.0019
8.952,55,4.4,0.1041,0.3476,0.5206,0.5998,0.5835,0.0,0.0,0,1.0,4,0,0,0.0,0.0,0.0
9.003,56,4.4,0.2494,0.5323,0.2767,0.0404,0.6021,0.0,0.0,0,1.0,5,0,0,0.0,0.0,0.0
9.052,57,4.4,0.5541,0.451,0.1254,-0.5456,0.6891,0.0045,0.0,0,1.0,9,0,0,0.0002,0.0,0.0001
9.103,58,4.4,0.1223,0.7966,0.1599,0.0773,0.7587,0.0915,0.0,0,1.0,9,0,0,0.0046,0.0,0.0018
9.162,59,4.4,0.4641,0.8923,0.0904,-0.4596,1.0,0.0915,0.0,0,1.0,9,0,0,0.0046,0.0,0.0018
9.218,60,4.4,0.6345,0.7521,0.0498,-0.6496,0.987,0.0,0.0,0,1.0,11,0,0,0.0,0.0,0.0
9.277,61,17.3,0.4416,0.4984,0.1889,-0.3323,0.6659,-0.1129,0.0,0,1.0,4,0,0,0.0056,0.0,0.0023
9.33,62,17.3,0.2824,0.4427,0.6542,0.3693,0.7382,-0.0961,0.0,0,1.0,9,0,0,0.0048,0.0,0.0019
9.387,63,17.3,0.2392,0.6474,0.1735,-0.1094,0.6778,-0.0961,0.0,0,1.0,7,0,0,0.0048,0.0,0.0019
9.446,64,17.3,0.2082,0.8651,0.0559,-0.3211,0.8433,-0.2491,0.0,0,1.0,9,0,0,0.0125,0.0,0.005
9.51,65,17.3,0.1379,0.7,0.5426,0.4603,0.8919,0.0,0.0,0,1.0,9,0,0,0.0,0.0,0.0
9.572,66,17.3,0.0247,0.8133,0.554,0.6754,0.9934,0.0045,0.0,0,1.0,9,0,0,0.0002,0.0,0.0001
9.629,67,17.3,0.0103,0.6902,0.6531,0.7477,0.9455,0.0045,0.0,0,1.0,5,0,0,0.0002,0.0,0.0001
9.689,68,17.3,0.0739,0.5991,0.7085,0.6778,0.9,0.0045,0.0,0,1.0,8,0,0,0.0002,0.0,0.0001
9.749,69,17.3,0.1252,0.5633,0.6936,0.5954,0.8616,0.0045,0.0,0,1.0,8,0,0,0.0002,0.0,0.0001
9.807,70,17.3,0.0977,0.6406,0.3213,0.3694,0.7181,-0.158,0.0,0,1.0,4,0,0,0.0079,0.0,0.0032
9.864,71,17.3,0.0993,0.7714,0.506,0.4901,0.9313,0.0,0.0,0,1.0,6,0,0,0.0,0.0,0.0
9.924,72,17.3,0.1335,0.6771,0.6,0.5067,0.9048,-0.0961,0.0,0,1.0,9,0,0,0.0048,0.0,0.0019
9.979,73,17.3,0.6847,0.3167,0.1187,-0.6781,0.6494,0.0045,0.0,0,1.0,8,0,0,0.0002,0.0,0.0001
10.037,74,17.3,0.1337,0.6156,0.5862,0.5108,0.8454,0.0045,0.0,0,1.0,9,0,0,0.0002,0.0,0.0001
10.092,75,17.3,0.1523,0.7589,0.213,0.1052,0.7568,-0.2664,0.0,0,1.0,9,0,0,0.0133,0.0,0.0053
10.145,76,17.3,0.3786,0.5103,0.4846,0.109,0.7,0.0,0.0,0,1.0,11,0,0,0.0,0.0,0.0
10.196,77,17.3,0.1472,0.7329,0.5171,0.4228,0.9052,0.0,0.0,0,1.0,14,0,0,0.0,0.0,0.0
10.25,78,17.3,0.1601,0.2776,0.8993,0.7156,0.7368,-0.2384,0.0,0,1.0,11,0,0,0.0119,0.0,0.0048
10.3,79,17.3,0.2849,0.463,0.6455,0.3569,0.7504,-0.2,0.0,0,1.0,10,0,0,0.01,0.0,0.004
10.351,80,17.3,0.011,0.6169,0.8072,0.8164,0.9703,-0.2,0.0,0,1.0,8,0,0,0.01,0.0,0.004
10.401,81,17.3,0.0945,0.3191,0.9017,0.8072,0.7729,-0.2491,0.0,0,1.0,7,0,0,0.0125,0.0,0.005
10.46,82,17.3,0.0,0.5021,0.9119,0.9017,0.9324,-0.2303,0.0,0,1.0,9,0,0,0.0115,0.0,0.0046
10.514,83,17.3,0.0105,0.5054,0.8935,0.878,0.9249,-0.2393,0.0,0,1.0,7,0,0,0.012,0.0,0.0048
10.572,84,17.3,0.0725,0.6258,0.7149,0.6755,0.926,-0.2393,0.0,0,1.0,9,0,0,0.012,0.0,0.0048
10.631,85,17.3,0.546,0.5691,0.4262,-0.1096,0.7838,-0.2393,0.0,0,1.0,8,0,0,0.012,0.0,0.0048
10.687,86,17.3,0.2104,0.9363,0.4113,0.2246,1.0,-0.2042,0.0,0,1.0,8,0,0,0.0102,0.0,0.0041
10.755,87,17.3,0.0078,0.5204,0.7839,0.8498,0.8761,-0.7,0.0,0,1.0,6,0,0,0.035,0.0,0.014
10.821,88,17.3,0.0529,0.5544,0.7282,0.7361,0.8735,-0.7,0.0,0,1.0,6,0,0,0.035,0.0,0.014
10.882,89,17.3,0.2136,0.4942,0.2544,0.0671,0.5576,-0.1363,0.0,0,1.0,4,0,0,0.0068,0.0,0.0027
10.937,90,17.3,0.1589,0.6557,0.2123,0.0955,0.6697,-0.7,0.0,0,1.0,5,1,0,0.035,0.0,0.014
10.992,91,17.4,0.2184,0.4988,0.2899,0.1103,0.5813,0.0,0.0,0,1.0,5,1,0,0.0,0.0,0.0
11.042,92,17.4,0.1977,0.4267,0.3331,0.2106,0.545,-0.7,0.0,0,1.0,4,1,0,0.035,0.0,0.014
11.093,93,17.4,0.2165,0.5151,0.2699,0.0843,0.5839,-0.7,0.0,0,1.0,6,1,0,0.035,0.0,0.014
11.152,94,17.4,0.2213,0.5288,0.2563,0.0556,0.5878,-0.7,0.0,0,1.0,5,1,0,0.035,0.0,0.014
11.199,95,17.4,0.1906,0.4696,0.3462,0.2343,0.5883,0.0,0.0,0,1.0,5,1,0,0.0,0.0,0.0
11.251,96,17.4,0.2003,0.4317,0.3299,0.2011,0.5474,0.0,0.0,0,1.0,4,1,0,0.0,0.0,0.0
11.3,97,17.4,0.2223,0.5162,0.2706,0.0756,0.5852,0.0,0.0,0,1.0,5,1,0,0.0,0.0,0.0
11.353,98,17.4,0.1907,0.4677,0.3491,0.2378,0.5883,-0.7,0.0,0,1.0,5,1,0,0.035,0.0,0.014
11.415,99,17.4,0.7366,0.4688,0.1925,-0.5378,0.8063,0.0045,0.0,0,1.0,6,1,0,0.0002,0.0,0.0001
11.469,100,17.4,0.198,0.5317,0.2826,0.1336,0.6049,0.0045,0.0,0,1.0,7,1,0,0.0002,0.0,0.0001
11.522,101,17.4,0.179,0.4183,0.4163,0.3403,0.5845,-0.2156,0.0,0,1.0,6,1,0,0.0108,0.0,0.0043
11.58,102,17.4,0.1989,0.4208,0.3385,0.2159,0.543,-0.1235,0.0,0,1.0,4,1,0,0.0062,0.0,0.0025
11.64,103,17.4,0.786,0.5619,0.0616,-0.7394,0.9121,-0.7,0.0,0,1.0,6,1,0,0.035,0.0,0.014
11.697,104,17.4,0.1963,0.4222,0.3374,0.2193,0.5436,-0.7,0.0,0,1.0,4,1,0,0.035,0.0,0.014
11.757,105,17.4,0.1844,0.6337,0.2119,-0.1117,0.651,-0.2122,0.0,0,1.0,6,1,0,0.0106,0.0,0.0042
11.822,106,17.4,0.1981,0.5145,0.2586,0.1001,0.577,0.0,0.0,0,1.0,4,1,0,0.0,0.0,0.0
11.881,107,17.4,0.1987,0.5098,0.3058,0.1651,0.5995,-0.2303,0.0,0,1.0,7,1,0,0.0115,0.0,0.0046
11.938,108,17.4,0.1885,0.4793,0.3432,0.2333,0.5948,-0.3477,0.0,0,1.0,5,1,0,0.0174,0.0,0.007
11.994,109,17.4,0.159,1.0,0.1533,-0.0101,0.929,0.0,0.0,0,1.0,6,1,0,0.0,0.0,0.0
12.041,110,17.4,0.2029,1.0,0.072,-0.2578,0.9536,0.0,0.0,0,1.0,5,1,0,0.0,0.0,0.0
12.092,111,17.4,0.1447,1.0,0.1639,0.0347,0.9318,0.0,0.0,0,1.0,6,1,0,0.0,0.0,0.0
12.145,112,17.4,0.0616,0.5029,0.7794,0.7559,0.8589,0.0,0.0,0,1.0,5,1,0,0.0,0.0,0.0
12.191,113,17.4,0.0985,0.5833,0.3622,0.4183,0.6928,-0.1967,0.0,0,1.0,6,1,0,0.0098,0.0,0.0039
12.242,114,17.4,0.0541,0.4518,0.8346,0.8052,0.8469,-0.1967,0.0,0,1.0,6,1,0,0.0098,0.0,0.0039
12.29,115,17.4,0.1437,0.9697,0.433,0.3378,1.0,-0.7,0.0,0,1.0,5,1,0,0.035,0.0,0.014
12.345,116,17.4,0.0674,1.0,0.4063,0.4507,1.0,-0.2303,0.0,0,1.0,8,1,0,0.0115,0.0,0.0046
12.404,117,17.4,0.1048,0.3498,0.8559,0.763,0.7731,-0.2303,0.0,0,1.0,5,1,0,0.0115,0.0,0.0046
12.461,118,17.4,0.1063,0.3414,0.871,0.7688,0.7745,-0.7,0.0,0,1.0,5,1,0,0.035,0.0,0.014
12.521,119,17.4,0.3547,0.5657,0.0,-0.6837,0.6738,-0.2122,0.0,0,1.0,3,1,0,0.0106,0.0,0.0042
12.58,120,17.4,0.0314,0.5949,0.3012,0.5363,0.6684,-0.7,0.0,0,1.0,3,1,0,0.035,0.0,0.014
12.639,121,18.3,0.1059,0.2975,0.0,-0.5805,0.3092,0.0,0.0,0,1.0,1,1,0,0.0,0.0,0.0
12.696,122,18.3,0.138,0.6035,0.2861,0.2467,0.6671,0.0,0.0,0,1.0,4,1,0,0.0,0.0,0.0
12.759,123,18.3,0.1208,0.5605,0.6065,0.5573,0.8104,0.0,0.0,0,1.0,4,1,0,0.0,0.0,0.0
12.811,124,18.3,0.0703,0.4525,0.6548,0.7072,0.7467,0.0,0.0,0,1.0,3,1,0,0.0,0.0,0.0
12.874,125,18.3,0.0631,0.246,0.5774,0.7765,0.5299,-0.0737,0.0,0,1.0,2,1,0,0.0037,0.0,0.0015
12.936,126,18.3,0.1401,0.7562,0.2004,0.1098,0.7474,0.0915,0.0,0,1.0,5,1,0,0.0046,0.0,0.0018
12.992,127,18.3,0.0999,0.7813,0.0,-0.4552,0.7122,0.0,0.0,0,1.0,2,1,0,0.0,0.0,0.0
13.042,128,18.3,0.0186,1.0,0.0586,0.2175,0.8728,0.0,0.0,0,1.0,5,1,0,0.0,0.0,0.0
13.092,129,18.3,0.0905,0.9659,0.0969,0.1015,0.8657,0.0,0.0,0,1.0,6,1,0,0.0,0.0,0.0
13.145,130,18.3,0.2842,0.8592,0.0013,-0.5642,0.8808,0.0,0.0,0,1.0,4,1,0,0.0,0.0,0.0
13.2,131,18.3,0.2972,0.9338,0.0056,-0.5447,0.9508,0.0,0.0,0,1.0,6,1,0,0.0,0.0,0.0
13.25,132,18.3,0.2811,0.5922,0.2726,-0.0119,0.6549,0.0,0.0,0,1.0,4,1,0,0.0,0.0,0.0
13.302,133,18.3,0.1747,0.9076,0.166,-0.0149,0.8602,0.0,0.0,0,1.0,6,1,0,0.0,0.0,0.0
13.354,134,18.3,0.0789,0.3507,0.633,0.7182,0.6491,0.0,0.0,0,1.0,4,1,0,0.0,0.0,0.0
13.412,135,18.3,0.0912,1.0,0.0321,-0.2167,0.8911,0.0,0.0,0,1.0,4,1,0,0.0,0.0,0.0
13.471,136,18.3,0.0321,0.9682,0.1751,0.3508,0.9113,-0.0737,0.0,0,1.0,5,1,0,0.0037,0.0,0.0015
13.531,137,18.3,0.2232,0.7407,0.178,-0.0739,0.7471,0.0,0.0,0,1.0,5,1,0,0.0,0.0,0.0
13.586,138,18.3,0.1517,0.4105,0.0,-0.5866,0.4298,0.0,0.0,0,1.0,1,1,0,0.0,0.0,0.0
13.638,139,18.3,0.3659,0.7092,0.0037,-0.6348,0.8006,0.0,0.0,0,1.0,3,1,0,0.0,0.0,0.0
13.697,140,18.3,0.2078,0.8964,0.3512,0.1752,0.9497,-0.7,0.0,0,1.0,6,1,0,0.035,0.0,0.014
13.757,141,18.3,0.1892,0.582,0.6427,0.4657,0.8488,-0.7,0.0,0,1.0,5,1,0,0.035,0.0,0.014
13.814,142,18.3,0.1336,0.3396,0.0,-0.5971,0.3601,-0.7,0.0,0,1.0,1,1,0,0.035,0.0,0.014
13.873,143,18.3,0.1411,0.3308,0.0,-0.6111,0.3569,0.0,0.0,0,1.0,1,1,0,0.0,0.0,0.0
13.928,144,18.3,0.5018,0.5505,0.0,-0.7606,0.7434,0.0,0.0,0,1.0,3,1,0,0.0,0.0,0.0
13.978,145,18.3,0.1856,0.3783,0.0,-0.6365,0.4217,-0.0961,0.0,0,1.0,1,1,0,0.0048,0.0,0.0019
14.026,146,18.3,0.0,0.7079,0.1724,0.5245,0.6912,0.0,0.0,0,1.0,2,1,0,0.0,0.0,0.0
14.075,147,18.3,0.0417,0.5436,0.4424,0.6254,0.7044,0.0,0.0,0,1.0,4,1,0,0.0,0.0,0.0
14.128,148,18.3,0.1176,0.6725,0.3005,0.2984,0.7332,0.0,0.0,0,1.0,6,1,0,0.0,0.0,0.0
14.175,149,18.3,0.1248,0.6972,0.2794,0.2557,0.7421,0.0,0.0,0,1.0,8,1,0,0.0,0.0,0.0
14.227,150,18.3,0.4348,0.6516,0.0721,-0.5206,0.7909,0.0,0.0,0,1.0,6,1,0,0.0,0.0,0.0
14.282,151,18.2,0.0,0.3146,0.4696,0.863,0.5272,0.0,0.0,0,1.0,2,1,0,0.0,0.0,0.0
14.341,152,18.2,0.0657,0.5201,0.3658,0.5153,0.6417,-0.4651,0.0,0,1.0,3,1,0,0.0233,0.0,0.0093
14.397,153,18.2,0.0525,0.8364,0.0949,0.1399,0.7557,-0.7,0.0,0,1.0,3,1,0,0.035,0.0,0.014
14.454,154,18.2,0.4764,0.6812,0.038,-0.6148,0.8389,0.0,0.0,0,1.0,6,1,0,0.0,0.0,0.0
14.515,155,18.2,0.0,0.6414,0.1514,0.5204,0.6235,-0.1129,0.0,0,1.0,2,1,0,0.0056,0.0,0.0023
14.572,156,18.2,0.0,0.6473,0.1439,0.5128,0.6244,0.0,0.0,0,1.0,2,1,0,0.0,0.0,0.0
14.631,157,18.2,0.3591,0.3375,0.0966,-0.4853,0.4846,0.0,0.0,0,1.0,2,1,0,0.0,0.0,0.0
14.689,158,18.2,0.0768,0.9572,0.032,-0.1834,0.8471,-0.7,0.0,0,1.0,2,1,0,0.035,0.0,0.014
14.753,159,18.2,0.0,0.8359,0.1475,0.486,0.7848,-0.7,0.0,0,1.0,3,1,0,0.035,0.0,0.014
14.814,160,18.2,0.133,0.6084,0.6235,0.5353,0.8603,0.0,0.0,0,1.0,5,1,0,0.0,0.0,0.0
14.876,161,18.2,0.1314,1.0,0.304,0.2438,1.0,0.0,0.0,0,1.0,5,1,0,0.0,0.0,0.0
14.931,162,18.2,0.0,0.4009,0.5873,0.8592,0.6656,-0.0541,0.0,0,1.0,2,1,0,0.0027,0.0,0.0011
14.991,163,18.2,0.1198,0.4367,0.5485,0.5569,0.674,0.0915,0.0,0,1.0,3,1,0,0.0046,0.0,0.0018
15.051,164,18.2,0.1174,0.4554,0.5615,0.5643,0.6969,0.0045,0.0,0,1.0,3,1,0,0.0002,0.0,0.0001
15.109,165,18.2,0.1747,1.0,0.2236,0.0736,0.9652,0.0045,0.0,0,1.0,5,1,0,0.0002,0.0,0.0001
15.159,166,18.2,0.2162,0.4111,0.2479,0.055,0.4841,0.0045,0.0,0,1.0,2,1,0,0.0002,0.0,0.0001
15.224,167,18.2,0.5124,0.4842,0.1286,-0.5021,0.6936,0.0,0.0,0,1.0,3,1,0,0.0,0.0,0.0
15.276,168,18.2,0.1391,0.9047,0.0,-0.4719,0.8379,-0.2068,0.0,0,1.0,2,1,0,0.0103,0.0,0.0041
15.325,169,18.2,0.2923,0.5344,0.0,-0.657,0.6126,-0.2068,0.0,0,1.0,2,1,0,0.0103,0.0,0.0041
15.378,170,18.2,0.1123,1.0,0.0027,-0.426,0.9029,0.0,0.0,0,1.0,4,1,0,0.0,0.0,0.0
15.437,171,18.2,0.1386,0.7984,0.2093,0.125,0.7879,0.0,0.0,0,1.0,4,1,0,0.0,0.0,0.0
15.495,172,18.2,0.2674,0.651,0.0,-0.6045,0.6965,0.0,0.0,0,1.0,2,1,0,0.0,0.0,0.0
15.554,173,18.2,0.2522,0.8178,0.1485,-0.1647,0.8282,0.0,0.0,0,1.0,5,1,0,0.0,0.0,0.0
15.605,174,18.2,0.2586,0.6372,0.2712,0.0176,0.6871,0.0,0.0,0,1.0,4,1,0,0.0,0.0,0.0
15.655,175,18.2,0.2586,0.6372,0.2712,0.0176,0.6871,0.0045,0.0,0,1.0,4,1,0,0.0002,0.0,0.0001
15.707,176,18.2,0.2586,0.6372,0.2712,0.0176,0.6871,0.0045,0.0,0,1.0,4,1,0,0.0002,0.0,0.0001
15.758,177,18.2,0.2586,0.6372,0.2712,0.0176,0.6871,0.0045,0.0,0,1.0,4,1,0,0.0002,0.0,0.0001
15.808,178,18.2,0.2586,0.6372,0.2712,0.0176,0.6871,0.0045,0.0,0,1.0,4,1,0,0.0002,0.0,0.0001
15.856,179,18.2,0.2586,0.6372,0.2712,0.0176,0.6871,0.0045,0.0,0,1.0,4,1,0,0.0002,0.0,0.0001
15.905,180,18.2,0.2586,0.6372,0.2712,0.0176,0.6871,0.0045,0.0,1,1.0,4,2,0,0.0002,1.0,0.0001
15.953,181,17.9,0.2586,0.6372,0.2712,0.0176,0.6871,0.0045,0.0,1,1.0,4,2,0,0.0002,0.8,0.0001
15.995,182,17.9,0.2586,0.6372,0.2712,0.0176,0.6871,0.0045,0.0,1,1.0,4,2,0,0.0002,0.8,0.0001
16.036,183,17.9,0.2586,0.6372,0.2712,0.0176,0.6871,0.0045,0.0,1,1.0,4,2,0,0.0002,0.8,0.0001
16.077,184,17.9,0.2586,0.6372,0.2712,0.0176,0.6871,0.0045,0.0,1,1.0,4,2,0,0.0002,0.8,0.0001
16.128,185,17.9,0.2586,0.6372,0.2712,0.0176,0.6871,0.0045,0.0,1,1.0,4,2,0,0.0002,0.8,0.0001
16.179,186,17.9,0.2586,0.6372,0.2712,0.0176,0.6871,0.0045,0.0,1,1.0,4,2,0,0.0002,0.8,0.0001
16.22,187,17.9,0.2586,0.6372,0.2712,0.0176,0.6871,0.0045,0.0,1,1.0,4,2,0,0.0002,0.8,0.0001
16.262,188,17.9,0.2586,0.6372,0.2712,0.0176,0.6871,0.0045,0.0,1,1.0,4,2,0,0.0002,0.8,0.0001
16.305,189,17.9,0.2586,0.6372,0.2712,0.0176,0.6871,0.0045,0.0,0,1.0,4,2,0,0.0002,0.8,0.0001
16.356,190,17.9,0.2586,0.6372,0.2712,0.0176,0.6871,0.0045,0.0,0,1.0,4,2,0,0.0002,0.0,0.0001
16.406,191,17.9,0.2586,0.6372,0.2712,0.0176,0.6871,0.0045,0.0,0,1.0,4,2,0,0.0002,0.0,0.0001
16.474,192,17.9,0.7094,0.585,0.0,-0.8204,0.8887,0.0045,0.0,0,1.0,6,2,0,0.0002,0.0,0.0001
16.53,193,17.9,0.5965,0.5922,0.1447,-0.504,0.8315,0.0045,0.0,0,1.0,6,2,0,0.0002,0.0,0.0001
16.589,194,17.9,0.2405,0.6754,0.2764,0.0503,0.7221,-0.0737,0.0,0,1.0,5,2,0,0.0037,0.0,0.0015
16.645,195,17.9,0.2288,0.6855,0.2796,0.0718,0.7324,0.0045,0.0,0,1.0,8,2,0,0.0002,0.0,0.0001
16.708,196,17.9,0.5281,0.5877,0.1498,-0.4519,0.7894,-0.7,0.0,0,1.0,10,2,0,0.035,0.0,0.014
16.77,197,17.9,0.2336,0.9632,0.1421,-0.1451,0.9399,0.0915,0.0,0,1.0,11,2,0,0.0046,0.0,0.0018
16.832,198,17.9,0.2186,0.6974,0.2575,0.0573,0.73,0.0915,0.0,0,1.0,10,2,0,0.0046,0.0,0.0018
16.886,199,17.9,0.1613,1.0,0.1388,-0.0415,0.9303,0.0,0.0,0,1.0,10,2,0,0.0,0.0,0.0
16.947,200,17.9,0.3287,0.8384,0.0858,-0.3738,0.8883,0.0,0.0,0,1.0,11,2,0,0.0,0.0,0.0
17.001,201,17.9,0.4492,0.6562,0.1388,-0.3997,0.8027,0.0,0.0,0,1.0,8,2,0,0.0,0.0,0.0
17.052,202,17.9,0.501,0.6161,0.0748,-0.5668,0.7981,-0.1129,0.0,0,1.0,4,2,0,0.0056,0.0,0.0023
17.104,203,17.9,0.3287,0.7735,0.0433,-0.4855,0.8338,-0.1129,0.0,0,1.0,5,2,0,0.0056,0.0,0.0023
17.191,204,17.9,0.3226,0.3757,0.1594,-0.2816,0.4962,-0.0961,0.0,0,1.0,3,2,0,0.0048,0.0,0.0019
17.246,205,17.9,0.3589,0.4818,0.0,-0.7186,0.6057,0.0,0.0,0,1.0,2,2,0,0.0,0.0,0.0
17.302,206,17.9,0.0,0.0,0.0,0.0,0.3,0.0,0.0,0,1.0,0,0,0,0.0,0.0,0.0
17.356,207,17.9,0.2039,1.0,0.0,-0.5023,0.9542,-0.7,0.0,0,1.0,4,0,0,0.035,0.0,0.014
17.41,208,17.9,0.1798,0.6354,0.0,-0.5452,0.6344,-0.7,0.0,0,1.0,2,0,0,0.035,0.0,0.014
17.458,209,17.9,0.3841,1.0,0.0,-0.5931,1.0,0.0,0.0,0,1.0,9,0,0,0.0,0.0,0.0
17.51,210,17.9,0.147,0.9743,0.0012,-0.4634,0.9007,-0.4651,0.0,0,1.0,8,0,0,0.0233,0.0,0.0093
17.562,211,18.7,0.1017,0.6745,0.0052,-0.4288,0.6235,0.0,0.0,0,1.0,2,0,0,0.0,0.0,0.0
17.62,212,18.7,0.2432,0.7965,0.0419,-0.4105,0.8053,0.0,0.0,0,1.0,4,0,0,0.0,0.0,0.0
17.681,213,18.7,0.0816,0.5783,0.0666,-0.0537,0.5315,0.0,0.0,0,1.0,2,0,0,0.0,0.0,0.0
17.745,214,18.7,0.0775,0.6688,0.0624,-0.0547,0.6052,0.0,0.0,0,1.0,2,0,0,0.0,0.0,0.0
17.807,215,18.7,0.0726,0.6458,0.0828,0.0343,0.5888,0.0,0.0,0,1.0,2,0,0,0.0,0.0,0.0
17.864,216,18.7,0.0633,0.6098,0.1278,0.1894,0.5838,0.0,0.0,0,1.0,2,0,0,0.0,0.0,0.0
17.92,217,18.7,0.1152,0.8826,0.1389,0.051,0.8192,0.0,0.0,0,1.0,4,0,0,0.0,0.0,0.0
17.967,218,18.7,0.111,1.0,0.0994,-0.0278,0.9021,0.0,0.0,0,1.0,6,0,0,0.0,0.0,0.0
18.017,219,18.7,0.1003,0.965,0.1199,0.0459,0.8777,0.0,0.0,0,1.0,8,0,0,0.0,0.0,0.0
18.068,220,18.7,0.0512,0.9575,0.4187,0.5528,1.0,0.0,0.0,0,1.0,6,0,0,0.0,0.0,0.0
18.118,221,18.7,0.0336,1.0,0.3991,0.5185,1.0,0.0,0.0,0,1.0,5,0,0,0.0,0.0,0.0
18.178,222,18.7,0.0537,0.9012,0.2106,0.3267,0.8749,-0.7,0.0,0,1.0,7,0,0,0.035,0.0,0.014
18.233,223,18.7,0.1059,0.9045,0.3945,0.3803,0.9807,0.0,0.0,0,1.0,6,0,0,0.0,0.0,0.0
18.287,224,18.7,0.0561,0.9326,0.4224,0.4936,1.0,0.0,0.0,0,1.0,6,0,0,0.0,0.0,0.0
18.347,225,18.7,0.0378,1.0,0.3836,0.4998,1.0,0.0,0.0,0,1.0,5,0,0,0.0,0.0,0.0
18.403,226,18.7,0.0307,1.0,0.408,0.5298,1.0,-0.7,0.0,0,1.0,6,0,0,0.035,0.0,0.014
18.46,227,18.7,0.0211,1.0,0.4067,0.5512,1.0,-0.7,0.0,0,1.0,5,0,0,0.035,0.0,0.014
18.511,228,18.7,0.132,0.8857,0.3636,0.309,0.9476,-0.7,0.0,0,1.0,5,0,0,0.035,0.0,0.014
18.562,229,18.7,0.0201,0.9952,0.4526,0.577,1.0,-0.7,0.0,0,1.0,6,0,0,0.035,0.0,0.014
18.62,230,18.7,0.031,1.0,0.1128,0.2648,0.9032,-0.7,0.0,0,1.0,5,0,0,0.035,0.0,0.014
18.679,231,18.7,0.1534,0.7216,0.2239,0.1211,0.7316,0.0,0.0,0,1.0,5,0,0,0.0,0.0,0.0
18.743,232,18.7,0.0449,1.0,0.0539,0.0395,0.8702,0.0,0.0,0,1.0,5,0,0,0.0,0.0,0.0
18.807,233,18.7,0.0403,0.7764,0.2234,0.3978,0.7773,0.0,0.0,0,1.0,5,0,0,0.0,0.0,0.0
18.863,234,18.7,0.0323,0.7776,0.3267,0.5127,0.8362,0.0,0.0,0,1.0,7,0,0,0.0,0.0,0.0
18.921,235,18.7,0.0609,0.5046,0.5732,0.6688,0.7449,0.0,0.0,0,1.0,3,0,0,0.0,0.0,0.0
18.986,236,18.7,0.1397,0.6057,0.5823,0.5008,0.8349,0.0915,0.0,0,1.0,4,0,0,0.0046,0.0,0.0018
19.036,237,18.7,0.1698,0.6456,0.5638,-0.1341,0.858,0.0915,0.0,0,1.0,6,0,0,0.0046,0.0,0.0018
19.096,238,18.7,0.2043,1.0,0.0451,-0.337,0.9544,0.0045,0.0,0,1.0,5,0,0,0.0002,0.0,0.0001
19.156,239,18.7,0.1138,0.5332,0.2884,0.3132,0.6094,0.0,0.0,0,1.0,3,0,0,0.0,0.0,0.0
19.212,240,18.7,0.4827,0.5661,0.0425,-0.6406,0.7459,0.0,0.0,0,1.0,4,0,0,0.0,0.0,0.0
19.27,241,17.6,0.2725,0.8119,0.0353,-0.4555,0.8346,-0.1129,0.0,0,1.0,5,0,0,0.0056,0.0,0.0023
19.33,242,17.6,0.2538,0.8521,0.0345,-0.4354,0.8579,0.0,0.0,0,1.0,5,0,0,0.0,0.0,0.0
19.394,243,17.6,0.2527,0.5364,0.5565,0.3248,0.7623,0.0,0.0,0,1.0,4,0,0,0.0,0.0,0.0
19.452,244,17.6,0.1878,0.5692,0.5816,0.4314,0.8038,0.0,0.0,0,1.0,9,0,0,0.0,0.0,0.0
19.511,245,17.6,0.0373,0.5343,0.7266,0.7709,0.8557,-0.1296,0.0,0,1.0,4,0,0,0.0065,0.0,0.0026
19.571,246,17.6,0.0602,0.7725,0.6649,0.6394,1.0,-0.1235,0.0,0,1.0,5,0,0,0.0062,0.0,0.0025
19.629,247,17.6,0.0226,0.501,0.5704,0.7531,0.7402,0.0045,0.0,0,1.0,3,0,0,0.0002,0.0,0.0001
19.689,248,17.6,0.0305,0.7193,0.3072,0.5149,0.7762,0.0045,0.0,0,1.0,3,0,0,0.0002,0.0,0.0001
19.754,249,17.6,0.2361,0.704,0.1878,-0.077,0.7236,0.0915,0.0,0,1.0,4,0,0,0.0046,0.0,0.0018
19.817,250,17.6,0.0592,0.5835,0.3406,0.4938,0.6809,0.0,0.0,0,1.0,3,0,0,0.0,0.0,0.0
19.872,251,17.6,0.1651,1.0,0.1056,-0.1185,0.9325,0.0,0.0,0,1.0,5,0,0,0.0,0.0,0.0
19.927,252,17.6,0.0158,0.8271,0.2247,0.4772,0.8206,0.0,0.0,0,1.0,3,0,0,0.0,0.0,0.0
19.977,253,17.6,0.0171,0.8212,0.2318,0.479,0.8196,0.0,0.0,0,1.0,3,0,0,0.0,0.0,0.0
20.027,254,17.6,0.1101,0.7651,0.0,-0.4656,0.7044,0.0,0.0,0,1.0,2,0,0,0.0,0.0,0.0
20.086,255,17.6,0.0506,0.488,0.5534,0.6864,0.7199,0.0,0.0,0,1.0,3,0,0,0.0,0.0,0.0
20.134,256,17.6,0.3092,0.6614,0.2903,-0.0239,0.7288,0.0045,0.0,0,1.0,5,0,0,0.0002,0.0,0.0001
20.185,257,17.6,0.0611,0.547,0.5769,0.6567,0.7825,0.0045,0.0,0,1.0,3,0,0,0.0002,0.0,0.0001
20.233,258,17.6,0.0,0.1458,0.6149,1.0,0.4668,0.0045,0.0,0,1.0,1,0,0,0.0002,0.0,0.0001
20.284,259,17.6,0.1136,0.6585,0.609,0.5482,0.8942,0.0045,0.0,0,1.0,5,0,0,0.0002,0.0,0.0001
20.335,260,17.6,0.2237,0.5647,0.6063,0.3964,0.8139,0.0045,0.0,0,1.0,6,0,0,0.0002,0.0,0.0001
20.384,261,17.6,0.1763,0.565,0.617,0.4726,0.8201,-0.0737,0.0,0,1.0,5,0,0,0.0037,0.0,0.0015
20.434,262,17.6,0.1827,0.5468,0.5732,0.4378,0.7803,-0.158,0.0,0,1.0,4,0,0,0.0079,0.0,0.0032
20.488,263,17.6,0.5237,0.6156,0.0644,-0.6017,0.8104,-0.1967,0.0,0,1.0,4,0,0,0.0098,0.0,0.0039
20.547,264,17.6,0.3675,0.6633,0.0631,-0.4881,0.763,-0.1967,0.0,0,1.0,4,0,0,0.0098,0.0,0.0039
20.603,265,17.6,0.5377,0.342,0.0,-0.8734,0.5883,0.0915,0.0,0,1.0,2,0,0,0.0046,0.0,0.0018
20.662,266,17.6,0.2892,0.3024,0.2086,-0.1429,0.416,0.0915,0.0,0,1.0,2,0,0,0.0046,0.0,0.0018
20.721,267,17.6,0.2896,0.5287,0.1492,-0.237,0.6063,-0.7,0.0,0,1.0,3,0,0,0.035,0.0,0.014
20.786,268,17.6,0.5649,0.5406,0.0999,-0.5759,0.7704,0.0,0.0,0,1.0,6,0,0,0.0,0.0,0.0
20.852,269,17.6,0.0879,0.4903,0.7307,0.6952,0.821,0.0,0.0,0,1.0,4,0,0,0.0,0.0,0.0
20.905,270,17.6,0.177,0.5851,0.6208,0.4698,0.8391,0.0915,0.0,0,1.0,6,0,0,0.0046,0.0,0.0018
20.962,271,17.7,0.1278,0.9453,0.3471,0.2961,0.9885,-0.1911,0.0,0,1.0,7,0,0,0.0096,0.0,0.0038
21.018,272,17.7,0.1435,1.0,0.1008,-0.0917,0.9204,-0.7,0.0,0,1.0,8,0,0,0.035,0.0,0.014
21.069,273,17.7,0.2328,0.8028,0.1507,-0.1352,0.8047,0.0,0.0,0,1.0,5,0,0,0.0,0.0,0.0
21.117,274,17.7,0.2397,0.6548,0.1578,-0.1395,0.6843,0.0,0.0,0,1.0,3,0,0,0.0,0.0,0.0
21.17,275,17.7,0.0838,0.7532,0.0363,-0.1878,0.6797,0.0,0.0,0,1.0,2,0,0,0.0,0.0,0.0
21.228,276,17.7,0.2287,0.7473,0.0244,-0.4622,0.7558,0.0,0.0,0,1.0,3,0,0,0.0,0.0,0.0
21.275,277,17.7,0.1834,1.0,0.0,-0.4902,0.9427,0.0,0.0,0,1.0,3,0,0,0.0,0.0,0.0
21.33,278,17.7,0.3694,0.7251,0.0,-0.6435,0.8159,0.0,0.0,0,1.0,3,0,0,0.0,0.0,0.0
21.387,279,17.7,0.0926,0.8502,0.0,-0.4425,0.766,0.0,0.0,0,1.0,2,0,0,0.0,0.0,0.0
21.446,280,17.7,0.6551,0.5907,0.0,-0.8017,0.8631,-0.7,0.0,0,1.0,7,0,0,0.035,0.0,0.014
21.507,281,17.7,0.4133,0.8368,0.0,-0.6377,0.9344,-0.0737,0.0,0,1.0,5,0,0,0.0037,0.0,0.0015
21.565,282,17.7,0.3938,0.8569,0.0,-0.6245,0.9403,-0.7,0.0,0,1.0,4,0,0,0.035,0.0,0.014
21.622,283,17.7,0.1714,0.241,0.0,-0.7091,0.2985,-0.7,0.0,0,1.0,1,0,0,0.035,0.0,0.014
21.681,284,17.7,0.23,0.6656,0.0723,-0.3247,0.6879,0.0,0.0,0,1.0,3,0,0,0.0,0.0,0.0
21.738,285,17.7,0.0845,0.6423,0.0069,-0.3948,0.5869,0.0,0.0,0,1.0,2,0,0,0.0,0.0,0.0
21.801,286,17.7,0.0774,0.4563,0.1448,0.1924,0.4644,0.0,0.0,0,1.0,2,0,0,0.0,0.0,0.0
21.856,287,17.7,0.1117,0.7555,0.0824,-0.0802,0.6971,0.0,0.0,0,1.0,3,0,0,0.0,0.0,0.0
21.915,288,17.7,0.1851,0.5161,0.0,-0.5817,0.5371,0.0,0.0,0,1.0,2,0,0,0.0,0.0,0.0
21.971,289,17.7,0.1389,0.9319,0.1305,-0.0171,0.8606,0.0,0.0,0,1.0,5,0,0,0.0,0.0,0.0
22.026,290,17.7,0.0743,0.7799,0.2762,0.3575,0.8098,0.0,0.0,0,1.0,5,0,0,0.0,0.0,0.0
22.077,291,17.7,0.1004,0.902,0.1954,0.1822,0.8671,0.0,0.0,0,1.0,7,0,0,0.0,0.0,0.0
22.127,292,17.7,0.1521,0.9123,0.1442,-0.0151,0.8515,0.0,0.0,0,1.0,8,0,0,0.0,0.0,0.0
22.179,293,17.7,0.0421,1.0,0.155,0.2855,0.9268,0.0,0.0,0,1.0,9,0,0,0.0,0.0,0.0
22.233,294,17.7,0.0797,0.8758,0.2238,0.2736,0.861,0.0,0.0,0,1.0,9,0,0,0.0,0.0,0.0
22.283,295,17.7,0.0666,0.9295,0.4314,0.4784,1.0,0.0,0.0,0,1.0,7,0,0,0.0,0.0,0.0
22.337,296,17.7,0.0981,0.9462,0.1574,0.125,0.8829,-0.7,0.0,0,1.0,11,1,0,0.035,0.0,0.014
22.394,297,17.7,0.0983,0.9469,0.1459,0.1037,0.8771,0.0,0.0,0,1.0,12,1,0,0.0,0.0,0.0
22.445,298,17.7,0.0685,0.9049,0.2071,0.2796,0.876,0.0,0.0,0,1.0,7,1,0,0.0,0.0,0.0
22.491,299,17.7,0.1077,0.8961,0.18,0.1416,0.8535,0.0,0.0,0,1.0,8,1,0,0.0,0.0,0.0
22.546,300,17.7,0.0271,1.0,0.3862,0.5262,1.0,0.0,0.0,0,1.0,7,1,0,0.0,0.0,0.0
22.604,301,18.3,0.0324,0.9914,0.4043,0.5254,1.0,-0.3477,0.0,0,1.0,5,1,0,0.0174,0.0,0.007
22.661,302,18.3,0.0948,0.7783,0.2809,0.3138,0.8111,-0.7,0.0,0,1.0,5,1,0,0.035,0.0,0.014
22.715,303,18.3,0.1444,0.913,0.0522,-0.2385,0.8478,-0.7,0.0,0,1.0,4,1,0,0.035,0.0,0.014
22.778,304,18.3,0.1286,0.9701,0.3272,0.2738,0.9981,0.0,0.0,0,1.0,6,1,0,0.0,0.0,0.0
22.84,305,18.3,0.105,0.8024,0.1227,0.0424,0.7427,0.0,0.0,0,1.0,5,1,0,0.0,0.0,0.0
22.898,306,18.3,0.2962,0.6001,0.1104,-0.3196,0.67,0.0,0.0,0,1.0,4,1,0,0.0,0.0,0.0
22.95,307,18.3,0.1814,0.6868,0.0409,-0.3575,0.6785,0.0,0.0,0,1.0,3,1,0,0.0,0.0,0.0
23.002,308,18.3,0.2941,0.7195,0.0167,-0.5474,0.7691,0.0,0.0,0,1.0,3,1,0,0.0,0.0,0.0
23.053,309,18.3,0.1047,1.0,0.1473,0.0893,0.9225,0.0,0.0,0,1.0,4,1,0,0.0,0.0,0.0
23.104,310,18.3,0.0509,0.6437,0.2846,0.4513,0.7001,0.0,0.0,0,1.0,3,1,0,0.0,0.0,0.0
23.163,311,18.3,0.2117,1.0,0.0871,-0.2306,0.9586,0.0,0.0,0,1.0,5,1,0,0.0,0.0,0.0
23.221,312,18.3,0.1571,0.4544,0.5547,0.4875,0.6923,0.0,0.0,0,1.0,4,1,0,0.0,0.0,0.0
23.276,313,18.3,0.0807,0.9508,0.3095,0.3545,0.972,-0.2471,0.0,0,1.0,4,1,0,0.0124,0.0,0.0049
23.326,314,18.3,0.075,0.4613,0.5385,0.6342,0.6891,-0.2471,0.0,0,1.0,3,1,0,0.0124,0.0,0.0049
23.381,315,18.3,0.0105,0.8144,0.3511,0.5823,0.8807,0.0,0.0,0,1.0,3,1,0,0.0,0.0,0.0
23.434,316,18.3,0.0877,0.6589,0.6032,0.5895,0.8913,0.0045,0.0,0,1.0,6,1,0,0.0002,0.0,0.0001
23.483,317,18.3,0.1019,0.6225,0.6109,0.5772,0.865,0.0045,0.0,0,1.0,4,1,0,0.0002,0.0,0.0001
23.537,318,18.3,0.1111,0.6279,0.6353,0.5732,0.8832,0.0045,0.0,0,1.0,5,1,0,0.0002,0.0,0.0001
23.6,319,18.3,0.1175,0.7988,0.5817,0.4993,0.9968,-0.1363,0.0,0,1.0,7,1,0,0.0068,0.0,0.0027
23.656,320,18.3,0.2681,0.5906,0.5471,0.2898,0.8025,0.0045,0.0,0,1.0,8,1,0,0.0002,0.0,0.0001
23.714,321,18.3,0.5687,0.6375,0.0352,-0.6791,0.854,-0.2303,0.0,0,1.0,6,1,0,0.0115,0.0,0.0046
23.78,322,18.3,0.0,0.174,0.3019,0.8929,0.3152,-0.2303,0.0,0,1.0,1,1,0,0.0115,0.0,0.0046
23.837,323,18.3,0.4207,0.5348,0.1505,-0.3754,0.6848,0.0045,0.0,0,1.0,4,1,0,0.0002,0.0,0.0001
23.898,324,18.3,0.2578,0.8274,0.0979,-0.2754,0.8394,-0.3477,0.0,0,1.0,8,1,0,0.0174,0.0,0.007
23.95,325,18.3,0.3559,0.7504,0.0359,-0.5295,0.8297,0.0,0.0,0,1.0,5,1,0,0.0,0.0,0.0
24.001,326,18.3,0.7423,0.4779,0.0,-0.871,0.8172,-0.7,0.0,0,1.0,7,1,0,0.035,0.0,0.014
24.052,327,18.3,0.172,0.6932,0.6255,0.4602,0.9325,-0.7,0.0,0,1.0,5,1,0,0.035,0.0,0.014
24.105,328,18.3,0.1398,0.6182,0.618,0.5191,0.8653,-0.2471,0.0,0,1.0,6,1,0,0.0124,0.0,0.0049
24.166,329,18.3,0.1859,0.5774,0.6061,0.4487,0.8244,-0.0541,0.0,0,1.0,9,1,0,0.0027,0.0,0.0011
24.222,330,18.3,0.5741,0.6053,0.0918,-0.5795,0.83,-0.0541,0.0,0,1.0,8,1,0,0.0027,0.0,0.0011
24.277,331,17.9,0.0647,0.5554,0.409,0.5428,0.6956,-0.1967,0.0,0,1.0,3,1,0,0.0098,0.0,0.0039
24.325,332,17.9,0.1237,0.7583,0.1855,0.1208,0.7409,0.0915,0.0,0,1.0,3,1,0,0.0046,0.0,0.0018
24.38,333,17.9,0.077,1.0,0.0284,-0.2031,0.8831,0.0,0.0,0,1.0,4,1,0,0.0,0.0,0.0
24.433,334,17.9,0.077,0.9651,0.028,-0.2067,0.8538,0.0,0.0,0,1.0,2,1,0,0.0,0.0,0.0
24.484,335,17.9,0.0,0.5079,0.05,0.4353,0.4547,0.0,0.0,0,1.0,1,1,0,0.0,0.0,0.0
24.536,336,17.9,0.2416,0.862,0.0312,-0.4335,0.8593,0.0,0.0,0,1.0,4,1,0,0.0,0.0,0.0
24.593,337,17.9,0.0574,0.8443,0.0767,0.0682,0.7522,0.0,0.0,0,1.0,3,1,0,0.0,0.0,0.0
24.646,338,17.9,0.4405,0.5653,0.0,-0.7279,0.7216,0.0,0.0,0,1.0,3,1,0,0.0,0.0,0.0
24.701,339,17.9,0.1859,0.2253,0.0,-0.7398,0.2934,-0.1129,0.0,0,1.0,1,1,0,0.0056,0.0,0.0023
24.777,340,17.9,0.1835,0.2281,0.0,-0.7345,0.2944,0.0,0.0,0,1.0,1,1,0,0.0,0.0,0.0
24.838,341,17.9,0.1477,1.0,0.0271,-0.3347,0.9227,0.0,0.0,0,1.0,4,1,0,0.0,0.0,0.0
24.895,342,17.9,0.1439,1.0,0.0375,-0.2867,0.9206,0.0,0.0,0,1.0,4,1,0,0.0,0.0,0.0
24.951,343,17.9,0.218,0.5389,0.0,-0.602,0.5747,0.0,0.0,0,1.0,2,1,0,0.0,0.0,0.0
25.001,344,17.9,0.2177,0.5431,0.0,-0.6004,0.5781,0.0,0.0,0,1.0,2,1,0,0.0,0.0,0.0
25.052,345,17.9,0.085,0.5701,0.0701,-0.0519,0.5265,0.0,0.0,0,1.0,2,1,0,0.0,0.0,0.0
25.102,346,17.9,0.1483,0.2644,0.0,-0.6619,0.3052,0.0,0.0,0,1.0,1,1,0,0.0,0.0,0.0
25.15,347,17.9,0.1773,0.684,0.0682,-0.2585,0.6739,0.0,0.0,0,1.0,3,1,0,0.0,0.0,0.0
25.21,348,17.9,0.0948,0.7499,0.1634,0.1528,0.7215,0.0,0.0,0,1.0,4,1,0,0.0,0.0,0.0
25.261,349,17.9,0.2711,0.8995,0.013,-0.5104,0.9074,0.0,0.0,0,1.0,6,1,0,0.0,0.0,0.0
25.308,350,17.9,0.1827,0.8558,0.1385,-0.081,0.8212,0.0,0.0,0,1.0,5,1,0,0.0,0.0,0.0
25.359,351,17.9,0.1292,1.0,0.0476,-0.2243,0.9123,0.0,0.0,0,1.0,9,1,0,0.0,0.0,0.0
25.42,352,17.9,0.0181,0.8475,0.2818,0.5096,0.8697,0.0,0.0,0,1.0,9,1,0,0.0,0.0,0.0
25.477,353,17.9,0.0232,0.6796,0.3984,0.6065,0.794,0.0,0.0,0,1.0,6,1,0,0.0,0.0,0.0
25.528,354,17.9,0.0815,0.886,0.1639,0.182,0.8361,0.0,0.0,0,1.0,8,1,0,0.0,0.0,0.0
25.582,355,17.9,0.0784,0.5637,0.3827,0.4871,0.6878,0.0,0.0,0,1.0,5,1,0,0.0,0.0,0.0
25.636,356,17.9,0.1134,0.7262,0.2744,0.3874,0.7637,0.0,0.0,0,1.0,7,1,0,0.0,0.0,0.0
25.695,357,17.9,0.1636,0.6952,0.2466,0.1359,0.7221,0.0,0.0,0,1.0,9,1,0,0.0,0.0,0.0
25.762,358,17.9,0.0107,0.6902,0.4214,0.6497,0.8157,0.0045,0.0,0,1.0,8,1,0,0.0002,0.0,0.0001
25.826,359,17.9,0.1453,0.7515,0.4405,0.3669,0.8779,-0.7,0.0,0,1.0,5,1,0,0.035,0.0,0.014
25.879,360,17.9,0.0464,0.7743,0.5329,0.6043,0.9488,-0.0961,0.0,0,1.0,5,1,0,0.0048,0.0,0.0019
25.937,361,18.1,0.0468,0.7871,0.5353,0.6018,0.9609,-0.0961,0.0,0,1.0,5,1,0,0.0048,0.0,0.0019
25.992,362,18.1,0.0075,0.7637,0.5414,0.692,0.9447,0.0045,0.0,0,1.0,4,1,0,0.0002,0.0,0.0001
26.043,363,18.1,0.021,0.9367,0.4442,0.581,1.0,0.0045,0.0,0,1.0,5,1,0,0.0002,0.0,0.0001
26.092,364,18.1,0.016,1.0,0.4164,0.5682,1.0,0.0045,0.0,0,1.0,9,1,0,0.0002,0.0,0.0001
26.141,365,18.1,0.0516,1.0,0.3486,0.4453,1.0,-0.2303,0.0,0,1.0,9,1,0,0.0115,0.0,0.0046
26.192,366,18.1,0.0452,1.0,0.0697,0.0953,0.879,0.0,0.0,0,1.0,5,1,0,0.0,0.0,0.0
26.241,367,18.1,0.0475,0.8751,0.0903,0.1471,0.7856,0.0,0.0,0,1.0,4,1,0,0.0,0.0,0.0
26.293,368,18.1,0.0198,0.861,0.1726,0.4075,0.8199,0.0,0.0,0,1.0,4,1,0,0.0,0.0,0.0
26.341,369,18.1,0.0087,0.4802,0.6916,0.837,0.7906,0.0,0.0,1,1.0,6,1,0,0.0,1.0,0.0
26.394,370,18.1,0.056,0.59,0.6262,0.6773,0.8463,0.0,0.0,1,1.0,5,1,0,0.0,0.8,0.0
26.445,371,18.1,0.0,0.6099,0.4036,0.6945,0.7383,-0.1716,0.0,1,1.0,5,1,0,0.0086,0.8,0.0034
26.494,372,18.1,0.0076,0.6548,0.3522,0.6299,0.7472,-0.1716,0.0,1,1.0,6,1,0,0.0086,0.8,0.0034
26.554,373,18.1,0.0322,0.8159,0.5464,0.6296,0.9913,-0.7,0.0,1,1.0,6,1,0,0.035,0.8,0.014
26.617,374,18.1,0.3353,0.1539,0.0,-0.9357,0.317,0.0,0.0,1,1.0,1,1,0,0.0,0.8,0.0
26.668,375,18.1,0.3353,0.1539,0.0,-0.9357,0.317,0.0,0.0,1,1.0,1,1,0,0.0,0.8,0.0
26.721,376,18.1,0.0,0.3332,0.7102,0.9318,0.6776,0.0,0.0,1,1.0,2,1,0,0.0,0.8,0.0
26.788,377,18.1,0.8232,0.6294,0.0072,-0.8233,0.9896,0.0,0.0,1,1.0,7,1,0,0.0,0.8,0.0
26.852,378,18.1,0.1278,0.9726,0.2859,0.2333,0.9771,-0.1235,0.0,0,1.0,5,1,0,0.0062,0.8,0.0025
26.904,379,18.1,0.338,0.5522,0.0294,-0.5841,0.6531,-0.1876,0.0,0,1.0,3,1,0,0.0094,0.0,0.0038
26.963,380,18.1,0.3106,0.0929,0.0,-1.0,0.252,0.0,0.0,0,1.0,1,1,0,0.0,0.0,0.0
27.016,381,18.1,0.164,0.5304,0.0655,-0.2635,0.5374,0.0,0.0,0,1.0,2,1,0,0.0,0.0,0.0
27.072,382,18.1,0.4967,0.196,0.0,-0.9624,0.4428,0.0,0.0,0,1.0,2,1,0,0.0,0.0,0.0
27.129,383,18.1,0.0,0.0,0.0,0.0,0.3,0.0,0.0,0,1.0,0,0,0,0.0,0.0,0.0
27.188,384,18.1,0.3034,0.6625,0.0,-0.6238,0.7264,-0.2303,0.0,0,1.0,3,0,0,0.0115,0.0,0.0046
27.245,385,18.1,0.4756,0.8496,0.0107,-0.6366,0.98,0.0,0.0,0,1.0,9,0,0,0.0,0.0,0.0
27.302,386,18.1,0.3372,1.0,0.034,-0.4798,1.0,-0.1129,0.0,0,1.0,16,0,0,0.0056,0.0,0.0023
27.352,387,18.1,0.5509,0.5513,0.0563,-0.6519,0.7716,0.0,0.0,0,1.0,19,0,0,0.0,0.0,0.0
27.415,388,18.1,0.2717,0.7663,0.0525,-0.4123,0.7958,0.0,0.0,0,1.0,9,0,0,0.0,0.0,0.0
27.468,389,18.1,0.5846,0.8605,0.0,-0.6998,1.0,0.0915,0.0,0,1.0,12,0,0,0.0046,0.0,0.0018
27.52,390,18.1,0.6598,0.482,0.0,-0.8454,0.7744,0.0915,0.0,0,1.0,16,0,0,0.0046,0.0,0.0018
27.583,391,18.3,0.2734,1.0,0.0248,-0.4609,0.9931,-0.0737,0.0,0,1.0,22,0,0,0.0037,0.0,0.0015
27.639,392,18.3,0.4388,0.6776,0.0499,-0.5666,0.8149,-0.0737,0.0,0,1.0,19,0,0,0.0037,0.0,0.0015
27.696,393,18.3,0.4993,0.6155,0.0159,-0.6969,0.7967,0.0,0.0,0,1.0,19,0,0,0.0,0.0,0.0
27.756,394,18.3,0.1884,1.0,0.0294,-0.3724,0.9455,-0.4651,0.0,0,1.0,6,0,0,0.0233,0.0,0.0093
27.815,395,18.3,0.5092,0.5342,0.0,-0.7699,0.7339,0.0,0.0,0,1.0,7,0,0,0.0,0.0,0.0
27.874,396,18.3,0.6037,0.3984,0.0,-0.8661,0.6727,-0.0835,0.0,0,1.0,5,0,0,0.0042,0.0,0.0017
27.932,397,18.3,0.6274,0.4222,0.0,-0.8621,0.7059,0.0045,0.0,0,1.0,5,0,0,0.0002,0.0,0.0001
27.992,398,18.3,0.4392,0.6592,0.0,-0.6959,0.7997,0.0045,0.0,0,1.0,8,0,0,0.0002,0.0,0.0001
28.046,399,18.3,0.3872,0.7151,0.0539,-0.5141,0.8175,-0.1876,0.0,0,1.0,18,0,0,0.0094,0.0,0.0038
28.107,400,18.3,0.2677,0.6612,0.2247,-0.0628,0.7053,-0.7,0.0,0,1.0,19,0,0,0.035,0.0,0.014
28.161,401,18.3,0.5592,0.642,0.0,-0.7511,0.8525,-0.7,0.0,0,1.0,16,0,0,0.035,0.0,0.014
28.211,402,18.3,0.2433,0.8455,0.389,0.1658,0.928,-0.7,0.0,0,1.0,20,0,0,0.035,0.0,0.014
28.268,403,18.3,0.3923,0.5807,0.4239,0.033,0.7252,0.0915,0.0,0,1.0,14,0,0,0.0046,0.0,0.0018
28.318,404,18.3,0.1097,0.8212,0.5051,0.4629,0.9726,-0.7,0.0,0,1.0,11,0,0,0.035,0.0,0.014
28.371,405,18.3,0.2402,0.6037,0.5541,0.3309,0.8174,-0.0961,0.0,0,1.0,10,0,0,0.0048,0.0,0.0019
28.428,406,18.3,0.0669,0.9414,0.3329,0.406,0.9772,-0.0961,0.0,0,1.0,7,0,0,0.0048,0.0,0.0019
28.488,407,18.3,0.0241,1.0,0.3072,0.4864,1.0,-0.2303,0.0,0,1.0,9,0,0,0.0115,0.0,0.0046
28.546,408,18.3,0.0897,0.9563,0.0953,0.015,0.8566,0.0,0.0,0,1.0,5,0,0,0.0,0.0,0.0
28.608,409,18.3,0.0305,0.9539,0.1277,0.2945,0.8728,0.0,0.0,0,1.0,8,0,0,0.0,0.0,0.0
28.662,410,18.3,0.1023,0.9279,0.0682,-0.098,0.8367,0.0,0.0,0,1.0,5,0,0,0.0,0.0,0.0
28.722,411,18.3,0.6012,0.4751,0.0,-0.8292,0.7358,0.0,0.0,0,1.0,8,0,0,0.0,0.0,0.0
28.788,412,18.3,0.5303,0.5142,0.0349,-0.7011,0.7289,0.0915,0.0,0,1.0,13,0,0,0.0046,0.0,0.0018
28.85,413,18.3,0.1578,0.8075,0.0618,-0.2358,0.7666,0.0915,0.0,0,1.0,7,0,0,0.0046,0.0,0.0018
28.907,414,18.3,0.4219,0.5609,0.0401,-0.6109,0.7074,0.0,0.0,0,1.0,7,0,0,0.0,0.0,0.0
28.963,415,18.3,0.3096,0.7314,0.0222,-0.5388,0.7878,0.0,0.0,0,1.0,8,0,0,0.0,0.0,0.0
29.019,416,18.3,0.5081,0.4408,0.1006,-0.5672,0.6548,-0.7,0.0,0,1.0,10,0,0,0.035,0.0,0.014
29.078,417,18.3,0.048,0.8604,0.1298,-0.255,0.7954,-0.152,0.0,0,1.0,7,0,0,0.0076,0.0,0.003
29.138,418,18.3,0.3267,0.6999,0.0565,-0.4633,0.7709,0.0,0.0,0,1.0,9,0,0,0.0,0.0,0.0
29.196,419,18.3,0.4152,0.5412,0.0949,-0.482,0.6871,0.0,0.0,0,1.0,7,0,0,0.0,0.0,0.0
29.254,420,18.3,0.3567,0.9553,0.0811,-0.3928,1.0,-0.7,0.0,0,1.0,6,0,0,0.035,0.0,0.014
29.313,421,17.3,0.1552,0.5207,0.1218,-0.0785,0.5243,-0.7,0.0,0,1.0,2,0,0,0.035,0.0,0.014
29.372,422,17.3,0.0344,0.6986,0.3587,0.5465,0.7877,-0.7,0.0,0,1.0,5,0,0,0.035,0.0,0.014
29.429,423,17.3,0.1904,0.6599,0.279,0.1339,0.7106,0.0,0.0,0,1.0,9,0,0,0.0,0.0,0.0
29.486,424,17.3,0.2134,0.9993,0.0322,-0.3878,0.9589,-0.7,0.0,0,1.0,13,0,0,0.035,0.0,0.014
29.545,425,17.3,0.4295,1.0,0.0784,-0.4444,1.0,0.0,0.0,0,1.0,14,0,0,0.0,0.0,0.0
29.607,426,17.3,0.0698,1.0,0.0973,0.0791,0.8945,-0.7,0.0,0,1.0,14,0,0,0.035,0.0,0.014
29.663,427,17.3,0.605,0.8854,0.0179,-0.6664,1.0,0.0,0.0,0,1.0,8,0,0,0.0,0.0,0.0
29.724,428,17.3,0.1475,1.0,0.0563,-0.2247,0.9226,0.0045,0.0,0,1.0,7,0,0,0.0002,0.0,0.0001
29.785,429,17.3,0.4093,0.847,0.0,-0.6337,0.9406,0.0,0.0,0,1.0,12,0,0,0.0,0.0,0.0
29.85,430,17.3,0.3659,0.5446,0.0814,-0.4698,0.6623,-0.7,0.0,0,1.0,6,0,0,0.035,0.0,0.014
29.906,431,17.3,0.6444,0.3081,0.0216,-0.8737,0.6196,-0.7,0.0,0,1.0,4,0,0,0.035,0.0,0.014
29.962,432,17.3,0.5941,0.5093,0.0,-0.8123,0.7606,-0.7,0.0,0,1.0,10,0,0,0.035,0.0,0.014
30.022,433,17.3,0.1974,0.8719,0.1278,-0.2075,0.843,-0.0737,0.0,0,1.0,7,0,0,0.0037,0.0,0.0015
30.088,434,17.3,0.3195,0.6158,0.0521,-0.4865,0.6962,0.0,0.0,0,1.0,6,0,0,0.0,0.0,0.0
30.143,435,17.3,0.5556,0.7925,0.0,-0.7062,0.9768,0.0,0.0,0,1.0,8,0,0,0.0,0.0,0.0
30.197,436,17.3,0.2526,0.9666,0.1132,-0.2252,0.9534,0.0915,0.0,0,1.0,6,0,0,0.0046,0.0,0.0018
30.254,437,17.3,0.3952,0.6461,0.0,-0.6788,0.7641,0.0,0.0,0,1.0,10,0,0,0.0,0.0,0.0
30.302,438,17.3,0.1703,0.8952,0.2309,0.0936,0.8813,0.0,0.0,0,1.0,6,0,0,0.0,0.0,0.0
30.354,439,17.3,0.3933,0.5557,0.0,-0.7082,0.687,0.0,0.0,0,1.0,3,0,0,0.0,0.0,0.0
30.416,440,17.3,0.28,0.8084,0.21,-0.0966,0.8358,-0.7,0.0,0,1.0,7,0,0,0.035,0.0,0.014
30.471,441,17.3,0.1031,0.9976,0.2197,0.2041,0.961,-0.4651,0.0,0,1.0,8,0,0,0.0233,0.0,0.0093
30.532,442,17.3,0.1843,0.8947,0.0314,-0.3709,0.8548,0.0,0.0,0,1.0,8,0,0,0.0,0.0,0.0
30.588,443,17.3,0.16,0.8742,0.0455,-0.2898,0.824,0.0,0.0,0,1.0,9,0,0,0.0,0.0,0.0
30.652,444,17.3,0.3199,0.7888,0.0,-0.6024,0.8418,0.0,0.0,0,1.0,10,0,0,0.0,0.0,0.0
30.706,445,17.3,0.2993,0.8353,0.0,-0.5816,0.8692,0.0,0.0,0,1.0,7,0,0,0.0,0.0,0.0
30.766,446,17.3,0.2343,0.9018,0.0091,-0.4981,0.8887,0.0,0.0,0,1.0,8,0,0,0.0,0.0,0.0
30.825,447,17.3,0.2164,0.8089,0.0,-0.5373,0.8006,0.0,0.0,0,1.0,8,0,0,0.0,0.0,0.0
30.882,448,17.3,0.2814,0.7619,0.0,-0.5866,0.7976,0.0,0.0,0,1.0,12,0,0,0.0,0.0,0.0
30.936,449,17.3,0.4529,0.62,0.0,-0.7146,0.7745,0.0,0.0,0,1.0,11,0,0,0.0,0.0,0.0
30.996,450,17.3,0.5552,0.5249,0.0,-0.7918,0.7518,-0.1129,0.0,0,1.0,10,0,0,0.0056,0.0,0.0023
31.054,451,17.2,0.4921,0.6169,0.0,-0.7327,0.7938,-0.1129,0.0,0,1.0,9,0,0,0.0056,0.0,0.0023
31.116,452,17.2,0.3708,0.7352,0.0,-0.6416,0.8252,0.0915,0.0,0,1.0,10,0,0,0.0046,0.0,0.0018
31.169,453,17.2,0.3938,0.7331,0.0,-0.6535,0.8363,-0.1129,0.0,0,1.0,9,0,0,0.0056,0.0,0.0023
31.221,454,17.2,0.1243,0.816,0.1357,0.0247,0.7615,-0.7,0.0,0,1.0,8,0,0,0.035,0.0,0.014
31.279,455,17.2,0.2111,1.0,0.0,-0.5064,0.9582,0.0,0.0,0,1.0,11,0,0,0.0,0.0,0.0
31.336,456,17.2,0.1734,0.8912,0.0,-0.4968,0.8457,0.0,0.0,0,1.0,9,0,0,0.0,0.0,0.0
31.402,457,17.2,0.3982,0.5352,0.2322,-0.2145,0.6726,0.0,0.0,0,1.0,13,0,0,0.0,0.0,0.0
31.462,458,17.2,0.1489,1.0,0.0,-0.4689,0.9234,0.0,0.0,0,1.0,10,0,0,0.0,0.0,0.0
31.52,459,17.2,0.3951,0.7724,0.0166,-0.5996,0.8701,0.0,0.0,0,1.0,8,0,0,0.0,0.0,0.0
31.582,460,17.2,0.2176,0.6752,0.0049,-0.543,0.689,-0.7,0.0,0,1.0,4,0,0,0.035,0.0,0.014
31.64,461,17.2,0.3693,0.6251,0.04,-0.5569,0.7319,0.0,0.0,0,1.0,6,0,0,0.0,0.0,0.0
31.696,462,17.2,0.1657,0.675,0.0661,-0.2471,0.6598,-0.7,0.0,0,1.0,4,0,0,0.035,0.0,0.014
31.762,463,17.2,0.0596,0.5271,0.4627,0.6004,0.7019,0.0,0.0,0,1.0,8,0,0,0.0,0.0,0.0
31.831,464,17.2,0.1228,0.841,0.062,-0.1682,0.7753,0.0,0.0,0,1.0,10,0,0,0.0,0.0,0.0
31.892,465,17.2,0.1728,0.8123,0.0386,-0.3388,0.7791,-0.1129,0.0,0,1.0,9,0,0,0.0056,0.0,0.0023
31.945,466,17.2,0.0564,1.0,0.1514,0.2306,0.9248,0.0,0.0,0,1.0,15,0,0,0.0,0.0,0.0
32.007,467,17.2,0.2467,0.6864,0.2989,0.0701,0.744,0.0,0.0,0,1.0,15,0,0,0.0,0.0,0.0
32.06,468,17.2,0.4142,0.7091,0.0279,-0.5965,0.8276,-0.0737,0.0,0,1.0,16,0,0,0.0037,0.0,0.0015
32.114,469,17.2,0.7051,0.5941,0.0965,-0.6396,0.8939,-0.7,0.0,0,1.0,14,0,0,0.035,0.0,0.014
32.177,470,17.2,0.081,0.7473,0.1617,0.1882,0.7183,-0.7,0.0,0,1.0,13,0,0,0.035,0.0,0.014
32.238,471,17.2,0.085,0.7993,0.1023,0.048,0.7287,-0.1363,0.0,0,1.0,11,0,0,0.0068,0.0,0.0027
32.291,472,17.2,0.0676,0.9211,0.0605,-0.0257,0.8116,0.0,0.0,0,1.0,12,0,0,0.0,0.0,0.0
32.342,473,17.2,0.0395,0.9433,0.0674,0.1162,0.8301,0.0,0.0,0,1.0,14,1,0,0.0,0.0,0.0
32.399,474,17.2,0.034,0.5357,0.4835,0.9324,0.7208,0.0,0.0,0,1.0,10,1,0,0.0,0.0,0.0
32.455,475,17.2,0.0791,0.7777,0.1375,0.1463,0.7303,-0.1129,0.0,0,1.0,10,1,0,0.0056,0.0,0.0023
32.514,476,17.2,0.2162,0.5895,0.2496,0.0523,0.635,0.0,0.0,0,1.0,17,1,0,0.0,0.0,0.0
32.571,477,17.2,0.1975,0.559,0.3411,0.2059,0.6606,0.0,0.0,0,1.0,17,1,0,0.0,0.0,0.0
32.635,478,17.2,0.2848,0.9301,0.0,-0.5569,0.9408,0.0,0.0,0,1.0,12,1,0,0.0,0.0,0.0
32.689,479,17.2,0.2473,1.0,0.0532,-0.3579,0.9785,0.0,0.0,0,1.0,22,1,0,0.0,0.0,0.0
32.751,480,17.2,0.104,0.7609,0.2216,0.2209,0.7633,0.0,0.0,0,1.0,15,1,0,0.0,0.0,0.0
32.814,481,17.1,0.2004,0.658,0.2709,0.1063,0.7044,0.0,0.0,0,1.0,17,1,0,0.0,0.0,0.0
32.875,482,17.1,0.26,0.647,0.1656,-0.1537,0.6891,-0.2303,0.0,0,1.0,19,1,0,0.0115,0.0,0.0046
32.931,483,17.1,0.0068,0.6968,0.3898,0.642,0.8036,0.0,0.0,0,1.0,16,1,0,0.0,0.0,0.0
32.989,484,17.1,0.0109,0.7653,0.377,0.6065,0.854,0.0,0.0,0,1.0,16,1,0,0.0,0.0,0.0
33.048,485,17.1,0.1151,0.7431,0.4173,0.4034,0.8578,0.0,0.0,0,1.0,20,1,0,0.0,0.0,0.0
33.106,486,17.1,0.1048,0.9674,0.0593,-0.1335,0.8713,0.0,0.0,0,1.0,14,1,0,0.0,0.0,0.0
33.161,487,17.1,0.0545,0.6384,0.4523,0.5745,0.7896,0.0,0.0,0,1.0,23,1,0,0.0,0.0,0.0
33.219,488,17.1,0.4796,0.6131,0.0577,-0.5908,0.7835,-0.1129,0.0,0,1.0,12,1,0,0.0056,0.0,0.0023
33.271,489,17.1,0.4725,0.6346,0.0458,-0.6074,0.7977,-0.1129,0.0,0,1.0,14,1,0,0.0056,0.0,0.0023
33.328,490,17.1,0.5464,0.5318,0.0721,-0.6224,0.7527,-0.1129,0.0,0,1.0,16,1,0,0.0056,0.0,0.0023
33.387,491,17.1,0.5081,0.6347,0.0334,-0.6545,0.8177,-0.1129,0.0,0,1.0,17,1,0,0.0056,0.0,0.0023
33.446,492,17.1,0.277,0.6755,0.2749,-0.0028,0.7226,-0.0835,0.0,0,1.0,19,1,0,0.0042,0.0,0.0017
33.501,493,17.1,0.4475,0.4258,0.2505,-0.2488,0.6083,0.0,0.0,0,1.0,16,1,0,0.0,0.0,0.0
33.554,494,17.1,0.4985,0.6214,0.0197,-0.6855,0.8011,0.0,0.0,0,1.0,18,1,0,0.0,0.0,0.0
33.617,495,17.1,0.4909,0.6461,0.0191,-0.6757,0.8176,-0.1363,0.0,0,1.0,15,1,0,0.0068,0.0,0.0027
33.67,496,17.1,0.5066,0.5265,0.1205,-0.5028,0.726,-0.1967,0.0,0,1.0,16,1,0,0.0098,0.0,0.0039
33.732,497,17.1,0.4425,0.4304,0.2532,-0.2392,0.6094,-0.0737,0.0,0,1.0,16,1,0,0.0037,0.0,0.0015
33.792,498,17.1,0.4521,0.6226,0.0594,-0.5673,0.7762,-0.1363,0.0,0,1.0,14,1,0,0.0068,0.0,0.0027
33.847,499,17.1,0.5879,0.4443,0.1492,-0.5262,0.7025,-0.1363,0.0,0,1.0,15,1,0,0.0068,0.0,0.0027
33.906,500,17.1,0.0091,0.703,0.4439,0.6616,0.8391,-0.1967,0.0,0,1.0,16,1,0,0.0098,0.0,0.0039
33.958,501,17.1,0.014,0.7302,0.3138,0.5672,0.7891,-0.2303,0.0,0,1.0,16,1,0,0.0115,0.0,0.0046
34.013,502,17.1,0.0132,0.8159,0.2939,0.539,0.8499,0.0,0.0,0,1.0,12,1,0,0.0,0.0,0.0
34.072,503,17.1,0.5008,0.5924,0.1028,-0.5168,1.0,0.0,0.0,0,1.6,14,0,1,0.0,0.0,0.0
34.129,504,17.1,0.2693,0.7556,0.3924,0.14,1.0,0.0,0.0,0,1.56,19,0,1,0.0,0.0,0.0
34.184,505,17.1,0.0116,0.6616,0.5738,0.7245,1.0,0.0045,0.0,0,1.52,10,0,1,0.0002,0.0,0.0001
34.235,506,17.1,0.0115,0.9097,0.428,0.6005,1.0,0.0915,0.0,0,1.48,14,0,1,0.0046,0.0,0.0018
34.286,507,17.1,0.0112,0.8647,0.2987,0.5395,1.0,0.0915,0.0,0,1.44,19,0,1,0.0046,0.0,0.0018
34.35,508,17.1,0.011,0.6845,0.6258,0.7384,1.0,0.0,0.0,0,1.4,17,0,1,0.0,0.0,0.0
34.403,509,17.1,0.011,0.8984,0.3521,0.5654,1.0,0.0,0.0,0,1.36,16,0,1,0.0,0.0,0.0
34.463,510,17.1,0.0198,0.5081,0.485,0.7175,0.922,0.0,0.0,0,1.32,17,0,1,0.0,0.0,0.0
34.519,511,17.5,0.0109,0.8425,0.4095,0.6066,1.0,-0.1129,0.0,0,1.28,23,0,1,0.0056,0.0,0.0023
34.58,512,17.5,0.0581,0.8476,0.447,0.5187,1.0,-0.7,0.0,0,1.24,15,0,1,0.035,0.0,0.014
34.637,513,17.5,0.135,1.0,0.2241,0.1444,1.0,-0.7,0.0,0,1.2,14,0,1,0.035,0.0,0.014
34.696,514,17.5,0.0,0.6721,0.5912,0.7531,1.0,-0.1129,0.0,0,1.16,18,0,1,0.0056,0.0,0.0023
34.757,515,17.5,0.0753,0.9738,0.0609,-0.049,0.9634,0.0915,0.0,0,1.12,17,0,1,0.0046,0.0,0.0018
34.818,516,17.5,0.0227,0.8159,0.4758,0.6168,1.0,0.0,0.0,0,1.08,12,0,1,0.0,0.0,0.0
34.873,517,17.5,0.0845,1.0,0.0129,-0.4597,0.9228,-0.1129,0.0,0,1.04,12,0,1,0.0056,0.0,0.0023
34.928,518,17.5,0.0033,0.6384,0.6791,0.7863,0.9165,0.0,0.0,0,1.0,14,0,1,0.0,0.0,0.0
34.976,519,17.5,0.0033,0.6488,0.6879,0.7857,0.9303,0.0,0.0,0,1.0,17,0,1,0.0,0.0,0.0
35.031,520,17.5,0.1845,0.5312,0.3959,0.2908,0.668,0.0045,0.0,0,1.0,18,0,1,0.0002,0.0,0.0001
35.083,521,17.5,0.0113,0.4901,0.6088,0.7989,0.7526,-0.1363,0.0,0,1.0,19,0,1,0.0068,0.0,0.0027
35.134,522,17.5,0.1772,0.7124,0.4475,0.3256,0.849,0.0915,0.0,0,1.0,15,0,1,0.0046,0.0,0.0018
35.185,523,17.5,0.0469,0.837,0.4136,0.5241,0.9347,0.0915,0.0,0,1.0,14,0,1,0.0046,0.0,0.0018
35.236,524,17.5,0.0586,0.6835,0.4219,0.5345,0.8104,-0.0961,0.0,0,1.0,19,0,1,0.0048,0.0,0.0019
35.288,525,17.5,0.0613,0.7216,0.5374,0.5892,0.9071,-0.7,0.0,0,1.0,20,0,1,0.035,0.0,0.014
35.345,526,17.5,0.013,0.6865,0.6374,0.738,0.9336,-0.7,0.0,0,1.0,16,0,1,0.035,0.0,0.014
35.401,527,17.5,0.0588,0.8226,0.486,0.5448,0.9632,0.0045,0.0,0,1.0,21,0,1,0.0002,0.0,0.0001
35.453,528,17.5,0.0037,0.7953,0.611,0.7175,1.0,-0.1129,0.0,0,1.0,16,0,1,0.0056,0.0,0.0023
35.516,529,17.5,0.0836,0.8014,0.378,0.4255,0.8848,0.0915,0.0,0,1.0,26,0,1,0.0046,0.0,0.0018
35.573,530,17.5,0.1052,0.9592,0.1113,0.0146,0.868,0.0915,0.0,0,1.0,20,0,1,0.0046,0.0,0.0018
35.634,531,17.5,0.1552,0.5626,0.4461,0.2084,0.7224,0.0,0.0,0,1.0,19,0,1,0.0,0.0,0.0
35.687,532,17.5,0.2956,0.4498,0.3082,0.0177,0.5504,0.0,0.0,0,1.0,12,0,1,0.0,0.0,0.0
35.751,533,17.5,0.1944,0.7936,0.0789,-0.2431,0.7755,0.0,0.0,0,1.0,16,0,1,0.0,0.0,0.0
35.808,534,17.5,0.3532,0.5182,0.1474,-0.3175,0.6331,0.0,0.0,0,1.0,12,0,1,0.0,0.0,0.0
35.873,535,17.5,0.0961,0.8354,0.0449,-0.1748,0.7556,-0.7,0.0,0,1.0,10,0,1,0.035,0.0,0.014
35.929,536,17.5,0.034,0.506,0.4775,0.6783,0.6924,0.0,0.0,0,1.0,14,0,1,0.0,0.0,0.0
35.986,537,17.5,0.016,0.8308,0.4176,0.6001,0.9317,-0.1129,0.0,0,1.0,11,0,1,0.0056,0.0,0.0023
36.038,538,17.5,0.017,0.8123,0.2732,0.6535,0.8353,-0.1129,0.0,0,1.0,14,0,1,0.0056,0.0,0.0023
36.094,539,17.5,0.0907,0.9017,0.4553,0.452,1.0,-0.7,0.0,0,1.0,12,0,1,0.035,0.0,0.014
36.144,540,17.5,0.083,0.8569,0.0678,-0.049,0.7663,-0.1129,0.0,0,1.0,13,0,1,0.0056,0.0,0.0023
36.194,541,17.8,0.1872,0.6465,0.1279,-0.1195,0.6479,0.0,0.0,0,1.0,8,0,1,0.0,0.0,0.0
36.245,542,17.8,0.0842,0.9833,0.0055,-0.3776,0.8731,0.0,0.0,0,1.0,11,0,1,0.0,0.0,0.0
36.307,543,17.8,0.0145,0.7773,0.2255,0.4908,0.7793,0.0,0.0,0,1.0,15,0,1,0.0,0.0,0.0
36.359,544,17.8,0.0278,0.8171,0.4896,0.612,0.9605,0.0,0.0,0,1.0,12,0,1,0.0,0.0,0.0
36.417,545,17.8,0.1512,0.8522,0.0759,-0.1782,0.8005,-0.1129,0.0,0,1.0,10,0,1,0.0056,0.0,0.0023
36.487,546,17.8,0.117,0.7816,0.369,0.3537,0.8632,0.0,0.0,0,1.0,12,0,1,0.0,0.0,0.0
36.55,547,17.8,0.2739,0.7636,0.0254,-0.4954,0.7948,-0.7,0.0,0,1.0,9,0,1,0.035,0.0,0.014
36.606,548,17.8,0.0784,0.8243,0.4339,0.4732,0.9354,0.0,0.0,0,1.0,12,0,1,0.0,0.0,0.0
36.667,549,17.8,0.1021,0.7527,0.2237,0.229,0.7576,-0.4651,0.0,0,1.0,10,0,1,0.0233,0.0,0.0093
36.725,550,17.8,0.1965,0.7939,0.0,-0.5266,0.7769,0.0,0.0,0,1.0,5,0,1,0.0,0.0,0.0
36.784,551,17.8,0.113,0.9991,0.0,-0.4454,0.9026,0.0,0.0,0,1.0,8,0,1,0.0,0.0,0.0
36.848,552,17.8,0.112,0.9977,0.0,-0.4448,0.9008,0.0,0.0,0,1.0,11,0,1,0.0,0.0,0.0
36.907,553,17.8,0.0903,0.6719,0.4359,0.4788,0.8085,0.0,0.0,0,1.0,13,0,1,0.0,0.0,0.0
36.964,554,17.8,0.1478,0.993,0.0307,-0.3202,0.9169,0.0,0.0,0,1.0,12,0,1,0.0,0.0,0.0
37.022,555,17.8,0.1041,1.0,0.037,-0.2208,0.8983,0.0,0.0,0,1.0,14,0,1,0.0,0.0,0.0
37.082,556,17.8,0.1243,1.0,0.0268,-0.3034,0.9096,0.0,0.0,0,1.0,12,0,1,0.0,0.0,0.0
37.138,557,17.8,0.1139,0.965,0.0453,-0.2062,0.8744,0.0,0.0,0,1.0,10,0,1,0.0,0.0,0.0
37.193,558,17.8,0.1035,1.0,0.0211,-0.2994,0.898,0.0,0.0,0,1.0,11,0,1,0.0,0.0,0.0
37.246,559,17.8,0.0547,1.0,0.125,0.1909,0.91,0.0,0.0,0,1.0,12,0,1,0.0,0.0,0.0
37.303,560,17.8,0.2856,0.8843,0.0,-0.5651,0.9028,0.0,0.0,0,1.0,11,0,1,0.0,0.0,0.0
37.366,561,17.8,0.3,0.9541,0.138,-0.2309,0.9694,0.0,0.0,0,1.0,14,0,1,0.0,0.0,0.0
37.424,562,17.8,0.1511,1.0,0.0251,-0.3476,0.9246,0.0,0.0,0,1.0,11,0,1,0.0,0.0,0.0
37.476,563,17.8,0.2588,0.8453,0.0,-0.5569,0.855,0.0,0.0,0,1.0,10,0,1,0.0,0.0,0.0
37.529,564,17.8,0.2424,0.9547,0.1263,-0.1871,0.9377,0.0,0.0,0,1.0,14,0,1,0.0,0.0,0.0
37.587,565,17.8,0.1099,1.0,0.02,-0.316,0.9016,0.0,0.0,0,1.0,12,0,1,0.0,0.0,0.0
37.648,566,17.8,0.1752,0.8661,0.0,-0.5013,0.8256,0.0,0.0,0,1.0,12,0,1,0.0,0.0,0.0
37.705,567,17.8,0.1119,1.0,0.0121,-0.364,0.9027,0.0,0.0,0,1.0,10,0,1,0.0,0.0,0.0
37.765,568,17.8,0.1762,1.0,0.0,-0.4859,0.9387,0.0,0.0,0,1.0,12,0,1,0.0,0.0,0.0
37.824,569,17.8,0.2376,0.7755,0.0,-0.557,0.7845,0.0,0.0,0,1.0,10,0,1,0.0,0.0,0.0
37.883,570,17.8,0.1591,0.8137,0.0586,-0.2479,0.7727,0.0,0.0,0,1.0,9,0,1,0.0,0.0,0.0
37.938,571,17.3,0.1113,1.0,0.0224,-0.3052,0.9023,0.0,0.0,0,1.0,7,0,1,0.0,0.0,0.0
37.993,572,17.3,0.0779,0.995,0.0401,-0.1437,0.8794,0.0,0.0,0,1.0,10,0,1,0.0,0.0,0.0
38.044,573,17.3,0.161,1.0,0.0086,-0.4328,0.9302,0.0,0.0,0,1.0,7,0,1,0.0,0.0,0.0
38.103,574,17.3,0.3997,0.6346,0.0,-0.6846,0.7569,0.0,0.0,0,1.0,8,0,1,0.0,0.0,0.0
38.152,575,17.3,0.149,0.8607,0.0059,-0.4508,0.8065,-0.7,0.0,0,1.0,7,0,1,0.035,0.0,0.014
38.204,576,17.3,0.0483,0.7699,0.5455,0.6077,0.9523,-0.7,0.0,0,1.0,13,0,1,0.035,0.0,0.014
38.262,577,17.3,0.0646,0.5799,0.4344,0.5547,0.7304,0.0,0.0,0,1.0,11,0,1,0.0,0.0,0.0
38.319,578,17.3,0.0865,0.9237,0.0366,-0.186,0.8243,0.0045,0.0,0,1.0,9,0,1,0.0002,0.0,0.0001
38.368,579,17.3,0.1463,0.9506,0.1829,0.0641,0.9009,0.0,0.0,0,1.0,14,0,1,0.0,0.0,0.0
38.418,580,17.3,0.0711,0.4671,0.4727,0.5996,0.6571,0.0,0.0,0,1.0,13,0,1,0.0,0.0,0.0
38.483,581,17.3,0.0266,0.8462,0.216,0.4273,0.8317,-0.1129,0.0,0,1.0,16,0,1,0.0056,0.0,0.0023
38.536,582,17.3,0.0444,0.8455,0.1442,0.2716,0.791,-0.1129,0.0,0,1.0,13,0,1,0.0056,0.0,0.0023
38.603,583,17.3,0.0241,1.0,0.0828,0.2419,0.8863,0.0,0.0,0,1.0,16,0,1,0.0,0.0,0.0
38.667,584,17.3,0.0663,0.9322,0.1016,0.1028,0.84,0.0,0.0,0,1.0,16,0,1,0.0,0.0,0.0
38.735,585,17.3,0.0241,0.9803,0.1174,0.3075,0.8892,0.0,0.0,0,1.0,11,0,1,0.0,0.0,0.0
38.8,586,17.3,0.0666,0.9318,0.1183,0.1394,0.8489,0.0,0.0,0,1.0,11,0,1,0.0,0.0,0.0
38.859,587,17.3,0.0786,0.9108,0.1202,0.1068,0.8324,0.0,0.0,0,1.0,11,0,1,0.0,0.0,0.0
38.918,588,17.3,0.0355,0.8622,0.1899,0.3657,0.8306,0.0,0.0,0,1.0,14,0,1,0.0,0.0,0.0
38.98,589,17.3,0.0328,0.9758,0.0972,0.2273,0.8741,0.0,0.0,0,1.0,14,0,1,0.0,0.0,0.0
39.038,590,17.3,0.0439,0.5555,0.4556,0.6246,0.7218,0.0,0.0,0,1.0,13,0,1,0.0,0.0,0.0
39.096,591,17.3,0.0552,0.9775,0.029,-0.133,0.852,0.0,0.0,0,1.0,10,0,1,0.0,0.0,0.0
39.156,592,17.3,0.0244,0.7235,0.3402,0.5555,0.7983,0.0,0.0,0,1.0,16,1,1,0.0,0.0,0.0
39.212,593,17.3,0.0507,0.9063,0.1234,0.0248,0.8303,0.0,0.0,0,1.0,10,1,1,0.0,0.0,0.0
39.271,594,17.3,0.0081,0.9295,0.1738,0.453,0.8781,0.0,0.0,0,1.0,15,1,1,0.0,0.0,0.0
39.328,595,17.3,0.0192,0.8064,0.2618,0.4982,0.824,0.0,0.0,0,1.0,17,1,1,0.0,0.0,0.0
39.388,596,17.3,0.0404,0.6195,0.4191,0.5914,0.7551,0.0,0.0,0,1.0,11,1,1,0.0,0.0,0.0
39.455,597,17.3,0.0842,0.728,0.2367,0.2932,0.7441,-0.7,0.0,0,1.0,15,1,1,0.035,0.0,0.014
39.514,598,17.3,0.1274,0.938,0.0195,-0.3478,0.8593,-0.7,0.0,0,1.0,10,1,1,0.035,0.0,0.014
39.572,599,17.3,0.0429,0.9859,0.0343,-0.047,0.8522,0.0,0.0,0,1.0,9,1,1,0.0,0.0,0.0
39.637,600,17.3,0.073,0.9814,0.0157,-0.2777,0.8653,0.0,0.0,0,1.0,10,1,1,0.0,0.0,0.0
39.694,601,17.1,0.2586,0.6951,0.0122,-0.5418,0.7287,0.0,0.0,0,1.0,12,1,1,0.0,0.0,0.0
39.759,602,17.1,0.087,0.8151,0.2129,0.2828,0.8039,0.0,0.0,0,1.0,7,1,1,0.0,0.0,0.0
39.818,603,17.1,0.1547,0.8254,0.0029,-0.4767,0.78,0.0,0.0,0,1.0,6,1,1,0.0,0.0,0.0
39.872,604,17.1,0.0986,1.0,0.0044,-0.4012,0.8952,0.0,0.0,0,1.0,10,1,1,0.0,0.0,0.0
39.928,605,17.1,0.1639,0.8553,0.0,-0.4951,0.8102,0.0,0.0,0,1.0,8,1,1,0.0,0.0,0.0
39.976,606,17.1,0.3456,0.7056,0.022,-0.5702,0.7862,0.0,0.0,0,1.0,11,1,1,0.0,0.0,0.0
40.032,607,17.1,0.1851,0.8694,0.0,-0.5075,0.8339,0.0,0.0,0,1.0,8,1,1,0.0,0.0,0.0
40.085,608,17.1,0.0818,1.0,0.0169,-0.2865,0.8858,0.0,0.0,0,1.0,9,1,1,0.0,0.0,0.0
40.136,609,17.1,0.0769,1.0,0.0372,-0.1552,0.8831,0.0,0.0,0,1.0,13,1,1,0.0,0.0,0.0
40.185,610,17.1,0.0419,1.0,0.0492,0.0348,0.8676,0.0,0.0,0,1.0,13,1,1,0.0,0.0,0.0
40.242,611,17.1,0.0525,1.0,0.1155,-0.0063,0.9047,0.0,0.0,0,1.0,10,1,1,0.0,0.0,0.0
40.294,612,17.1,0.1794,0.8617,0.0,-0.5047,0.8243,0.0,0.0,0,1.0,11,1,1,0.0,0.0,0.0
40.343,613,17.1,0.2361,0.7455,0.005,-0.5419,0.7584,0.0,0.0,0,1.0,6,1,1,0.0,0.0,0.0
40.394,614,17.1,0.2125,0.7036,0.0545,-0.3498,0.7101,0.0,0.0,0,1.0,10,1,1,0.0,0.0,0.0
40.454,615,17.1,0.1978,0.8113,0.0,-0.5246,0.7923,0.0,0.0,0,1.0,8,1,1,0.0,0.0,0.0
40.513,616,17.1,0.2254,0.7234,0.0023,-0.5497,0.7339,0.0,0.0,0,1.0,8,1,1,0.0,0.0,0.0
40.571,617,17.1,0.1363,0.9385,0.0459,-0.2464,0.8647,0.0,0.0,0,1.0,8,1,1,0.0,0.0,0.0
40.634,618,17.1,0.6439,0.8001,0.0,-0.7346,1.0,0.0,0.0,0,1.0,9,1,1,0.0,0.0,0.0
40.701,619,17.1,0.0708,0.8716,0.1286,0.1498,0.8042,0.0,0.0,0,1.0,11,1,1,0.0,0.0,0.0
40.778,620,17.1,0.1185,0.5851,0.4852,0.4778,0.7632,0.0,0.0,0,1.0,10,1,1,0.0,0.0,0.0
40.848,621,17.1,0.0799,0.965,0.0271,-0.2188,0.8554,0.0,0.0,0,1.0,7,1,1,0.0,0.0,0.0
40.904,622,17.1,0.0747,0.9634,0.0355,-0.1586,0.8511,0.0045,0.0,0,1.0,8,1,1,0.0002,0.0,0.0001
40.96,623,17.1,0.0232,1.0,0.1069,0.2939,0.8999,0.0,0.0,0,1.0,12,1,1,0.0,0.0,0.0
41.03,624,17.1,0.1386,0.776,0.0693,-0.1791,0.7295,0.0,0.0,0,1.0,9,1,1,0.0,0.0,0.0
41.096,625,17.1,0.0069,0.9133,0.2605,0.5217,0.913,0.0,0.0,0,1.0,13,1,1,0.0,0.0,0.0
41.156,626,17.1,0.0706,0.9405,0.0895,0.0569,0.8401,0.0,0.0,0,1.0,9,1,1,0.0,0.0,0.0
41.341,627,17.1,0.0698,0.9748,0.0911,0.0636,0.8699,0.0,0.0,0,1.0,10,1,1,0.0,0.0,0.0
41.404,628,17.1,0.3547,0.6521,0.3568,0.0023,0.7475,0.0,0.0,0,1.0,14,1,1,0.0,0.0,0.0
41.523,629,17.1,0.0247,0.6455,0.3444,0.5764,0.7351,-0.7,0.0,0,1.0,10,1,1,0.035,0.0,0.014
41.572,630,17.1,0.1434,1.0,0.0323,0.0419,0.9203,0.0,0.0,0,1.0,18,1,1,0.0,0.0,0.0
41.62,631,15.5,0.1434,1.0,0.0323,-0.307,0.9203,0.0,0.0,0,1.0,18,1,1,0.0,0.0,0.0
41.67,632,15.5,0.1434,1.0,0.0323,-0.2643,0.9203,0.0,0.0,0,1.0,18,1,1,0.0,0.0,0.0
41.712,633,15.5,0.1434,1.0,0.0323,-0.6272,0.9203,0.0,0.0,0,1.0,18,1,1,0.0,0.0,0.0
41.757,634,15.5,0.1434,1.0,0.0323,-0.307,0.9203,0.0,0.0,0,1.0,18,1,1,0.0,0.0,0.0
41.805,635,15.5,0.1434,1.0,0.0323,-0.307,0.9203,0.0,0.0,0,1.0,18,1,1,0.0,0.0,0.0
41.857,636,15.5,0.1434,1.0,0.0323,-0.307,0.9203,0.0,0.0,0,1.0,18,1,1,0.0,0.0,0.0
41.903,637,15.5,0.1434,1.0,0.0323,-0.307,0.9203,0.0,0.0,0,1.0,18,1,1,0.0,0.0,0.0
41.945,638,15.5,0.1434,1.0,0.0323,-0.307,0.9203,0.0,0.0,0,1.0,18,1,1,0.0,0.0,0.0
41.985,639,15.5,0.1434,1.0,0.0323,-0.307,0.9203,0.0,0.0,0,1.0,18,1,1,0.0,0.0,0.0
42.027,640,15.5,0.1434,1.0,0.0323,-0.307,0.9203,0.0,0.0,0,1.0,18,1,1,0.0,0.0,0.0
42.069,641,15.5,0.1946,1.0,0.0146,-0.4349,0.949,0.0,0.0,0,1.0,19,1,1,0.0,0.0,0.0
42.113,642,15.5,0.1434,1.0,0.0323,-0.307,0.9203,0.0,0.0,0,1.0,18,1,1,0.0,0.0,0.0
42.16,643,15.5,0.1434,1.0,0.0323,-0.307,0.9203,0.0,0.0,0,1.0,18,1,1,0.0,0.0,0.0
42.203,644,15.5,0.1434,1.0,0.0323,-0.307,0.9203,0.0,0.0,0,1.0,18,1,1,0.0,0.0,0.0
42.248,645,15.5,0.1434,1.0,0.0323,-0.307,0.9203,0.0,0.0,0,1.0,18,1,1,0.0,0.0,0.0
42.296,646,15.5,0.1434,1.0,0.0323,-0.307,0.9203,0.0,0.0,0,1.0,18,1,1,0.0,0.0,0.0
42.345,647,15.5,0.1434,1.0,0.0323,-0.307,0.9203,0.0,0.0,0,1.0,18,1,1,0.0,0.0,0.0
42.397,648,15.5,0.1434,1.0,0.0323,-0.307,0.9203,0.0,0.0,0,1.0,18,1,1,0.0,0.0,0.0
42.449,649,15.5,0.1434,1.0,0.0323,-0.307,0.9203,0.0,0.0,0,1.0,18,1,1,0.0,0.0,0.0
42.496,650,15.5,0.1434,1.0,0.0323,-0.307,0.9203,0.0,0.0,0,1.0,18,1,1,0.0,0.0,0.0
42.545,651,15.5,0.1434,1.0,0.0323,-0.307,0.9203,0.0,0.0,0,1.0,18,1,1,0.0,0.0,0.0
42.597,652,15.5,0.1434,1.0,0.0323,-0.307,0.9203,0.0,0.0,0,1.0,18,1,1,0.0,0.0,0.0
42.652,653,15.5,0.1434,1.0,0.0323,-0.307,0.9203,0.0,0.0,0,1.0,18,1,1,0.0,0.0,0.0
42.707,654,15.5,0.1434,1.0,0.0323,-0.307,0.9203,0.0,0.0,0,1.0,18,1,1,0.0,0.0,0.0
42.758,655,15.5,0.1434,1.0,0.0323,-0.307,0.9203,0.0,0.0,0,1.0,18,1,1,0.0,0.0,0.0
42.808,656,15.5,0.1434,1.0,0.0323,-0.307,0.9203,0.0,0.0,0,1.0,18,1,1,0.0,0.0,0.0
42.861,657,15.5,0.1434,1.0,0.0323,-0.307,0.9203,0.0,0.0,0,1.0,18,1,1,0.0,0.0,0.0
42.913,658,15.5,0.1434,1.0,0.0323,-0.307,0.9203,0.0,0.0,0,1.0,18,1,1,0.0,0.0,0.0
42.953,659,15.5,0.1434,1.0,0.0323,-0.307,0.9203,0.0,0.0,0,1.0,18,1,1,0.0,0.0,0.0
42.993,660,15.5,0.1434,1.0,0.0323,-0.307,0.9203,0.0,0.0,0,1.0,18,1,1,0.0,0.0,0.0
43.035,661,21.1,0.1434,1.0,0.0323,-0.307,0.9203,0.0,0.0,0,1.0,18,1,1,0.0,0.0,0.0
43.086,662,21.1,0.1434,1.0,0.0323,-0.307,0.9203,0.0,0.0,0,1.0,18,1,1,0.0,0.0,0.0
43.128,663,21.1,0.1434,1.0,0.0323,-0.307,0.9203,0.0,0.0,0,1.0,18,1,1,0.0,0.0,0.0
43.178,664,21.1,0.1434,1.0,0.0323,-0.307,0.9203,0.0,0.0,0,1.0,18,1,1,0.0,0.0,0.0
43.23,665,21.1,0.1434,1.0,0.0323,-0.307,0.9203,0.0,0.0,0,1.0,18,1,1,0.0,0.0,0.0
43.283,666,21.1,0.1434,1.0,0.0323,-0.307,0.9203,0.0,0.0,0,1.0,18,1,1,0.0,0.0,0.0
43.335,667,21.1,0.1434,1.0,0.0323,-0.307,0.9203,0.0,0.0,0,1.0,18,1,1,0.0,0.0,0.0
43.389,668,21.1,0.1434,1.0,0.0323,-0.307,0.9203,0.0,0.0,0,1.0,18,1,1,0.0,0.0,0.0
43.449,669,21.1,0.1434,1.0,0.0323,-0.307,0.9203,0.0,0.0,0,1.0,18,1,1,0.0,0.0,0.0
43.506,670,21.1,0.1434,1.0,0.0323,-0.307,0.9203,0.0,0.0,0,1.0,18,1,1,0.0,0.0,0.0
43.562,671,21.1,0.1434,1.0,0.0323,-0.307,0.9203,0.0,0.0,0,1.0,18,1,1,0.0,0.0,0.0
43.623,672,21.1,0.1434,1.0,0.0323,-0.307,0.9203,0.0,0.0,0,1.0,18,1,1,0.0,0.0,0.0
43.677,673,21.1,0.1434,1.0,0.0323,-0.307,0.9203,0.0,0.0,0,1.0,18,1,1,0.0,0.0,0.0
43.745,674,21.1,0.1434,1.0,0.0323,-0.307,0.9203,0.0,0.0,0,1.0,18,1,1,0.0,0.0,0.0
43.803,675,21.1,0.1434,1.0,0.0323,-0.307,0.9203,0.0,0.0,0,1.0,18,1,1,0.0,0.0,0.0
43.849,676,21.1,0.1434,1.0,0.0323,-0.307,0.9203,0.0,0.0,0,1.0,18,1,1,0.0,0.0,0.0
43.899,677,21.1,0.1434,1.0,0.0323,-0.307,0.9203,0.0,0.0,0,1.0,18,1,1,0.0,0.0,0.0
43.943,678,21.1,0.1434,1.0,0.0323,-0.307,0.9203,0.0,0.0,0,1.0,18,1,1,0.0,0.0,0.0
43.984,679,21.1,0.1434,1.0,0.0323,-0.307,0.9203,0.0,0.0,0,1.0,18,1,1,0.0,0.0,0.0
44.025,680,21.1,0.1434,1.0,0.0323,-0.307,0.9203,0.0,0.0,0,1.0,18,1,1,0.0,0.0,0.0
44.069,681,21.1,0.1434,1.0,0.0323,-0.307,0.9203,0.0,0.0,0,1.0,18,1,1,0.0,0.0,0.0
44.114,682,21.1,0.1434,1.0,0.0323,-0.307,0.9203,0.0,0.0,0,1.0,18,2,1,0.0,0.0,0.0
44.173,683,21.1,0.1434,1.0,0.0323,-0.307,0.9203,0.0,0.0,1,1.0,18,2,1,0.0,1.0,0.0
44.227,684,21.1,0.1434,1.0,0.0323,-0.307,0.9203,0.0,0.0,1,1.0,18,2,1,0.0,0.8,0.0
44.282,685,21.1,0.1434,1.0,0.0323,-0.307,0.9203,0.0,0.0,1,1.0,18,2,1,0.0,0.8,0.0
44.334,686,21.1,0.1434,1.0,0.0323,-0.307,0.9203,0.0,0.0,1,1.0,18,2,1,0.0,0.8,0.0
44.386,687,21.1,0.1434,1.0,0.0323,-0.307,0.9203,0.0,0.0,1,1.0,18,2,1,0.0,0.8,0.0
44.434,688,21.1,0.1434,1.0,0.0323,-0.307,0.9203,0.0,0.0,1,1.0,18,2,1,0.0,0.8,0.0
44.48,689,21.1,0.1434,1.0,0.0323,-0.307,0.9203,0.0,0.0,1,1.0,18,2,1,0.0,0.8,0.0
44.528,690,21.1,0.1434,1.0,0.0323,-0.307,0.9203,0.0,0.0,1,1.0,18,2,1,0.0,0.8,0.0
44.581,691,19.5,0.1434,1.0,0.0323,-0.307,0.9203,0.0,0.0,1,1.0,18,2,1,0.0,0.8,0.0
44.633,692,19.5,0.1434,1.0,0.0323,-0.307,0.9203,0.0,0.0,0,1.0,18,2,1,0.0,0.8,0.0
44.683,693,19.5,0.1434,1.0,0.0323,-0.307,0.9203,0.0,0.0,0,1.0,18,2,1,0.0,0.0,0.0
44.732,694,19.5,0.1434,1.0,0.0323,-0.307,0.9203,0.0,0.0,0,1.0,18,2,1,0.0,0.0,0.0
44.782,695,19.5,0.1434,1.0,0.0323,-0.307,0.9203,0.0,0.0,0,1.0,18,2,1,0.0,0.0,0.0
44.831,696,19.5,0.1434,1.0,0.0323,-0.307,0.9203,0.0,0.0,0,1.0,18,2,1,0.0,0.0,0.0
44.88,697,19.5,0.1434,1.0,0.0323,-0.307,0.9203,0.0,0.0,0,1.0,18,2,1,0.0,0.0,0.0
44.926,698,19.5,0.1434,1.0,0.0323,-0.307,0.9203,0.0,0.0,0,1.0,18,2,1,0.0,0.0,0.0
44.973,699,19.5,0.1434,1.0,0.0323,-0.307,0.9203,0.0,0.0,0,1.0,18,2,1,0.0,0.0,0.0
45.021,700,19.5,0.1434,1.0,0.0323,-0.307,0.9203,0.0,0.0,0,1.0,18,2,1,0.0,0.0,0.0
45.068,701,19.5,0.1434,1.0,0.0323,-0.307,0.9203,0.0,0.0,0,1.0,18,2,1,0.0,0.0,0.0
45.112,702,19.5,0.1434,1.0,0.0323,-0.307,0.9203,0.0,0.0,0,1.0,18,2,1,0.0,0.0,0.0
45.153,703,19.5,0.1434,1.0,0.0323,-0.307,0.9203,0.0,0.0,0,1.0,18,2,1,0.0,0.0,0.0
45.194,704,19.5,0.1434,1.0,0.0323,-0.307,0.9203,0.0,0.0,0,1.0,18,2,1,0.0,0.0,0.0
45.236,705,19.5,0.1434,1.0,0.0323,-0.307,0.9203,0.0,0.0,0,1.0,18,2,1,0.0,0.0,0.0
45.276,706,19.5,0.1434,1.0,0.0323,-0.307,0.9203,0.0,0.0,0,1.0,18,2,1,0.0,0.0,0.0
45.319,707,19.5,0.1434,1.0,0.0323,-0.307,0.9203,0.0,0.0,0,1.0,18,2,1,0.0,0.0,0.0
45.362,708,19.5,0.1434,1.0,0.0323,-0.307,0.9203,0.0,0.0,0,1.0,18,2,1,0.0,0.0,0.0
45.405,709,19.5,0.1434,1.0,0.0323,-0.307,0.9203,0.0,0.0,0,1.0,18,2,1,0.0,0.0,0.0
45.458,710,19.5,0.1434,1.0,0.0323,-0.307,0.9203,0.0,0.0,0,1.0,18,2,1,0.0,0.0,0.0
45.504,711,19.5,0.1434,1.0,0.0323,-0.307,0.9203,0.0,0.0,0,1.0,18,2,1,0.0,0.0,0.0
45.554,712,19.5,0.1434,1.0,0.0323,-0.307,0.9203,0.0,0.0,0,1.0,18,2,1,0.0,0.0,0.0
45.603,713,19.5,0.1434,1.0,0.0323,-0.307,0.9203,0.0,0.0,0,1.0,18,2,1,0.0,0.0,0.0
45.65,714,19.5,0.1434,1.0,0.0323,-0.307,0.9203,0.0,0.0,0,1.0,18,2,1,0.0,0.0,0.0
45.698,715,19.5,0.1434,1.0,0.0323,-0.307,0.9203,0.0,0.0,0,1.0,18,2,1,0.0,0.0,0.0
45.748,716,19.5,0.1434,1.0,0.0323,-0.307,0.9203,0.0,0.0,0,1.0,18,2,1,0.0,0.0,0.0
45.8,717,19.5,0.1434,1.0,0.0323,-0.307,0.9203,0.0,0.0,0,1.0,18,2,1,0.0,0.0,0.0
45.855,718,19.5,0.0504,0.6231,0.3325,0.5009,0.7096,0.0,0.0,0,1.0,12,2,1,0.0,0.0,0.0
45.917,719,19.5,0.0964,0.8054,0.0891,-0.0204,0.7305,0.0,0.0,0,1.0,8,2,1,0.0,0.0,0.0
45.971,720,19.5,0.1613,1.0,0.0632,-0.2246,0.9303,0.0,0.0,0,1.0,12,2,1,0.0,0.0,0.0
46.032,721,20.8,0.0443,1.0,0.131,0.24,0.9134,0.0,0.0,0,1.0,10,2,1,0.0,0.0,0.0
46.088,722,20.8,0.0856,0.9081,0.0518,-0.1159,0.8107,0.0,0.0,0,1.0,10,2,1,0.0,0.0,0.0
46.15,723,20.8,0.0618,0.899,0.0859,0.0779,0.8032,0.0,0.0,0,1.0,9,2,1,0.0,0.0,0.0
46.205,724,20.8,0.0619,0.8994,0.0874,0.082,0.8045,0.0,0.0,0,1.0,14,2,1,0.0,0.0,0.0
46.276,725,20.8,0.0858,0.9088,0.052,-0.1153,0.8115,0.0,0.0,0,1.0,10,2,1,0.0,0.0,0.0
46.338,726,20.8,0.3275,0.9389,0.0285,-0.4962,0.9721,0.0,0.0,0,1.0,12,2,1,0.0,0.0,0.0
46.398,727,20.8,0.0848,0.9084,0.0519,-0.1132,0.8105,0.0,0.0,0,1.0,13,2,1,0.0,0.0,0.0
46.456,728,20.8,0.0618,0.8915,0.092,0.0951,0.8004,0.0,0.0,0,1.0,11,2,1,0.0,0.0,0.0
46.512,729,20.8,0.1293,0.7622,0.0957,-0.0824,0.7126,0.0,0.0,0,1.0,13,2,1,0.0,0.0,0.0
46.573,730,20.8,0.2105,1.0,0.0157,-0.4435,0.9579,0.0,0.0,0,1.0,15,2,1,0.0,0.0,0.0
46.633,731,20.8,0.0893,0.6899,0.2154,0.2555,0.7002,0.0,0.0,0,1.0,11,2,1,0.0,0.0,0.0
46.691,732,20.8,0.3128,0.8263,0.0839,-0.3648,0.8692,0.0,0.0,0,1.0,13,2,1,0.0,0.0,0.0
46.752,733,20.8,0.0678,0.5622,0.4197,0.5414,0.7073,0.0,0.0,0,1.0,15,2,1,0.0,0.0,0.0
46.821,734,20.8,0.06,0.8396,0.1355,0.2002,0.7811,0.0,0.0,0,1.0,10,2,1,0.0,0.0,0.0
46.886,735,20.8,0.0488,0.8554,0.1315,0.2323,0.7922,0.0,0.0,0,1.0,11,2,1,0.0,0.0,0.0
46.947,736,20.8,0.0354,0.7904,0.2065,0.3939,0.7796,0.0,0.0,0,1.0,15,2,1,0.0,0.0,0.0
47.004,737,20.8,0.0355,0.8797,0.1368,0.2924,0.8155,0.0,0.0,0,1.0,16,2,1,0.0,0.0,0.0
47.072,738,20.8,0.1825,1.0,0.0419,-0.322,0.9422,0.0,0.0,0,1.0,15,2,1,0.0,0.0,0.0
47.135,739,20.8,0.0462,0.8526,0.1381,0.2818,0.7935,0.0,0.0,0,1.0,14,2,1,0.0,0.0,0.0
47.196,740,20.8,0.0434,0.8182,0.1745,0.3227,0.785,0.0,0.0,0,1.0,15,2,1,0.0,0.0,0.0
47.252,741,20.8,0.0355,0.7989,0.2054,0.391,0.7861,0.0,0.0,0,1.0,15,2,1,0.0,0.0,0.0
47.31,742,20.8,0.0437,0.5709,0.4161,0.6603,0.7126,0.0,0.0,0,1.0,16,2,1,0.0,0.0,0.0
47.364,743,20.8,0.1224,0.7418,0.1286,0.0141,0.6952,-0.7,0.0,0,1.0,12,2,1,0.035,0.0,0.014
47.42,744,20.8,0.129,0.77,0.0881,-0.1026,0.719,0.0,0.0,0,1.0,12,2,1,0.0,0.0,0.0
47.485,745,20.8,0.0803,0.9188,0.0542,-0.0906,0.8167,0.0,0.0,0,1.0,14,2,1,0.0,0.0,0.0
47.547,746,20.8,0.0686,0.8727,0.1163,0.1309,0.7982,0.0,0.0,0,1.0,13,2,1,0.0,0.0,0.0
47.606,747,20.8,0.0449,0.878,0.1546,0.2833,0.8241,0.0,0.0,0,1.0,10,2,1,0.0,0.0,0.0
47.674,748,20.8,0.0363,0.981,0.0975,0.2106,0.8786,0.0,0.0,0,1.0,12,2,1,0.0,0.0,0.0
47.74,749,20.8,0.1102,0.8854,0.1237,0.031,0.813,0.0,0.0,0,1.0,14,2,1,0.0,0.0,0.0
47.797,750,20.8,0.0503,0.9576,0.0466,-0.2006,0.8326,0.0,0.0,0,1.0,14,2,1,0.0,0.0,0.0
47.862,751,16.4,0.0265,0.9344,0.0935,0.2545,0.8373,0.0,0.0,0,1.0,11,2,1,0.0,0.0,0.0
47.921,752,16.4,0.0722,0.9337,0.1301,0.1459,0.8571,0.0,0.0,0,1.0,12,2,1,0.0,0.0,0.0
47.98,753,16.4,0.2308,0.7168,0.0,-0.5646,0.7314,0.0,0.0,0,1.0,5,2,1,0.0,0.0,0.0
48.037,754,16.4,0.1753,0.8529,0.0,-0.5032,0.8147,0.0,0.0,0,1.0,10,2,1,0.0,0.0,0.0
48.098,755,16.4,0.0539,0.8304,0.1935,0.3118,0.8059,0.0,0.0,0,1.0,9,2,1,0.0,0.0,0.0
48.153,756,16.4,0.2637,0.7054,0.0,-0.5886,0.7402,0.0,0.0,0,1.0,9,2,1,0.0,0.0,0.0
48.203,757,16.4,0.2054,0.7467,0.0,-0.5412,0.7422,0.0,0.0,0,1.0,9,2,1,0.0,0.0,0.0
48.263,758,16.4,0.2153,0.7416,0.0,-0.549,0.7435,0.0,0.0,0,1.0,7,2,1,0.0,0.0,0.0
48.318,759,16.4,0.2105,0.8913,0.0195,-0.4421,0.8666,0.0,0.0,0,1.0,13,2,1,0.0,0.0,0.0
48.37,760,16.4,0.0562,0.6976,0.5585,0.6157,0.8988,0.0,0.0,0,1.0,11,2,1,0.0,0.0,0.0
48.428,761,16.4,0.2225,0.7245,0.0,-0.5573,0.7332,0.0045,0.0,0,1.0,5,2,1,0.0002,0.0,0.0001
48.487,762,16.4,0.277,0.683,0.0,-0.6023,0.7289,0.0,0.0,0,1.0,10,2,1,0.0,0.0,0.0
48.547,763,16.4,0.0567,0.9416,0.1269,0.1902,0.862,0.0,0.0,0,1.0,13,2,1,0.0,0.0,0.0
48.605,764,16.4,0.2652,0.6795,0.0118,-0.552,0.7193,0.0,0.0,0,1.0,10,2,1,0.0,0.0,0.0
48.663,765,16.4,0.1415,0.8813,0.0,-0.4762,0.8195,0.0,0.0,0,1.0,12,2,1,0.0,0.0,0.0
48.722,766,16.4,0.2473,0.7208,0.0,-0.5746,0.744,0.0,0.0,0,1.0,9,2,1,0.0,0.0,0.0
48.781,767,16.4,0.216,0.7286,0.0103,-0.5081,0.733,0.0,0.0,0,1.0,12,2,1,0.0,0.0,0.0
48.844,768,16.4,0.1079,0.9098,0.0179,-0.3306,0.8246,0.0,0.0,0,1.0,9,2,1,0.0,0.0,0.0
48.905,769,16.4,0.1011,0.9079,0.0326,-0.2398,0.8193,0.0,0.0,0,1.0,9,2,1,0.0,0.0,0.0
48.962,770,16.4,0.1128,0.8124,0.0681,-0.1269,0.7456,0.0,0.0,0,1.0,6,2,1,0.0,0.0,0.0
49.018,771,16.4,0.1389,0.7734,0.0725,-0.1697,0.7275,0.0,0.0,0,1.0,9,2,1,0.0,0.0,0.0
49.078,772,16.4,0.0379,0.6807,0.3777,0.5547,0.7833,0.0,0.0,0,1.0,13,3,1,0.0,0.0,0.0
49.138,773,16.4,0.092,0.6879,0.2116,0.2432,0.6964,0.0,0.0,0,1.0,13,3,1,0.0,0.0,0.0
49.197,774,16.4,0.0653,0.8917,0.0891,0.0744,0.7989,0.0,0.0,0,1.0,11,3,1,0.0,0.0,0.0
49.259,775,16.4,0.1055,0.7131,0.1666,0.133,0.6923,0.0,0.0,0,1.0,15,3,1,0.0,0.0,0.0
49.325,776,16.4,0.3814,1.0,0.0131,-0.5578,1.0,0.0,0.0,0,1.0,14,3,1,0.0,0.0,0.0
49.379,777,16.4,0.0078,0.8478,0.2989,0.5535,0.8795,0.0,0.0,0,1.0,14,3,1,0.0,0.0,0.0
49.435,778,16.4,0.0435,0.8309,0.1607,0.3016,0.788,-0.4651,0.0,0,1.0,16,3,1,0.0233,0.0,0.0093
49.487,779,16.4,0.0674,0.8389,0.1289,0.1628,0.7769,0.0,0.0,0,1.0,12,3,1,0.0,0.0,0.0
49.546,780,16.4,0.0935,1.0,0.0941,0.0017,0.8927,0.0,0.0,0,1.0,13,3,1,0.0,0.0,0.0
49.607,781,17.2,0.2131,0.8713,0.0769,-0.2675,0.8512,0.0,0.0,0,1.0,12,3,1,0.0,0.0,0.0
49.668,782,17.2,0.0236,0.8957,0.1494,0.3607,0.8361,0.0,0.0,0,1.0,15,3,1,0.0,0.0,0.0
49.735,783,17.2,0.0658,0.8176,0.1484,0.2059,0.7699,0.0,0.0,0,1.0,17,3,1,0.0,0.0,0.0
49.8,784,17.2,0.0202,0.8234,0.2521,0.4845,0.8328,0.0,0.0,0,1.0,15,3,1,0.0,0.0,0.0
49.857,785,17.2,0.0427,0.8014,0.185,0.3412,0.7768,0.0,0.0,0,1.0,16,3,1,0.0,0.0,0.0
49.919,786,17.2,0.1915,0.8602,0.0812,-0.2276,0.8298,0.0,0.0,0,1.0,12,3,1,0.0,0.0,0.0
49.969,787,17.2,0.0075,0.7947,0.3075,0.5698,0.8398,0.0,0.0,0,1.0,18,3,1,0.0,0.0,0.0
50.022,788,17.2,0.0126,0.9333,0.1732,0.4316,0.881,0.0,0.0,0,1.0,12,3,1,0.0,0.0,0.0
50.086,789,17.2,0.0657,0.8244,0.1462,0.2018,0.7743,0.0,0.0,0,1.0,12,3,1,0.0,0.0,0.0
50.146,790,17.2,0.2097,0.7619,0.0797,-0.2656,0.7574,0.0,0.0,0,1.0,13,3,1,0.0,0.0,0.0
50.202,791,17.2,0.0669,0.7932,0.1757,0.2498,0.7647,0.0,0.0,0,1.0,15,3,1,0.0,0.0,0.0
50.251,792,17.2,0.0673,0.8346,0.1352,0.1758,0.7767,0.0,0.0,0,1.0,11,3,1,0.0,0.0,0.0
50.303,793,17.2,0.0941,0.9047,0.27,0.2904,0.9111,0.0,0.0,0,1.0,13,3,1,0.0,0.0,0.0
50.352,794,17.2,0.0437,0.8761,0.1591,0.2946,0.8251,0.0,0.0,0,1.0,13,3,1,0.0,0.0,0.0
50.405,795,17.2,0.0748,0.8794,0.123,0.1253,0.8076,0.0,0.0,0,1.0,14,3,1,0.0,0.0,0.0
50.462,796,17.2,0.0419,0.9792,0.0663,0.0999,0.8596,0.0,0.0,0,1.0,12,3,1,0.0,0.0,0.0
50.52,797,17.2,0.0443,0.8646,0.1571,0.2392,0.8142,0.0,0.0,0,1.0,13,3,1,0.0,0.0,0.0
50.581,798,17.2,0.2608,0.8117,0.1044,-0.2658,0.8279,0.0,0.0,0,1.0,15,3,1,0.0,0.0,0.0
50.637,799,17.2,0.117,0.7947,0.0801,-0.0986,0.7331,0.0,0.0,0,1.0,10,3,1,0.0,0.0,0.0
50.697,800,17.2,0.2501,0.737,0.1178,-0.2299,0.7591,0.0,0.0,0,1.0,15,3,1,0.0,0.0,0.0
50.759,801,17.2,0.0921,0.474,0.4329,0.5203,0.6406,0.0,0.0,0,1.0,9,3,1,0.0,0.0,0.0
50.815,802,17.2,0.0275,0.902,0.1573,0.353,0.8457,0.0,0.0,0,1.0,10,3,1,0.0,0.0,0.0
50.883,803,17.2,0.039,0.9197,0.1054,0.218,0.8316,-0.7,0.0,0,1.0,15,3,1,0.035,0.0,0.014
50.946,804,17.2,0.0253,0.7952,0.2354,0.4575,0.7998,0.0,0.0,0,1.0,12,3,1,0.0,0.0,0.0
51.003,805,17.2,0.0312,0.8711,0.1597,0.344,0.8211,0.0,0.0,0,1.0,13,3,1,0.0,0.0,0.0
51.052,806,17.2,0.0255,0.9071,0.0927,0.2598,0.8139,0.0,0.0,0,1.0,13,3,1,0.0,0.0,0.0
51.104,807,17.2,0.2595,0.6963,0.0,-0.5881,0.7302,0.0,0.0,0,1.0,6,3,1,0.0,0.0,0.0
51.163,808,17.2,0.0976,0.9756,0.0,-0.4364,0.8742,0.0,0.0,0,1.0,12,3,1,0.0,0.0,0.0
51.22,809,17.2,0.4217,0.7158,0.0384,-0.5736,0.8374,0.0,0.0,0,1.0,11,3,1,0.0,0.0,0.0
51.286,810,17.2,0.0713,1.0,0.0128,-0.2953,0.8799,0.0,0.0,0,1.0,9,3,1,0.0,0.0,0.0
51.349,811,17.2,0.2583,0.6789,0.0186,-0.5224,0.7149,-0.7,0.0,0,1.0,7,3,1,0.035,0.0,0.014
51.409,812,17.2,0.1514,0.9168,0.0089,-0.4312,0.8549,0.0,0.0,0,1.0,10,3,1,0.0,0.0,0.0
51.459,813,17.2,0.223,0.7858,0.0112,-0.5,0.785,0.0,0.0,0,1.0,8,3,1,0.0,0.0,0.0
51.512,814,17.2,0.0659,0.8805,0.1023,0.1072,0.7969,0.0,0.0,0,1.0,11,3,1,0.0,0.0,0.0
51.57,815,17.2,0.0992,0.9096,0.0366,-0.2163,0.8196,0.0,0.0,0,1.0,10,3,1,0.0,0.0,0.0
51.628,816,17.2,0.0982,0.9089,0.0373,-0.2107,0.8185,0.0,0.0,0,1.0,8,3,1,0.0,0.0,0.0
51.697,817,17.2,0.0083,0.7183,0.3749,0.6239,0.8133,0.0,0.0,0,1.0,9,3,1,0.0,0.0,0.0
51.759,818,17.2,0.0229,0.829,0.2546,0.4763,0.8389,0.0,0.0,0,1.0,13,3,1,0.0,0.0,0.0
51.826,819,17.2,0.1444,0.9806,0.1049,-0.0838,0.9046,0.0,0.0,0,1.0,16,3,1,0.0,0.0,0.0
51.897,820,17.2,0.0924,0.6822,0.2146,0.247,0.6932,0.0,0.0,0,1.0,9,3,1,0.0,0.0,0.0
51.953,821,17.2,0.0823,0.7465,0.1642,0.1888,0.719,0.0,0.0,0,1.0,8,3,1,0.0,0.0,0.0
52.009,822,17.2,0.0343,0.9596,0.0922,0.2096,0.8577,0.0,0.0,0,1.0,14,3,1,0.0,0.0,0.0
52.06,823,17.2,0.1264,0.7448,0.1182,-0.0191,0.6964,0.0,0.0,0,1.0,12,3,1,0.0,0.0,0.0
52.116,824,17.2,0.0506,0.6419,0.3178,0.4834,0.7172,0.0,0.0,0,1.0,12,3,1,0.0,0.0,0.0
52.172,825,17.2,0.0686,1.0,0.0775,0.0286,0.8834,0.0,0.0,0,1.0,12,3,1,0.0,0.0,0.0
52.228,826,17.2,0.0507,1.0,0.0769,0.0935,0.8831,0.0,0.0,0,1.0,12,3,1,0.0,0.0,0.0
52.297,827,17.2,0.0145,0.9545,0.2434,0.2592,0.9381,0.0,0.0,0,1.0,13,3,1,0.0,0.0,0.0
52.355,828,17.2,0.0687,0.8688,0.1099,0.1161,0.7913,0.0,0.0,0,1.0,10,3,1,0.0,0.0,0.0
52.412,829,17.2,0.1054,0.9473,0.0099,-0.3733,0.8547,0.0,0.0,0,1.0,9,3,1,0.0,0.0,0.0
52.468,830,17.2,0.2745,1.0,0.0679,-0.3465,0.9937,0.0,0.0,0,1.0,14,3,1,0.0,0.0,0.0
52.528,831,17.2,0.0644,0.8742,0.1019,0.1113,0.7914,0.0,0.0,0,1.0,9,3,1,0.0,0.0,0.0
52.589,832,17.2,0.2645,0.6324,0.3277,0.3764,0.7147,0.0,0.0,0,1.0,19,3,1,0.0,0.0,0.0
52.646,833,17.2,0.2054,0.9015,0.239,0.0482,0.8911,-0.1363,0.0,0,1.0,25,3,1,0.0068,0.0,0.0027
52.709,834,17.2,0.1557,0.9366,0.0872,-0.1502,0.8739,0.0,0.0,0,1.0,25,3,1,0.0,0.0,0.0
52.767,835,17.2,0.2789,0.7393,0.058,-0.4084,0.7772,0.0,0.0,0,1.0,22,3,1,0.0,0.0,0.0
52.822,836,17.2,0.1818,1.0,0.0261,-0.3778,0.9418,0.0,0.0,0,1.0,26,3,1,0.0,0.0,0.0
52.885,837,17.2,0.1869,0.8625,0.0565,-0.292,0.8292,0.0,0.0,0,1.0,20,3,1,0.0,0.0,0.0
52.943,838,17.2,0.1663,1.0,0.0176,-0.3967,0.9331,0.0,0.0,0,1.0,27,3,1,0.0,0.0,0.0
52.995,839,17.2,0.0255,1.0,0.0239,-0.0129,0.8543,0.0,0.0,0,1.0,25,3,1,0.0,0.0,0.0
53.052,840,17.2,0.2635,1.0,0.0225,-0.4608,0.9876,0.0,0.0,0,1.0,21,3,1,0.0,0.0,0.0
53.108,841,17.0,0.6666,0.634,0.2487,-0.3909,0.9059,0.0,0.0,0,1.0,25,3,1,0.0,0.0,0.0
53.164,842,17.0,0.8744,0.5119,0.0409,-0.8183,0.9197,0.0,0.0,0,1.0,25,3,1,0.0,0.0,0.0
53.22,843,17.0,0.7716,0.5641,0.2161,-0.5032,0.906,-0.1645,0.0,0,1.0,22,3,1,0.0082,0.0,0.0033
53.28,844,17.0,0.6568,0.8088,0.1214,-0.5312,1.0,-0.2099,0.0,0,1.0,24,3,1,0.0105,0.0,0.0042
53.336,845,17.0,0.6896,0.7045,0.1505,-0.5241,1.0,-0.2664,0.0,0,1.6,30,0,2,0.0133,0.0,0.0053
53.399,846,17.0,0.1558,1.0,0.2418,0.1296,1.0,-0.2664,0.0,0,1.56,28,0,2,0.0133,0.0,0.0053
53.457,847,17.0,0.4465,0.6427,0.0,-0.7044,1.0,-0.2471,0.0,0,1.52,18,0,2,0.0124,0.0,0.0049
53.518,848,17.0,0.0103,1.0,0.087,0.3424,1.0,-0.1129,0.0,0,1.48,18,0,2,0.0056,0.0,0.0023
53.581,849,17.0,0.0315,0.9339,0.0263,-0.488,1.0,0.0,0.0,0,1.44,21,0,2,0.0,0.0,0.0
53.638,850,17.0,0.0209,0.8486,0.1292,0.3506,1.0,0.0,0.0,0,1.4,21,0,2,0.0,0.0,0.0
53.702,851,17.0,0.6325,0.644,0.1293,-0.5385,1.0,0.0,0.0,0,1.36,27,0,2,0.0,0.0,0.0
53.767,852,17.0,0.6117,0.7475,0.0426,-0.6542,1.0,-0.2664,0.0,0,1.32,23,0,2,0.0133,0.0,0.0053
53.826,853,17.0,0.7802,0.5916,0.135,-0.6136,1.0,-0.1363,0.0,0,1.28,29,0,2,0.0068,0.0,0.0027
53.884,854,17.0,0.8633,0.5621,0.0074,-0.8557,1.0,-0.1363,0.0,0,1.24,24,0,2,0.0068,0.0,0.0027
53.944,855,17.0,0.4753,1.0,0.0046,-0.6204,1.0,-0.2122,0.0,0,1.2,21,0,2,0.0106,0.0,0.0042
54.003,856,17.0,0.5629,0.5265,0.0167,-0.7539,0.8787,-0.1129,0.0,0,1.16,18,0,2,0.0056,0.0,0.0023
54.062,857,17.0,0.6432,0.7211,0.0591,-0.6441,1.0,0.0045,0.0,0,1.12,19,0,2,0.0002,0.0,0.0001
54.123,858,17.0,0.8624,0.5705,0.0221,-0.8272,1.0,-0.0737,0.0,0,1.08,19,0,2,0.0037,0.0,0.0015
54.178,859,17.0,1.0,0.392,0.0066,-0.9519,0.9249,-0.0737,0.0,0,1.04,14,0,2,0.0037,0.0,0.0015
54.234,860,17.0,0.8261,0.6434,0.1108,-0.5218,1.0,-0.1876,0.0,0,1.0,12,0,2,0.0094,0.0,0.0038
54.284,861,17.0,0.7005,0.7613,0.1252,-0.5554,1.0,-0.2722,0.0,0,1.0,14,0,2,0.0136,0.0,0.0054
54.339,862,17.0,0.7177,0.7209,0.1172,-0.5831,1.0,-0.2722,0.0,0,1.0,18,0,2,0.0136,0.0,0.0054
54.395,863,17.0,0.7131,0.7902,0.0594,-0.656,1.0,-0.2664,0.0,0,1.0,21,0,2,0.0133,0.0,0.0053
54.451,864,17.0,0.7357,0.6421,0.1435,-0.5695,0.9513,-0.0737,0.0,0,1.0,22,0,2,0.0037,0.0,0.0015
54.507,865,17.0,0.7145,0.6987,0.1472,-0.5424,0.9871,-0.0737,0.0,0,1.0,20,0,2,0.0037,0.0,0.0015
54.561,866,17.0,0.731,0.663,0.1328,-0.5783,0.9662,-0.2471,0.0,0,1.0,26,0,2,0.0124,0.0,0.0049
54.621,867,17.0,0.7891,0.741,0.0458,-0.7166,1.0,-0.2471,0.0,0,1.0,19,0,2,0.0124,0.0,0.0049
54.68,868,17.0,0.897,0.6212,0.0462,-0.7816,1.0,-0.2122,0.0,0,1.0,31,0,2,0.0106,0.0,0.0042
54.742,869,17.0,0.7311,0.8283,0.0227,-0.7144,1.0,-0.1876,0.0,0,1.0,35,0,2,0.0094,0.0,0.0038
54.799,870,17.0,0.6703,0.8514,0.0513,-0.6394,1.0,-0.1876,0.0,0,1.0,26,0,2,0.0094,0.0,0.0038
54.865,871,17.2,0.6657,0.7736,0.0731,-0.618,1.0,-0.2122,0.0,0,1.0,21,0,2,0.0106,0.0,0.0042
54.921,872,17.2,0.6343,0.6414,0.1151,-0.5629,0.894,-0.0737,0.0,0,1.0,20,0,2,0.0037,0.0,0.0015
54.979,873,17.2,0.6685,0.6431,0.1478,-0.5294,0.9145,-0.2303,0.0,0,1.0,26,0,2,0.0115,0.0,0.0046
55.038,874,17.2,0.8206,0.7296,0.016,-0.7778,1.0,-0.2303,0.0,0,1.0,25,0,2,0.0115,0.0,0.0046
55.098,875,17.2,0.7806,0.631,0.0862,-0.5511,0.9671,-0.2773,0.0,0,1.0,27,0,2,0.0139,0.0,0.0055
55.152,876,17.2,0.6244,0.6477,0.1511,-0.499,0.8938,-0.2471,0.0,0,1.0,28,0,2,0.0124,0.0,0.0049
55.202,877,17.2,0.801,0.5559,0.0972,-0.6887,0.9155,-0.2471,0.0,0,1.0,22,0,2,0.0124,0.0,0.0049
55.254,878,17.2,0.6689,0.7127,0.1101,-0.5728,0.9733,-0.1464,0.0,0,1.0,26,0,2,0.0073,0.0,0.0029
55.313,879,17.2,0.7184,0.6576,0.1132,-0.6033,0.9547,-0.2303,0.0,0,1.0,17,0,2,0.0115,0.0,0.0046
55.373,880,17.2,0.0,0.7812,0.364,0.627,0.86,-0.2664,0.0,0,1.0,15,0,2,0.0133,0.0,0.0053
55.43,881,17.2,0.0891,0.8571,0.2214,0.2485,0.8439,-0.7,0.0,0,1.0,25,0,2,0.035,0.0,0.014
55.494,882,17.2,0.6736,0.7151,0.0796,-0.6237,0.9779,-0.7,0.0,0,1.0,28,0,2,0.035,0.0,0.014
55.557,883,17.2,0.1389,1.0,0.1269,-0.0243,0.9178,0.0,0.0,0,1.0,27,0,2,0.0,0.0,0.0
55.619,884,17.2,0.2221,0.7178,0.2364,0.0215,0.7353,-0.0737,0.0,0,1.0,29,0,2,0.0037,0.0,0.0015
55.689,885,17.2,0.1091,0.9983,0.1418,0.069,0.918,0.0,0.0,0,1.0,27,0,2,0.0,0.0,0.0
55.755,886,17.2,0.744,0.6991,0.0633,-0.683,1.0,0.0,0.0,0,1.0,24,0,2,0.0,0.0,0.0
55.817,887,17.2,0.6721,0.7457,0.0842,-0.6086,1.0,-0.2122,0.0,0,1.0,25,0,2,0.0106,0.0,0.0042
55.876,888,17.2,0.2297,0.6414,0.2448,0.0227,0.6759,-0.0737,0.0,0,1.0,15,0,2,0.0037,0.0,0.0015
55.929,889,17.2,0.2297,0.6848,0.2728,0.0613,0.728,-0.0737,0.0,0,1.0,18,0,2,0.0037,0.0,0.0015
55.989,890,17.2,0.0277,0.6054,0.4154,0.6257,0.7412,0.0,0.0,0,1.0,25,0,2,0.0,0.0,0.0
56.044,891,17.2,0.3247,0.5968,0.2162,-0.1523,0.6832,-0.7,0.0,0,1.0,22,0,2,0.035,0.0,0.014
56.099,892,17.2,0.486,0.5346,0.0941,-0.5386,0.7212,0.1784,0.0,0,1.0,12,0,2,0.0089,0.0,0.0036
56.155,893,17.2,0.0028,1.0,0.1746,0.4711,0.9378,0.0045,0.0,0,1.0,12,0,2,0.0002,0.0,0.0001
56.216,894,17.2,0.0904,0.8283,0.1866,0.1982,0.8003,0.0,0.0,0,1.0,19,0,2,0.0,0.0,0.0
56.27,895,17.2,0.358,0.8512,0.0227,-0.5457,0.9154,0.0,0.0,0,1.0,22,0,2,0.0,0.0,0.0
56.328,896,17.2,0.5765,0.5303,0.0399,-0.7064,0.7682,0.0,0.0,0,1.0,26,0,2,0.0,0.0,0.0
56.386,897,17.2,0.5761,0.4873,0.0694,-0.6584,0.7319,0.0915,0.0,0,1.0,17,0,2,0.0046,0.0,0.0018
56.448,898,17.2,0.2424,0.6628,0.1464,-0.1655,0.6925,0.0915,0.0,0,1.0,20,0,2,0.0046,0.0,0.0018
56.507,899,17.2,0.1324,0.5119,0.3883,0.3851,0.6474,0.0,0.0,0,1.0,14,0,2,0.0,0.0,0.0
56.566,900,17.2,0.192,0.7015,0.2739,0.1223,0.7427,-0.7,0.0,0,1.0,9,0,2,0.035,0.0,0.014
56.621,901,17.0,0.2314,0.519,0.2885,0.0857,0.5975,-0.7,0.0,0,1.0,14,0,2,0.035,0.0,0.014
56.681,902,17.0,0.012,0.96,0.2606,0.4978,0.9524,0.0045,0.0,0,1.0,18,0,2,0.0002,0.0,0.0001
56.741,903,17.0,0.0363,0.8225,0.2045,0.3842,0.8055,0.0,0.0,0,1.0,12,0,2,0.0,0.0,0.0
56.798,904,17.0,0.0554,0.7092,0.4947,0.5806,0.8728,0.0,0.0,0,1.0,14,0,2,0.0,0.0,0.0
56.858,905,17.0,0.3543,1.0,0.0627,-0.4246,1.0,0.0045,0.0,0,1.0,11,0,2,0.0002,0.0,0.0001
56.918,906,17.0,0.2793,0.7134,0.1132,-0.2784,0.7556,0.0045,0.0,0,1.0,14,0,2,0.0002,0.0,0.0001
56.979,907,17.0,0.1143,0.7252,0.2729,0.2673,0.762,-0.7,0.0,0,1.0,12,0,2,0.035,0.0,0.014
57.035,908,17.0,0.0502,1.0,0.1482,-0.1166,0.923,0.0,0.0,0,1.0,11,0,2,0.0,0.0,0.0
57.1,909,17.0,0.2039,0.7697,0.086,-0.2399,0.7608,0.0,0.0,0,1.0,8,0,2,0.0,0.0,0.0
57.151,910,17.0,0.101,0.7288,0.2866,0.312,0.7727,0.0,0.0,0,1.0,12,0,2,0.0,0.0,0.0
57.205,911,17.0,0.1837,0.7881,0.0871,-0.3849,0.7649,0.0,0.0,0,1.0,10,0,2,0.0,0.0,0.0
57.263,912,17.0,0.1103,1.0,0.0653,-0.1244,0.9018,0.0,0.0,0,1.0,10,0,2,0.0,0.0,0.0
57.319,913,17.0,0.0891,1.0,0.075,-0.041,0.8899,0.0,0.0,0,1.0,13,0,2,0.0,0.0,0.0
57.37,914,17.0,0.049,0.9821,0.1444,0.2458,0.9058,0.0,0.0,0,1.0,9,0,2,0.0,0.0,0.0
57.43,915,17.0,0.3614,0.5712,0.0804,-0.462,0.6822,0.0,0.0,0,1.0,6,0,2,0.0,0.0,0.0
57.486,916,17.0,0.1989,0.7659,0.0936,-0.2133,0.7548,-0.7,0.0,0,1.0,7,0,2,0.035,0.0,0.014
57.546,917,17.0,0.1088,0.997,0.0545,-0.1593,0.8985,0.0,0.0,0,1.0,10,0,2,0.0,0.0,0.0
57.604,918,17.0,0.0928,0.8804,0.1079,0.0389,0.8,0.0,0.0,0,1.0,13,0,2,0.0,0.0,0.0
57.664,919,17.0,0.2794,1.0,0.038,-0.4278,0.9965,0.0,0.0,0,1.0,8,0,2,0.0,0.0,0.0
57.725,920,17.0,0.1063,1.0,0.0647,-0.1174,0.8995,0.0,0.0,0,1.0,12,0,2,0.0,0.0,0.0
57.795,921,17.0,0.0915,0.891,0.0888,-0.0074,0.7996,0.0,0.0,0,1.0,11,0,2,0.0,0.0,0.0
57.858,922,17.0,0.1932,0.675,0.2403,0.0747,0.7015,0.0,0.0,0,1.0,10,0,2,0.0,0.0,0.0
57.918,923,17.0,0.3348,1.0,0.0,-0.5707,1.0,-0.4651,0.0,0,1.0,10,0,2,0.0233,0.0,0.0093
57.969,924,17.0,0.3273,0.6969,0.0086,-0.6009,0.7686,0.0,0.0,0,1.0,10,0,2,0.0,0.0,0.0
58.016,925,17.0,0.2944,1.0,0.0189,-0.4927,1.0,0.0,0.0,0,1.0,8,0,2,0.0,0.0,0.0
58.069,926,17.0,0.2431,0.8053,0.0446,-0.4008,0.8126,0.0,0.0,0,1.0,9,0,2,0.0,0.0,0.0
58.119,927,17.0,0.2871,1.0,0.0092,-0.5176,1.0,0.0,0.0,0,1.0,9,0,2,0.0,0.0,0.0
58.177,928,17.0,0.0643,0.762,0.3034,0.4119,0.81,0.0,0.0,0,1.0,15,0,2,0.0,0.0,0.0
58.231,929,17.0,0.2336,0.7585,0.0394,-0.4142,0.768,0.0,0.0,0,1.0,10,0,2,0.0,0.0,0.0
58.285,930,17.0,0.1206,0.8422,0.136,0.0332,0.7836,0.0,0.0,0,1.0,9,0,2,0.0,0.0,0.0
58.337,931,17.5,0.1929,0.9575,0.0305,-0.3772,0.9123,0.0,0.0,0,1.0,13,0,2,0.0,0.0,0.0
58.395,932,17.5,0.1975,1.0,0.0824,-0.2235,0.9506,0.0,0.0,0,1.0,11,0,2,0.0,0.0,0.0
58.452,933,17.5,0.1563,0.9646,0.055,-0.2449,0.8978,0.0,0.0,0,1.0,15,0,2,0.0,0.0,0.0
58.505,934,17.5,0.0,0.5884,0.3865,0.693,0.7107,0.0,0.0,0,1.0,4,1,2,0.0,0.0,0.0
58.562,935,17.5,0.0555,1.0,0.2762,0.3787,0.9947,-0.3477,0.0,0,1.0,9,1,2,0.0174,0.0,0.007
58.621,936,17.5,0.0093,1.0,0.1658,0.4337,0.9329,-0.3477,0.0,0,1.0,10,1,2,0.0174,0.0,0.007
58.679,937,17.5,0.0,0.5914,0.4368,0.7169,0.7414,0.0,0.0,0,1.0,9,1,2,0.0,0.0,0.0
58.738,938,17.5,0.0,0.6194,0.4122,0.6956,0.7511,0.0,0.0,0,1.0,5,1,2,0.0,0.0,0.0
58.796,939,17.5,0.0664,0.765,0.1952,0.2826,0.7519,-0.4651,0.0,0,1.0,6,1,2,0.0233,0.0,0.0093
58.854,940,17.5,0.0859,0.7033,0.2968,0.3615,0.757,0.0,0.0,0,1.0,8,1,2,0.0,0.0,0.0
58.916,941,17.5,0.1413,0.7108,0.1969,0.1036,0.7073,0.0,0.0,0,1.0,6,1,2,0.0,0.0,0.0
58.969,942,17.5,0.0217,0.8127,0.3739,0.5654,0.892,0.0,0.0,0,1.0,7,1,2,0.0,0.0,0.0
59.018,943,17.5,0.0895,0.587,0.337,0.4141,0.6819,0.0,0.0,0,1.0,6,1,2,0.0,0.0,0.0
59.066,944,17.5,0.0469,0.8663,0.2781,0.419,0.8835,0.0,0.0,0,1.0,6,1,2,0.0,0.0,0.0
59.12,945,17.5,0.0,0.309,0.6548,0.9307,0.6262,0.0,0.0,0,1.0,5,1,2,0.0,0.0,0.0
59.175,946,17.5,0.0,0.4719,0.5025,0.7932,0.6778,0.0045,0.0,0,1.0,5,1,2,0.0002,0.0,0.0001
59.232,947,17.5,0.0412,0.815,0.4031,0.5347,0.9103,-0.1967,0.0,0,1.0,12,1,2,0.0098,0.0,0.0039
59.285,948,17.5,0.0822,0.9279,0.1553,0.1636,0.8664,-0.1967,0.0,0,1.0,12,1,2,0.0098,0.0,0.0039
59.341,949,17.5,0.1887,0.8605,0.0409,-0.471,0.8285,-0.7,0.0,0,1.0,12,1,2,0.035,0.0,0.014
59.395,950,17.5,0.0778,0.7535,0.295,0.3717,0.7981,0.0,0.0,0,1.0,11,1,2,0.0,0.0,0.0
59.454,951,17.5,0.1874,0.9339,0.0546,-0.2925,0.8894,0.0,0.0,0,1.0,8,1,2,0.0,0.0,0.0
59.513,952,17.5,0.3476,1.0,0.0,-0.5767,1.0,0.0,0.0,0,1.0,12,1,2,0.0,0.0,0.0
59.571,953,17.5,0.2807,0.788,0.0087,-0.5506,0.8191,0.0,0.0,0,1.0,14,1,2,0.0,0.0,0.0
59.63,954,17.5,0.2147,0.9005,0.0471,-0.3515,0.8767,0.0,0.0,0,1.0,13,1,2,0.0,0.0,0.0
59.688,955,17.5,0.2465,0.8502,0.1237,-0.2039,0.8522,0.0,0.0,0,1.0,15,1,2,0.0,0.0,0.0
59.747,956,17.5,0.2102,0.6809,0.1531,-0.1026,0.6897,0.0,0.0,0,1.0,15,1,2,0.0,0.0,0.0
59.807,957,17.5,0.1994,0.4885,0.348,0.2183,0.6052,0.0,0.0,0,1.0,15,1,2,0.0,0.0,0.0
59.871,958,17.5,0.4418,0.9322,0.0569,-0.5038,1.0,-0.7,0.0,0,1.0,17,1,2,0.035,0.0,0.014
59.933,959,17.5,0.4725,0.84,0.083,-0.4869,0.9702,-0.1967,0.0,0,1.0,17,1,2,0.0098,0.0,0.0039
59.988,960,17.5,0.4259,0.8442,0.1293,-0.3703,0.9476,-0.1967,0.0,0,1.0,16,1,2,0.0098,0.0,0.0039
60.061,961,17.6,0.4627,0.8633,0.0829,-0.4771,0.9843,0.0045,0.0,0,1.0,20,1,2,0.0002,0.0,0.0001
60.128,962,17.6,0.4462,0.9985,0.0428,-0.5248,1.0,-0.7,0.0,0,1.0,17,1,2,0.035,0.0,0.014
60.186,963,17.6,0.3423,0.822,0.0456,-0.4812,0.8821,-0.1129,0.0,0,1.0,16,1,2,0.0056,0.0,0.0023
60.245,964,17.6,0.0865,0.5322,0.4158,0.5034,0.6799,0.0,0.0,0,1.0,15,1,2,0.0,0.0,0.0
60.307,965,17.6,0.1069,0.786,0.1711,0.1338,0.756,-0.7,0.0,0,1.0,11,1,2,0.035,0.0,0.014
60.365,966,17.6,0.3003,0.8726,0.0532,-0.4209,0.9011,0.0,0.0,0,1.0,18,1,2,0.0,0.0,0.0
60.419,967,17.6,0.2825,0.6463,0.1867,-0.1456,0.7011,0.0,0.0,0,1.0,19,1,2,0.0,0.0,0.0
60.469,968,17.6,0.3002,0.863,0.2367,-0.0807,0.893,0.0,0.0,0,1.0,17,1,2,0.0,0.0,0.0
60.532,969,17.6,0.1415,0.5653,0.5391,0.4783,0.7768,0.1784,0.0,0,1.0,18,1,2,0.0089,0.0,0.0036
60.587,970,17.6,0.1379,0.5614,0.489,0.4498,0.7454,-0.4651,0.0,0,1.0,18,1,2,0.0233,0.0,0.0093
60.644,971,17.6,0.0405,0.9082,0.1551,0.2981,0.8497,0.0045,0.0,0,1.0,15,1,2,0.0002,0.0,0.0001
60.709,972,17.6,0.2742,0.7335,0.1068,-0.2843,0.7697,0.0,0.0,0,1.0,15,1,2,0.0,0.0,0.0
60.766,973,17.6,0.1801,0.749,0.1575,-0.0416,0.73,0.0,0.0,0,1.0,18,1,2,0.0,0.0,0.0
60.827,974,17.6,0.173,1.0,0.0438,-0.3038,0.9369,0.0,0.0,0,1.0,16,1,2,0.0,0.0,0.0
60.893,975,17.6,0.0946,0.7337,0.235,0.2642,0.748,0.0,0.0,0,1.0,15,1,2,0.0,0.0,0.0
60.944,976,17.6,0.3617,0.9628,0.0601,-0.4846,1.0,0.0,0.0,0,1.0,17,1,2,0.0,0.0,0.0
60.998,977,17.6,0.2834,0.7312,0.0644,-0.397,0.7729,0.0,0.0,0,1.0,13,1,2,0.0,0.0,0.0
61.049,978,17.6,0.32,0.7288,0.0,-0.6163,0.7914,0.0,0.0,0,1.0,13,1,2,0.0,0.0,0.0
61.105,979,17.6,0.1737,0.6761,0.1999,0.0462,0.6799,0.0,0.0,0,1.0,15,1,2,0.0,0.0,0.0
61.159,980,17.6,0.1529,0.8837,0.0817,-0.1626,0.8279,0.0,0.0,0,1.0,14,1,2,0.0,0.0,0.0
61.209,981,17.6,0.1333,0.883,0.0977,-0.0824,0.8163,0.0,0.0,0,1.0,14,1,2,0.0,0.0,0.0
61.258,982,17.6,0.0937,0.8752,0.1654,0.1528,0.8278,0.0,0.0,0,1.0,14,1,2,0.0,0.0,0.0
61.313,983,17.6,0.0222,1.0,0.1122,0.3077,0.9028,0.0,0.0,0,1.0,17,1,2,0.0,0.0,0.0
61.375,984,17.6,0.0211,1.0,0.0719,0.2359,0.8803,0.0,0.0,0,1.0,13,1,2,0.0,0.0,0.0
61.427,985,17.6,0.3194,0.79,0.0,-0.6018,0.8425,0.0,0.0,0,1.0,10,1,2,0.0,0.0,0.0
61.479,986,17.6,0.3515,0.5825,0.082,-0.4466,0.6862,0.0,0.0,0,1.0,8,1,2,0.0,0.0,0.0
61.54,987,17.6,0.3418,0.6032,0.0731,-0.4548,0.6981,0.0,0.0,0,1.0,7,1,2,0.0,0.0,0.0
61.596,988,17.6,0.1494,0.867,0.0682,-0.1971,0.8119,-0.7,0.0,0,1.0,10,1,2,0.035,0.0,0.014
61.655,989,17.6,0.3157,0.9764,0.0817,-0.3549,0.997,0.0,0.0,0,1.0,10,1,2,0.0,0.0,0.0
61.714,990,17.6,0.1869,0.8432,0.3141,0.1709,0.8842,0.0,0.0,0,1.0,11,1,2,0.0,0.0,0.0
61.773,991,17.4,0.1754,0.8041,0.0809,-0.2075,0.7737,0.0,0.0,0,1.0,10,1,2,0.0,0.0,0.0
61.834,992,17.4,0.2224,0.8226,0.0288,-0.4291,0.8155,0.0,0.0,0,1.0,15,1,2,0.0,0.0,0.0
61.887,993,17.4,0.1155,0.9922,0.1339,0.0389,0.9084,0.0,0.0,0,1.0,15,1,2,0.0,0.0,0.0
61.944,994,17.4,0.1787,0.3847,0.4207,0.352,0.5588,0.0,0.0,0,1.0,8,1,2,0.0,0.0,0.0
61.991,995,17.4,0.2199,1.0,0.0838,-0.2491,0.9631,0.0,0.0,0,1.0,9,1,2,0.0,0.0,0.0
62.044,996,17.4,0.2258,1.0,0.0322,-0.3993,0.9664,0.0,0.0,0,1.0,11,1,2,0.0,0.0,0.0
62.106,997,17.4,0.2436,0.9979,0.0,-0.5248,0.9746,0.0,0.0,0,1.0,8,1,2,0.0,0.0,0.0
62.162,998,17.4,0.0654,0.9245,0.1907,0.2653,0.8834,0.0,0.0,0,1.0,11,1,2,0.0,0.0,0.0
62.22,999,17.4,0.3186,0.7254,0.0,-0.6163,0.7877,0.0,0.0,0,1.0,8,1,2,0.0,0.0,0.0
62.269,1000,17.4,0.3193,0.7582,0.0,-0.6089,0.8157,0.0,0.0,0,1.0,14,1,2,0.0,0.0,0.0
62.32,1001,17.4,0.2356,0.8542,0.0,-0.5416,0.8495,0.0,0.0,0,1.0,15,1,2,0.0,0.0,0.0
62.381,1002,17.4,0.0587,0.9301,0.2029,0.3001,0.8949,0.0,0.0,0,1.0,15,1,2,0.0,0.0,0.0
62.438,1003,17.4,0.3713,0.8324,0.1509,-0.2886,0.9071,0.0,0.0,0,1.0,12,1,2,0.0,0.0,0.0
62.495,1004,17.4,0.4465,0.93,0.0,-0.6325,1.0,-0.3477,0.0,0,1.0,16,1,2,0.0174,0.0,0.007
62.555,1005,17.4,0.3344,0.7653,0.0,-0.6155,0.8301,-0.1129,0.0,0,1.0,15,1,2,0.0056,0.0,0.0023
62.614,1006,17.4,0.1748,0.7171,0.2822,0.1613,0.7604,-0.1129,0.0,0,1.0,14,1,2,0.0056,0.0,0.0023
62.673,1007,17.4,0.3277,0.7378,0.0,-0.6183,0.8032,0.0,0.0,0,1.0,11,1,2,0.0,0.0,0.0
62.736,1008,17.4,0.3719,0.9053,0.1004,-0.3724,0.9687,0.0,0.0,0,1.0,17,1,2,0.0,0.0,0.0
62.803,1009,17.4,0.4051,0.6253,0.0116,-0.6571,0.7521,0.0,0.0,0,1.0,6,1,2,0.0,0.0,0.0
62.865,1010,17.4,0.2621,0.8173,0.0,-0.564,0.8333,-0.7,0.0,0,1.0,10,1,2,0.035,0.0,0.014
62.924,1011,17.4,0.3752,0.636,0.034,-0.5743,0.7443,0.0,0.0,0,1.0,9,1,2,0.0,0.0,0.0
62.977,1012,17.4,0.1258,0.7523,0.1892,0.1225,0.7379,0.0,0.0,0,1.0,10,1,2,0.0,0.0,0.0
63.036,1013,17.4,0.0595,0.9941,0.0539,-0.0217,0.8683,0.0,0.0,0,1.0,9,1,2,0.0,0.0,0.0
63.086,1014,17.4,0.088,0.9754,0.0475,-0.1383,0.8686,0.0,0.0,0,1.0,10,1,2,0.0,0.0,0.0
63.145,1015,17.4,0.1349,1.0,0.3077,0.2412,1.0,0.0,0.0,0,1.0,9,1,2,0.0,0.0,0.0
63.202,1016,17.4,0.0561,0.5774,0.6659,0.6982,0.858,0.0,0.0,0,1.0,10,1,2,0.0,0.0,0.0
63.263,1017,17.4,0.1702,1.0,0.3589,0.232,1.0,0.0,0.0,0,1.0,5,1,2,0.0,0.0,0.0
63.323,1018,17.4,0.0455,0.5077,0.7507,0.7732,0.8469,-0.1363,0.0,0,1.0,6,1,2,0.0068,0.0,0.0027
63.38,1019,17.4,0.0427,0.4988,0.6366,0.7382,0.7755,-0.1967,0.0,0,1.0,3,1,2,0.0098,0.0,0.0039
63.436,1020,17.4,0.0,0.4503,0.3815,0.7453,0.5919,0.0045,0.0,0,1.0,2,1,2,0.0002,0.0,0.0001
63.495,1021,17.4,0.0715,0.4166,0.6757,0.7273,0.7283,0.0045,0.0,0,1.0,3,1,2,0.0002,0.0,0.0001
63.556,1022,17.4,0.0,0.1884,0.5781,0.9935,0.482,-0.3477,0.0,0,1.0,1,1,2,0.0174,0.0,0.007
63.612,1023,17.4,0.0,0.503,0.6073,0.8194,0.7626,0.0045,0.0,0,1.0,3,1,2,0.0002,0.0,0.0001
63.673,1024,17.4,0.1648,0.8926,0.3184,0.2081,0.928,0.0915,0.0,0,1.0,6,2,2,0.0046,0.0,0.0018
63.734,1025,17.4,0.0616,1.0,0.4065,0.4626,1.0,-0.2303,0.0,1,1.0,8,2,2,0.0115,1.0,0.0046
63.804,1026,17.4,0.6057,0.5235,0.0219,-0.761,0.779,-0.7,0.0,1,1.0,14,2,2,0.035,0.8,0.014
63.865,1027,17.4,0.421,0.6269,0.0,-0.6975,0.7624,-0.7,0.0,1,1.0,16,2,2,0.035,0.8,0.014
63.922,1028,17.4,0.2509,0.6391,0.1914,-0.0946,0.6774,0.0045,0.0,1,1.0,10,2,2,0.0002,0.8,0.0001
63.977,1029,17.4,0.1166,0.5146,0.3573,0.3873,0.6323,-0.7,0.0,1,1.0,7,2,2,0.035,0.8,0.014
64.036,1030,17.4,0.0,0.365,0.3641,0.7795,0.5105,-0.7,0.0,1,1.0,2,2,2,0.035,0.8,0.014
64.086,1031,17.4,0.0,0.4465,0.5218,0.8126,0.6673,-0.7,0.0,1,1.0,3,2,2,0.035,0.8,0.014
64.141,1032,17.4,0.0,0.2532,0.2459,0.7739,0.3504,-0.7,0.0,1,1.0,1,2,2,0.035,0.8,0.014
64.197,1033,17.4,0.1836,0.5164,0.0727,-0.2765,0.5366,0.0045,0.0,1,1.0,2,2,2,0.0002,0.8,0.0001
64.259,1034,17.4,0.3185,0.8113,0.0417,-0.3937,0.8599,0.0,0.0,0,1.0,5,2,2,0.0,0.8,0.0
64.311,1035,17.4,0.6105,0.6473,0.0467,-0.672,0.8856,0.0,0.0,0,1.0,8,2,2,0.0,0.0,0.0
64.37,1036,17.4,0.2392,1.0,0.0,-0.5222,0.974,-0.1876,0.0,0,1.0,5,2,2,0.0094,0.0,0.0038
64.429,1037,17.4,0.5812,0.7693,0.0127,-0.6949,0.9716,-0.1876,0.0,0,1.0,11,2,2,0.0094,0.0,0.0038
64.486,1038,17.4,0.3094,0.7135,0.4541,0.1506,0.8537,0.0,0.0,0,1.0,8,2,2,0.0,0.0,0.0
64.545,1039,17.4,0.4483,0.7998,0.0375,-0.5729,0.9229,0.0915,0.0,0,1.0,5,2,2,0.0046,0.0,0.0018
64.603,1040,17.4,0.3109,0.9775,0.0035,-0.5517,0.9953,-0.1967,0.0,0,1.0,13,2,2,0.0098,0.0,0.0039
64.663,1041,17.4,0.4533,0.8258,0.0116,-0.6294,0.9476,0.0,0.0,0,1.0,10,2,2,0.0,0.0,0.0
64.721,1042,17.4,0.4698,0.8696,0.0,-0.6546,0.9936,-0.1967,0.0,0,1.0,10,2,2,0.0098,0.0,0.0039
64.784,1043,17.4,0.6351,0.6094,0.0189,-0.7489,0.8675,-0.1967,0.0,0,1.0,9,2,2,0.0098,0.0,0.0039
64.84,1044,17.4,0.5425,0.2813,0.0,-0.9131,0.5401,-0.1129,0.0,0,1.0,2,2,2,0.0056,0.0,0.0023
64.895,1045,17.4,0.3102,0.9263,0.0,-0.5707,0.9518,-0.0737,0.0,0,1.0,8,2,2,0.0037,0.0,0.0015
64.951,1046,17.4,0.1495,1.0,0.0012,-0.4625,0.9237,0.0,0.0,0,1.0,8,2,2,0.0,0.0,0.0
65.003,1047,17.4,0.0,0.5681,0.4115,0.7129,0.7076,0.0,0.0,0,1.0,4,2,2,0.0,0.0,0.0
65.051,1048,17.4,0.1692,0.9793,0.0579,-0.2541,0.9173,0.0,0.0,0,1.0,9,2,2,0.0,0.0,0.0
65.101,1049,17.4,0.764,0.3173,0.0,-0.9535,0.6943,-0.7,0.0,0,1.0,4,2,2,0.035,0.0,0.014
65.162,1050,17.4,0.0724,0.7559,0.1714,0.2294,0.7309,-0.2471,0.0,0,1.0,4,2,2,0.0124,0.0,0.0049
65.222,1051,17.4,0.5961,0.586,0.0,-0.7836,0.826,0.0,0.0,0,1.0,5,2,2,0.0,0.0,0.0
65.276,1052,17.4,0.4898,0.5837,0.0,-0.7432,0.7646,0.0,0.0,0,1.0,6,2,2,0.0,0.0,0.0
65.323,1053,17.4,0.341,0.8853,0.0,-0.5936,0.9346,0.0915,0.0,0,1.0,6,2,2,0.0046,0.0,0.0018
65.378,1054,17.4,0.7042,0.3999,0.0,-0.8958,0.7303,0.0,0.0,0,1.0,6,2,2,0.0,0.0,0.0
65.433,1055,17.4,0.2377,0.5648,0.0,-0.6088,0.6075,0.0,0.0,0,1.0,2,2,2,0.0,0.0,0.0
65.486,1056,17.4,0.6923,0.4387,0.0,-0.8742,0.7562,-0.0737,0.0,0,1.0,9,2,2,0.0037,0.0,0.0015
65.546,1057,17.4,0.9608,0.1579,0.0,-1.0,0.6707,-0.0737,0.0,0,1.0,7,2,2,0.0037,0.0,0.0015
65.603,1058,17.4,0.845,0.281,0.0,-0.9904,0.7092,-0.1876,0.0,0,1.0,8,2,2,0.0094,0.0,0.0038
65.663,1059,17.4,0.7131,0.5057,0.0,-0.8515,0.8241,-0.1876,0.0,0,1.0,5,2,2,0.0094,0.0,0.0038
65.718,1060,17.4,0.6234,0.5238,0.0,-0.8165,0.7891,-0.1876,0.0,0,1.0,7,2,2,0.0094,0.0,0.0038
65.78,1061,17.4,0.312,0.9509,0.0018,-0.562,0.9734,-0.0737,0.0,0,1.0,7,2,2,0.0037,0.0,0.0015
65.839,1062,17.4,0.4913,0.6257,0.0,-0.7294,0.8007,0.0,0.0,0,1.0,4,2,2,0.0,0.0,0.0
65.896,1063,17.4,0.2898,0.5559,0.0,-0.6478,0.6292,-0.1129,0.0,0,1.0,2,2,2,0.0056,0.0,0.0023
65.953,1064,17.4,0.3379,0.8246,0.0,-1.0,0.8819,-0.1129,0.0,0,1.0,9,2,2,0.0056,0.0,0.0023
66.008,1065,17.4,0.3091,0.9827,0.0,-0.561,0.9985,0.0,0.0,0,1.0,12,2,2,0.0,0.0,0.0
66.057,1066,17.4,0.4078,0.7408,0.0,-0.6582,0.8507,0.0,0.0,0,1.0,5,2,2,0.0,0.0,0.0
66.111,1067,17.4,0.2748,0.8682,0.0,-0.5619,0.8832,-0.7,0.0,0,1.0,9,2,2,0.035,0.0,0.014
66.171,1068,17.4,0.0598,1.0,0.0427,-0.0733,0.8735,0.0,0.0,0,1.0,6,2,2,0.0,0.0,0.0
66.226,1069,17.4,0.6158,0.4916,0.0109,-0.8019,0.7578,0.0,0.0,0,1.0,8,2,2,0.0,0.0,0.0
66.275,1070,17.4,0.6846,0.3864,0.0,-0.897,0.708,0.0,0.0,0,1.0,6,2,2,0.0,0.0,0.0
66.327,1071,17.4,0.1735,0.8887,0.0,-0.4972,0.8436,-0.0737,0.0,0,1.0,4,2,2,0.0037,0.0,0.0015
66.389,1072,17.4,0.428,0.4972,0.0,-0.7486,0.6574,0.0,0.0,0,1.0,3,2,2,0.0,0.0,0.0
66.441,1073,17.4,0.3637,0.7473,0.0,-0.635,0.8314,-0.7,0.0,0,1.0,4,2,2,0.035,0.0,0.014
66.49,1074,17.4,0.3548,0.6423,0.0404,-0.5409,0.7383,-0.7,0.0,0,1.0,7,2,2,0.035,0.0,0.014
66.544,1075,17.4,0.4369,0.554,0.0,-0.7304,0.71,-0.7,0.0,0,1.0,6,2,2,0.035,0.0,0.014
66.601,1076,17.4,0.4458,0.3339,0.0,-0.8403,0.5302,-0.4651,0.0,0,1.0,3,2,2,0.0233,0.0,0.0093
66.653,1077,17.4,0.426,0.599,0.0,-0.7091,0.7417,-0.1129,0.0,0,1.0,6,2,2,0.0056,0.0,0.0023
66.711,1078,17.4,0.3627,0.5814,0.0,-0.6827,0.6915,-0.1129,0.0,0,1.0,5,2,2,0.0056,0.0,0.0023
66.774,1079,17.4,0.3267,0.5958,0.0,-0.6575,0.6834,-0.7,0.0,0,1.0,3,2,2,0.035,0.0,0.014
66.828,1080,17.4,0.485,0.5769,0.0,-0.7436,0.7562,-0.7,0.0,0,1.0,6,2,2,0.035,0.0,0.014
66.887,1081,18.0,0.3637,0.7411,0.0022,-0.6301,0.8262,-0.1129,0.0,0,1.0,10,2,2,0.0056,0.0,0.0023
66.943,1082,18.0,0.2635,1.0,0.0203,-0.4676,0.9876,-0.7,0.0,0,1.0,15,2,2,0.035,0.0,0.014
66.992,1083,18.0,0.2792,0.9929,0.0072,-0.5206,0.9904,-0.7,0.0,0,1.0,14,2,2,0.035,0.0,0.014
67.042,1084,18.0,0.6203,0.5339,0.0045,-0.8012,0.7958,0.0,0.0,0,1.0,12,2,2,0.0,0.0,0.0
67.091,1085,18.0,0.5158,0.6819,0.0,-0.7218,0.8616,-0.1876,0.0,0,1.0,10,2,2,0.0094,0.0,0.0038
67.151,1086,18.0,0.2001,1.0,0.0109,-0.4539,0.9521,-0.1876,0.0,0,1.0,6,2,2,0.0094,0.0,0.0038
67.199,1087,18.0,0.5128,0.5282,0.0,-0.7738,0.7308,0.0915,0.0,0,1.0,12,2,2,0.0046,0.0,0.0018
67.249,1088,18.0,0.4125,0.7447,0.0213,-0.6035,0.8566,-0.0835,0.0,0,1.0,16,2,2,0.0042,0.0,0.0017
67.302,1089,18.0,0.3142,0.9983,0.0,-0.5611,1.0,-0.7,0.0,0,1.0,11,2,2,0.035,0.0,0.014
67.355,1090,18.0,0.2761,1.0,0.0038,-0.529,0.9946,-0.7,0.0,0,1.0,13,2,2,0.035,0.0,0.014
67.409,1091,18.0,0.37,1.0,0.0,-0.5868,1.0,0.0,0.0,0,1.0,12,2,2,0.0,0.0,0.0
67.459,1092,18.0,0.5864,0.5668,0.0,-0.7871,0.8045,-0.7,0.0,0,1.0,16,2,2,0.035,0.0,0.014
67.51,1093,18.0,0.7063,0.5952,0.0,-0.8158,0.8955,-0.7,0.0,0,1.0,11,2,2,0.035,0.0,0.014
67.57,1094,18.0,0.435,1.0,0.0,-0.6146,1.0,0.0915,0.0,0,1.0,10,2,2,0.0046,0.0,0.0018
67.627,1095,18.0,0.2103,0.6144,0.1728,-0.0669,0.6339,-0.0737,0.0,0,1.0,5,2,2,0.0037,0.0,0.0015
67.688,1096,18.0,0.2934,1.0,0.0,-0.5505,1.0,0.0,0.0,0,1.0,5,2,2,0.0,0.0,0.0
67.749,1097,18.0,0.5494,0.5441,0.0,-0.7821,0.7647,0.0,0.0,0,1.0,8,2,2,0.0,0.0,0.0
67.805,1098,18.0,0.4365,0.7066,0.0,-0.6807,0.838,0.0915,0.0,0,1.0,9,2,2,0.0046,0.0,0.0018
67.865,1099,18.0,0.3946,0.5968,0.0659,-0.518,0.7223,-0.4651,0.0,0,1.0,8,2,2,0.0233,0.0,0.0093
67.92,1100,18.0,0.0887,1.0,0.2399,0.2612,0.9744,-0.4651,0.0,0,1.0,7,2,2,0.0233,0.0,0.0093
67.978,1101,18.0,0.173,1.0,0.0,-0.4839,0.9369,-0.7,0.0,0,1.0,5,2,2,0.035,0.0,0.014
68.036,1102,18.0,0.0581,0.8254,0.4446,0.5211,0.9423,0.0,0.0,0,1.0,7,2,2,0.0,0.0,0.0
68.093,1103,18.0,0.0509,0.9042,0.1478,0.2494,0.8423,-0.2303,0.0,0,1.0,4,2,2,0.0115,0.0,0.0046
68.145,1104,18.0,0.0456,0.7327,0.1607,0.304,0.7055,0.0,0.0,0,1.0,7,2,2,0.0,0.0,0.0
68.201,1105,18.0,0.0109,0.757,0.1996,0.4866,0.7477,0.0,0.0,0,1.0,6,2,2,0.0,0.0,0.0
68.252,1106,18.0,0.0226,1.0,0.0179,-0.0459,0.8527,0.0,0.0,0,1.0,6,2,2,0.0,0.0,0.0
68.298,1107,18.0,0.0044,0.7248,0.181,0.506,0.7102,0.0,0.0,0,1.0,3,2,2,0.0,0.0,0.0
68.354,1108,18.0,0.0018,0.9413,0.1445,0.4613,0.8716,0.0,0.0,0,1.0,6,2,2,0.0,0.0,0.0
68.408,1109,18.0,0.0007,0.8869,0.1476,0.4758,0.8277,0.0,0.0,0,1.0,4,2,2,0.0,0.0,0.0
68.462,1110,18.0,0.0,0.7537,0.2185,0.5488,0.7555,0.0,0.0,0,1.0,6,2,2,0.0,0.0,0.0
68.523,1111,18.4,0.0,0.8042,0.1347,0.4805,0.751,0.0,0.0,0,1.0,5,2,2,0.0,0.0,0.0
68.578,1112,18.4,0.0,0.4388,0.5226,0.9527,0.6612,0.0,0.0,0,1.0,5,2,2,0.0,0.0,0.0
68.64,1113,18.4,0.3204,0.9735,0.0471,-0.439,0.9972,0.0045,0.0,0,1.0,5,2,2,0.0002,0.0,0.0001
68.7,1114,18.4,0.0,0.4262,0.486,0.8075,0.6302,0.0045,0.0,0,1.0,4,3,2,0.0002,0.0,0.0001
68.761,1115,18.4,0.0,0.8148,0.1408,0.4837,0.7633,0.0,0.0,0,1.0,6,3,2,0.0,0.0,0.0
68.821,1116,18.4,0.0103,0.6795,0.2828,0.5699,0.7292,-0.1129,0.0,0,1.0,11,3,2,0.0056,0.0,0.0023
68.878,1117,18.4,0.0,0.8863,0.0568,0.4106,0.7763,0.0,0.0,0,1.0,6,3,2,0.0,0.0,0.0
68.931,1118,18.4,0.0,0.8038,0.2181,0.5393,0.7973,0.0,0.0,0,1.0,9,3,2,0.0,0.0,0.0
68.987,1119,18.4,0.0,0.8686,0.16,0.4907,0.8192,0.0,0.0,0,1.0,11,3,2,0.0,0.0,0.0
69.041,1120,18.4,0.0,0.7959,0.1705,0.5082,0.764,0.0,0.0,0,1.0,8,3,2,0.0,0.0,0.0
69.091,1121,18.4,0.0,0.7062,0.2706,0.5927,0.7447,0.0,0.0,0,1.0,5,3,2,0.0,0.0,0.0
69.147,1122,18.4,0.4584,0.7063,0.151,-0.8546,0.85,0.0,0.0,0,1.0,6,3,2,0.0,0.0,0.0
69.203,1123,18.4,0.0059,0.7574,0.2035,0.5114,0.7502,0.0,0.0,0,1.0,9,3,2,0.0,0.0,0.0
69.261,1124,18.4,0.0,0.5432,0.3558,0.6925,0.6555,0.0,0.0,0,1.0,4,3,2,0.0,0.0,0.0
69.32,1125,18.4,0.0,0.7963,0.1593,0.5,0.7581,-0.7,0.0,0,1.0,5,3,2,0.035,0.0,0.014
69.381,1126,18.4,0.0,0.7653,0.2236,0.5499,0.7681,0.0,0.0,0,1.0,5,3,2,0.0,0.0,0.0
69.438,1127,18.4,0.0,0.7542,0.1985,0.535,0.7447,0.0,0.0,0,1.0,6,3,2,0.0,0.0,0.0
69.496,1128,18.4,0.0,0.7311,0.2745,0.5893,0.7678,0.0,0.0,0,1.0,6,3,2,0.0,0.0,0.0
69.56,1129,18.4,0.0,0.9393,0.2029,0.5092,0.9026,0.0,0.0,0,1.0,7,3,2,0.0,0.0,0.0
69.621,1130,18.4,0.0,0.6524,0.3412,0.6484,0.7391,0.0,0.0,0,1.0,7,3,2,0.0,0.0,0.0
69.679,1131,18.4,0.0322,0.8565,0.1402,0.3137,0.798,0.0,0.0,0,1.0,5,3,2,0.0,0.0,0.0
69.746,1132,18.4,0.1624,0.8693,0.0494,-0.2798,0.8212,0.0,0.0,0,1.0,6,3,2,0.0,0.0,0.0
69.815,1133,18.4,0.1736,0.971,0.0211,-0.3919,0.9129,0.0,0.0,0,1.0,9,3,2,0.0,0.0,0.0
69.873,1134,18.4,0.499,0.6661,0.0439,-0.618,0.839,0.0,0.0,0,1.0,6,3,2,0.0,0.0,0.0
69.927,1135,18.4,0.053,1.0,0.0287,-0.0903,0.8697,-0.1967,0.0,0,1.0,8,3,2,0.0098,0.0,0.0039
69.989,1136,18.4,0.1688,1.0,0.008,-0.4423,0.9346,0.0,0.0,0,1.0,10,3,2,0.0,0.0,0.0
70.047,1137,18.4,0.092,1.0,0.2547,0.2703,0.9826,0.0,0.0,0,1.0,11,3,2,0.0,0.0,0.0
70.109,1138,18.4,0.2586,1.0,0.0033,-0.5208,0.9848,0.0,0.0,0,1.0,17,3,2,0.0,0.0,0.0
70.167,1139,18.4,0.0595,1.0,0.0585,-0.004,0.8733,0.0,0.0,0,1.0,16,3,2,0.0,0.0,0.0
70.219,1140,18.4,0.2474,0.8129,0.0479,-0.3945,0.8214,0.0,0.0,0,1.0,12,3,2,0.0,0.0,0.0
70.27,1141,17.1,0.035,1.0,0.1095,0.2402,0.9013,0.0,0.0,0,1.0,5,3,2,0.0,0.0,0.0
70.329,1142,17.1,0.1845,1.0,0.0,-0.4909,0.9433,0.0,0.0,0,1.0,10,3,2,0.0,0.0,0.0
70.388,1143,17.1,0.3018,0.9792,0.0441,-0.4315,0.9915,0.0,0.0,0,1.0,8,3,2,0.0,0.0,0.0
70.447,1144,17.1,0.2411,1.0,0.0089,-0.4905,0.975,0.0,0.0,0,1.0,13,3,2,0.0,0.0,0.0
70.508,1145,17.1,0.1298,1.0,0.0672,-0.1582,0.9127,0.0,0.0,0,1.0,10,3,2,0.0,0.0,0.0
70.579,1146,17.1,0.157,0.8733,0.0417,-0.2993,0.8215,0.0,0.0,0,1.0,9,3,2,0.0,0.0,0.0
70.655,1147,17.1,0.1972,1.0,0.0206,-0.4138,0.9504,0.0,0.0,0,1.0,11,3,2,0.0,0.0,0.0
70.716,1148,17.1,0.1436,0.9836,0.0936,-0.1102,0.9066,0.0,0.0,0,1.0,9,3,2,0.0,0.0,0.0
70.775,1149,17.1,0.2133,1.0,0.0057,-0.4843,0.9595,0.0,0.0,0,1.0,15,3,2,0.0,0.0,0.0
70.832,1150,17.1,0.1423,1.0,0.0267,-0.3293,0.9197,0.0,0.0,0,1.0,15,3,2,0.0,0.0,0.0
70.889,1151,17.1,0.1394,1.0,0.0215,-0.3493,0.9181,0.0,0.0,0,1.0,10,3,2,0.0,0.0,0.0
70.942,1152,17.1,0.2268,0.7495,0.0881,-0.2682,0.7566,0.0,0.0,0,1.0,6,3,2,0.0,0.0,0.0
71.002,1153,17.1,0.4465,0.6639,0.0,-0.6978,0.8077,0.0,0.0,0,1.0,10,3,2,0.0,0.0,0.0
71.063,1154,17.1,0.6456,0.8483,0.0118,-0.7008,1.0,-0.1129,0.0,0,1.0,7,3,2,0.0056,0.0,0.0023
71.124,1155,17.1,0.3148,0.6451,0.4506,0.1448,0.7942,-0.0737,0.0,0,1.0,7,3,2,0.0037,0.0,0.0015
71.176,1156,17.1,0.1138,0.8953,0.1241,0.0232,0.8216,-0.0737,0.0,0,1.0,12,3,2,0.0037,0.0,0.0015
71.227,1157,17.1,0.5344,0.4693,0.0602,-0.6616,0.6935,-0.1967,0.0,0,1.0,4,3,2,0.0098,0.0,0.0039
71.288,1158,17.1,0.0392,0.6855,0.1182,0.2594,0.642,0.0915,0.0,0,1.0,2,3,2,0.0046,0.0,0.0018
71.344,1159,17.1,0.0136,0.3467,0.4987,0.8152,0.5705,0.0,0.0,0,1.0,3,3,2,0.0,0.0,0.0
71.405,1160,17.1,0.4437,0.7044,0.0273,-0.6158,0.8401,-0.1967,0.0,0,1.0,5,3,2,0.0098,0.0,0.0039
71.46,1161,17.1,0.0,0.3203,0.1373,0.612,0.346,-0.1967,0.0,0,1.0,1,3,2,0.0098,0.0,0.0039
71.52,1162,17.1,0.7426,0.7065,0.0094,-0.9499,1.0,-0.1967,0.0,0,1.0,7,3,2,0.0098,0.0,0.0039
71.579,1163,17.1,0.7905,0.7201,0.0194,-0.766,1.0,-0.2471,0.0,0,1.0,17,3,2,0.0124,0.0,0.0049
71.637,1164,17.1,0.9738,0.5367,0.0,-0.9016,0.9961,-0.2122,0.0,0,1.0,23,3,2,0.0106,0.0,0.0042
71.699,1165,17.1,0.227,0.9359,0.0608,-0.3219,0.9133,-0.1876,0.0,0,1.0,16,3,2,0.0094,0.0,0.0038
71.764,1166,17.1,0.303,0.9271,0.027,-0.4856,0.9484,-0.1876,0.0,0,1.0,13,3,2,0.0094,0.0,0.0038
71.823,1167,17.1,0.1361,1.0,0.0439,-0.2498,0.9162,0.0,0.0,0,1.0,13,3,2,0.0,0.0,0.0
71.883,1168,17.1,0.1159,1.0,0.3053,0.2738,1.0,0.0,0.0,0,1.0,12,3,2,0.0,0.0,0.0
71.935,1169,17.1,0.0356,1.0,0.1524,0.3063,0.9253,0.0,0.0,0,1.0,22,3,2,0.0,0.0,0.0
71.989,1170,17.1,0.0851,1.0,0.0524,-0.1095,0.8876,0.0,0.0,0,1.0,20,3,2,0.0,0.0,0.0
72.045,1171,16.9,0.0852,0.9168,0.2372,0.2727,0.9029,0.0,0.0,0,1.0,8,3,2,0.0,0.0,0.0
72.106,1172,16.9,0.249,0.9568,0.0577,-0.3518,0.9432,0.0,0.0,0,1.0,18,3,2,0.0,0.0,0.0
72.168,1173,16.9,0.1667,1.0,0.0374,-0.3185,0.9334,0.0,0.0,0,1.0,15,3,2,0.0,0.0,0.0
72.23,1174,16.9,0.0488,0.9904,0.1895,0.3086,0.938,0.0,0.0,0,1.0,17,3,2,0.0,0.0,0.0
72.285,1175,16.9,0.2892,0.8373,0.17,-0.1707,0.8653,0.0,0.0,0,1.0,11,3,2,0.0,0.0,0.0
72.336,1176,16.9,0.1304,1.0,0.0421,-0.2477,0.913,0.0,0.0,0,1.0,16,3,2,0.0,0.0,0.0
72.396,1177,16.9,0.1251,1.0,0.0461,-0.2227,0.9101,0.0,0.0,0,1.0,13,3,2,0.0,0.0,0.0
72.451,1178,16.9,0.1089,1.0,0.0806,-0.0738,0.901,0.0,0.0,0,1.0,10,3,2,0.0,0.0,0.0
72.506,1179,16.9,0.3145,0.8812,0.0696,-0.3922,0.9163,0.0,0.0,0,1.0,19,3,2,0.0,0.0,0.0
72.567,1180,16.9,0.3687,0.8986,0.033,-0.5177,0.9613,0.0,0.0,0,1.0,14,3,2,0.0,0.0,0.0
72.631,1181,16.9,0.3408,0.856,0.094,-0.3649,0.9098,0.0,0.0,0,1.0,14,3,2,0.0,0.0,0.0
72.705,1182,16.9,0.1011,0.8687,0.2947,0.3046,0.8947,-0.7,0.0,0,1.0,13,3,2,0.035,0.0,0.014
72.791,1183,16.9,0.3545,0.8128,0.1396,-0.2948,0.8812,0.0,0.0,0,1.0,20,3,2,0.0,0.0,0.0
72.864,1184,16.9,0.3049,0.7278,0.2074,-0.1346,0.7821,0.0,0.0,0,1.0,14,3,2,0.0,0.0,0.0
72.921,1185,16.9,0.2548,0.8751,0.0683,-0.3385,0.8777,-0.7,0.0,0,1.0,10,3,2,0.035,0.0,0.014
72.979,1186,16.9,0.5124,0.5983,0.0966,-0.5351,0.7895,0.0,0.0,0,1.0,20,3,2,0.0,0.0,0.0
73.036,1187,16.9,0.6926,0.5138,0.0,-0.8422,0.8194,-0.152,0.0,0,1.0,16,3,2,0.0076,0.0,0.003
73.095,1188,16.9,0.4881,0.7011,0.0,-0.7048,0.8623,-0.0737,0.0,0,1.0,14,3,2,0.0037,0.0,0.0015
73.153,1189,16.9,0.4015,0.7494,0.0,-0.653,0.8544,-0.0737,0.0,0,1.0,9,3,2,0.0037,0.0,0.0015
73.212,1190,16.9,0.6449,0.5101,0.0,-0.829,0.7896,-0.1129,0.0,0,1.0,17,3,2,0.0056,0.0,0.0023
73.268,1191,16.9,0.3017,0.764,0.1054,-0.3145,0.8107,-0.0737,0.0,0,1.0,14,3,2,0.0037,0.0,0.0015
73.319,1192,16.9,0.3076,0.9285,0.1352,-0.2457,0.9522,0.0,0.0,0,1.0,10,3,2,0.0,0.0,0.0
73.382,1193,16.9,0.1864,0.9173,0.0718,-0.2418,0.8749,0.0,0.0,0,1.0,12,3,2,0.0,0.0,0.0
73.437,1194,16.9,0.3393,0.6261,0.17,-0.2449,0.716,0.0,0.0,0,1.0,11,3,2,0.0,0.0,0.0
73.495,1195,16.9,0.49,0.5664,0.0655,-0.5929,0.7502,0.0,0.0,0,1.0,7,3,2,0.0,0.0,0.0
73.553,1196,16.9,0.4503,0.7121,0.0254,-0.1921,0.8503,0.0045,0.0,0,1.0,12,3,2,0.0002,0.0,0.0001
73.614,1197,16.9,0.1804,0.818,0.0958,-0.1751,0.7881,-0.1967,0.0,0,1.0,11,3,2,0.0098,0.0,0.0039
73.672,1198,16.9,0.5835,0.4873,0.0714,-0.6582,0.7361,0.0,0.0,0,1.0,18,3,2,0.0,0.0,0.0
73.732,1199,16.9,0.2053,0.8988,0.0294,-0.4002,0.87,0.0915,0.0,0,1.0,17,3,2,0.0046,0.0,0.0018
73.796,1200,16.9,0.1179,0.8025,0.4525,0.0396,0.9275,0.0915,0.0,0,1.0,19,3,2,0.0046,0.0,0.0018
73.857,1201,16.6,0.2401,0.8512,0.249,0.0121,0.8544,0.0,0.0,0,1.0,22,3,2,0.0,0.0,0.0
73.913,1202,16.6,0.134,0.7544,0.0643,-0.1881,0.7087,-0.1129,0.0,0,1.0,21,3,2,0.0056,0.0,0.0023
73.973,1203,16.6,0.1344,1.0,0.0316,-0.2971,0.9153,0.0,0.0,0,1.0,20,3,2,0.0,0.0,0.0
74.027,1204,16.6,0.09,0.64,0.2382,0.291,0.671,0.0,0.0,0,1.0,11,4,2,0.0,0.0,0.0
74.077,1205,16.6,0.3883,0.702,0.0279,-0.5826,0.8071,0.0,0.0,0,1.0,14,4,2,0.0,0.0,0.0
74.129,1206,16.6,0.137,1.0,0.0376,-0.2761,0.9167,-0.7,0.0,0,1.0,16,4,2,0.035,0.0,0.014
74.189,1207,16.6,0.0579,0.7438,0.1715,0.2764,0.7209,-0.7,0.0,0,1.0,13,4,2,0.035,0.0,0.014
74.247,1208,16.6,0.2234,0.7956,0.0497,-0.3655,0.7934,0.0,0.0,0,1.0,18,4,2,0.0,0.0,0.0
74.3,1209,16.6,0.1455,0.9242,0.0857,-0.1366,0.8578,0.0,0.0,0,1.0,17,4,2,0.0,0.0,0.0
74.354,1210,16.6,0.2678,0.8672,0.0136,-0.5111,0.8785,0.0,0.0,0,1.0,17,4,2,0.0,0.0,0.0
74.411,1211,16.6,0.2695,0.7773,0.0504,-0.4143,0.8039,0.0,0.0,0,1.0,14,4,2,0.0,0.0,0.0
74.469,1212,16.6,0.3277,0.662,0.0611,-0.4599,0.7396,0.0,0.0,0,1.0,14,4,2,0.0,0.0,0.0
74.533,1213,16.6,0.0118,0.9353,0.1983,0.4564,0.8967,0.0,0.0,0,1.0,15,4,2,0.0,0.0,0.0
74.591,1214,16.6,0.061,0.6996,0.2624,0.3896,0.7346,0.0,0.0,1,1.0,24,4,2,0.0,1.0,0.0
74.647,1215,16.6,0.0932,0.7223,0.2125,0.238,0.7258,0.0,0.0,1,1.0,16,4,2,0.0,0.8,0.0
74.707,1216,16.6,0.154,0.5414,0.6115,0.5093,0.7972,0.0,0.0,1,1.0,12,4,2,0.0,0.8,0.0
74.773,1217,16.6,0.2666,0.6747,0.1273,-0.2369,0.7161,-0.2122,0.0,1,1.0,10,4,2,0.0106,0.8,0.0042
74.832,1218,16.6,0.0,0.0285,0.4358,1.0,0.268,0.0,0.0,1,1.0,1,4,2,0.0,0.8,0.0
74.891,1219,16.6,0.0,0.4698,0.4938,0.7904,0.6712,-0.4651,0.0,1,1.0,7,4,2,0.0233,0.8,0.0093
74.951,1220,16.6,0.4873,0.4795,0.1074,-0.527,0.6757,0.0045,0.0,1,1.0,6,4,2,0.0002,0.8,0.0001
75.004,1221,16.6,0.783,0.3338,0.0,-0.9489,0.7189,0.0045,0.0,1,1.0,4,4,2,0.0002,0.8,0.0001
75.061,1222,16.6,0.7766,0.5071,0.0552,-0.7649,0.8608,0.0045,0.0,1,1.0,7,4,2,0.0002,0.8,0.0001
75.12,1223,16.6,0.7176,0.665,0.0713,-0.6684,0.9605,-0.2303,0.0,0,1.0,4,4,2,0.0115,0.8,0.0046
75.182,1224,16.6,0.4277,0.4677,0.1678,-0.3624,0.6324,0.0045,0.0,0,1.0,11,4,2,0.0002,0.0,0.0001
75.236,1225,16.6,0.9577,0.3909,0.0851,-0.8125,0.8647,0.0045,0.0,0,1.0,15,4,2,0.0002,0.0,0.0001
75.294,1226,16.6,0.8293,0.5315,0.0625,-0.7621,0.9109,-0.0961,0.0,0,1.0,17,4,2,0.0048,0.0,0.0019
75.354,1227,16.6,0.601,0.4022,0.0,-0.8633,0.6744,-0.2099,0.0,0,1.0,4,4,2,0.0105,0.0,0.0042
75.41,1228,16.6,0.5756,0.4728,0.0,-0.8212,0.7195,0.0915,0.0,0,1.0,5,4,2,0.0046,0.0,0.0018
75.457,1229,16.6,0.9161,0.5367,0.0,-0.8897,0.9638,0.0915,0.0,0,1.0,11,4,2,0.0046,0.0,0.0018
75.511,1230,16.6,0.9212,0.5301,0.0,-0.8932,0.9611,0.0915,0.0,0,1.0,7,4,2,0.0046,0.0,0.0018
75.576,1231,17.5,0.0795,0.5284,0.3705,0.4828,0.6513,-0.1876,0.0,0,1.0,11,4,2,0.0094,0.0,0.0038
75.63,1232,17.5,0.1462,0.9011,0.0413,-0.2823,0.8388,-0.7,0.0,0,1.0,11,4,2,0.035,0.0,0.014
75.686,1233,17.5,0.3417,0.5251,0.1108,-0.382,0.6325,0.0,0.0,0,1.0,9,4,2,0.0,0.0,0.0
75.752,1234,17.5,0.2107,0.59,0.2642,0.0828,0.6436,0.0,0.0,0,1.0,7,4,2,0.0,0.0,0.0
75.814,1235,17.5,0.1297,0.6405,0.5621,0.4976,0.8529,0.0,0.0,0,1.0,5,4,2,0.0,0.0,0.0
75.87,1236,17.5,0.1951,0.746,0.4229,0.273,0.8635,-0.7,0.0,0,1.0,10,4,2,0.035,0.0,0.014
75.928,1237,17.5,0.3101,0.687,0.4175,0.1169,0.8109,0.0045,0.0,0,1.0,7,4,2,0.0002,0.0,0.0001
75.982,1238,17.5,0.1773,0.7347,0.4667,0.338,0.8785,-0.2303,0.0,0,1.0,8,4,2,0.0115,0.0,0.0046
76.033,1239,17.5,0.1857,0.6247,0.534,0.3918,0.8238,-0.2303,0.0,0,1.0,7,4,2,0.0115,0.0,0.0046
76.084,1240,17.5,0.0407,0.7274,0.5073,0.6137,0.8951,-0.0961,0.0,0,1.0,4,4,2,0.0048,0.0,0.0019
76.136,1241,17.5,0.2802,0.6597,0.079,-0.3676,0.711,-0.0835,0.0,0,1.0,8,4,2,0.0042,0.0,0.0017
76.189,1242,17.5,0.1518,0.6553,0.5128,0.4254,0.8377,-0.0835,0.0,0,1.0,9,4,2,0.0042,0.0,0.0017
76.241,1243,17.5,0.0,0.7,0.5314,0.7225,0.8856,0.0,0.0,0,1.0,3,4,2,0.0,0.0,0.0
76.294,1244,17.5,0.5443,0.5241,0.0394,-0.6942,0.7451,0.0045,0.0,0,1.0,8,4,2,0.0002,0.0,0.0001
76.343,1245,17.5,0.6638,0.4968,0.0,-0.8404,0.789,0.0045,0.0,0,1.0,10,4,2,0.0002,0.0,0.0001
76.402,1246,17.5,0.3752,0.7096,0.0,-0.6289,0.8062,0.0915,0.0,0,1.0,9,4,2,0.0046,0.0,0.0018
76.461,1247,17.5,0.3033,0.7088,0.3944,0.1014,0.8162,-0.0737,0.0,0,1.0,11,4,2,0.0037,0.0,0.0015
76.523,1248,17.5,0.4933,0.8972,0.0271,-0.5988,1.0,-0.1198,0.0,0,1.0,12,4,2,0.006,0.0,0.0024
76.579,1249,17.5,0.5872,0.5189,0.0328,-0.7309,0.7647,-0.1129,0.0,0,1.0,11,4,2,0.0056,0.0,0.0023
76.638,1250,17.5,0.6369,0.4854,0.0134,-0.8064,0.7644,-0.1129,0.0,0,1.0,14,4,2,0.0056,0.0,0.0023
76.693,1251,17.5,0.5233,0.4834,0.093,-0.5801,0.6991,0.0915,0.0,0,1.0,11,4,2,0.0046,0.0,0.0018
76.756,1252,17.5,0.6221,0.4861,0.0,-0.8315,0.7567,0.0915,0.0,0,1.0,12,4,2,0.0046,0.0,0.0018
76.815,1253,17.5,0.2755,0.6817,0.4086,0.1519,0.8014,-0.1876,0.0,0,1.0,8,4,2,0.0094,0.0,0.0038
76.873,1254,17.5,0.0998,0.8267,0.0864,-0.0371,0.7504,-0.1876,0.0,0,1.0,6,4,2,0.0094,0.0,0.0038
76.926,1255,17.5,0.0618,0.8524,0.4552,0.5152,0.9709,0.0045,0.0,0,1.0,7,4,2,0.0002,0.0,0.0001
76.978,1256,17.5,0.0845,0.7302,0.4934,0.5173,0.8897,-0.1129,0.0,0,1.0,6,4,2,0.0056,0.0,0.0023
77.037,1257,17.5,0.2803,0.6323,0.4407,0.1796,0.7779,0.0045,0.0,0,1.0,9,4,2,0.0002,0.0,0.0001
77.101,1258,17.5,0.1,0.6758,0.5227,0.5179,0.8604,-0.2303,0.0,0,1.0,8,4,2,0.0115,0.0,0.0046
77.163,1259,17.5,0.1482,0.8372,0.0675,-0.1992,0.7863,-0.2303,0.0,0,1.0,10,4,2,0.0115,0.0,0.0046
77.218,1260,17.5,0.0799,0.702,0.5331,0.5557,0.8882,0.0045,0.0,0,1.0,10,4,2,0.0002,0.0,0.0001
77.277,1261,17.6,0.014,0.7373,0.6452,0.7243,0.9807,0.0045,0.0,0,1.0,9,4,2,0.0002,0.0,0.0001
77.328,1262,17.6,0.4591,0.6816,0.0098,-0.6729,0.8296,0.0045,0.0,0,1.0,18,4,2,0.0002,0.0,0.0001
77.396,1263,17.6,0.1298,0.7634,0.4423,0.3931,0.889,0.0045,0.0,0,1.0,6,4,2,0.0002,0.0,0.0001
77.452,1264,17.6,0.1654,0.8453,0.4219,0.3077,0.9463,-0.1967,0.0,0,1.0,13,4,2,0.0098,0.0,0.0039
77.514,1265,17.6,0.5445,0.8057,0.2555,-0.2812,0.9817,-0.2773,0.0,0,1.0,19,4,2,0.0139,0.0,0.0055
77.569,1266,17.6,0.3176,1.0,0.0,-0.5625,1.0,-0.1363,0.0,0,1.0,11,4,2,0.0068,0.0,0.0027
77.63,1267,17.6,0.6799,0.4005,0.0,-0.8886,0.7172,0.0,0.0,0,1.0,11,4,2,0.0,0.0,0.0
77.687,1268,17.6,0.6801,0.4026,0.0,-0.8876,0.7191,0.0,0.0,0,1.0,10,4,2,0.0,0.0,0.0
77.751,1269,17.6,0.3915,0.5279,0.4526,0.0635,0.6969,-0.0737,0.0,0,1.0,12,4,2,0.0037,0.0,0.0015
77.815,1270,17.6,0.2011,0.7996,0.0753,-0.2622,0.7843,-0.0737,0.0,0,1.0,11,4,2,0.0037,0.0,0.0015
77.871,1271,17.6,0.5414,0.3743,0.0456,-0.7372,0.6176,0.0,0.0,0,1.0,4,4,2,0.0,0.0,0.0
77.926,1272,17.6,0.4853,0.7655,0.0973,-0.4816,0.9148,0.0915,0.0,0,1.0,11,4,2,0.0046,0.0,0.0018
77.98,1273,17.6,0.2171,0.5315,0.2484,0.0506,0.5856,0.0915,0.0,0,1.0,6,4,2,0.0046,0.0,0.0018
78.034,1274,17.6,0.2367,0.7099,0.1455,-0.1561,0.7289,0.0045,0.0,0,1.0,9,4,2,0.0002,0.0,0.0001
78.084,1275,17.6,0.1413,0.995,0.0395,-0.2753,0.9149,0.0,0.0,0,1.0,9,4,2,0.0,0.0,0.0
78.134,1276,17.6,0.5229,0.4714,0.0745,-0.6225,0.6888,0.0,0.0,0,1.0,7,4,2,0.0,0.0,0.0
78.197,1277,17.6,0.4923,0.5856,0.044,-0.6365,0.7676,0.0,0.0,0,1.0,14,4,2,0.0,0.0,0.0
78.249,1278,17.6,0.2725,0.9231,0.0097,-0.5183,0.928,0.0915,0.0,0,1.0,12,4,2,0.0046,0.0,0.0018
78.299,1279,17.6,0.5159,0.8865,0.029,-0.6075,1.0,0.0,0.0,0,1.0,13,4,2,0.0,0.0,0.0
78.354,1280,17.6,0.7224,0.6388,0.0147,-0.2394,0.9411,0.0915,0.0,0,1.0,8,4,2,0.0046,0.0,0.0018
78.411,1281,17.6,0.5732,0.7755,0.066,-0.5868,1.0,0.0915,0.0,0,1.6,7,0,3,0.0046,0.0,0.0018
78.467,1282,17.6,0.611,0.6944,0.014,-0.724,1.0,-0.0737,0.0,0,1.56,16,0,3,0.0037,0.0,0.0015
78.519,1283,17.6,0.1586,0.5699,0.3223,0.2533,1.0,-0.1363,0.0,0,1.52,11,0,3,0.0068,0.0,0.0027
78.582,1284,17.6,0.5287,0.5213,0.0288,-0.712,1.0,-0.4651,0.0,0,1.48,9,0,3,0.0233,0.0,0.0093
78.637,1285,17.6,0.1311,0.5434,0.424,0.4139,0.9992,-0.4651,0.0,0,1.44,8,0,3,0.0233,0.0,0.0093
78.695,1286,17.6,0.1545,0.6039,0.3724,0.3107,1.0,0.0915,0.0,0,1.4,11,0,3,0.0046,0.0,0.0018
78.756,1287,17.6,0.1969,0.4394,0.493,0.3747,0.8774,-0.7,0.0,0,1.36,8,0,3,0.035,0.0,0.014
78.817,1288,17.6,0.4595,0.5306,0.1411,-0.4273,0.928,-0.1716,0.0,0,1.32,8,0,3,0.0086,0.0,0.0034
78.871,1289,17.6,0.427,0.3702,0.251,-0.2344,0.7041,-0.1129,0.0,0,1.28,8,0,3,0.0056,0.0,0.0023
78.928,1290,17.6,0.5834,0.4613,0.0036,-0.8202,0.8856,-0.1129,0.0,0,1.24,12,0,3,0.0056,0.0,0.0023
78.988,1291,17.5,0.639,0.4174,0.0127,-0.838,0.8502,-0.152,0.0,0,1.2,7,0,3,0.0076,0.0,0.003
79.041,1292,17.5,0.5549,0.4026,0.0714,-0.6727,0.7527,-0.0737,0.0,0,1.16,4,0,3,0.0037,0.0,0.0015
79.092,1293,17.5,0.4069,0.7238,0.0165,-0.6178,0.9362,-0.0737,0.0,0,1.12,24,0,3,0.0037,0.0,0.0015
79.139,1294,17.5,0.5657,0.524,0.0211,-0.746,0.8175,0.0915,0.0,0,1.08,5,0,3,0.0046,0.0,0.0018
79.198,1295,17.5,0.6981,0.3944,0.0,-0.8967,0.7512,0.0045,0.0,0,1.04,12,0,3,0.0002,0.0,0.0001
79.256,1296,17.5,0.5447,0.4795,0.0223,-0.7511,0.7078,-0.0737,0.0,0,1.0,18,0,3,0.0037,0.0,0.0015
79.312,1297,17.5,0.4947,0.5561,0.0,-0.7555,0.7442,-0.0737,0.0,0,1.0,16,0,3,0.0037,0.0,0.0015
79.37,1298,17.5,0.4541,0.5894,0.0,-0.7255,0.7494,0.0915,0.0,0,1.0,10,0,3,0.0046,0.0,0.0018
79.43,1299,17.5,0.4462,0.6912,0.0,-0.6895,0.8305,-0.1129,0.0,0,1.0,10,0,3,0.0056,0.0,0.0023
79.486,1300,17.5,0.1413,0.9133,0.1098,-0.0678,0.8463,-0.1129,0.0,0,1.0,21,0,3,0.0056,0.0,0.0023
79.548,1301,17.5,0.3322,0.7398,0.0,-0.6203,0.8074,0.0,0.0,0,1.0,9,0,3,0.0,0.0,0.0
79.61,1302,17.5,0.1339,1.0,0.0,-0.4592,0.915,0.0,0.0,0,1.0,9,0,3,0.0,0.0,0.0
79.677,1303,17.5,0.1156,0.7475,0.5442,0.4897,0.9326,0.0,0.0,0,1.0,10,0,3,0.0,0.0,0.0
79.741,1304,17.5,0.3528,0.6323,0.1374,-0.3194,0.7287,0.0,0.0,0,1.0,13,0,3,0.0,0.0,0.0
79.803,1305,17.5,0.2406,0.5606,0.2053,-0.058,0.6056,0.0045,0.0,0,1.0,10,0,3,0.0002,0.0,0.0001
79.864,1306,17.5,0.0095,0.4082,0.6051,0.8379,0.6817,0.0,0.0,0,1.0,7,0,3,0.0,0.0,0.0
79.92,1307,17.5,0.1831,0.6604,0.2424,0.096,0.6905,0.0045,0.0,0,1.0,11,0,3,0.0002,0.0,0.0001
79.977,1308,17.5,0.3159,0.7415,0.0839,-0.3797,0.7998,-0.7,0.0,0,1.0,11,0,3,0.035,0.0,0.014
80.037,1309,17.5,0.5127,0.6443,0.0202,-0.6842,0.8283,0.0,0.0,0,1.0,22,0,3,0.0,0.0,0.0
80.097,1310,17.5,0.0854,1.0,0.0586,-0.0865,0.8878,0.0,0.0,0,1.0,24,0,3,0.0,0.0,0.0
80.153,1311,17.5,0.1306,0.9122,0.0895,-0.0976,0.8394,-0.0835,0.0,0,1.0,12,0,3,0.0042,0.0,0.0017
80.212,1312,17.5,0.1094,0.7372,0.2434,0.2402,0.7556,0.0,0.0,0,1.0,16,0,3,0.0,0.0,0.0
80.271,1313,17.5,0.4777,0.9793,0.0345,-0.5612,1.0,0.0,0.0,0,1.0,14,0,3,0.0,0.0,0.0
80.33,1314,17.5,0.2752,0.4876,0.2737,-0.0022,0.5636,-0.1129,0.0,0,1.0,14,0,3,0.0056,0.0,0.0023
80.388,1315,17.5,0.2363,0.5531,0.2075,-0.0476,0.5969,0.0,0.0,0,1.0,15,0,3,0.0,0.0,0.0
80.446,1316,17.5,0.308,0.7781,0.0488,-0.4534,0.8261,0.0,0.0,0,1.0,13,0,3,0.0,0.0,0.0
80.504,1317,17.5,0.4232,0.4186,0.1634,-0.271,0.5886,0.0,0.0,0,1.0,14,0,3,0.0,0.0,0.0
80.564,1318,17.5,0.2502,0.5585,0.1862,-0.1068,0.6092,0.0,0.0,0,1.0,11,0,3,0.0,0.0,0.0
80.627,1319,17.5,0.6506,0.3664,0.0,-0.8974,0.6721,-0.1876,0.0,0,1.0,10,0,3,0.0094,0.0,0.0038
80.689,1320,17.5,0.7292,0.5578,0.0175,-0.8015,0.8769,-0.0737,0.0,0,1.0,10,0,3,0.0037,0.0,0.0015
80.753,1321,17.0,0.0992,0.858,0.1154,0.0399,0.7853,-0.2122,0.0,0,1.0,7,0,3,0.0106,0.0,0.0042
80.816,1322,17.0,0.4677,0.5144,0.0682,-0.5459,0.694,0.0,0.0,0,1.0,8,0,3,0.0,0.0,0.0
80.872,1323,17.0,0.5289,0.7779,0.0463,-0.7806,0.9496,-0.1129,0.0,0,1.0,13,0,3,0.0056,0.0,0.0023
80.929,1324,17.0,0.2671,0.6351,0.1797,-0.1383,0.6831,-0.1129,0.0,0,1.0,15,0,3,0.0056,0.0,0.0023
80.993,1325,17.0,0.6985,0.6115,0.0029,-0.8022,0.9048,0.0915,0.0,0,1.0,16,0,3,0.0046,0.0,0.0018
81.052,1326,17.0,0.4733,0.9127,0.0199,-0.6018,1.0,0.0045,0.0,0,1.0,13,0,3,0.0002,0.0,0.0001
81.108,1327,17.0,0.2657,0.449,0.3774,0.1484,0.5885,-0.1129,0.0,0,1.0,14,0,3,0.0056,0.0,0.0023
81.164,1328,17.0,0.4543,0.837,0.0737,-0.4936,0.9575,-0.1129,0.0,0,1.0,19,0,3,0.0056,0.0,0.0023
81.221,1329,17.0,0.1339,0.668,0.3171,0.2837,0.7386,-0.1876,0.0,0,1.0,24,0,3,0.0094,0.0,0.0038
81.277,1330,17.0,0.3554,0.5699,0.231,-0.1667,0.6777,-0.1967,0.0,0,1.0,26,0,3,0.0098,0.0,0.0039
81.326,1331,17.0,0.2398,0.6515,0.2662,0.038,0.6964,-0.0835,0.0,0,1.0,15,0,3,0.0042,0.0,0.0017
81.398,1332,17.0,0.2329,0.6516,0.2794,0.0663,0.7038,0.0045,0.0,0,1.0,13,0,3,0.0002,0.0,0.0001
81.455,1333,17.0,0.3845,0.7161,0.0,-0.6535,0.8168,-0.7,0.0,0,1.0,12,0,3,0.035,0.0,0.014
81.514,1334,17.0,0.3424,0.7238,0.023,-0.5611,0.7997,-0.7,0.0,0,1.0,12,0,3,0.035,0.0,0.014
81.571,1335,17.0,0.1699,0.8455,0.0,-0.6112,0.8053,-0.4651,0.0,0,1.0,10,0,3,0.0233,0.0,0.0093
81.638,1336,17.0,0.1035,0.9774,0.0,-0.4405,0.879,0.0,0.0,0,1.0,6,0,3,0.0,0.0,0.0
81.695,1337,17.0,0.0097,0.867,0.3574,0.5776,0.9284,0.0,0.0,0,1.0,13,0,3,0.0,0.0,0.0
81.759,1338,17.0,0.0195,1.0,0.0031,-0.2737,0.8509,0.0,0.0,0,1.0,11,0,3,0.0,0.0,0.0
81.826,1339,17.0,0.0114,0.9603,0.0314,0.185,0.8242,0.0,0.0,0,1.0,9,0,3,0.0,0.0,0.0
81.888,1340,17.0,0.0119,0.8892,0.063,0.2905,0.7822,-0.7,0.0,0,1.0,5,0,3,0.035,0.0,0.014
81.941,1341,17.0,0.0024,1.0,0.2809,0.5363,0.9973,0.0,0.0,0,1.0,11,0,3,0.0,0.0,0.0
81.994,1342,17.0,0.0021,0.9492,0.3335,0.5721,0.9841,0.0,0.0,0,1.0,15,0,3,0.0,0.0,0.0
82.052,1343,17.0,0.0,0.8879,0.2576,0.5489,0.8901,0.0,0.0,0,1.0,15,0,3,0.0,0.0,0.0
82.102,1344,17.0,0.0016,0.8597,0.1939,0.507,0.8308,0.0,0.0,0,1.0,11,0,3,0.0,0.0,0.0
82.16,1345,17.0,0.0,0.9266,0.2104,0.5154,0.8962,0.0,0.0,0,1.0,13,0,3,0.0,0.0,0.0
82.211,1346,17.0,0.0,0.926,0.2112,0.516,0.8961,0.0,0.0,0,1.0,11,0,3,0.0,0.0,0.0
82.268,1347,17.0,0.0,1.0,0.2396,0.5224,0.9742,0.0,0.0,0,1.0,8,0,3,0.0,0.0,0.0
82.317,1348,17.0,0.0018,0.9793,0.2393,0.5182,0.9566,0.0,0.0,0,1.0,8,0,3,0.0,0.0,0.0
82.371,1349,17.0,0.0,0.9324,0.2063,0.5122,0.8987,0.0,0.0,0,1.0,10,0,3,0.0,0.0,0.0
82.432,1350,17.0,0.5989,0.7784,0.0384,-0.6492,0.9893,0.0,0.0,0,1.0,12,0,3,0.0,0.0,0.0
82.488,1351,17.2,0.2252,0.8463,0.1971,-0.0425,0.8371,0.0,0.0,0,1.0,9,0,3,0.0,0.0,0.0
82.547,1352,17.2,0.0627,1.0,0.2602,0.3457,0.9857,0.0,0.0,0,1.0,10,0,3,0.0,0.0,0.0
82.604,1353,17.2,0.0031,0.9161,0.357,0.5866,0.9695,0.0,0.0,0,1.0,5,0,3,0.0,0.0,0.0
82.663,1354,17.2,0.0049,1.0,0.136,0.4318,0.9162,-0.7,0.0,0,1.0,12,0,3,0.035,0.0,0.014
82.721,1355,17.2,0.0016,1.0,0.2656,0.5306,0.9887,0.0,0.0,0,1.0,13,0,3,0.0,0.0,0.0
82.781,1356,17.2,0.0054,1.0,0.2302,0.4964,0.9689,0.0,0.0,0,1.0,10,0,3,0.0,0.0,0.0
82.839,1357,17.2,0.4917,1.0,0.0564,-0.5221,1.0,0.0,0.0,0,1.0,12,0,3,0.0,0.0,0.0
82.898,1358,17.2,0.4614,0.9265,0.0226,-0.5877,1.0,0.1039,0.0,0,1.0,10,0,3,0.0052,0.0,0.0021
82.95,1359,17.2,0.2572,0.8639,0.1714,-0.1278,0.8697,0.1039,0.0,0,1.0,9,0,3,0.0052,0.0,0.0021
83.003,1360,17.2,0.243,0.8845,0.1708,-0.1094,0.879,-0.1967,0.0,0,1.0,10,0,3,0.0098,0.0,0.0039
83.061,1361,17.2,0.2481,0.8503,0.1729,-0.1141,0.8532,0.1784,0.0,0,1.0,12,0,3,0.0089,0.0,0.0036
83.111,1362,17.2,0.4497,0.7121,0.0037,-0.6756,0.85,-0.4651,0.0,0,1.0,8,0,3,0.0233,0.0,0.0093
83.17,1363,17.2,0.2718,0.8658,0.1749,-0.14,0.8795,-0.4651,0.0,0,1.0,9,0,3,0.0233,0.0,0.0093
83.229,1364,17.2,0.5193,0.6464,0.0009,-0.732,0.8338,-0.1129,0.0,0,1.0,9,0,3,0.0056,0.0,0.0023
83.285,1365,17.2,0.0903,0.9953,0.1554,0.1393,0.9231,0.0915,0.0,0,1.0,10,0,3,0.0046,0.0,0.0018
83.336,1366,17.2,0.3617,0.8962,0.0966,-0.3727,0.9554,0.0,0.0,0,1.0,10,0,3,0.0,0.0,0.0
83.401,1367,17.2,0.0546,0.9839,0.0876,0.1083,0.8755,-0.7,0.0,0,1.0,10,0,3,0.035,0.0,0.014
83.465,1368,17.2,0.0539,1.0,0.1725,0.2699,0.9366,0.0,0.0,0,1.0,5,0,3,0.0,0.0,0.0
83.526,1369,17.2,0.0962,0.9652,0.1394,0.0963,0.8888,0.0,0.0,0,1.0,5,0,3,0.0,0.0,0.0
83.592,1370,17.2,0.0218,1.0,0.1677,0.3803,0.9339,0.0,0.0,0,1.0,7,1,3,0.0,0.0,0.0
83.656,1371,17.2,0.009,1.0,0.0797,0.3413,0.8846,0.0,0.0,0,1.0,9,1,3,0.0,0.0,0.0
83.715,1372,17.2,0.0095,1.0,0.1852,0.4484,0.9437,0.0,0.0,0,1.0,8,1,3,0.0,0.0,0.0
83.774,1373,17.2,0.0386,0.991,0.1622,0.3085,0.9232,0.0,0.0,0,1.0,4,1,3,0.0,0.0,0.0
83.835,1374,17.2,0.0429,0.9881,0.1327,0.249,0.9043,0.0,0.0,0,1.0,4,1,3,0.0,0.0,0.0
83.897,1375,17.2,0.502,0.9629,0.0,-0.6478,1.0,0.0,0.0,0,1.0,9,1,3,0.0,0.0,0.0
83.954,1376,17.2,0.0524,1.0,0.0831,0.1042,0.8865,-0.0961,0.0,0,1.0,8,1,3,0.0048,0.0,0.0019
84.013,1377,17.2,0.0453,1.0,0.0825,0.1324,0.8862,0.0,0.0,0,1.0,11,1,3,0.0,0.0,0.0
84.068,1378,17.2,0.0504,1.0,0.1518,0.2514,0.925,0.0,0.0,0,1.0,6,1,3,0.0,0.0,0.0
84.124,1379,17.2,0.0755,1.0,0.1231,0.1196,0.9089,0.0,0.0,0,1.0,7,1,3,0.0,0.0,0.0
84.188,1380,17.2,0.0763,1.0,0.0784,0.0065,0.8839,0.0,0.0,0,1.0,8,1,3,0.0,0.0,0.0
84.244,1381,17.1,0.0458,1.0,0.1525,0.2685,0.9254,0.0,0.0,0,1.0,11,1,3,0.0,0.0,0.0
84.312,1382,17.1,0.069,1.0,0.036,-0.1384,0.8787,0.0,0.0,0,1.0,8,1,3,0.0,0.0,0.0
84.371,1383,17.1,0.2358,0.9369,0.0262,-0.4349,0.919,0.0,0.0,0,1.0,10,1,3,0.0,0.0,0.0
84.43,1384,17.1,0.1105,0.9453,0.0207,-0.3167,0.8559,0.0,0.0,0,1.0,9,1,3,0.0,0.0,0.0
84.486,1385,17.1,0.0921,0.9464,0.0506,-0.1365,0.8466,0.0,0.0,0,1.0,10,1,3,0.0,0.0,0.0
84.549,1386,17.1,0.1731,0.9108,0.0,-0.4941,0.862,0.0,0.0,0,1.0,11,1,3,0.0,0.0,0.0
84.612,1387,17.1,0.2442,0.9175,0.0165,-0.4767,0.9074,0.0,0.0,0,1.0,9,1,3,0.0,0.0,0.0
84.672,1388,17.1,0.0587,0.7812,0.0456,-0.0577,0.6891,0.0,0.0,0,1.0,3,1,3,0.0,0.0,0.0
84.732,1389,17.1,0.0713,0.9723,0.0431,-0.1102,0.8566,0.0,0.0,0,1.0,6,1,3,0.0,0.0,0.0
84.789,1390,17.1,0.043,0.9187,0.0586,0.0679,0.8045,0.0,0.0,0,1.0,4,1,3,0.0,0.0,0.0
84.848,1391,17.1,0.0436,0.9869,0.0388,-0.0251,0.8534,0.0,0.0,0,1.0,5,1,3,0.0,0.0,0.0
84.901,1392,17.1,0.0325,0.9808,0.0589,0.1243,0.8569,0.0,0.0,0,1.0,5,1,3,0.0,0.0,0.0
84.95,1393,17.1,0.0336,0.9883,0.0549,0.103,0.8609,0.0,0.0,0,1.0,5,1,3,0.0,0.0,0.0
85.006,1394,17.1,0.0363,1.0,0.0465,0.0521,0.866,0.0,0.0,0,1.0,6,1,3,0.0,0.0,0.0
85.061,1395,17.1,0.0836,1.0,0.0252,-0.2373,0.8868,0.0,0.0,0,1.0,4,1,3,0.0,0.0,0.0
85.116,1396,17.1,0.0584,0.7813,0.046,-0.0548,0.689,0.0,0.0,0,1.0,3,1,3,0.0,0.0,0.0
85.166,1397,17.1,0.0177,1.0,0.0579,0.2229,0.8724,0.0,0.0,0,1.0,7,1,3,0.0,0.0,0.0
85.22,1398,17.1,0.0205,1.0,0.0838,0.2669,0.8869,0.0,0.0,0,1.0,5,1,3,0.0,0.0,0.0
85.276,1399,17.1,0.0411,0.9646,0.0531,0.0553,0.84,0.0,0.0,0,1.0,5,1,3,0.0,0.0,0.0
85.336,1400,17.1,0.0968,0.9055,0.0254,-0.2685,0.8148,0.0,0.0,0,1.0,5,1,3,0.0,0.0,0.0
85.387,1401,17.1,0.0747,1.0,0.0943,0.0559,0.8928,0.0,0.0,0,1.0,38,1,3,0.0,0.0,0.0
85.446,1402,17.1,0.0753,1.0,0.0943,0.0541,0.8928,0.0,0.0,0,1.0,38,1,3,0.0,0.0,0.0
85.503,1403,17.1,0.0744,1.0,0.0943,0.0568,1.0,0.0,0.0,0,1.6,38,0,4,0.0,0.0,0.0
85.562,1404,17.1,0.0753,1.0,0.0943,0.054,1.0,0.0,0.0,0,1.56,39,0,4,0.0,0.0,0.0
85.627,1405,17.1,0.0747,1.0,0.0943,0.056,1.0,0.0,0.0,0,1.52,38,0,4,0.0,0.0,0.0
85.69,1406,17.1,0.0756,1.0,0.0943,0.0531,1.0,0.0,0.0,0,1.48,39,0,4,0.0,0.0,0.0
85.755,1407,17.1,0.074,1.0,0.0943,0.058,1.0,0.0,0.0,0,1.44,39,0,4,0.0,0.0,0.0
85.815,1408,17.1,0.0752,1.0,0.0943,0.0544,1.0,0.0,0.0,0,1.4,39,0,4,0.0,0.0,0.0
85.878,1409,17.1,0.0747,1.0,0.0943,0.0559,1.0,0.0,0.0,0,1.36,39,0,4,0.0,0.0,0.0
85.932,1410,17.1,0.0754,1.0,0.0943,0.0537,1.0,0.0,0.0,0,1.32,40,0,4,0.0,0.0,0.0
85.985,1411,17.2,0.0736,1.0,0.0943,0.0594,1.0,0.0,0.0,0,1.28,39,0,4,0.0,0.0,0.0
86.041,1412,17.2,0.0717,1.0,0.0943,0.0654,1.0,0.0,0.0,0,1.24,39,0,4,0.0,0.0,0.0
86.099,1413,17.2,0.0737,1.0,0.0943,0.0592,1.0,0.0,0.0,0,1.2,39,0,4,0.0,0.0,0.0
86.154,1414,17.2,0.0736,1.0,0.0943,0.285,1.0,0.0,0.0,0,1.16,39,0,4,0.0,0.0,0.0
86.212,1415,17.2,0.0737,1.0,0.0943,0.059,1.0,0.0,0.0,0,1.12,39,0,4,0.0,0.0,0.0
86.266,1416,17.2,0.0752,1.0,0.0943,0.0542,0.9643,0.0,0.0,0,1.08,39,0,4,0.0,0.0,0.0
86.318,1417,17.2,0.0747,1.0,0.0943,0.056,0.9285,0.0,0.0,0,1.04,40,0,4,0.0,0.0,0.0
86.374,1418,17.2,0.0747,1.0,0.0943,0.0559,0.8928,0.0,0.0,0,1.0,39,0,4,0.0,0.0,0.0
86.429,1419,17.2,0.0755,1.0,0.0943,0.0533,0.8928,0.0,0.0,0,1.0,39,0,4,0.0,0.0,0.0
86.497,1420,17.2,0.074,1.0,0.0943,0.058,0.8928,0.0,0.0,0,1.0,39,0,4,0.0,0.0,0.0
86.56,1421,17.2,0.0726,1.0,0.0943,0.0626,0.8928,0.0,0.0,0,1.0,39,0,4,0.0,0.0,0.0
86.622,1422,17.2,0.0747,1.0,0.0943,0.056,0.8928,0.0,0.0,0,1.0,39,0,4,0.0,0.0,0.0
86.707,1423,17.2,0.0747,1.0,0.0943,0.056,0.8928,0.0,0.0,0,1.0,39,0,4,0.0,0.0,0.0
86.754,1424,17.2,0.0747,1.0,0.0943,0.056,0.8928,0.0,0.0,0,1.0,39,0,4,0.0,0.0,0.0
86.814,1425,17.2,0.0752,1.0,0.0943,0.0544,0.8928,0.0,0.0,0,1.0,39,0,4,0.0,0.0,0.0
86.892,1426,17.2,0.0744,1.0,0.0943,0.0569,0.8928,0.0,0.0,0,1.0,39,0,4,0.0,0.0,0.0
86.945,1427,17.2,0.0753,1.0,0.0943,0.0541,0.8928,0.0,0.0,0,1.0,39,0,4,0.0,0.0,0.0
87.009,1428,17.2,0.0743,1.0,0.0943,0.0573,0.8928,0.0,0.0,0,1.0,38,0,4,0.0,0.0,0.0
87.068,1429,17.2,0.074,1.0,0.0943,0.0581,0.8928,0.0,0.0,0,1.0,38,0,4,0.0,0.0,0.0
87.123,1430,17.2,0.0759,1.0,0.0943,0.0523,0.8928,0.0,0.0,0,1.0,38,0,4,0.0,0.0,0.0
87.177,1431,17.2,0.0716,1.0,0.0943,0.0657,1.0,0.0,0.0,0,1.6,38,0,5,0.0,0.0,0.0
87.231,1432,17.2,0.0735,1.0,0.0943,0.0595,1.0,0.0,0.0,0,1.56,38,0,5,0.0,0.0,0.0
87.293,1433,17.2,0.0753,1.0,0.0943,0.0541,1.0,0.0,0.0,0,1.52,38,0,5,0.0,0.0,0.0
87.354,1434,17.2,0.0744,1.0,0.0943,0.0568,1.0,0.0,0.0,0,1.48,38,0,5,0.0,0.0,0.0
87.406,1435,17.2,0.0746,1.0,0.0943,0.0563,1.0,0.0,0.0,0,1.44,38,0,5,0.0,0.0,0.0
87.476,1436,17.2,0.075,1.0,0.0943,0.055,1.0,0.0,0.0,0,1.4,37,0,5,0.0,0.0,0.0
87.537,1437,17.2,0.0752,1.0,0.0943,0.0543,1.0,0.0,0.0,0,1.36,37,0,5,0.0,0.0,0.0
87.604,1438,17.2,0.0747,1.0,0.0943,0.056,1.0,0.0,0.0,0,1.32,37,0,5,0.0,0.0,0.0
87.661,1439,17.2,0.0746,1.0,0.0943,0.0562,1.0,0.0,0.0,0,1.28,37,0,5,0.0,0.0,0.0
87.729,1440,17.2,0.0753,1.0,0.0943,0.0541,1.0,0.0,0.0,0,1.24,37,0,5,0.0,0.0,0.0
87.792,1441,16.7,0.0746,1.0,0.0943,0.0561,1.0,0.0,0.0,0,1.2,38,0,5,0.0,0.0,0.0
87.862,1442,16.7,0.0744,1.0,0.0943,0.0569,1.0,0.0,0.0,0,1.16,37,0,5,0.0,0.0,0.0
87.924,1443,16.7,0.0752,1.0,0.0943,0.0123,1.0,0.0,0.0,0,1.12,37,0,5,0.0,0.0,0.0
87.981,1444,16.7,0.0753,1.0,0.0943,0.0542,0.9643,0.0,0.0,0,1.08,37,0,5,0.0,0.0,0.0
88.055,1445,16.7,0.0525,1.0,0.0684,-0.3163,0.9134,0.0,0.0,0,1.04,38,0,5,0.0,0.0,0.0
88.131,1446,16.7,0.0525,1.0,0.0684,0.0592,0.8783,0.0,0.0,0,1.0,38,0,5,0.0,0.0,0.0
88.206,1447,16.7,0.0716,1.0,0.0943,0.0657,0.8928,0.0,0.0,0,1.0,38,0,5,0.0,0.0,0.0
88.286,1448,16.7,0.0753,1.0,0.0943,0.0542,0.8928,0.0,0.0,0,1.0,38,0,5,0.0,0.0,0.0
88.348,1449,16.7,0.0747,1.0,0.0943,0.0559,0.8928,0.0,0.0,0,1.0,38,0,5,0.0,0.0,0.0
88.407,1450,16.7,0.0747,1.0,0.0943,0.0559,0.8928,0.0,0.0,0,1.0,38,0,5,0.0,0.0,0.0
88.474,1451,16.7,0.0741,1.0,0.0943,0.0578,0.8928,0.0,0.0,0,1.0,38,0,5,0.0,0.0,0.0
88.532,1452,16.7,0.0749,1.0,0.0943,0.0554,0.8928,0.0,0.0,0,1.0,39,0,5,0.0,0.0,0.0
88.599,1453,16.7,0.0747,1.0,0.0943,0.0561,0.8928,0.0,0.0,0,1.0,38,0,5,0.0,0.0,0.0
88.665,1454,16.7,0.0746,1.0,0.0943,0.0561,0.8928,0.0,0.0,0,1.0,39,0,5,0.0,0.0,0.0
88.727,1455,16.7,0.0752,1.0,0.0943,0.0545,0.8928,0.0,0.0,0,1.0,39,0,5,0.0,0.0,0.0
88.795,1456,16.7,0.0744,1.0,0.0943,0.0569,0.8928,0.0,0.0,0,1.0,39,0,5,0.0,0.0,0.0
88.87,1457,16.7,0.0744,1.0,0.0943,0.0569,0.8928,0.0,0.0,0,1.0,39,0,5,0.0,0.0,0.0
88.923,1458,16.7,0.0747,1.0,0.0943,0.0559,0.8928,0.0,0.0,0,1.0,40,0,5,0.0,0.0,0.0
88.99,1459,16.7,0.0753,1.0,0.0943,0.0542,1.0,0.0,0.0,0,1.6,39,0,6,0.0,0.0,0.0
89.048,1460,16.7,0.0717,1.0,0.0943,0.0654,1.0,0.0,0.0,0,1.56,39,0,6,0.0,0.0,0.0
89.119,1461,16.7,0.0735,1.0,0.0943,0.0595,1.0,0.0,0.0,0,1.52,39,0,6,0.0,0.0,0.0
89.193,1462,16.7,0.0717,1.0,0.0943,0.0846,1.0,0.0,0.0,0,1.48,39,0,6,0.0,0.0,0.0
89.247,1463,16.7,0.0732,1.0,0.0943,0.0606,1.0,0.0,0.0,0,1.44,39,0,6,0.0,0.0,0.0
89.302,1464,16.7,0.0732,1.0,0.0943,0.0606,1.0,0.0,0.0,0,1.4,39,0,6,0.0,0.0,0.0
89.349,1465,16.7,0.0732,1.0,0.0943,0.0606,1.0,0.0,0.0,0,1.36,39,0,6,0.0,0.0,0.0
89.407,1466,16.7,0.0732,1.0,0.0943,0.0606,1.0,0.0,0.0,0,1.32,39,0,6,0.0,0.0,0.0
89.459,1467,16.7,0.0732,1.0,0.0943,0.0606,1.0,0.0,0.0,0,1.28,39,0,6,0.0,0.0,0.0
89.508,1468,16.7,0.0732,1.0,0.0943,0.0606,1.0,0.0,0.0,0,1.24,39,0,6,0.0,0.0,0.0
89.549,1469,16.7,0.0732,1.0,0.0943,0.0606,1.0,0.0,0.0,0,1.2,39,0,6,0.0,0.0,0.0
89.598,1470,16.7,0.0732,1.0,0.0943,0.0606,1.0,0.0,0.0,0,1.16,39,0,6,0.0,0.0,0.0
89.651,1471,16.1,0.0732,1.0,0.0943,0.0606,1.0,0.0,0.0,0,1.12,39,0,6,0.0,0.0,0.0
89.703,1472,16.1,0.0732,1.0,0.0943,0.0606,0.9643,0.0,0.0,0,1.08,39,0,6,0.0,0.0,0.0
89.761,1473,16.1,0.0732,1.0,0.0943,0.0606,0.9285,0.0,0.0,0,1.04,39,0,6,0.0,0.0,0.0
89.819,1474,16.1,0.0732,1.0,0.0943,0.0606,0.8928,0.0,0.0,0,1.0,39,0,6,0.0,0.0,0.0
89.881,1475,16.1,0.0732,1.0,0.0943,0.0606,0.8928,0.0,0.0,0,1.0,39,0,6,0.0,0.0,0.0
89.931,1476,16.1,0.0732,1.0,0.0943,0.0606,0.8928,0.0,0.0,0,1.0,39,0,6,0.0,0.0,0.0
89.99,1477,16.1,0.0732,1.0,0.0943,0.0606,0.8928,0.0,0.0,0,1.0,39,0,6,0.0,0.0,0.0
90.038,1478,16.1,0.0732,1.0,0.0943,0.0606,0.8928,0.0,0.0,0,1.0,39,0,6,0.0,0.0,0.0
90.076,1479,16.1,0.0732,1.0,0.0943,0.0606,0.8928,0.0,0.0,0,1.0,39,0,6,0.0,0.0,0.0
90.131,1480,16.1,0.0732,1.0,0.0943,0.0606,0.8928,0.0,0.0,0,1.0,39,0,6,0.0,0.0,0.0
90.176,1481,16.1,0.0732,1.0,0.0943,0.0606,0.8928,0.0,0.0,0,1.0,39,0,6,0.0,0.0,0.0
90.218,1482,16.1,0.0732,1.0,0.0943,0.0606,0.8928,0.0,0.0,0,1.0,39,0,6,0.0,0.0,0.0
90.269,1483,16.1,0.0732,1.0,0.0943,0.0606,0.8928,0.0,0.0,0,1.0,39,0,6,0.0,0.0,0.0
90.313,1484,16.1,0.0732,1.0,0.0943,0.0606,0.8928,0.0,0.0,0,1.0,39,0,6,0.0,0.0,0.0
90.363,1485,16.1,0.0732,1.0,0.0943,0.0606,0.8928,0.0,0.0,0,1.0,39,0,6,0.0,0.0,0.0
90.404,1486,16.1,0.0732,1.0,0.0943,0.0606,0.8928,0.0,0.0,0,1.0,39,0,6,0.0,0.0,0.0
90.454,1487,16.1,0.0732,1.0,0.0943,0.0606,1.0,0.0,0.0,0,1.6,39,0,7,0.0,0.0,0.0
90.503,1488,16.1,0.0732,1.0,0.0943,0.0606,1.0,0.0,0.0,0,1.56,39,0,7,0.0,0.0,0.0
90.545,1489,16.1,0.0732,1.0,0.0943,0.0606,1.0,0.0,0.0,0,1.52,39,0,7,0.0,0.0,0.0
90.596,1490,16.1,0.0732,1.0,0.0943,0.0606,1.0,0.0,0.0,0,1.48,39,0,7,0.0,0.0,0.0
90.646,1491,16.1,0.0732,1.0,0.0943,0.0606,1.0,0.0,0.0,0,1.44,39,0,7,0.0,0.0,0.0
90.696,1492,16.1,0.0732,1.0,0.0943,0.0606,1.0,0.0,0.0,0,1.4,39,0,7,0.0,0.0,0.0
90.756,1493,16.1,0.0732,1.0,0.0943,0.0606,1.0,0.0,0.0,0,1.36,39,0,7,0.0,0.0,0.0
90.796,1494,16.1,0.0732,1.0,0.0943,0.0606,1.0,0.0,0.0,0,1.32,39,0,7,0.0,0.0,0.0
90.845,1495,16.1,0.0732,1.0,0.0943,0.0606,1.0,0.0,0.0,0,1.28,39,0,7,0.0,0.0,0.0
90.891,1496,16.1,0.0732,1.0,0.0943,0.0606,1.0,0.0,0.0,0,1.24,39,0,7,0.0,0.0,0.0
90.935,1497,16.1,0.0732,1.0,0.0943,0.0606,1.0,0.0,0.0,0,1.2,39,0,7,0.0,0.0,0.0
90.984,1498,16.1,0.0732,1.0,0.0943,0.0606,1.0,0.0,0.0,0,1.16,39,0,7,0.0,0.0,0.0
91.027,1499,16.1,0.0732,1.0,0.0943,0.0606,1.0,0.0,0.0,0,1.12,39,0,7,0.0,0.0,0.0
91.075,1500,16.1,0.0732,1.0,0.0943,0.0606,0.9643,0.0,0.0,0,1.08,39,0,7,0.0,0.0,0.0
91.126,1501,20.3,0.0732,1.0,0.0943,0.0606,0.9285,0.0,0.0,0,1.04,39,0,7,0.0,0.0,0.0
91.169,1502,20.3,0.0732,1.0,0.0943,0.0606,0.8928,0.0,0.0,0,1.0,39,0,7,0.0,0.0,0.0
91.217,1503,20.3,0.0732,1.0,0.0943,0.0606,0.8928,0.0,0.0,0,1.0,39,0,7,0.0,0.0,0.0
91.267,1504,20.3,0.0732,1.0,0.0943,0.0606,0.8928,0.0,0.0,0,1.0,39,0,7,0.0,0.0,0.0
91.31,1505,20.3,0.0732,1.0,0.0943,0.0606,0.8928,0.0,0.0,0,1.0,39,0,7,0.0,0.0,0.0
91.364,1506,20.3,0.0732,1.0,0.0943,0.0606,0.8928,0.0,0.0,0,1.0,39,0,7,0.0,0.0,0.0
91.404,1507,20.3,0.0732,1.0,0.0943,0.0606,0.8928,0.0,0.0,0,1.0,39,0,7,0.0,0.0,0.0
91.454,1508,20.3,0.0732,1.0,0.0943,0.0606,0.8928,0.0,0.0,0,1.0,39,0,7,0.0,0.0,0.0
91.504,1509,20.3,0.0732,1.0,0.0943,0.0606,0.8928,0.0,0.0,0,1.0,39,0,7,0.0,0.0,0.0
91.545,1510,20.3,0.0732,1.0,0.0943,0.0606,0.8928,0.0,0.0,0,1.0,39,0,7,0.0,0.0,0.0
91.598,1511,20.3,0.0732,1.0,0.0943,0.0606,0.8928,0.0,0.0,0,1.0,39,0,7,0.0,0.0,0.0
91.644,1512,20.3,0.0732,1.0,0.0943,0.0606,0.8928,0.0,0.0,0,1.0,39,0,7,0.0,0.0,0.0
91.686,1513,20.3,0.0732,1.0,0.0943,0.0606,0.8928,0.0,0.0,0,1.0,39,0,7,0.0,0.0,0.0
91.739,1514,20.3,0.0732,1.0,0.0943,0.0606,0.8928,0.0,0.0,0,1.0,39,0,7,0.0,0.0,0.0
91.78,1515,20.3,0.0732,1.0,0.0943,0.0606,1.0,0.0,0.0,0,1.6,39,0,8,0.0,0.0,0.0
91.831,1516,20.3,0.0732,1.0,0.0943,0.0606,1.0,0.0,0.0,0,1.56,39,0,8,0.0,0.0,0.0
91.884,1517,20.3,0.0732,1.0,0.0943,0.0606,1.0,0.0,0.0,0,1.52,39,0,8,0.0,0.0,0.0
91.933,1518,20.3,0.0732,1.0,0.0943,0.0606,1.0,0.0,0.0,0,1.48,39,0,8,0.0,0.0,0.0
91.976,1519,20.3,0.0732,1.0,0.0943,0.0606,1.0,0.0,0.0,0,1.44,39,0,8,0.0,0.0,0.0
92.027,1520,20.3,0.0732,1.0,0.0943,0.0606,1.0,0.0,0.0,0,1.4,39,0,8,0.0,0.0,0.0
92.071,1521,20.3,0.0732,1.0,0.0943,0.0606,1.0,0.0,0.0,0,1.36,39,0,8,0.0,0.0,0.0
92.118,1522,20.3,0.0732,1.0,0.0943,0.0606,1.0,0.0,0.0,0,1.32,39,0,8,0.0,0.0,0.0
92.167,1523,20.3,0.0732,1.0,0.0943,0.0606,1.0,0.0,0.0,0,1.28,39,0,8,0.0,0.0,0.0
92.209,1524,20.3,0.0732,1.0,0.0943,0.0606,1.0,0.0,0.0,0,1.24,39,0,8,0.0,0.0,0.0
92.26,1525,20.3,0.0732,1.0,0.0943,0.0606,1.0,0.0,0.0,0,1.2,39,0,8,0.0,0.0,0.0
92.31,1526,20.3,0.0732,1.0,0.0943,0.0606,1.0,0.0,0.0,0,1.16,39,0,8,0.0,0.0,0.0
92.356,1527,20.3,0.0732,1.0,0.0943,0.0606,1.0,0.0,0.0,0,1.12,39,0,8,0.0,0.0,0.0
92.402,1528,20.3,0.0732,1.0,0.0943,0.0606,0.9643,0.0,0.0,0,1.08,39,0,8,0.0,0.0,0.0
92.448,1529,20.3,0.0732,1.0,0.0943,0.0606,0.9285,0.0,0.0,0,1.04,39,0,8,0.0,0.0,0.0
92.495,1530,20.3,0.0732,1.0,0.0943,0.0606,0.8928,0.0,0.0,0,1.0,39,0,8,0.0,0.0,0.0
92.544,1531,21.1,0.0732,1.0,0.0943,0.0606,0.8928,0.0,0.0,0,1.0,39,0,8,0.0,0.0,0.0
92.592,1532,21.1,0.0732,1.0,0.0943,0.0606,0.8928,0.0,0.0,0,1.0,39,0,8,0.0,0.0,0.0
92.64,1533,21.1,0.0732,1.0,0.0943,0.0606,0.8928,0.0,0.0,0,1.0,39,0,8,0.0,0.0,0.0
92.694,1534,21.1,0.0732,1.0,0.0943,0.0633,0.8928,0.0,0.0,0,1.0,39,0,8,0.0,0.0,0.0
92.746,1535,21.1,0.0732,1.0,0.0943,0.0606,0.8928,0.0,0.0,0,1.0,39,0,8,0.0,0.0,0.0
92.789,1536,21.1,0.0732,1.0,0.0943,0.0606,0.8928,0.0,0.0,0,1.0,39,0,8,0.0,0.0,0.0
92.838,1537,21.1,0.0732,1.0,0.0943,0.0606,0.8928,0.0,0.0,0,1.0,39,0,8,0.0,0.0,0.0
92.885,1538,21.1,0.0732,1.0,0.0943,0.0606,0.8928,0.0,0.0,0,1.0,39,0,8,0.0,0.0,0.0
92.925,1539,21.1,0.0732,1.0,0.0943,0.0606,0.8928,0.0,0.0,0,1.0,39,0,8,0.0,0.0,0.0
92.974,1540,21.1,0.0732,1.0,0.0943,0.0606,0.8928,0.0,0.0,0,1.0,39,0,8,0.0,0.0,0.0
93.018,1541,21.1,0.0732,1.0,0.0943,0.0606,0.8928,0.0,0.0,0,1.0,39,0,8,0.0,0.0,0.0
93.068,1542,21.1,0.0732,1.0,0.0943,0.0606,0.8928,0.0,0.0,0,1.0,39,0,8,0.0,0.0,0.0
93.112,1543,21.1,0.0732,1.0,0.0943,0.0606,1.0,0.0,0.0,0,1.6,39,0,9,0.0,0.0,0.0
93.158,1544,21.1,0.0732,1.0,0.0943,0.0606,1.0,0.0,0.0,0,1.56,39,0,9,0.0,0.0,0.0
93.209,1545,21.1,0.0732,1.0,0.0943,0.0606,1.0,0.0,0.0,0,1.52,39,0,9,0.0,0.0,0.0
93.252,1546,21.1,0.0732,1.0,0.0943,0.0606,1.0,0.0,0.0,0,1.48,39,0,9,0.0,0.0,0.0
93.301,1547,21.1,0.0732,1.0,0.0943,0.0606,1.0,0.0,0.0,0,1.44,39,0,9,0.0,0.0,0.0
93.345,1548,21.1,0.0732,1.0,0.0943,0.0606,1.0,0.0,0.0,0,1.4,39,0,9,0.0,0.0,0.0
93.394,1549,21.1,0.0732,1.0,0.0943,0.0606,1.0,0.0,0.0,0,1.36,39,0,9,0.0,0.0,0.0
93.446,1550,21.1,0.0732,1.0,0.0943,0.0606,1.0,0.0,0.0,0,1.32,39,0,9,0.0,0.0,0.0
93.488,1551,21.1,0.0732,1.0,0.0943,0.0606,1.0,0.0,0.0,0,1.28,39,0,9,0.0,0.0,0.0
93.536,1552,21.1,0.0732,1.0,0.0943,0.0606,1.0,0.0,0.0,0,1.24,39,0,9,0.0,0.0,0.0
93.579,1553,21.1,0.0732,1.0,0.0943,0.0606,1.0,0.0,0.0,0,1.2,39,0,9,0.0,0.0,0.0
93.628,1554,21.1,0.0732,1.0,0.0943,0.0606,1.0,0.0,0.0,0,1.16,39,0,9,0.0,0.0,0.0
93.678,1555,21.1,0.0732,1.0,0.0943,0.0606,1.0,0.0,0.0,0,1.12,39,0,9,0.0,0.0,0.0
93.72,1556,21.1,0.0732,1.0,0.0943,0.0606,0.9643,0.0,0.0,0,1.08,39,0,9,0.0,0.0,0.0
93.774,1557,21.1,0.0732,1.0,0.0943,0.0606,0.9285,0.0,0.0,0,1.04,39,0,9,0.0,0.0,0.0
93.814,1558,21.1,0.0732,1.0,0.0943,0.0606,0.8928,0.0,0.0,0,1.0,39,0,9,0.0,0.0,0.0
93.864,1559,21.1,0.0732,1.0,0.0943,0.0606,0.8928,0.0,0.0,0,1.0,39,0,9,0.0,0.0,0.0
93.909,1560,21.1,0.0732,1.0,0.0943,0.0606,0.8928,0.0,0.0,0,1.0,39,0,9,0.0,0.0,0.0
93.95,1561,21.2,0.0732,1.0,0.0943,0.0606,0.8928,0.0,0.0,0,1.0,39,0,9,0.0,0.0,0.0
93.999,1562,21.2,0.0732,1.0,0.0943,0.0606,0.8928,0.0,0.0,0,1.0,39,0,9,0.0,0.0,0.0
94.052,1563,21.2,0.0732,1.0,0.0943,0.0606,0.8928,0.0,0.0,0,1.0,39,0,9,0.0,0.0,0.0
94.094,1564,21.2,0.0732,1.0,0.0943,0.0606,0.8928,0.0,0.0,0,1.0,39,0,9,0.0,0.0,0.0
94.143,1565,21.2,0.0732,1.0,0.0943,0.0606,0.8928,0.0,0.0,0,1.0,39,0,9,0.0,0.0,0.0
94.186,1566,21.2,0.0732,1.0,0.0943,0.0606,0.8928,0.0,0.0,0,1.0,39,0,9,0.0,0.0,0.0
94.234,1567,21.2,0.0732,1.0,0.0943,0.0606,0.8928,0.0,0.0,0,1.0,39,0,9,0.0,0.0,0.0
94.284,1568,21.2,0.0732,1.0,0.0943,0.0606,0.8928,0.0,0.0,0,1.0,39,0,9,0.0,0.0,0.0
94.327,1569,21.2,0.0732,1.0,0.0943,0.0606,0.8928,0.0,0.0,0,1.0,39,0,9,0.0,0.0,0.0
94.379,1570,21.2,0.0732,1.0,0.0943,0.0606,0.8928,0.0,0.0,0,1.0,39,0,9,0.0,0.0,0.0
94.42,1571,21.2,0.0732,1.0,0.0943,0.0606,1.0,0.0,0.0,0,1.6,39,0,10,0.0,0.0,0.0
94.47,1572,21.2,0.0732,1.0,0.0943,0.0606,1.0,0.0,0.0,0,1.56,39,0,10,0.0,0.0,0.0
94.52,1573,21.2,0.0732,1.0,0.0943,0.0606,1.0,0.0,0.0,0,1.52,39,0,10,0.0,0.0,0.0
94.56,1574,21.2,0.0732,1.0,0.0943,0.0606,1.0,0.0,0.0,0,1.48,39,0,10,0.0,0.0,0.0
94.611,1575,21.2,0.0732,1.0,0.0943,0.0606,1.0,0.0,0.0,0,1.44,39,0,10,0.0,0.0,0.0
94.654,1576,21.2,0.0732,1.0,0.0943,0.0606,1.0,0.0,0.0,0,1.4,39,0,10,0.0,0.0,0.0
94.704,1577,21.2,0.0732,1.0,0.0943,-0.134,1.0,0.0,0.0,0,1.36,39,0,10,0.0,0.0,0.0
94.755,1578,21.2,0.0732,1.0,0.0943,0.0606,1.0,0.0,0.0,0,1.32,39,0,10,0.0,0.0,0.0
94.794,1579,21.2,0.0732,1.0,0.0943,0.0606,1.0,0.0,0.0,0,1.28,39,0,10,0.0,0.0,0.0
94.846,1580,21.2,0.0732,1.0,0.0943,0.0606,1.0,0.0,0.0,0,1.24,39,0,10,0.0,0.0,0.0
94.892,1581,21.2,0.0732,1.0,0.0943,0.0606,1.0,0.0,0.0,0,1.2,39,0,10,0.0,0.0,0.0
94.935,1582,21.2,0.0732,1.0,0.0943,0.0606,1.0,0.0,0.0,0,1.16,39,0,10,0.0,0.0,0.0
94.983,1583,21.2,0.0732,1.0,0.0943,0.0606,1.0,0.0,0.0,0,1.12,39,0,10,0.0,0.0,0.0
95.024,1584,21.2,0.0732,1.0,0.0943,0.0606,0.9643,0.0,0.0,0,1.08,39,0,10,0.0,0.0,0.0
95.074,1585,21.2,0.0732,1.0,0.0943,-0.0365,0.9285,0.0,0.0,0,1.04,39,0,10,0.0,0.0,0.0
95.127,1586,21.2,0.0732,1.0,0.0943,0.0606,0.8928,0.0,0.0,0,1.0,39,0,10,0.0,0.0,0.0
95.167,1587,21.2,0.0732,1.0,0.0943,0.0606,0.8928,0.0,0.0,0,1.0,39,0,10,0.0,0.0,0.0
95.216,1588,21.2,0.0732,1.0,0.0943,0.0606,0.8928,0.0,0.0,0,1.0,39,0,10,0.0,0.0,0.0
95.26,1589,21.2,0.0732,1.0,0.0943,0.0606,0.8928,0.0,0.0,0,1.0,39,0,10,0.0,0.0,0.0
95.309,1590,21.2,0.0732,1.0,0.0943,0.0606,0.8928,0.0,0.0,0,1.0,39,0,10,0.0,0.0,0.0
95.362,1591,21.4,0.0732,1.0,0.0943,0.0606,0.8928,0.0,0.0,0,1.0,39,0,10,0.0,0.0,0.0
95.402,1592,21.4,0.0732,1.0,0.0943,0.0606,0.8928,0.0,0.0,0,1.0,39,0,10,0.0,0.0,0.0
95.457,1593,21.4,0.0732,1.0,0.0943,0.0606,0.8928,0.0,0.0,0,1.0,39,0,10,0.0,0.0,0.0
95.494,1594,21.4,0.0732,1.0,0.0943,0.0606,0.8928,0.0,0.0,0,1.0,39,0,10,0.0,0.0,0.0
95.544,1595,21.4,0.0732,1.0,0.0943,0.0606,0.8928,0.0,0.0,0,1.0,39,0,10,0.0,0.0,0.0
95.593,1596,21.4,0.0732,1.0,0.0943,0.0606,0.8928,0.0,0.0,0,1.0,39,0,10,0.0,0.0,0.0
95.637,1597,21.4,0.0732,1.0,0.0943,0.0606,0.8928,0.0,0.0,0,1.0,39,0,10,0.0,0.0,0.0
95.685,1598,21.4,0.0732,1.0,0.0943,0.0606,0.8928,0.0,0.0,0,1.0,39,0,10,0.0,0.0,0.0
95.728,1599,21.4,0.0732,1.0,0.0943,0.0606,1.0,0.0,0.0,0,1.6,39,0,11,0.0,0.0,0.0
95.78,1600,21.4,0.0732,1.0,0.0943,0.0606,1.0,0.0,0.0,0,1.56,39,0,11,0.0,0.0,0.0
95.83,1601,21.4,0.0732,1.0,0.0943,0.0606,1.0,0.0,0.0,0,1.52,39,0,11,0.0,0.0,0.0
95.869,1602,21.4,0.0732,1.0,0.0943,0.0606,1.0,0.0,0.0,0,1.48,39,0,11,0.0,0.0,0.0
95.917,1603,21.4,0.0732,1.0,0.0943,0.0606,1.0,0.0,0.0,0,1.44,39,0,11,0.0,0.0,0.0
95.958,1604,21.4,0.0732,1.0,0.0943,0.0606,1.0,0.0,0.0,0,1.4,39,0,11,0.0,0.0,0.0
96.008,1605,21.4,0.0732,1.0,0.0943,0.0606,1.0,0.0,0.0,0,1.36,39,0,11,0.0,0.0,0.0
96.061,1606,21.4,0.0732,1.0,0.0943,0.0606,1.0,0.0,0.0,0,1.32,39,0,11,0.0,0.0,0.0
96.1,1607,21.4,0.0732,1.0,0.0943,0.0606,1.0,0.0,0.0,0,1.28,39,0,11,0.0,0.0,0.0
96.151,1608,21.4,0.0732,1.0,0.0943,0.0606,1.0,0.0,0.0,0,1.24,39,0,11,0.0,0.0,0.0
96.191,1609,21.4,0.0732,1.0,0.0943,0.0606,1.0,0.0,0.0,0,1.2,39,0,11,0.0,0.0,0.0
96.242,1610,21.4,0.0732,1.0,0.0943,0.0606,1.0,0.0,0.0,0,1.16,39,0,11,0.0,0.0,0.0
96.294,1611,21.4,0.0732,1.0,0.0943,0.0606,1.0,0.0,0.0,0,1.12,39,0,11,0.0,0.0,0.0
96.336,1612,21.4,0.0732,1.0,0.0943,0.0606,0.9643,0.0,0.0,0,1.08,39,0,11,0.0,0.0,0.0
96.387,1613,21.4,0.0732,1.0,0.0943,0.0606,0.9285,0.0,0.0,0,1.04,39,0,11,0.0,0.0,0.0
96.427,1614,21.4,0.0732,1.0,0.0943,0.0606,0.8928,0.0,0.0,0,1.0,39,0,11,0.0,0.0,0.0
96.477,1615,21.4,0.0732,1.0,0.0943,0.0606,0.8928,0.0,0.0,0,1.0,39,0,11,0.0,0.0,0.0
96.519,1616,21.4,0.0732,1.0,0.0943,0.0606,0.8928,0.0,0.0,0,1.0,39,0,11,0.0,0.0,0.0
96.571,1617,21.4,0.0732,1.0,0.0943,0.0606,0.8928,0.0,0.0,0,1.0,39,0,11,0.0,0.0,0.0
96.618,1618,21.4,0.0732,1.0,0.0943,0.0606,0.8928,0.0,0.0,0,1.0,39,0,11,0.0,0.0,0.0
96.662,1619,21.4,0.0732,1.0,0.0943,0.0606,0.8928,0.0,0.0,0,1.0,39,0,11,0.0,0.0,0.0
96.712,1620,21.4,0.0732,1.0,0.0943,0.0606,0.8928,0.0,0.0,0,1.0,39,0,11,0.0,0.0,0.0
96.756,1621,21.4,0.0732,1.0,0.0943,0.0606,0.8928,0.0,0.0,0,1.0,39,0,11,0.0,0.0,0.0
96.803,1622,21.4,0.0732,1.0,0.0943,0.0606,0.8928,0.0,0.0,0,1.0,39,0,11,0.0,0.0,0.0
96.854,1623,21.4,0.0732,1.0,0.0943,0.0606,0.8928,0.0,0.0,0,1.0,39,0,11,0.0,0.0,0.0
96.894,1624,21.4,0.0732,1.0,0.0943,0.0606,0.8928,0.0,0.0,0,1.0,39,0,11,0.0,0.0,0.0
96.943,1625,21.4,0.0732,1.0,0.0943,0.0606,0.8928,0.0,0.0,0,1.0,39,0,11,0.0,0.0,0.0
96.994,1626,21.4,0.0732,1.0,0.0943,0.0606,0.8928,0.0,0.0,0,1.0,39,0,11,0.0,0.0,0.0
97.036,1627,21.4,0.0732,1.0,0.0943,0.0606,1.0,0.0,0.0,0,1.6,39,0,12,0.0,0.0,0.0
97.085,1628,21.4,0.0732,1.0,0.0943,0.0606,1.0,0.0,0.0,0,1.56,39,0,12,0.0,0.0,0.0
97.127,1629,21.4,0.0732,1.0,0.0943,0.0606,1.0,0.0,0.0,0,1.52,39,0,12,0.0,0.0,0.0
97.177,1630,21.4,0.0732,1.0,0.0943,0.0606,1.0,0.0,0.0,0,1.48,39,0,12,0.0,0.0,0.0
97.22,1631,21.4,0.0732,1.0,0.0943,0.0606,1.0,0.0,0.0,0,1.44,39,0,12,0.0,0.0,0.0
97.27,1632,21.4,0.0732,1.0,0.0943,0.0606,1.0,0.0,0.0,0,1.4,39,0,12,0.0,0.0,0.0
97.32,1633,21.4,0.0732,1.0,0.0943,-0.0302,1.0,0.0,0.0,0,1.36,39,0,12,0.0,0.0,0.0
97.362,1634,21.4,0.0732,1.0,0.0943,0.0606,1.0,0.0,0.0,0,1.32,39,0,12,0.0,0.0,0.0
97.413,1635,21.4,0.0732,1.0,0.0943,0.0606,1.0,0.0,0.0,0,1.28,39,0,12,0.0,0.0,0.0
97.452,1636,21.4,0.0732,1.0,0.0943,0.0606,1.0,0.0,0.0,0,1.24,39,0,12,0.0,0.0,0.0
97.503,1637,21.4,0.0732,1.0,0.0943,0.0606,1.0,0.0,0.0,0,1.2,39,0,12,0.0,0.0,0.0
97.553,1638,21.4,0.0732,1.0,0.0943,0.0606,1.0,0.0,0.0,0,1.16,39,0,12,0.0,0.0,0.0
97.595,1639,21.4,0.0732,1.0,0.0943,0.0606,1.0,0.0,0.0,0,1.12,39,0,12,0.0,0.0,0.0
97.643,1640,21.4,0.0732,1.0,0.0943,0.0606,0.9643,0.0,0.0,0,1.08,39,0,12,0.0,0.0,0.0
97.685,1641,21.4,0.0732,1.0,0.0943,0.0606,0.9285,0.0,0.0,0,1.04,39,0,12,0.0,0.0,0.0
97.737,1642,21.4,0.0732,1.0,0.0943,0.0606,0.8928,0.0,0.0,0,1.0,39,0,12,0.0,0.0,0.0
97.787,1643,21.4,0.0732,1.0,0.0943,0.0606,0.8928,0.0,0.0,0,1.0,39,0,12,0.0,0.0,0.0
97.829,1644,21.4,0.0732,1.0,0.0943,0.0606,0.8928,0.0,0.0,0,1.0,39,0,12,0.0,0.0,0.0
97.875,1645,21.4,0.0732,1.0,0.0943,0.0606,0.8928,0.0,0.0,0,1.0,39,0,12,0.0,0.0,0.0
97.926,1646,21.4,0.0732,1.0,0.0943,0.0606,0.8928,0.0,0.0,0,1.0,39,0,12,0.0,0.0,0.0
97.967,1647,21.4,0.0732,1.0,0.0943,0.0606,0.8928,0.0,0.0,0,1.0,39,0,12,0.0,0.0,0.0
98.017,1648,21.4,0.0732,1.0,0.0943,0.0606,0.8928,0.0,0.0,0,1.0,39,0,12,0.0,0.0,0.0
98.063,1649,21.4,0.0732,1.0,0.0943,0.0606,0.8928,0.0,0.0,0,1.0,39,0,12,0.0,0.0,0.0
98.111,1650,21.4,0.0732,1.0,0.0943,0.0606,0.8928,0.0,0.0,0,1.0,39,0,12,0.0,0.0,0.0
98.158,1651,21.4,0.0732,1.0,0.0943,0.0606,0.8928,0.0,0.0,0,1.0,39,0,12,0.0,0.0,0.0
98.2,1652,21.4,0.0732,1.0,0.0943,0.0606,0.8928,0.0,0.0,0,1.0,39,0,12,0.0,0.0,0.0
98.249,1653,21.4,0.0732,1.0,0.0943,0.0606,0.8928,0.0,0.0,0,1.0,39,0,12,0.0,0.0,0.0
98.292,1654,21.4,0.0732,1.0,0.0943,0.0606,0.8928,0.0,0.0,0,1.0,39,0,12,0.0,0.0,0.0
98.345,1655,21.4,0.0732,1.0,0.0943,0.0606,1.0,0.0,0.0,0,1.6,39,0,13,0.0,0.0,0.0
98.398,1656,21.4,0.0732,1.0,0.0943,0.0606,1.0,0.0,0.0,0,1.56,39,0,13,0.0,0.0,0.0
98.454,1657,21.4,0.0732,1.0,0.0943,0.0606,1.0,0.0,0.0,0,1.52,39,0,13,0.0,0.0,0.0
98.504,1658,21.4,0.0732,1.0,0.0943,0.0606,1.0,0.0,0.0,0,1.48,39,0,13,0.0,0.0,0.0
98.545,1659,21.4,0.0732,1.0,0.0943,0.3309,1.0,0.0,0.0,0,1.44,39,0,13,0.0,0.0,0.0
98.594,1660,21.4,0.0732,1.0,0.0943,0.1006,1.0,0.0,0.0,0,1.4,39,0,13,0.0,0.0,0.0
98.636,1661,21.4,0.0732,1.0,0.0943,0.0606,1.0,0.0,0.0,0,1.36,39,0,13,0.0,0.0,0.0
98.685,1662,21.4,0.0732,1.0,0.0943,0.0606,1.0,0.0,0.0,0,1.32,39,0,13,0.0,0.0,0.0
98.738,1663,21.4,0.0732,1.0,0.0943,0.0606,1.0,0.0,0.0,0,1.28,39,0,13,0.0,0.0,0.0
98.787,1664,21.4,0.0732,1.0,0.0943,0.0606,1.0,0.0,0.0,0,1.24,39,0,13,0.0,0.0,0.0
98.83,1665,21.4,0.0732,1.0,0.0943,0.0606,1.0,0.0,0.0,0,1.2,39,0,13,0.0,0.0,0.0
98.88,1666,21.4,0.0732,1.0,0.0943,0.0606,1.0,0.0,0.0,0,1.16,39,0,13,0.0,0.0,0.0
98.916,1667,21.4,0.0732,1.0,0.0943,0.0606,1.0,0.0,0.0,0,1.12,39,0,13,0.0,0.0,0.0
98.967,1668,21.4,0.0732,1.0,0.0943,0.0606,0.9643,0.0,0.0,0,1.08,39,0,13,0.0,0.0,0.0
99.018,1669,21.4,0.0732,1.0,0.0943,0.0606,0.9285,0.0,0.0,0,1.04,39,0,13,0.0,0.0,0.0
99.06,1670,21.4,0.0732,1.0,0.0943,0.0606,0.8928,0.0,0.0,0,1.0,39,0,13,0.0,0.0,0.0
99.11,1671,21.4,0.0732,1.0,0.0943,0.0606,0.8928,0.0,0.0,0,1.0,39,0,13,0.0,0.0,0.0
99.15,1672,21.4,0.0732,1.0,0.0943,0.0606,0.8928,0.0,0.0,0,1.0,39,0,13,0.0,0.0,0.0
99.2,1673,21.4,0.0732,1.0,0.0943,0.0606,0.8928,0.0,0.0,0,1.0,39,0,13,0.0,0.0,0.0
99.249,1674,21.4,0.0732,1.0,0.0943,0.0606,0.8928,0.0,0.0,0,1.0,39,0,13,0.0,0.0,0.0
99.294,1675,21.4,0.0732,1.0,0.0943,0.0606,0.8928,0.0,0.0,0,1.0,39,0,13,0.0,0.0,0.0
99.352,1676,21.4,0.0732,1.0,0.0943,0.0606,0.8928,0.0,0.0,0,1.0,39,0,13,0.0,0.0,0.0
99.402,1677,21.4,0.0732,1.0,0.0943,0.0606,0.8928,0.0,0.0,0,1.0,39,0,13,0.0,0.0,0.0
99.453,1678,21.4,0.0732,1.0,0.0943,0.0606,0.8928,0.0,0.0,0,1.0,39,0,13,0.0,0.0,0.0
99.504,1679,21.4,0.0732,1.0,0.0943,0.0606,0.8928,0.0,0.0,0,1.0,39,0,13,0.0,0.0,0.0
99.545,1680,21.4,0.0732,1.0,0.0943,0.0606,0.8928,0.0,0.0,0,1.0,39,0,13,0.0,0.0,0.0
99.595,1681,20.9,0.0732,1.0,0.0943,0.0606,0.8928,0.0,0.0,0,1.0,39,0,13,0.0,0.0,0.0
99.635,1682,20.9,0.0732,1.0,0.0943,0.0606,0.8928,0.0,0.0,0,1.0,39,0,13,0.0,0.0,0.0
99.686,1683,20.9,0.0732,1.0,0.0943,0.0606,1.0,0.0,0.0,0,1.6,39,0,14,0.0,0.0,0.0
99.737,1684,20.9,0.0732,1.0,0.0943,0.0606,1.0,0.0,0.0,0,1.56,39,0,14,0.0,0.0,0.0
99.78,1685,20.9,0.0732,1.0,0.0943,-0.0974,1.0,0.0,0.0,0,1.52,39,0,14,0.0,0.0,0.0
99.829,1686,20.9,0.0732,1.0,0.0943,0.0606,1.0,0.0,0.0,0,1.48,39,0,14,0.0,0.0,0.0
99.878,1687,20.9,0.0732,1.0,0.0943,0.0606,1.0,0.0,0.0,0,1.44,39,0,14,0.0,0.0,0.0
99.918,1688,20.9,0.0732,1.0,0.0943,0.0606,1.0,0.0,0.0,0,1.4,39,0,14,0.0,0.0,0.0
99.967,1689,20.9,0.0732,1.0,0.0943,0.0606,1.0,0.0,0.0,0,1.36,39,0,14,0.0,0.0,0.0
100.009,1690,20.9,0.0732,1.0,0.0943,0.0606,1.0,0.0,0.0,0,1.32,39,0,14,0.0,0.0,0.0
100.059,1691,20.9,0.0732,1.0,0.0943,0.0606,1.0,0.0,0.0,0,1.28,39,0,14,0.0,0.0,0.0
100.111,1692,20.9,0.0732,1.0,0.0943,0.0606,1.0,0.0,0.0,0,1.24,39,0,14,0.0,0.0,0.0
100.158,1693,20.9,0.0732,1.0,0.0943,0.0606,1.0,0.0,0.0,0,1.2,39,0,14,0.0,0.0,0.0
100.201,1694,20.9,0.0732,1.0,0.0943,0.0606,1.0,0.0,0.0,0,1.16,39,0,14,0.0,0.0,0.0
100.25,1695,20.9,0.0732,1.0,0.0943,0.0606,1.0,0.0,0.0,0,1.12,39,0,14,0.0,0.0,0.0
100.295,1696,20.9,0.0732,1.0,0.0943,0.0606,0.9643,0.0,0.0,0,1.08,39,0,14,0.0,0.0,0.0
100.343,1697,20.9,0.0732,1.0,0.0943,0.0606,0.9285,0.0,0.0,0,1.04,39,0,14,0.0,0.0,0.0
100.394,1698,20.9,0.0732,1.0,0.0943,0.0606,0.8928,0.0,0.0,0,1.0,39,0,14,0.0,0.0,0.0
100.439,1699,20.9,0.0732,1.0,0.0943,0.0606,0.8928,0.0,0.0,0,1.0,39,0,14,0.0,0.0,0.0
100.49,1700,20.9,0.0732,1.0,0.0943,0.0606,0.8928,0.0,0.0,0,1.0,39,0,14,0.0,0.0,0.0
100.543,1701,20.9,0.0732,1.0,0.0943,0.0606,0.8928,0.0,0.0,0,1.0,39,0,14,0.0,0.0,0.0
100.593,1702,20.9,0.0732,1.0,0.0943,0.0606,0.8928,0.0,0.0,0,1.0,39,0,14,0.0,0.0,0.0
100.645,1703,20.9,0.0732,1.0,0.0943,0.0606,0.8928,0.0,0.0,0,1.0,39,0,14,0.0,0.0,0.0
100.69,1704,20.9,0.0732,1.0,0.0943,0.0606,0.8928,0.0,0.0,0,1.0,39,0,14,0.0,0.0,0.0
100.738,1705,20.9,0.0732,1.0,0.0943,0.0606,0.8928,0.0,0.0,0,1.0,39,0,14,0.0,0.0,0.0
100.779,1706,20.9,0.0732,1.0,0.0943,0.0725,0.8928,0.0,0.0,0,1.0,39,0,14,0.0,0.0,0.0
100.827,1707,20.9,0.0732,1.0,0.0943,0.0606,0.8928,0.0,0.0,0,1.0,39,0,14,0.0,0.0,0.0
100.88,1708,20.9,0.0732,1.0,0.0943,0.0606,0.8928,0.0,0.0,0,1.0,39,0,14,0.0,0.0,0.0
100.918,1709,20.9,0.0732,1.0,0.0943,0.0606,0.8928,0.0,0.0,0,1.0,39,0,14,0.0,0.0,0.0
100.968,1710,20.9,0.0732,1.0,0.0943,0.0606,0.8928,0.0,0.0,0,1.0,39,0,14,0.0,0.0,0.0
101.01,1711,21.1,0.0732,1.0,0.0943,0.0606,1.0,0.0,0.0,0,1.6,39,0,15,0.0,0.0,0.0
101.064,1712,21.1,0.0732,1.0,0.0943,0.0606,1.0,0.0,0.0,0,1.56,39,0,15,0.0,0.0,0.0
101.119,1713,21.1,0.0732,1.0,0.0943,0.0606,1.0,0.0,0.0,0,1.52,39,0,15,0.0,0.0,0.0
101.171,1714,21.1,0.0732,1.0,0.0943,0.0606,1.0,0.0,0.0,0,1.48,39,0,15,0.0,0.0,0.0
101.22,1715,21.1,0.0732,1.0,0.0943,0.0606,1.0,0.0,0.0,0,1.44,39,0,15,0.0,0.0,0.0
101.258,1716,21.1,0.0732,1.0,0.0943,0.0606,1.0,0.0,0.0,0,1.4,39,0,15,0.0,0.0,0.0
101.312,1717,21.1,0.0732,1.0,0.0943,0.0606,1.0,0.0,0.0,0,1.36,39,0,15,0.0,0.0,0.0
101.354,1718,21.1,0.0732,1.0,0.0943,0.0407,1.0,0.0,0.0,0,1.32,39,0,15,0.0,0.0,0.0
101.402,1719,21.1,0.0732,1.0,0.0943,0.0606,1.0,0.0,0.0,0,1.28,39,0,15,0.0,0.0,0.0
101.443,1720,21.1,0.0732,1.0,0.0943,0.0606,1.0,0.0,0.0,0,1.24,39,0,15,0.0,0.0,0.0
101.495,1721,21.1,0.0732,1.0,0.0943,0.0606,1.0,0.0,0.0,0,1.2,39,0,15,0.0,0.0,0.0
101.544,1722,21.1,0.0732,1.0,0.0943,0.0606,1.0,0.0,0.0,0,1.16,39,0,15,0.0,0.0,0.0
101.586,1723,21.1,0.0732,1.0,0.0943,0.0606,1.0,0.0,0.0,0,1.12,39,0,15,0.0,0.0,0.0
101.634,1724,21.1,0.0732,1.0,0.0943,0.0606,0.9643,0.0,0.0,0,1.08,39,0,15,0.0,0.0,0.0
101.686,1725,21.1,0.0732,1.0,0.0943,0.0606,0.9285,0.0,0.0,0,1.04,39,0,15,0.0,0.0,0.0
101.73,1726,21.1,0.0732,1.0,0.0943,0.2059,0.8928,0.0,0.0,0,1.0,39,0,15,0.0,0.0,0.0
101.783,1727,21.1,0.0732,1.0,0.0943,0.0606,0.8928,0.0,0.0,0,1.0,39,0,15,0.0,0.0,0.0
101.839,1728,21.1,0.0732,1.0,0.0943,0.0606,0.8928,0.0,0.0,0,1.0,39,0,15,0.0,0.0,0.0
101.884,1729,21.1,0.0732,1.0,0.0943,0.0606,0.8928,0.0,0.0,0,1.0,39,0,15,0.0,0.0,0.0
101.925,1730,21.1,0.0732,1.0,0.0943,0.0606,0.8928,0.0,0.0,0,1.0,39,0,15,0.0,0.0,0.0
101.975,1731,21.1,0.0732,1.0,0.0943,0.0606,0.8928,0.0,0.0,0,1.0,39,0,15,0.0,0.0,0.0
102.024,1732,21.1,0.0732,1.0,0.0943,0.0606,0.8928,0.0,0.0,0,1.0,39,0,15,0.0,0.0,0.0
102.066,1733,21.1,0.0732,1.0,0.0943,0.0606,0.8928,0.0,0.0,0,1.0,39,0,15,0.0,0.0,0.0
102.116,1734,21.1,0.0732,1.0,0.0943,0.0606,0.8928,0.0,0.0,0,1.0,39,0,15,0.0,0.0,0.0
102.159,1735,21.1,0.0732,1.0,0.0943,0.0606,0.8928,0.0,0.0,0,1.0,39,0,15,0.0,0.0,0.0
102.209,1736,21.1,0.0732,1.0,0.0943,0.0606,0.8928,0.0,0.0,0,1.0,39,0,15,0.0,0.0,0.0
102.259,1737,21.1,0.0732,1.0,0.0943,0.0606,0.8928,0.0,0.0,0,1.0,39,0,15,0.0,0.0,0.0
102.301,1738,21.1,0.0732,1.0,0.0943,0.0606,0.8928,0.0,0.0,0,1.0,39,0,15,0.0,0.0,0.0
102.353,1739,21.1,0.0732,1.0,0.0943,0.0606,1.0,0.0,0.0,0,1.6,39,0,16,0.0,0.0,0.0
102.394,1740,21.1,0.0732,1.0,0.0943,0.0606,1.0,0.0,0.0,0,1.56,39,0,16,0.0,0.0,0.0
102.444,1741,21.0,0.0732,1.0,0.0943,0.0606,1.0,0.0,0.0,0,1.52,39,0,16,0.0,0.0,0.0
102.494,1742,21.0,0.0732,1.0,0.0943,0.0606,1.0,0.0,0.0,0,1.48,39,0,16,0.0,0.0,0.0
102.536,1743,21.0,0.0732,1.0,0.0943,0.0606,1.0,0.0,0.0,0,1.44,39,0,16,0.0,0.0,0.0
102.591,1744,21.0,0.0732,1.0,0.0943,0.0606,1.0,0.0,0.0,0,1.4,39,0,16,0.0,0.0,0.0
102.636,1745,21.0,0.0732,1.0,0.0943,0.0606,1.0,0.0,0.0,0,1.36,39,0,16,0.0,0.0,0.0
102.679,1746,21.0,0.0732,1.0,0.0943,0.0606,1.0,0.0,0.0,0,1.32,39,0,16,0.0,0.0,0.0
102.728,1747,21.0,0.0732,1.0,0.0943,0.0606,1.0,0.0,0.0,0,1.28,39,0,16,0.0,0.0,0.0
102.773,1748,21.0,0.0732,1.0,0.0943,0.0606,1.0,0.0,0.0,0,1.24,39,0,16,0.0,0.0,0.0
102.823,1749,21.0,0.0732,1.0,0.0943,0.0606,1.0,0.0,0.0,0,1.2,39,0,16,0.0,0.0,0.0
102.861,1750,21.0,0.0732,1.0,0.0943,0.0606,1.0,0.0,0.0,0,1.16,39,0,16,0.0,0.0,0.0
102.907,1751,21.0,0.0732,1.0,0.0943,0.0606,1.0,0.0,0.0,0,1.12,39,0,16,0.0,0.0,0.0
102.95,1752,21.0,0.0732,1.0,0.0943,0.0606,0.9643,0.0,0.0,0,1.08,39,0,16,0.0,0.0,0.0
103.0,1753,21.0,0.0732,1.0,0.0943,0.0606,0.9285,0.0,0.0,0,1.04,39,0,16,0.0,0.0,0.0
103.05,1754,21.0,0.0732,1.0,0.0943,0.0606,0.8928,0.0,0.0,0,1.0,39,0,16,0.0,0.0,0.0
103.092,1755,21.0,0.0732,1.0,0.0943,0.0606,0.8928,0.0,0.0,0,1.0,39,0,16,0.0,0.0,0.0
103.142,1756,21.0,0.0732,1.0,0.0943,0.0606,0.8928,0.0,0.0,0,1.0,39,0,16,0.0,0.0,0.0
103.192,1757,21.0,0.0732,1.0,0.0943,0.0606,0.8928,0.0,0.0,0,1.0,39,0,16,0.0,0.0,0.0
103.235,1758,21.0,0.0732,1.0,0.0943,0.0606,0.8928,0.0,0.0,0,1.0,39,0,16,0.0,0.0,0.0
103.287,1759,21.0,0.0732,1.0,0.0943,0.0606,0.8928,0.0,0.0,0,1.0,39,0,16,0.0,0.0,0.0
103.326,1760,21.0,0.0732,1.0,0.0943,0.0606,0.8928,0.0,0.0,0,1.0,39,0,16,0.0,0.0,0.0
103.378,1761,21.0,0.0732,1.0,0.0943,0.0606,0.8928,0.0,0.0,0,1.0,39,0,16,0.0,0.0,0.0
103.429,1762,21.0,0.0732,1.0,0.0943,0.0606,0.8928,0.0,0.0,0,1.0,39,0,16,0.0,0.0,0.0
103.47,1763,21.0,0.0732,1.0,0.0943,0.0606,0.8928,0.0,0.0,0,1.0,39,0,16,0.0,0.0,0.0
103.52,1764,21.0,0.0732,1.0,0.0943,0.0606,0.8928,0.0,0.0,0,1.0,39,0,16,0.0,0.0,0.0
103.562,1765,21.0,0.0732,1.0,0.0943,0.0606,0.8928,0.0,0.0,0,1.0,39,0,16,0.0,0.0,0.0
103.613,1766,21.0,0.0732,1.0,0.0943,0.0606,0.8928,0.0,0.0,0,1.0,39,0,16,0.0,0.0,0.0
103.656,1767,21.0,0.0732,1.0,0.0943,0.0606,1.0,0.0,0.0,0,1.6,39,0,17,0.0,0.0,0.0
103.704,1768,21.0,0.0732,1.0,0.0943,0.0606,1.0,0.0,0.0,0,1.56,39,0,17,0.0,0.0,0.0
103.754,1769,21.0,0.0732,1.0,0.0943,0.0606,1.0,0.0,0.0,0,1.52,39,0,17,0.0,0.0,0.0
103.802,1770,21.0,0.0732,1.0,0.0943,0.0606,1.0,0.0,0.0,0,1.48,39,0,17,0.0,0.0,0.0
103.846,1771,21.3,0.0732,1.0,0.0943,0.0606,1.0,0.0,0.0,0,1.44,39,0,17,0.0,0.0,0.0
103.893,1772,21.3,0.0732,1.0,0.0943,0.0606,1.0,0.0,0.0,0,1.4,39,0,17,0.0,0.0,0.0
103.934,1773,21.3,0.0732,1.0,0.0943,0.0606,1.0,0.0,0.0,0,1.36,39,0,17,0.0,0.0,0.0
103.984,1774,21.3,0.0732,1.0,0.0943,0.0606,1.0,0.0,0.0,0,1.32,39,0,17,0.0,0.0,0.0
104.034,1775,21.3,0.0732,1.0,0.0943,0.0606,1.0,0.0,0.0,0,1.28,39,0,17,0.0,0.0,0.0
104.078,1776,21.3,0.0732,1.0,0.0943,0.0606,1.0,0.0,0.0,0,1.24,39,0,17,0.0,0.0,0.0
104.127,1777,21.3,0.0732,1.0,0.0943,0.0606,1.0,0.0,0.0,0,1.2,39,0,17,0.0,0.0,0.0
104.166,1778,21.3,0.0732,1.0,0.0943,0.0606,1.0,0.0,0.0,0,1.16,39,0,17,0.0,0.0,0.0
104.218,1779,21.3,0.0732,1.0,0.0943,-0.0301,1.0,0.0,0.0,0,1.12,39,0,17,0.0,0.0,0.0
104.267,1780,21.3,0.0732,1.0,0.0943,0.0606,0.9643,0.0,0.0,0,1.08,39,0,17,0.0,0.0,0.0
104.308,1781,21.3,0.0732,1.0,0.0943,0.0606,0.9285,0.0,0.0,0,1.04,39,0,17,0.0,0.0,0.0
104.36,1782,21.3,0.0732,1.0,0.0943,0.0606,0.8928,0.0,0.0,0,1.0,39,0,17,0.0,0.0,0.0
104.402,1783,21.3,0.0732,1.0,0.0943,0.0606,0.8928,0.0,0.0,0,1.0,39,0,17,0.0,0.0,0.0
104.451,1784,21.3,0.0732,1.0,0.0943,0.0606,0.8928,0.0,0.0,0,1.0,39,0,17,0.0,0.0,0.0
104.503,1785,21.3,0.0732,1.0,0.0943,0.0606,0.8928,0.0,0.0,0,1.0,39,0,17,0.0,0.0,0.0
104.544,1786,21.3,0.0732,1.0,0.0943,0.0606,0.8928,0.0,0.0,0,1.0,39,0,17,0.0,0.0,0.0
104.594,1787,21.3,0.0732,1.0,0.0943,0.143,0.8928,0.0,0.0,0,1.0,39,0,17,0.0,0.0,0.0
104.638,1788,21.3,0.0732,1.0,0.0943,0.0606,0.8928,0.0,0.0,0,1.0,39,0,17,0.0,0.0,0.0
104.693,1789,21.3,0.0732,1.0,0.0943,0.0606,0.8928,0.0,0.0,0,1.0,39,0,17,0.0,0.0,0.0
104.756,1790,21.3,0.0732,1.0,0.0943,0.0606,0.8928,0.0,0.0,0,1.0,39,0,17,0.0,0.0,0.0
104.812,1791,21.3,0.0732,1.0,0.0943,0.0606,0.8928,0.0,0.0,0,1.0,39,0,17,0.0,0.0,0.0
104.859,1792,21.3,0.0732,1.0,0.0943,0.0606,0.8928,0.0,0.0,0,1.0,39,0,17,0.0,0.0,0.0
104.902,1793,21.3,0.0732,1.0,0.0943,0.0606,0.8928,0.0,0.0,0,1.0,39,0,17,0.0,0.0,0.0
104.953,1794,21.3,0.0732,1.0,0.0943,0.0606,0.8928,0.0,0.0,0,1.0,39,0,17,0.0,0.0,0.0
105.0,1795,21.3,0.0732,1.0,0.0943,0.0606,1.0,0.0,0.0,0,1.6,39,0,18,0.0,0.0,0.0
105.042,1796,21.3,0.0732,1.0,0.0943,0.0606,1.0,0.0,0.0,0,1.56,39,0,18,0.0,0.0,0.0
105.096,1797,21.3,0.0732,1.0,0.0943,0.0606,1.0,0.0,0.0,0,1.52,39,0,18,0.0,0.0,0.0
105.143,1798,21.3,0.0732,1.0,0.0943,0.0606,1.0,0.0,0.0,0,1.48,39,0,18,0.0,0.0,0.0
105.183,1799,21.3,0.0732,1.0,0.0943,0.0606,1.0,0.0,0.0,0,1.44,39,0,18,0.0,0.0,0.0
105.233,1800,21.3,0.0732,1.0,0.0943,0.0606,1.0,0.0,0.0,0,1.4,39,0,18,0.0,0.0,0.0
105.275,1801,21.0,0.0732,1.0,0.0943,0.0606,1.0,0.0,0.0,0,1.36,39,0,18,0.0,0.0,0.0
105.326,1802,21.0,0.0732,1.0,0.0943,0.0606,1.0,0.0,0.0,0,1.32,39,0,18,0.0,0.0,0.0
105.376,1803,21.0,0.0732,1.0,0.0943,0.0606,1.0,0.0,0.0,0,1.28,39,0,18,0.0,0.0,0.0
105.418,1804,21.0,0.0732,1.0,0.0943,0.0606,1.0,0.0,0.0,0,1.24,39,0,18,0.0,0.0,0.0
105.469,1805,21.0,0.0732,1.0,0.0943,0.0606,1.0,0.0,0.0,0,1.2,39,0,18,0.0,0.0,0.0
105.522,1806,21.0,0.0732,1.0,0.0943,0.0606,1.0,0.0,0.0,0,1.16,39,0,18,0.0,0.0,0.0
105.584,1807,21.0,0.0732,1.0,0.0943,0.0606,1.0,0.0,0.0,0,1.12,39,0,18,0.0,0.0,0.0
105.636,1808,21.0,0.0732,1.0,0.0943,0.0606,0.9643,0.0,0.0,0,1.08,39,0,18,0.0,0.0,0.0
105.688,1809,21.0,0.0732,1.0,0.0943,0.0606,0.9285,0.0,0.0,0,1.04,39,0,18,0.0,0.0,0.0
105.729,1810,21.0,0.0732,1.0,0.0943,0.0606,0.8928,0.0,0.0,0,1.0,39,0,18,0.0,0.0,0.0
105.777,1811,21.0,0.0732,1.0,0.0943,0.0606,0.8928,0.0,0.0,0,1.0,39,0,18,0.0,0.0,0.0
105.829,1812,21.0,0.0732,1.0,0.0943,0.0606,0.8928,0.0,0.0,0,1.0,39,0,18,0.0,0.0,0.0
105.868,1813,21.0,0.0732,1.0,0.0943,0.0606,0.8928,0.0,0.0,0,1.0,39,0,18,0.0,0.0,0.0
105.918,1814,21.0,0.0732,1.0,0.0943,0.0606,0.8928,0.0,0.0,0,1.0,39,0,18,0.0,0.0,0.0
105.97,1815,21.0,0.0732,1.0,0.0943,-0.1732,0.8928,0.0,0.0,0,1.0,39,0,18,0.0,0.0,0.0
106.014,1816,21.0,0.0732,1.0,0.0943,0.0606,0.8928,0.0,0.0,0,1.0,39,0,18,0.0,0.0,0.0
106.065,1817,21.0,0.0732,1.0,0.0943,0.0606,0.8928,0.0,0.0,0,1.0,39,0,18,0.0,0.0,0.0
106.107,1818,21.0,0.0732,1.0,0.0943,0.0606,0.8928,0.0,0.0,0,1.0,39,0,18,0.0,0.0,0.0
106.151,1819,21.0,0.0732,1.0,0.0943,0.0606,0.8928,0.0,0.0,0,1.0,39,0,18,0.0,0.0,0.0
106.201,1820,21.0,0.0732,1.0,0.0943,0.0606,0.8928,0.0,0.0,0,1.0,39,0,18,0.0,0.0,0.0
106.243,1821,21.0,0.0732,1.0,0.0943,0.0606,0.8928,0.0,0.0,0,1.0,39,0,18,0.0,0.0,0.0
106.298,1822,21.0,0.0732,1.0,0.0943,0.0606,0.8928,0.0,0.0,0,1.0,39,0,18,0.0,0.0,0.0
106.336,1823,21.0,0.0732,1.0,0.0943,0.0606,1.0,0.0,0.0,0,1.6,39,0,19,0.0,0.0,0.0
106.384,1824,21.0,0.0732,1.0,0.0943,0.0606,1.0,0.0,0.0,0,1.56,39,0,19,0.0,0.0,0.0
106.437,1825,21.0,0.0732,1.0,0.0943,0.0606,1.0,0.0,0.0,0,1.52,39,0,19,0.0,0.0,0.0
106.476,1826,21.0,0.0732,1.0,0.0943,0.0606,1.0,0.0,0.0,0,1.48,39,0,19,0.0,0.0,0.0
106.527,1827,21.0,0.0732,1.0,0.0943,0.0606,1.0,0.0,0.0,0,1.44,39,0,19,0.0,0.0,0.0
106.569,1828,21.0,0.0732,1.0,0.0943,0.0606,1.0,0.0,0.0,0,1.4,39,0,19,0.0,0.0,0.0
106.62,1829,21.0,0.0732,1.0,0.0943,0.0606,1.0,0.0,0.0,0,1.36,39,0,19,0.0,0.0,0.0
106.668,1830,21.0,0.0732,1.0,0.0943,0.0606,1.0,0.0,0.0,0,1.32,39,0,19,0.0,0.0,0.0
106.711,1831,20.9,0.0732,1.0,0.0943,0.0606,1.0,0.0,0.0,0,1.28,39,0,19,0.0,0.0,0.0
106.768,1832,20.9,0.0732,1.0,0.0943,0.0606,1.0,0.0,0.0,0,1.24,39,0,19,0.0,0.0,0.0
106.824,1833,20.9,0.0732,1.0,0.0943,0.0606,1.0,0.0,0.0,0,1.2,39,0,19,0.0,0.0,0.0
106.876,1834,20.9,0.0732,1.0,0.0943,0.0606,1.0,0.0,0.0,0,1.16,39,0,19,0.0,0.0,0.0
106.925,1835,20.9,0.0732,1.0,0.0943,0.0606,1.0,0.0,0.0,0,1.12,39,0,19,0.0,0.0,0.0
106.974,1836,20.9,0.0732,1.0,0.0943,0.0606,0.9643,0.0,0.0,0,1.08,39,0,19,0.0,0.0,0.0
107.017,1837,20.9,0.0732,1.0,0.0943,0.0606,0.9285,0.0,0.0,0,1.04,39,0,19,0.0,0.0,0.0
107.065,1838,20.9,0.0732,1.0,0.0943,0.0606,0.8928,0.0,0.0,0,1.0,39,0,19,0.0,0.0,0.0
107.116,1839,20.9,0.0732,1.0,0.0943,0.0606,0.8928,0.0,0.0,0,1.0,39,0,19,0.0,0.0,0.0
107.168,1840,20.9,0.0732,1.0,0.0943,0.0606,0.8928,0.0,0.0,0,1.0,39,0,19,0.0,0.0,0.0
107.208,1841,20.9,0.0732,1.0,0.0943,0.0606,0.8928,0.0,0.0,0,1.0,39,0,19,0.0,0.0,0.0
107.259,1842,20.9,0.0732,1.0,0.0943,0.0606,0.8928,0.0,0.0,0,1.0,39,0,19,0.0,0.0,0.0
107.303,1843,20.9,0.0732,1.0,0.0943,0.0606,0.8928,0.0,0.0,0,1.0,39,0,19,0.0,0.0,0.0
107.35,1844,20.9,0.0732,1.0,0.0943,0.1679,0.8928,0.0,0.0,0,1.0,39,0,19,0.0,0.0,0.0
107.402,1845,20.9,0.0732,1.0,0.0943,0.0606,0.8928,0.0,0.0,0,1.0,39,0,19,0.0,0.0,0.0
107.445,1846,20.9,0.0732,1.0,0.0943,0.0606,0.8928,0.0,0.0,0,1.0,39,0,19,0.0,0.0,0.0
107.499,1847,20.9,0.0732,1.0,0.0943,0.0606,0.8928,0.0,0.0,0,1.0,39,0,19,0.0,0.0,0.0
107.553,1848,20.9,0.0732,1.0,0.0943,0.0606,0.8928,0.0,0.0,0,1.0,39,0,19,0.0,0.0,0.0
107.603,1849,20.9,0.0732,1.0,0.0943,0.0606,0.8928,0.0,0.0,0,1.0,39,0,19,0.0,0.0,0.0
107.653,1850,20.9,0.0732,1.0,0.0943,0.0606,0.8928,0.0,0.0,0,1.0,39,0,19,0.0,0.0,0.0
107.698,1851,20.9,0.0732,1.0,0.0943,0.0606,1.0,0.0,0.0,0,1.6,39,0,20,0.0,0.0,0.0
107.746,1852,20.9,0.0732,1.0,0.0943,0.0606,1.0,0.0,0.0,0,1.56,39,0,20,0.0,0.0,0.0
107.795,1853,20.9,0.0732,1.0,0.0943,0.0606,1.0,0.0,0.0,0,1.52,39,0,20,0.0,0.0,0.0
107.837,1854,20.9,0.0732,1.0,0.0943,0.0606,1.0,0.0,0.0,0,1.48,39,0,20,0.0,0.0,0.0
107.883,1855,20.9,0.0732,1.0,0.0943,0.0606,1.0,0.0,0.0,0,1.44,39,0,20,0.0,0.0,0.0
107.933,1856,20.9,0.0732,1.0,0.0943,0.0606,1.0,0.0,0.0,0,1.4,39,0,20,0.0,0.0,0.0
107.975,1857,20.9,0.0732,1.0,0.0943,-0.1447,1.0,0.0,0.0,0,1.36,39,0,20,0.0,0.0,0.0
108.025,1858,20.9,0.0732,1.0,0.0943,0.0606,1.0,0.0,0.0,0,1.32,39,0,20,0.0,0.0,0.0
108.067,1859,20.9,0.0732,1.0,0.0943,0.0606,1.0,0.0,0.0,0,1.28,39,0,20,0.0,0.0,0.0
108.119,1860,20.9,0.0732,1.0,0.0943,0.0606,1.0,0.0,0.0,0,1.24,39,0,20,0.0,0.0,0.0
108.167,1861,20.7,0.0732,1.0,0.0943,0.0606,1.0,0.0,0.0,0,1.2,39,0,20,0.0,0.0,0.0
108.207,1862,20.7,0.0732,1.0,0.0943,0.0606,1.0,0.0,0.0,0,1.16,39,0,20,0.0,0.0,0.0
108.257,1863,20.7,0.0732,1.0,0.0943,0.0606,1.0,0.0,0.0,0,1.12,39,0,20,0.0,0.0,0.0
108.302,1864,20.7,0.0732,1.0,0.0943,0.0606,0.9643,0.0,0.0,0,1.08,39,0,20,0.0,0.0,0.0
108.351,1865,20.7,0.0732,1.0,0.0943,0.0606,0.9285,0.0,0.0,0,1.04,39,0,20,0.0,0.0,0.0
108.402,1866,20.7,0.0732,1.0,0.0943,0.0606,0.8928,0.0,0.0,0,1.0,39,0,20,0.0,0.0,0.0
108.444,1867,20.7,0.0732,1.0,0.0943,0.0606,0.8928,0.0,0.0,0,1.0,39,0,20,0.0,0.0,0.0
108.497,1868,20.7,0.0732,1.0,0.0943,0.0606,0.8928,0.0,0.0,0,1.0,39,0,20,0.0,0.0,0.0
108.537,1869,20.7,0.0732,1.0,0.0943,0.0606,0.8928,0.0,0.0,0,1.0,39,0,20,0.0,0.0,0.0
108.586,1870,20.7,0.0732,1.0,0.0943,0.0606,0.8928,0.0,0.0,0,1.0,39,0,20,0.0,0.0,0.0
108.635,1871,20.7,0.0732,1.0,0.0943,0.0606,0.8928,0.0,0.0,0,1.0,39,0,20,0.0,0.0,0.0
108.677,1872,20.7,0.0732,1.0,0.0943,0.0606,0.8928,0.0,0.0,0,1.0,39,0,20,0.0,0.0,0.0
108.727,1873,20.7,0.0732,1.0,0.0943,0.0606,0.8928,0.0,0.0,0,1.0,39,0,20,0.0,0.0,0.0
108.773,1874,20.7,0.0732,1.0,0.0943,0.0606,0.8928,0.0,0.0,0,1.0,39,0,20,0.0,0.0,0.0
108.82,1875,20.7,0.0732,1.0,0.0943,0.0606,0.8928,0.0,0.0,0,1.0,39,0,20,0.0,0.0,0.0
108.869,1876,20.7,0.0732,1.0,0.0943,0.0606,0.8928,0.0,0.0,0,1.0,39,0,20,0.0,0.0,0.0
108.911,1877,20.7,0.0732,1.0,0.0943,0.0606,0.8928,0.0,0.0,0,1.0,39,0,20,0.0,0.0,0.0
108.961,1878,20.7,0.0732,1.0,0.0943,0.0606,0.8928,0.0,0.0,0,1.0,39,0,20,0.0,0.0,0.0
109.0,1879,20.7,0.0732,1.0,0.0943,0.0606,1.0,0.0,0.0,0,1.6,39,0,21,0.0,0.0,0.0
109.048,1880,20.7,0.0732,1.0,0.0943,0.0606,1.0,0.0,0.0,0,1.56,39,0,21,0.0,0.0,0.0
109.092,1881,20.7,0.0732,1.0,0.0943,0.0606,1.0,0.0,0.0,0,1.52,39,0,21,0.0,0.0,0.0
109.141,1882,20.7,0.0732,1.0,0.0943,0.0606,1.0,0.0,0.0,0,1.48,39,0,21,0.0,0.0,0.0
109.184,1883,20.7,0.0732,1.0,0.0943,0.0606,1.0,0.0,0.0,0,1.44,39,0,21,0.0,0.0,0.0
109.233,1884,20.7,0.0732,1.0,0.0943,0.0606,1.0,0.0,0.0,0,1.4,39,0,21,0.0,0.0,0.0
109.283,1885,20.7,0.0732,1.0,0.0943,0.0606,1.0,0.0,0.0,0,1.36,39,0,21,0.0,0.0,0.0
109.326,1886,20.7,0.0732,1.0,0.0943,0.0606,1.0,0.0,0.0,0,1.32,39,0,21,0.0,0.0,0.0
109.377,1887,20.7,0.0732,1.0,0.0943,0.0606,1.0,0.0,0.0,0,1.28,39,0,21,0.0,0.0,0.0
109.42,1888,20.7,0.0732,1.0,0.0943,0.0606,1.0,0.0,0.0,0,1.24,39,0,21,0.0,0.0,0.0
109.468,1889,20.7,0.0732,1.0,0.0943,0.0606,1.0,0.0,0.0,0,1.2,39,0,21,0.0,0.0,0.0
109.52,1890,20.7,0.0732,1.0,0.0943,0.0606,1.0,0.0,0.0,0,1.16,39,0,21,0.0,0.0,0.0
109.561,1891,21.4,0.0732,1.0,0.0943,0.0606,1.0,0.0,0.0,0,1.12,39,0,21,0.0,0.0,0.0
109.613,1892,21.4,0.0732,1.0,0.0943,0.0606,0.9643,0.0,0.0,0,1.08,39,0,21,0.0,0.0,0.0
109.652,1893,21.4,0.0732,1.0,0.0943,0.0606,0.9285,0.0,0.0,0,1.04,39,0,21,0.0,0.0,0.0
109.705,1894,21.4,0.0732,1.0,0.0943,0.0606,0.8928,0.0,0.0,0,1.0,39,0,21,0.0,0.0,0.0
109.755,1895,21.4,0.0732,1.0,0.0943,0.0606,0.8928,0.0,0.0,0,1.0,39,0,21,0.0,0.0,0.0
109.812,1896,21.4,0.0732,1.0,0.0943,0.0606,0.8928,0.0,0.0,0,1.0,39,0,21,0.0,0.0,0.0
109.861,1897,21.4,0.0732,1.0,0.0943,0.0606,0.8928,0.0,0.0,0,1.0,39,0,21,0.0,0.0,0.0
109.905,1898,21.4,0.0732,1.0,0.0943,0.0606,0.8928,0.0,0.0,0,1.0,39,0,21,0.0,0.0,0.0
109.951,1899,21.4,0.0732,1.0,0.0943,0.0606,0.8928,0.0,0.0,0,1.0,39,0,21,0.0,0.0,0.0
109.992,1900,21.4,0.0732,1.0,0.0943,0.0606,0.8928,0.0,0.0,0,1.0,39,0,21,0.0,0.0,0.0
110.042,1901,21.4,0.0732,1.0,0.0943,0.0606,0.8928,0.0,0.0,0,1.0,39,0,21,0.0,0.0,0.0
110.094,1902,21.4,0.0732,1.0,0.0943,0.0606,0.8928,0.0,0.0,0,1.0,39,0,21,0.0,0.0,0.0
110.133,1903,21.4,0.0732,1.0,0.0943,0.0606,0.8928,0.0,0.0,0,1.0,39,0,21,0.0,0.0,0.0
110.183,1904,21.4,0.0732,1.0,0.0943,0.0606,0.8928,0.0,0.0,0,1.0,39,0,21,0.0,0.0,0.0
110.224,1905,21.4,0.0732,1.0,0.0943,0.0606,0.8928,0.0,0.0,0,1.0,39,0,21,0.0,0.0,0.0
110.276,1906,21.4,0.0732,1.0,0.0943,0.0606,0.8928,0.0,0.0,0,1.0,39,0,21,0.0,0.0,0.0
110.326,1907,21.4,0.0732,1.0,0.0943,0.0606,1.0,0.0,0.0,0,1.6,39,0,22,0.0,0.0,0.0
110.368,1908,21.4,0.0732,1.0,0.0943,0.0606,1.0,0.0,0.0,0,1.56,39,0,22,0.0,0.0,0.0
110.419,1909,21.4,0.0732,1.0,0.0943,0.0606,1.0,0.0,0.0,0,1.52,39,0,22,0.0,0.0,0.0
110.462,1910,21.4,0.0732,1.0,0.0943,0.0606,1.0,0.0,0.0,0,1.48,39,0,22,0.0,0.0,0.0
110.515,1911,21.4,0.0732,1.0,0.0943,0.0606,1.0,0.0,0.0,0,1.44,39,0,22,0.0,0.0,0.0
110.568,1912,21.4,0.0732,1.0,0.0943,0.0606,1.0,0.0,0.0,0,1.4,39,0,22,0.0,0.0,0.0
110.618,1913,21.4,0.0732,1.0,0.0943,0.0606,1.0,0.0,0.0,0,1.36,39,0,22,0.0,0.0,0.0
110.664,1914,21.4,0.0732,1.0,0.0943,0.0606,1.0,0.0,0.0,0,1.32,39,0,22,0.0,0.0,0.0
110.713,1915,21.4,0.0732,1.0,0.0943,0.0606,1.0,0.0,0.0,0,1.28,39,0,22,0.0,0.0,0.0
110.764,1916,21.4,0.0732,1.0,0.0943,0.0606,1.0,0.0,0.0,0,1.24,39,0,22,0.0,0.0,0.0
110.821,1917,21.4,0.0732,1.0,0.0943,0.0606,1.0,0.0,0.0,0,1.2,39,0,22,0.0,0.0,0.0
110.867,1918,21.4,0.0732,1.0,0.0943,0.0606,1.0,0.0,0.0,0,1.16,39,0,22,0.0,0.0,0.0
110.912,1919,21.4,0.0732,1.0,0.0943,0.3109,1.0,0.0,0.0,0,1.12,39,0,22,0.0,0.0,0.0
110.959,1920,21.4,0.0732,1.0,0.0943,0.0606,0.9643,0.0,0.0,0,1.08,39,0,22,0.0,0.0,0.0
111.002,1921,20.8,0.0732,1.0,0.0943,0.0606,0.9285,0.0,0.0,0,1.04,39,0,22,0.0,0.0,0.0
111.057,1922,20.8,0.0732,1.0,0.0943,0.0606,0.8928,0.0,0.0,0,1.0,39,0,22,0.0,0.0,0.0
111.101,1923,20.8,0.0732,1.0,0.0943,0.0606,0.8928,0.0,0.0,0,1.0,39,0,22,0.0,0.0,0.0
111.141,1924,20.8,0.0732,1.0,0.0943,0.0606,0.8928,0.0,0.0,0,1.0,39,0,22,0.0,0.0,0.0
111.192,1925,20.8,0.0732,1.0,0.0943,0.0606,0.8928,0.0,0.0,0,1.0,39,0,22,0.0,0.0,0.0
111.234,1926,20.8,0.0732,1.0,0.0943,0.0606,0.8928,0.0,0.0,0,1.0,39,0,22,0.0,0.0,0.0
111.283,1927,20.8,0.0732,1.0,0.0943,0.0606,0.8928,0.0,0.0,0,1.0,39,0,22,0.0,0.0,0.0
111.334,1928,20.8,0.0732,1.0,0.0943,0.0606,0.8928,0.0,0.0,0,1.0,39,0,22,0.0,0.0,0.0
111.379,1929,20.8,0.0732,1.0,0.0943,0.0606,0.8928,0.0,0.0,0,1.0,39,0,22,0.0,0.0,0.0
111.428,1930,20.8,0.0732,1.0,0.0943,0.0606,0.8928,0.0,0.0,0,1.0,39,0,22,0.0,0.0,0.0
111.469,1931,20.8,0.0732,1.0,0.0943,0.0606,0.8928,0.0,0.0,0,1.0,39,0,22,0.0,0.0,0.0
111.52,1932,20.8,0.0732,1.0,0.0943,0.0606,0.8928,0.0,0.0,0,1.0,39,0,22,0.0,0.0,0.0
111.561,1933,20.8,0.0732,1.0,0.0943,0.0606,0.8928,0.0,0.0,0,1.0,39,0,22,0.0,0.0,0.0
111.611,1934,20.8,0.0732,1.0,0.0943,0.0606,0.8928,0.0,0.0,0,1.0,39,0,22,0.0,0.0,0.0
111.665,1935,20.8,0.0732,1.0,0.0943,0.0606,1.0,0.0,0.0,0,1.6,39,0,23,0.0,0.0,0.0
111.723,1936,20.8,0.0732,1.0,0.0943,0.0606,1.0,0.0,0.0,0,1.56,39,0,23,0.0,0.0,0.0
111.771,1937,20.8,0.0732,1.0,0.0943,0.0606,1.0,0.0,0.0,0,1.52,39,0,23,0.0,0.0,0.0
111.812,1938,20.8,0.0732,1.0,0.0943,0.0606,1.0,0.0,0.0,0,1.48,39,0,23,0.0,0.0,0.0
111.861,1939,20.8,0.0732,1.0,0.0943,0.0606,1.0,0.0,0.0,0,1.44,39,0,23,0.0,0.0,0.0
111.9,1940,20.8,0.0732,1.0,0.0943,0.0606,1.0,0.0,0.0,0,1.4,39,0,23,0.0,0.0,0.0
111.95,1941,20.8,0.0732,1.0,0.0943,0.0606,1.0,0.0,0.0,0,1.36,39,0,23,0.0,0.0,0.0
112.0,1942,20.8,0.0732,1.0,0.0943,0.0606,1.0,0.0,0.0,0,1.32,39,0,23,0.0,0.0,0.0
112.042,1943,20.8,0.0732,1.0,0.0943,0.0606,1.0,0.0,0.0,0,1.28,39,0,23,0.0,0.0,0.0
112.091,1944,20.8,0.0732,1.0,0.0943,0.0606,1.0,0.0,0.0,0,1.24,39,0,23,0.0,0.0,0.0
112.141,1945,20.8,0.0732,1.0,0.0943,0.0606,1.0,0.0,0.0,0,1.2,39,0,23,0.0,0.0,0.0
112.184,1946,20.8,0.0732,1.0,0.0943,0.0606,1.0,0.0,0.0,0,1.16,39,0,23,0.0,0.0,0.0
112.232,1947,20.8,0.0732,1.0,0.0943,0.0606,1.0,0.0,0.0,0,1.12,39,0,23,0.0,0.0,0.0
112.283,1948,20.8,0.0732,1.0,0.0943,0.0606,0.9643,0.0,0.0,0,1.08,39,0,23,0.0,0.0,0.0
112.328,1949,20.8,0.0732,1.0,0.0943,0.0606,0.9285,0.0,0.0,0,1.04,39,0,23,0.0,0.0,0.0
112.377,1950,20.8,0.0732,1.0,0.0943,0.1339,0.8928,0.0,0.0,0,1.0,39,0,23,0.0,0.0,0.0
112.426,1951,21.2,0.0732,1.0,0.0943,0.0606,0.8928,0.0,0.0,0,1.0,39,0,23,0.0,0.0,0.0
112.47,1952,21.2,0.0732,1.0,0.0943,0.0606,0.8928,0.0,0.0,0,1.0,39,0,23,0.0,0.0,0.0
112.522,1953,21.2,0.0732,1.0,0.0943,0.0606,0.8928,0.0,0.0,0,1.0,39,0,23,0.0,0.0,0.0
112.563,1954,21.2,0.0732,1.0,0.0943,0.0606,0.8928,0.0,0.0,0,1.0,39,0,23,0.0,0.0,0.0
112.611,1955,21.2,0.0732,1.0,0.0943,0.0606,0.8928,0.0,0.0,0,1.0,39,0,23,0.0,0.0,0.0
112.662,1956,21.2,0.0732,1.0,0.0943,0.0606,0.8928,0.0,0.0,0,1.0,39,0,23,0.0,0.0,0.0
112.702,1957,21.2,0.0732,1.0,0.0943,0.0606,0.8928,0.0,0.0,0,1.0,39,0,23,0.0,0.0,0.0
112.755,1958,21.2,0.0732,1.0,0.0943,0.0606,0.8928,0.0,0.0,0,1.0,39,0,23,0.0,0.0,0.0
112.795,1959,21.2,0.0732,1.0,0.0943,0.0606,0.8928,0.0,0.0,0,1.0,39,0,23,0.0,0.0,0.0
112.843,1960,21.2,0.0732,1.0,0.0943,0.0606,0.8928,0.0,0.0,0,1.0,39,0,23,0.0,0.0,0.0
112.882,1961,21.2,0.0732,1.0,0.0943,0.0606,0.8928,0.0,0.0,0,1.0,39,0,23,0.0,0.0,0.0
112.933,1962,21.2,0.0732,1.0,0.0943,0.0606,0.8928,0.0,0.0,0,1.0,39,0,23,0.0,0.0,0.0
112.983,1963,21.2,0.0732,1.0,0.0943,0.0606,1.0,0.0,0.0,0,1.6,39,0,24,0.0,0.0,0.0
113.024,1964,21.2,0.0732,1.0,0.0943,0.0606,1.0,0.0,0.0,0,1.56,39,0,24,0.0,0.0,0.0
113.075,1965,21.2,0.0732,1.0,0.0943,0.0606,1.0,0.0,0.0,0,1.52,39,0,24,0.0,0.0,0.0
113.131,1966,21.2,0.0732,1.0,0.0943,0.0606,1.0,0.0,0.0,0,1.48,39,0,24,0.0,0.0,0.0
113.185,1967,21.2,0.0732,1.0,0.0943,0.0606,1.0,0.0,0.0,0,1.44,39,0,24,0.0,0.0,0.0
113.234,1968,21.2,0.0732,1.0,0.0943,0.2241,1.0,0.0,0.0,0,1.4,39,0,24,0.0,0.0,0.0
113.274,1969,21.2,0.0732,1.0,0.0943,0.0606,1.0,0.0,0.0,0,1.36,39,0,24,0.0,0.0,0.0
113.328,1970,21.2,0.0732,1.0,0.0943,0.0606,1.0,0.0,0.0,0,1.32,39,0,24,0.0,0.0,0.0
113.371,1971,21.2,0.0732,1.0,0.0943,0.0606,1.0,0.0,0.0,0,1.28,39,0,24,0.0,0.0,0.0
113.42,1972,21.2,0.0732,1.0,0.0943,0.0606,1.0,0.0,0.0,0,1.24,39,0,24,0.0,0.0,0.0
113.469,1973,21.2,0.0732,1.0,0.0943,0.0606,1.0,0.0,0.0,0,1.2,39,0,24,0.0,0.0,0.0
113.51,1974,21.2,0.0732,1.0,0.0943,0.0606,1.0,0.0,0.0,0,1.16,39,0,24,0.0,0.0,0.0
113.561,1975,21.2,0.0732,1.0,0.0943,0.0606,1.0,0.0,0.0,0,1.12,39,0,24,0.0,0.0,0.0
113.612,1976,21.2,0.0732,1.0,0.0943,0.0606,0.9643,0.0,0.0,0,1.08,39,0,24,0.0,0.0,0.0
113.652,1977,21.2,0.0732,1.0,0.0943,0.0606,0.9285,0.0,0.0,0,1.04,39,0,24,0.0,0.0,0.0
113.704,1978,21.2,0.0732,1.0,0.0943,0.0606,0.8928,0.0,0.0,0,1.0,39,0,24,0.0,0.0,0.0
113.747,1979,21.2,0.0732,1.0,0.0943,0.0606,0.8928,0.0,0.0,0,1.0,39,0,24,0.0,0.0,0.0
113.795,1980,21.2,0.0732,1.0,0.0943,0.0606,0.8928,0.0,0.0,0,1.0,39,0,24,0.0,0.0,0.0
113.844,1981,21.2,0.0732,1.0,0.0943,-0.0167,0.8928,0.0,0.0,0,1.0,39,0,24,0.0,0.0,0.0
113.883,1982,21.2,0.0732,1.0,0.0943,0.0606,0.8928,0.0,0.0,0,1.0,39,0,24,0.0,0.0,0.0
113.934,1983,21.2,0.0732,1.0,0.0943,0.0606,0.8928,0.0,0.0,0,1.0,39,0,24,0.0,0.0,0.0
113.975,1984,21.2,0.0732,1.0,0.0943,0.0606,0.8928,0.0,0.0,0,1.0,39,0,24,0.0,0.0,0.0
114.024,1985,21.2,0.0732,1.0,0.0943,0.0606,0.8928,0.0,0.0,0,1.0,39,0,24,0.0,0.0,0.0
114.075,1986,21.2,0.0732,1.0,0.0943,0.0606,0.8928,0.0,0.0,0,1.0,39,0,24,0.0,0.0,0.0
114.126,1987,21.2,0.0732,1.0,0.0943,0.0606,0.8928,0.0,0.0,0,1.0,39,0,24,0.0,0.0,0.0
114.168,1988,21.2,0.0732,1.0,0.0943,0.0606,0.8928,0.0,0.0,0,1.0,39,0,24,0.0,0.0,0.0
114.211,1989,21.2,0.0732,1.0,0.0943,0.0606,0.8928,0.0,0.0,0,1.0,39,0,24,0.0,0.0,0.0
114.257,1990,21.2,0.0732,1.0,0.0943,0.0606,0.8928,0.0,0.0,0,1.0,39,0,24,0.0,0.0,0.0
114.302,1991,21.2,0.0732,1.0,0.0943,0.0606,1.0,0.0,0.0,0,1.6,39,0,25,0.0,0.0,0.0
114.35,1992,21.2,0.0732,1.0,0.0943,0.0606,1.0,0.0,0.0,0,1.56,39,0,25,0.0,0.0,0.0
114.401,1993,21.2,0.0732,1.0,0.0943,0.0606,1.0,0.0,0.0,0,1.52,39,0,25,0.0,0.0,0.0
114.442,1994,21.2,0.0732,1.0,0.0943,0.0606,1.0,0.0,0.0,0,1.48,39,0,25,0.0,0.0,0.0
114.493,1995,21.2,0.0732,1.0,0.0943,0.0606,1.0,0.0,0.0,0,1.44,39,0,25,0.0,0.0,0.0
114.537,1996,21.2,0.0732,1.0,0.0943,0.0606,1.0,0.0,0.0,0,1.4,39,0,25,0.0,0.0,0.0
114.587,1997,21.2,0.0732,1.0,0.0943,0.0606,1.0,0.0,0.0,0,1.36,39,0,25,0.0,0.0,0.0
114.636,1998,21.2,0.0732,1.0,0.0943,0.0606,1.0,0.0,0.0,0,1.32,39,0,25,0.0,0.0,0.0
114.68,1999,21.2,0.0732,1.0,0.0943,0.0606,1.0,0.0,0.0,0,1.28,39,0,25,0.0,0.0,0.0
114.731,2000,21.2,0.0732,1.0,0.0943,0.0606,1.0,0.0,0.0,0,1.24,39,0,25,0.0,0.0,0.0
114.779,2001,21.2,0.0732,1.0,0.0943,0.0606,1.0,0.0,0.0,0,1.2,39,0,25,0.0,0.0,0.0
114.822,2002,21.2,0.0732,1.0,0.0943,0.0606,1.0,0.0,0.0,0,1.16,39,0,25,0.0,0.0,0.0
114.869,2003,21.2,0.0732,1.0,0.0943,0.0606,1.0,0.0,0.0,0,1.12,39,0,25,0.0,0.0,0.0
114.908,2004,21.2,0.0732,1.0,0.0943,0.0606,0.9643,0.0,0.0,0,1.08,39,0,25,0.0,0.0,0.0
114.959,2005,21.2,0.0732,1.0,0.0943,0.0606,0.9285,0.0,0.0,0,1.04,39,0,25,0.0,0.0,0.0
115.007,2006,21.2,0.0732,1.0,0.0943,0.0606,0.8928,0.0,0.0,0,1.0,39,0,25,0.0,0.0,0.0
115.05,2007,21.2,0.0732,1.0,0.0943,0.0606,0.8928,0.0,0.0,0,1.0,39,0,25,0.0,0.0,0.0
115.1,2008,21.2,0.0732,1.0,0.0943,0.0606,0.8928,0.0,0.0,0,1.0,39,0,25,0.0,0.0,0.0
115.149,2009,21.2,0.0732,1.0,0.0943,0.0606,0.8928,0.0,0.0,0,1.0,39,0,25,0.0,0.0,0.0
115.192,2010,21.2,0.0732,1.0,0.0943,0.0606,0.8928,0.0,0.0,0,1.0,39,0,25,0.0,0.0,0.0
115.244,2011,21.5,0.0732,1.0,0.0943,0.0606,0.8928,0.0,0.0,0,1.0,39,0,25,0.0,0.0,0.0
115.285,2012,21.5,0.0732,1.0,0.0943,0.0606,0.8928,0.0,0.0,0,1.0,39,0,25,0.0,0.0,0.0
115.335,2013,21.5,0.0732,1.0,0.0943,0.0606,0.8928,0.0,0.0,0,1.0,39,0,25,0.0,0.0,0.0
115.384,2014,21.5,0.0732,1.0,0.0943,0.0606,0.8928,0.0,0.0,0,1.0,39,0,25,0.0,0.0,0.0
115.429,2015,21.5,0.0732,1.0,0.0943,0.0606,0.8928,0.0,0.0,0,1.0,39,0,25,0.0,0.0,0.0
115.479,2016,21.5,0.0732,1.0,0.0943,0.0606,0.8928,0.0,0.0,0,1.0,39,0,25,0.0,0.0,0.0
115.523,2017,21.5,0.0732,1.0,0.0943,0.0606,0.8928,0.0,0.0,0,1.0,39,0,25,0.0,0.0,0.0
115.57,2018,21.5,0.0732,1.0,0.0943,0.0606,0.8928,0.0,0.0,0,1.0,39,0,25,0.0,0.0,0.0
115.611,2019,21.5,0.0732,1.0,0.0943,0.0606,1.0,0.0,0.0,0,1.6,39,0,26,0.0,0.0,0.0
115.661,2020,21.5,0.0732,1.0,0.0943,0.0606,1.0,0.0,0.0,0,1.56,39,0,26,0.0,0.0,0.0
115.71,2021,21.5,0.0732,1.0,0.0943,0.0606,1.0,0.0,0.0,0,1.52,39,0,26,0.0,0.0,0.0
115.754,2022,21.5,0.0732,1.0,0.0943,0.0606,1.0,0.0,0.0,0,1.48,39,0,26,0.0,0.0,0.0
115.804,2023,21.5,0.0732,1.0,0.0943,0.0606,1.0,0.0,0.0,0,1.44,39,0,26,0.0,0.0,0.0
115.846,2024,21.5,0.0732,1.0,0.0943,0.0606,1.0,0.0,0.0,0,1.4,39,0,26,0.0,0.0,0.0
115.891,2025,21.5,0.0732,1.0,0.0943,0.0606,1.0,0.0,0.0,0,1.36,39,0,26,0.0,0.0,0.0
115.943,2026,21.5,0.0732,1.0,0.0943,0.0606,1.0,0.0,0.0,0,1.32,39,0,26,0.0,0.0,0.0
115.986,2027,21.5,0.0732,1.0,0.0943,0.0606,1.0,0.0,0.0,0,1.28,39,0,26,0.0,0.0,0.0
116.032,2028,21.5,0.0732,1.0,0.0943,0.0606,1.0,0.0,0.0,0,1.24,39,0,26,0.0,0.0,0.0
116.084,2029,21.5,0.0732,1.0,0.0943,0.0412,1.0,0.0,0.0,0,1.2,39,0,26,0.0,0.0,0.0
116.126,2030,21.5,0.0732,1.0,0.0943,0.0606,1.0,0.0,0.0,0,1.16,39,0,26,0.0,0.0,0.0
116.177,2031,21.5,0.0732,1.0,0.0943,0.0606,1.0,0.0,0.0,0,1.12,39,0,26,0.0,0.0,0.0
116.217,2032,21.5,0.0732,1.0,0.0943,0.0606,0.9643,0.0,0.0,0,1.08,39,0,26,0.0,0.0,0.0
116.267,2033,21.5,0.0732,1.0,0.0943,0.0606,0.9285,0.0,0.0,0,1.04,39,0,26,0.0,0.0,0.0
116.307,2034,21.5,0.0732,1.0,0.0943,0.0606,0.8928,0.0,0.0,0,1.0,39,0,26,0.0,0.0,0.0
116.359,2035,21.5,0.0732,1.0,0.0943,0.0606,0.8928,0.0,0.0,0,1.0,39,0,26,0.0,0.0,0.0
116.411,2036,21.5,0.0732,1.0,0.0943,0.0606,0.8928,0.0,0.0,0,1.0,39,0,26,0.0,0.0,0.0
116.453,2037,21.5,0.0732,1.0,0.0943,0.0606,0.8928,0.0,0.0,0,1.0,39,0,26,0.0,0.0,0.0
116.502,2038,21.5,0.0732,1.0,0.0943,0.0606,0.8928,0.0,0.0,0,1.0,39,0,26,0.0,0.0,0.0
116.544,2039,21.5,0.0732,1.0,0.0943,0.0606,0.8928,0.0,0.0,0,1.0,39,0,26,0.0,0.0,0.0
116.595,2040,21.5,0.0732,1.0,0.0943,0.0606,0.8928,0.0,0.0,0,1.0,39,0,26,0.0,0.0,0.0
116.645,2041,21.4,0.0732,1.0,0.0943,0.0606,0.8928,0.0,0.0,0,1.0,39,0,26,0.0,0.0,0.0
116.687,2042,21.4,0.0732,1.0,0.0943,0.0606,0.8928,0.0,0.0,0,1.0,39,0,26,0.0,0.0,0.0
116.742,2043,21.4,0.0732,1.0,0.0943,0.0606,0.8928,0.0,0.0,0,1.0,39,0,26,0.0,0.0,0.0
116.795,2044,21.4,0.0732,1.0,0.0943,0.0606,0.8928,0.0,0.0,0,1.0,39,0,26,0.0,0.0,0.0
116.846,2045,21.4,0.0732,1.0,0.0943,0.0606,0.8928,0.0,0.0,0,1.0,39,0,26,0.0,0.0,0.0
116.891,2046,21.4,0.0732,1.0,0.0943,0.0606,0.8928,0.0,0.0,0,1.0,39,0,26,0.0,0.0,0.0
116.936,2047,21.4,0.0732,1.0,0.0943,0.0606,1.0,0.0,0.0,0,1.6,39,0,27,0.0,0.0,0.0
116.985,2048,21.4,0.0732,1.0,0.0943,0.0606,1.0,0.0,0.0,0,1.56,39,0,27,0.0,0.0,0.0
117.025,2049,21.4,0.0732,1.0,0.0943,0.0606,1.0,0.0,0.0,0,1.52,39,0,27,0.0,0.0,0.0
117.075,2050,21.4,0.0732,1.0,0.0943,0.0606,1.0,0.0,0.0,0,1.48,39,0,27,0.0,0.0,0.0
117.125,2051,21.4,0.0732,1.0,0.0943,0.0606,1.0,0.0,0.0,0,1.44,39,0,27,0.0,0.0,0.0
117.166,2052,21.4,0.0732,1.0,0.0943,-0.0999,1.0,0.0,0.0,0,1.4,39,0,27,0.0,0.0,0.0
117.216,2053,21.4,0.0732,1.0,0.0943,0.0606,1.0,0.0,0.0,0,1.36,39,0,27,0.0,0.0,0.0
117.266,2054,21.4,0.0732,1.0,0.0943,0.0606,1.0,0.0,0.0,0,1.32,39,0,27,0.0,0.0,0.0
117.311,2055,21.4,0.0732,1.0,0.0943,0.0606,1.0,0.0,0.0,0,1.28,39,0,27,0.0,0.0,0.0
117.367,2056,21.4,0.0732,1.0,0.0943,0.0606,1.0,0.0,0.0,0,1.24,39,0,27,0.0,0.0,0.0
117.427,2057,21.4,0.0732,1.0,0.0943,0.0606,1.0,0.0,0.0,0,1.2,39,0,27,0.0,0.0,0.0
117.468,2058,21.4,0.0732,1.0,0.0943,0.0606,1.0,0.0,0.0,0,1.16,39,0,27,0.0,0.0,0.0
117.52,2059,21.4,0.0732,1.0,0.0943,0.0606,1.0,0.0,0.0,0,1.12,39,0,27,0.0,0.0,0.0
117.568,2060,21.4,0.0732,1.0,0.0943,0.0606,0.9643,0.0,0.0,0,1.08,39,0,27,0.0,0.0,0.0
117.611,2061,21.4,0.0732,1.0,0.0943,0.0606,0.9285,0.0,0.0,0,1.04,39,0,27,0.0,0.0,0.0
117.661,2062,21.4,0.0732,1.0,0.0943,0.0606,0.8928,0.0,0.0,0,1.0,39,0,27,0.0,0.0,0.0
117.703,2063,21.4,0.0732,1.0,0.0943,0.0606,0.8928,0.0,0.0,0,1.0,39,0,27,0.0,0.0,0.0
117.755,2064,21.4,0.0732,1.0,0.0943,0.0606,0.8928,0.0,0.0,0,1.0,39,0,27,0.0,0.0,0.0
117.804,2065,21.4,0.0732,1.0,0.0943,0.0606,0.8928,0.0,0.0,0,1.0,39,0,27,0.0,0.0,0.0
117.846,2066,21.4,0.0732,1.0,0.0943,0.0606,0.8928,0.0,0.0,0,1.0,39,0,27,0.0,0.0,0.0
117.891,2067,21.4,0.0732,1.0,0.0943,0.0606,0.8928,0.0,0.0,0,1.0,39,0,27,0.0,0.0,0.0
117.944,2068,21.4,0.0732,1.0,0.0943,0.0606,0.8928,0.0,0.0,0,1.0,39,0,27,0.0,0.0,0.0
117.984,2069,21.4,0.0732,1.0,0.0943,0.0606,0.8928,0.0,0.0,0,1.0,39,0,27,0.0,0.0,0.0
118.033,2070,21.4,0.0732,1.0,0.0943,0.0606,0.8928,0.0,0.0,0,1.0,39,0,27,0.0,0.0,0.0
118.075,2071,20.9,0.0732,1.0,0.0943,0.0606,0.8928,0.0,0.0,0,1.0,39,0,27,0.0,0.0,0.0
118.127,2072,20.9,0.0732,1.0,0.0943,0.0606,0.8928,0.0,0.0,0,1.0,39,0,27,0.0,0.0,0.0
118.177,2073,20.9,0.0732,1.0,0.0943,0.0606,0.8928,0.0,0.0,0,1.0,39,0,27,0.0,0.0,0.0
118.222,2074,20.9,0.0732,1.0,0.0943,0.0606,0.8928,0.0,0.0,0,1.0,39,0,27,0.0,0.0,0.0
118.27,2075,20.9,0.0732,1.0,0.0943,0.0606,1.0,0.0,0.0,0,1.6,39,0,28,0.0,0.0,0.0
118.311,2076,20.9,0.0732,1.0,0.0943,0.0606,1.0,0.0,0.0,0,1.56,39,0,28,0.0,0.0,0.0
118.363,2077,20.9,0.0732,1.0,0.0943,0.0606,1.0,0.0,0.0,0,1.52,39,0,28,0.0,0.0,0.0
118.413,2078,20.9,0.0732,1.0,0.0943,0.0606,1.0,0.0,0.0,0,1.48,39,0,28,0.0,0.0,0.0
118.453,2079,20.9,0.0732,1.0,0.0943,0.0606,1.0,0.0,0.0,0,1.44,39,0,28,0.0,0.0,0.0
118.504,2080,20.9,0.0732,1.0,0.0943,0.0606,1.0,0.0,0.0,0,1.4,39,0,28,0.0,0.0,0.0
118.547,2081,20.9,0.0732,1.0,0.0943,0.0606,1.0,0.0,0.0,0,1.36,39,0,28,0.0,0.0,0.0
118.595,2082,20.9,0.0732,1.0,0.0943,0.0606,1.0,0.0,0.0,0,1.32,39,0,28,0.0,0.0,0.0
118.645,2083,20.9,0.0732,1.0,0.0943,0.0606,1.0,0.0,0.0,0,1.28,39,0,28,0.0,0.0,0.0
118.687,2084,20.9,0.0732,1.0,0.0943,0.0606,1.0,0.0,0.0,0,1.24,39,0,28,0.0,0.0,0.0
118.739,2085,20.9,0.0732,1.0,0.0943,0.0606,1.0,0.0,0.0,0,1.2,39,0,28,0.0,0.0,0.0
118.788,2086,20.9,0.0732,1.0,0.0943,0.0606,1.0,0.0,0.0,0,1.16,39,0,28,0.0,0.0,0.0
118.829,2087,20.9,0.0732,1.0,0.0943,0.0606,1.0,0.0,0.0,0,1.12,39,0,28,0.0,0.0,0.0
118.878,2088,20.9,0.0732,1.0,0.0943,0.0606,0.9643,0.0,0.0,0,1.08,39,0,28,0.0,0.0,0.0
118.916,2089,20.9,0.0732,1.0,0.0943,0.0606,0.9285,0.0,0.0,0,1.04,39,0,28,0.0,0.0,0.0
118.966,2090,20.9,0.0732,1.0,0.0943,0.0606,0.8928,0.0,0.0,0,1.0,39,0,28,0.0,0.0,0.0
119.01,2091,20.9,0.0732,1.0,0.0943,0.0606,0.8928,0.0,0.0,0,1.0,39,0,28,0.0,0.0,0.0
119.06,2092,20.9,0.0732,1.0,0.0943,0.0606,0.8928,0.0,0.0,0,1.0,39,0,28,0.0,0.0,0.0
119.112,2093,20.9,0.0732,1.0,0.0943,0.0606,0.8928,0.0,0.0,0,1.0,39,0,28,0.0,0.0,0.0
119.151,2094,20.9,0.0732,1.0,0.0943,0.0606,0.8928,0.0,0.0,0,1.0,39,0,28,0.0,0.0,0.0
119.201,2095,20.9,0.0732,1.0,0.0943,0.0606,0.8928,0.0,0.0,0,1.0,39,0,28,0.0,0.0,0.0
119.251,2096,20.9,0.0732,1.0,0.0943,0.0606,0.8928,0.0,0.0,0,1.0,39,0,28,0.0,0.0,0.0
119.293,2097,20.9,0.0732,1.0,0.0943,0.0606,0.8928,0.0,0.0,0,1.0,39,0,28,0.0,0.0,0.0
119.348,2098,20.9,0.0732,1.0,0.0943,0.0606,0.8928,0.0,0.0,0,1.0,39,0,28,0.0,0.0,0.0
119.387,2099,20.9,0.0732,1.0,0.0943,0.0606,0.8928,0.0,0.0,0,1.0,39,0,28,0.0,0.0,0.0
119.439,2100,20.9,0.0732,1.0,0.0943,0.0606,0.8928,0.0,0.0,0,1.0,39,0,28,0.0,0.0,0.0
119.499,2101,21.3,0.0732,1.0,0.0943,0.0606,0.8928,0.0,0.0,0,1.0,39,0,28,0.0,0.0,0.0
119.553,2102,21.3,0.0732,1.0,0.0943,0.0606,0.8928,0.0,0.0,0,1.0,39,0,28,0.0,0.0,0.0
119.603,2103,21.3,0.0732,1.0,0.0943,0.0606,1.0,0.0,0.0,0,1.6,39,0,29,0.0,0.0,0.0
119.652,2104,21.3,0.0732,1.0,0.0943,0.0606,1.0,0.0,0.0,0,1.56,39,0,29,0.0,0.0,0.0
119.694,2105,21.3,0.0732,1.0,0.0943,0.0606,1.0,0.0,0.0,0,1.52,39,0,29,0.0,0.0,0.0
119.75,2106,21.3,0.0732,1.0,0.0943,0.0606,1.0,0.0,0.0,0,1.48,39,0,29,0.0,0.0,0.0
119.804,2107,21.3,0.0732,1.0,0.0943,0.0606,1.0,0.0,0.0,0,1.44,39,0,29,0.0,0.0,0.0
119.853,2108,21.3,0.0732,1.0,0.0943,0.0606,1.0,0.0,0.0,0,1.4,39,0,29,0.0,0.0,0.0
119.891,2109,21.3,0.0732,1.0,0.0943,0.0606,1.0,0.0,0.0,0,1.36,39,0,29,0.0,0.0,0.0
119.944,2110,21.3,0.0732,1.0,0.0943,0.0606,1.0,0.0,0.0,0,1.32,39,0,29,0.0,0.0,0.0
119.991,2111,21.3,0.0732,1.0,0.0943,0.0606,1.0,0.0,0.0,0,1.28,39,0,29,0.0,0.0,0.0
120.034,2112,21.3,0.0732,1.0,0.0943,0.0606,1.0,0.0,0.0,0,1.24,39,0,29,0.0,0.0,0.0
120.083,2113,21.3,0.0732,1.0,0.0943,0.0606,1.0,0.0,0.0,0,1.2,39,0,29,0.0,0.0,0.0
120.133,2114,21.3,0.0732,1.0,0.0943,0.0606,1.0,0.0,0.0,0,1.16,39,0,29,0.0,0.0,0.0
120.175,2115,21.3,0.0732,1.0,0.0943,0.0606,1.0,0.0,0.0,0,1.12,39,0,29,0.0,0.0,0.0
120.225,2116,21.3,0.0732,1.0,0.0943,0.0606,0.9643,0.0,0.0,0,1.08,39,0,29,0.0,0.0,0.0
120.267,2117,21.3,0.0732,1.0,0.0943,0.0606,0.9285,0.0,0.0,0,1.04,39,0,29,0.0,0.0,0.0
120.317,2118,21.3,0.0732,1.0,0.0943,0.0606,0.8928,0.0,0.0,0,1.0,39,0,29,0.0,0.0,0.0
120.368,2119,21.3,0.0732,1.0,0.0943,0.0606,0.8928,0.0,0.0,0,1.0,39,0,29,0.0,0.0,0.0
120.411,2120,21.3,0.0732,1.0,0.0943,-0.0796,0.8928,0.0,0.0,0,1.0,39,0,29,0.0,0.0,0.0
120.462,2121,21.3,0.0732,1.0,0.0943,0.0606,0.8928,0.0,0.0,0,1.0,39,0,29,0.0,0.0,0.0
120.511,2122,21.3,0.0732,1.0,0.0943,0.0606,0.8928,0.0,0.0,0,1.0,39,0,29,0.0,0.0,0.0
120.555,2123,21.3,0.0732,1.0,0.0943,0.0606,0.8928,0.0,0.0,0,1.0,39,0,29,0.0,0.0,0.0
120.602,2124,21.3,0.0732,1.0,0.0943,0.0606,0.8928,0.0,0.0,0,1.0,39,0,29,0.0,0.0,0.0
120.652,2125,21.3,0.0732,1.0,0.0943,0.0606,0.8928,0.0,0.0,0,1.0,39,0,29,0.0,0.0,0.0
120.695,2126,21.3,0.0732,1.0,0.0943,0.0606,0.8928,0.0,0.0,0,1.0,39,0,29,0.0,0.0,0.0
120.747,2127,21.3,0.0732,1.0,0.0943,0.0606,0.8928,0.0,0.0,0,1.0,39,0,29,0.0,0.0,0.0
120.804,2128,21.3,0.0732,1.0,0.0943,0.0606,0.8928,0.0,0.0,0,1.0,39,0,29,0.0,0.0,0.0
120.855,2129,21.3,0.0732,1.0,0.0943,0.0606,0.8928,0.0,0.0,0,1.0,39,0,29,0.0,0.0,0.0
120.893,2130,21.3,0.0732,1.0,0.0943,0.0606,0.8928,0.0,0.0,0,1.0,39,0,29,0.0,0.0,0.0
120.946,2131,20.6,0.0732,1.0,0.0943,0.0606,1.0,0.0,0.0,0,1.6,39,0,30,0.0,0.0,0.0
120.991,2132,20.6,0.0732,1.0,0.0943,0.0606,1.0,0.0,0.0,0,1.56,39,0,30,0.0,0.0,0.0
121.037,2133,20.6,0.0732,1.0,0.0943,0.0606,1.0,0.0,0.0,0,1.52,39,0,30,0.0,0.0,0.0
121.083,2134,20.6,0.0732,1.0,0.0943,0.0606,1.0,0.0,0.0,0,1.48,39,0,30,0.0,0.0,0.0
121.127,2135,20.6,0.0732,1.0,0.0943,0.0606,1.0,0.0,0.0,0,1.44,39,0,30,0.0,0.0,0.0
121.174,2136,20.6,0.0732,1.0,0.0943,0.0606,1.0,0.0,0.0,0,1.4,39,0,30,0.0,0.0,0.0
121.216,2137,20.6,0.0732,1.0,0.0943,0.0606,1.0,0.0,0.0,0,1.36,39,0,30,0.0,0.0,0.0
121.266,2138,20.6,0.0732,1.0,0.0943,0.0606,1.0,0.0,0.0,0,1.32,39,0,30,0.0,0.0,0.0
121.316,2139,20.6,0.0732,1.0,0.0943,0.0606,1.0,0.0,0.0,0,1.28,39,0,30,0.0,0.0,0.0
121.365,2140,20.6,0.0732,1.0,0.0943,0.0606,1.0,0.0,0.0,0,1.24,39,0,30,0.0,0.0,0.0
121.411,2141,20.6,0.0732,1.0,0.0943,0.0606,1.0,0.0,0.0,0,1.2,39,0,30,0.0,0.0,0.0
121.461,2142,20.6,0.0732,1.0,0.0943,0.0606,1.0,0.0,0.0,0,1.16,39,0,30,0.0,0.0,0.0
121.505,2143,20.6,0.0732,1.0,0.0943,0.0606,1.0,0.0,0.0,0,1.12,39,0,30,0.0,0.0,0.0
121.557,2144,20.6,0.0732,1.0,0.0943,0.0606,0.9643,0.0,0.0,0,1.08,39,0,30,0.0,0.0,0.0
121.612,2145,20.6,0.0732,1.0,0.0943,0.0606,0.9285,0.0,0.0,0,1.04,39,0,30,0.0,0.0,0.0
121.66,2146,20.6,0.0732,1.0,0.0943,0.0606,0.8928,0.0,0.0,0,1.0,39,0,30,0.0,0.0,0.0
121.71,2147,20.6,0.0732,1.0,0.0943,0.0606,0.8928,0.0,0.0,0,1.0,39,0,30,0.0,0.0,0.0
121.756,2148,20.6,0.0732,1.0,0.0943,0.0606,0.8928,0.0,0.0,0,1.0,39,0,30,0.0,0.0,0.0
121.804,2149,20.6,0.0732,1.0,0.0943,0.2087,0.8928,0.0,0.0,0,1.0,39,0,30,0.0,0.0,0.0
121.844,2150,20.6,0.0732,1.0,0.0943,0.0606,0.8928,0.0,0.0,0,1.0,39,0,30,0.0,0.0,0.0
121.892,2151,20.6,0.0732,1.0,0.0943,0.0606,0.8928,0.0,0.0,0,1.0,39,0,30,0.0,0.0,0.0
121.933,2152,20.6,0.0732,1.0,0.0943,0.0606,0.8928,0.0,0.0,0,1.0,39,0,30,0.0,0.0,0.0
121.983,2153,20.6,0.0732,1.0,0.0943,0.0606,0.8928,0.0,0.0,0,1.0,39,0,30,0.0,0.0,0.0
122.034,2154,20.6,0.0732,1.0,0.0943,0.0606,0.8928,0.0,0.0,0,1.0,39,0,30,0.0,0.0,0.0
122.074,2155,20.6,0.0732,1.0,0.0943,0.0606,0.8928,0.0,0.0,0,1.0,39,0,30,0.0,0.0,0.0
122.124,2156,20.6,0.0732,1.0,0.0943,0.0606,0.8928,0.0,0.0,0,1.0,39,0,30,0.0,0.0,0.0
122.175,2157,20.6,0.0732,1.0,0.0943,0.0606,0.8928,0.0,0.0,0,1.0,39,0,30,0.0,0.0,0.0
122.218,2158,20.6,0.0732,1.0,0.0943,0.0606,0.8928,0.0,0.0,0,1.0,39,0,30,0.0,0.0,0.0
122.267,2159,20.6,0.0732,1.0,0.0943,0.0606,1.0,0.0,0.0,0,1.6,39,0,31,0.0,0.0,0.0
122.318,2160,20.6,0.0732,1.0,0.0943,0.0606,1.0,0.0,0.0,0,1.56,39,0,31,0.0,0.0,0.0
122.364,2161,21.1,0.0732,1.0,0.0943,0.0606,1.0,0.0,0.0,0,1.52,39,0,31,0.0,0.0,0.0
122.412,2162,21.1,0.0732,1.0,0.0943,0.0606,1.0,0.0,0.0,0,1.48,39,0,31,0.0,0.0,0.0
122.454,2163,21.1,0.0732,1.0,0.0943,0.0606,1.0,0.0,0.0,0,1.44,39,0,31,0.0,0.0,0.0
122.502,2164,21.1,0.0732,1.0,0.0943,0.0606,1.0,0.0,0.0,0,1.4,39,0,31,0.0,0.0,0.0
122.555,2165,21.1,0.0732,1.0,0.0943,0.0606,1.0,0.0,0.0,0,1.36,39,0,31,0.0,0.0,0.0
122.594,2166,21.1,0.0732,1.0,0.0943,0.0606,1.0,0.0,0.0,0,1.32,39,0,31,0.0,0.0,0.0
122.645,2167,21.1,0.0732,1.0,0.0943,0.0606,1.0,0.0,0.0,0,1.28,39,0,31,0.0,0.0,0.0
122.688,2168,21.1,0.0732,1.0,0.0943,0.0606,1.0,0.0,0.0,0,1.24,39,0,31,0.0,0.0,0.0
122.737,2169,21.1,0.0732,1.0,0.0943,0.0606,1.0,0.0,0.0,0,1.2,39,0,31,0.0,0.0,0.0
122.787,2170,21.1,0.0732,1.0,0.0943,0.0606,1.0,0.0,0.0,0,1.16,39,0,31,0.0,0.0,0.0
122.829,2171,21.1,0.0732,1.0,0.0943,0.0606,1.0,0.0,0.0,0,1.12,39,0,31,0.0,0.0,0.0
122.878,2172,21.1,0.0732,1.0,0.0943,0.0606,0.9643,0.0,0.0,0,1.08,39,0,31,0.0,0.0,0.0
122.924,2173,21.1,0.0732,1.0,0.0943,0.0606,0.9285,0.0,0.0,0,1.04,39,0,31,0.0,0.0,0.0
122.967,2174,21.1,0.0732,1.0,0.0943,0.0606,0.8928,0.0,0.0,0,1.0,39,0,31,0.0,0.0,0.0
123.015,2175,21.1,0.0732,1.0,0.0943,0.0606,0.8928,0.0,0.0,0,1.0,39,0,31,0.0,0.0,0.0
123.067,2176,21.1,0.0732,1.0,0.0943,0.0606,0.8928,0.0,0.0,0,1.0,39,0,31,0.0,0.0,0.0
123.11,2177,21.1,0.0732,1.0,0.0943,0.0606,0.8928,0.0,0.0,0,1.0,39,0,31,0.0,0.0,0.0
123.161,2178,21.1,0.0732,1.0,0.0943,0.0606,0.8928,0.0,0.0,0,1.0,39,0,31,0.0,0.0,0.0
123.209,2179,21.1,0.0732,1.0,0.0943,0.0606,0.8928,0.0,0.0,0,1.0,39,0,31,0.0,0.0,0.0
123.251,2180,21.1,0.0732,1.0,0.0943,0.0606,0.8928,0.0,0.0,0,1.0,39,0,31,0.0,0.0,0.0
123.3,2181,21.1,0.0732,1.0,0.0943,0.0606,0.8928,0.0,0.0,0,1.0,39,0,31,0.0,0.0,0.0
123.343,2182,21.1,0.0732,1.0,0.0943,0.0606,0.8928,0.0,0.0,0,1.0,39,0,31,0.0,0.0,0.0
123.393,2183,21.1,0.0732,1.0,0.0943,0.0606,0.8928,0.0,0.0,0,1.0,39,0,31,0.0,0.0,0.0
123.436,2184,21.1,0.0732,1.0,0.0943,0.0606,0.8928,0.0,0.0,0,1.0,39,0,31,0.0,0.0,0.0
123.486,2185,21.1,0.0732,1.0,0.0943,0.0606,0.8928,0.0,0.0,0,1.0,39,0,31,0.0,0.0,0.0
123.537,2186,21.1,0.0732,1.0,0.0943,0.0606,0.8928,0.0,0.0,0,1.0,39,0,31,0.0,0.0,0.0
123.578,2187,21.1,0.0732,1.0,0.0943,0.0606,1.0,0.0,0.0,0,1.6,39,0,32,0.0,0.0,0.0
123.63,2188,21.1,0.0732,1.0,0.0943,0.0606,1.0,0.0,0.0,0,1.56,39,0,32,0.0,0.0,0.0
123.681,2189,21.1,0.0732,1.0,0.0943,0.0606,1.0,0.0,0.0,0,1.52,39,0,32,0.0,0.0,0.0
123.738,2190,21.1,0.0732,1.0,0.0943,0.0606,1.0,0.0,0.0,0,1.48,39,0,32,0.0,0.0,0.0
123.788,2191,21.1,0.0732,1.0,0.0943,0.0606,1.0,0.0,0.0,0,1.44,39,0,32,0.0,0.0,0.0
123.829,2192,21.1,0.0732,1.0,0.0943,0.0606,1.0,0.0,0.0,0,1.4,39,0,32,0.0,0.0,0.0
123.876,2193,21.1,0.0732,1.0,0.0943,0.0606,1.0,0.0,0.0,0,1.36,39,0,32,0.0,0.0,0.0
123.926,2194,21.1,0.0732,1.0,0.0943,0.0606,1.0,0.0,0.0,0,1.32,39,0,32,0.0,0.0,0.0
123.971,2195,21.1,0.0732,1.0,0.0943,0.0606,1.0,0.0,0.0,0,1.28,39,0,32,0.0,0.0,0.0
124.017,2196,21.1,0.0732,1.0,0.0943,0.0606,1.0,0.0,0.0,0,1.24,39,0,32,0.0,0.0,0.0
124.058,2197,21.1,0.0732,1.0,0.0943,0.0606,1.0,0.0,0.0,0,1.2,39,0,32,0.0,0.0,0.0
124.111,2198,21.1,0.0732,1.0,0.0943,0.0606,1.0,0.0,0.0,0,1.16,39,0,32,0.0,0.0,0.0
124.163,2199,21.1,0.0732,1.0,0.0943,0.0606,1.0,0.0,0.0,0,1.12,39,0,32,0.0,0.0,0.0
124.217,2200,21.1,0.0732,1.0,0.0943,0.0606,0.9643,0.0,0.0,0,1.08,39,0,32,0.0,0.0,0.0
124.265,2201,21.1,0.0732,1.0,0.0943,0.0606,0.9285,0.0,0.0,0,1.04,39,0,32,0.0,0.0,0.0
124.307,2202,21.1,0.0732,1.0,0.0943,0.0606,0.8928,0.0,0.0,0,1.0,39,0,32,0.0,0.0,0.0
124.362,2203,21.1,0.0732,1.0,0.0943,0.0606,0.8928,0.0,0.0,0,1.0,39,0,32,0.0,0.0,0.0
124.412,2204,21.1,0.0732,1.0,0.0943,0.0606,0.8928,0.0,0.0,0,1.0,39,0,32,0.0,0.0,0.0
124.452,2205,21.1,0.0732,1.0,0.0943,0.0606,0.8928,0.0,0.0,0,1.0,39,0,32,0.0,0.0,0.0
124.503,2206,21.1,0.0732,1.0,0.0943,0.0606,0.8928,0.0,0.0,0,1.0,39,0,32,0.0,0.0,0.0
124.544,2207,21.1,0.0732,1.0,0.0943,0.0606,0.8928,0.0,0.0,0,1.0,39,0,32,0.0,0.0,0.0
124.594,2208,21.1,0.0732,1.0,0.0943,0.0606,0.8928,0.0,0.0,0,1.0,39,0,32,0.0,0.0,0.0
124.643,2209,21.1,0.0732,1.0,0.0943,0.0606,0.8928,0.0,0.0,0,1.0,39,0,32,0.0,0.0,0.0
124.684,2210,21.1,0.0732,1.0,0.0943,0.0606,0.8928,0.0,0.0,0,1.0,39,0,32,0.0,0.0,0.0
124.738,2211,21.1,0.0732,1.0,0.0943,0.0606,0.8928,0.0,0.0,0,1.0,39,0,32,0.0,0.0,0.0
124.782,2212,21.1,0.0732,1.0,0.0943,0.0606,0.8928,0.0,0.0,0,1.0,39,0,32,0.0,0.0,0.0
124.828,2213,21.1,0.0732,1.0,0.0943,0.0606,0.8928,0.0,0.0,0,1.0,39,0,32,0.0,0.0,0.0
124.879,2214,21.1,0.0732,1.0,0.0943,0.0606,0.8928,0.0,0.0,0,1.0,39,0,32,0.0,0.0,0.0
124.919,2215,21.1,0.0732,1.0,0.0943,0.0606,1.0,0.0,0.0,0,1.6,39,0,33,0.0,0.0,0.0
124.972,2216,21.1,0.0732,1.0,0.0943,0.0606,1.0,0.0,0.0,0,1.56,39,0,33,0.0,0.0,0.0
125.023,2217,21.1,0.0732,1.0,0.0943,0.0606,1.0,0.0,0.0,0,1.52,39,0,33,0.0,0.0,0.0
125.098,2218,21.1,0.0732,1.0,0.0943,0.0606,1.0,0.0,0.0,0,1.48,39,0,33,0.0,0.0,0.0
125.156,2219,21.1,0.0732,1.0,0.0943,0.0606,1.0,0.0,0.0,0,1.44,39,0,33,0.0,0.0,0.0
125.202,2220,21.1,0.0732,1.0,0.0943,0.0606,1.0,0.0,0.0,0,1.4,39,0,33,0.0,0.0,0.0
125.255,2221,20.5,0.0732,1.0,0.0943,0.0606,1.0,0.0,0.0,0,1.36,39,0,33,0.0,0.0,0.0
125.295,2222,20.5,0.0732,1.0,0.0943,0.0606,1.0,0.0,0.0,0,1.32,39,0,33,0.0,0.0,0.0
125.343,2223,20.5,0.0732,1.0,0.0943,0.0606,1.0,0.0,0.0,0,1.28,39,0,33,0.0,0.0,0.0
125.386,2224,20.5,0.0732,1.0,0.0943,0.0606,1.0,0.0,0.0,0,1.24,39,0,33,0.0,0.0,0.0
125.436,2225,20.5,0.0732,1.0,0.0943,0.0606,1.0,0.0,0.0,0,1.2,39,0,33,0.0,0.0,0.0
125.479,2226,20.5,0.0732,1.0,0.0943,0.0606,1.0,0.0,0.0,0,1.16,39,0,33,0.0,0.0,0.0
125.53,2227,20.5,0.0732,1.0,0.0943,0.1145,1.0,0.0,0.0,0,1.12,39,0,33,0.0,0.0,0.0
125.581,2228,20.5,0.0732,1.0,0.0943,0.0606,0.9643,0.0,0.0,0,1.08,39,0,33,0.0,0.0,0.0
125.637,2229,20.5,0.0732,1.0,0.0943,0.0606,0.9285,0.0,0.0,0,1.04,39,0,33,0.0,0.0,0.0
125.687,2230,20.5,0.0732,1.0,0.0943,0.0606,0.8928,0.0,0.0,0,1.0,39,0,33,0.0,0.0,0.0
125.735,2231,20.5,0.0732,1.0,0.0943,0.0606,0.8928,0.0,0.0,0,1.0,39,0,33,0.0,0.0,0.0
125.802,2232,20.5,0.0732,1.0,0.0943,0.0606,0.8928,0.0,0.0,0,1.0,39,0,33,0.0,0.0,0.0
125.855,2233,20.5,0.0732,1.0,0.0943,0.0606,0.8928,0.0,0.0,0,1.0,39,0,33,0.0,0.0,0.0
125.902,2234,20.5,0.0732,1.0,0.0943,0.0606,0.8928,0.0,0.0,0,1.0,39,0,33,0.0,0.0,0.0
125.943,2235,20.5,0.0732,1.0,0.0943,0.0606,0.8928,0.0,0.0,0,1.0,39,0,33,0.0,0.0,0.0
125.992,2236,20.5,0.0732,1.0,0.0943,0.0606,0.8928,0.0,0.0,0,1.0,39,0,33,0.0,0.0,0.0
126.046,2237,20.5,0.0732,1.0,0.0943,0.0606,0.8928,0.0,0.0,0,1.0,39,0,33,0.0,0.0,0.0
126.102,2238,20.5,0.0732,1.0,0.0943,0.0606,0.8928,0.0,0.0,0,1.0,39,0,33,0.0,0.0,0.0
126.151,2239,20.5,0.0732,1.0,0.0943,0.0606,0.8928,0.0,0.0,0,1.0,39,0,33,0.0,0.0,0.0
126.192,2240,20.5,0.0732,1.0,0.0943,0.0606,0.8928,0.0,0.0,0,1.0,39,0,33,0.0,0.0,0.0
126.242,2241,20.5,0.0732,1.0,0.0943,0.0606,0.8928,0.0,0.0,0,1.0,39,0,33,0.0,0.0,0.0
126.285,2242,20.5,0.0732,1.0,0.0943,0.0606,0.8928,0.0,0.0,0,1.0,39,0,33,0.0,0.0,0.0
126.335,2243,20.5,0.0732,1.0,0.0943,0.0606,1.0,0.0,0.0,0,1.6,39,0,34,0.0,0.0,0.0
126.389,2244,20.5,0.0732,1.0,0.0943,0.0606,1.0,0.0,0.0,0,1.56,39,0,34,0.0,0.0,0.0
126.449,2245,20.5,0.0732,1.0,0.0943,0.0606,1.0,0.0,0.0,0,1.52,39,0,34,0.0,0.0,0.0
126.524,2246,20.5,0.0732,1.0,0.0943,0.0606,1.0,0.0,0.0,0,1.48,39,0,34,0.0,0.0,0.0
126.594,2247,20.5,0.0732,1.0,0.0943,0.0606,1.0,0.0,0.0,0,1.44,39,0,34,0.0,0.0,0.0
126.66,2248,20.5,0.0732,1.0,0.0943,0.0606,1.0,0.0,0.0,0,1.4,39,0,34,0.0,0.0,0.0
126.713,2249,20.5,0.0732,1.0,0.0943,0.0606,1.0,0.0,0.0,0,1.36,39,0,34,0.0,0.0,0.0
126.763,2250,20.5,0.0732,1.0,0.0943,0.0606,1.0,0.0,0.0,0,1.32,39,0,34,0.0,0.0,0.0
126.834,2251,19.2,0.0732,1.0,0.0943,0.0606,1.0,0.0,0.0,0,1.28,39,0,34,0.0,0.0,0.0
126.881,2252,19.2,0.0732,1.0,0.0943,0.0606,1.0,0.0,0.0,0,1.24,39,0,34,0.0,0.0,0.0
126.926,2253,19.2,0.0732,1.0,0.0943,0.0606,1.0,0.0,0.0,0,1.2,39,0,34,0.0,0.0,0.0
126.982,2254,19.2,0.0732,1.0,0.0943,0.0606,1.0,0.0,0.0,0,1.16,39,0,34,0.0,0.0,0.0
127.038,2255,19.2,0.0732,1.0,0.0943,0.0606,1.0,0.0,0.0,0,1.12,39,0,34,0.0,0.0,0.0
127.083,2256,19.2,0.0732,1.0,0.0943,0.0641,0.9643,0.0,0.0,0,1.08,39,0,34,0.0,0.0,0.0
127.125,2257,19.2,0.0732,1.0,0.0943,0.0606,0.9285,0.0,0.0,0,1.04,39,0,34,0.0,0.0,0.0
127.182,2258,19.2,0.0732,1.0,0.0943,0.0606,0.8928,0.0,0.0,0,1.0,39,0,34,0.0,0.0,0.0
127.234,2259,19.2,0.0732,1.0,0.0943,-0.2328,0.8928,0.0,0.0,0,1.0,39,0,34,0.0,0.0,0.0
127.283,2260,19.2,0.0732,1.0,0.0943,0.0606,0.8928,0.0,0.0,0,1.0,39,0,34,0.0,0.0,0.0
127.325,2261,19.2,0.0732,1.0,0.0943,0.0606,0.8928,0.0,0.0,0,1.0,39,0,34,0.0,0.0,0.0
127.381,2262,19.2,0.0732,1.0,0.0943,0.0606,0.8928,0.0,0.0,0,1.0,39,0,34,0.0,0.0,0.0
127.42,2263,19.2,0.0732,1.0,0.0943,0.0606,0.8928,0.0,0.0,0,1.0,39,0,34,0.0,0.0,0.0
127.47,2264,19.2,0.0732,1.0,0.0943,0.0606,0.8928,0.0,0.0,0,1.0,39,0,34,0.0,0.0,0.0
127.521,2265,19.2,0.0732,1.0,0.0943,0.0606,0.8928,0.0,0.0,0,1.0,39,0,34,0.0,0.0,0.0
