timestamp,frame,fps,left,center,right,x,magnitude,fw_bias,visual_bias,escape_active,dopamine,items,skip_focus,collected,reward_rate,escape_rate,orient_rate
4.532,1,0.0,0.0608,0.8754,0.3332,0.4292,0.9219,0.0,0.0,0,1.0,15,0,0,0.0,0.0,0.0
4.606,2,0.0,0.0331,1.0,0.1037,0.2381,0.8981,0.0,0.0,0,1.0,17,0,0,0.0,0.0,0.0
4.661,3,0.0,0.0264,0.7397,0.4577,0.6168,0.8776,0.0,0.0,0,1.0,18,0,0,0.0,0.0,0.0
4.711,4,0.0,0.0,0.7025,0.3768,0.6533,0.8011,-0.1129,0.0,0,1.0,15,0,0,0.0056,0.0,0.0023
4.773,5,0.0,0.0,0.9798,0.1858,0.4939,0.9271,-0.1129,0.0,0,1.0,16,0,0,0.0056,0.0,0.0023
4.825,6,0.0,0.0,0.6037,0.5974,0.7778,0.8416,0.0,0.0,0,1.0,18,0,0,0.0,0.0,0.0
4.877,7,0.0,0.0,0.6476,0.4283,0.6944,0.7838,0.0915,0.0,0,1.0,16,0,0,0.0046,0.0,0.0018
4.927,8,0.0,0.1696,0.5584,0.3398,0.2542,0.6593,-0.7,0.0,0,1.0,14,0,0,0.035,0.0,0.014
4.976,9,0.0,0.0,0.7479,0.3849,0.6454,0.8438,-0.7,0.0,0,1.0,14,0,0,0.035,0.0,0.014
5.029,10,0.0,0.0,0.7338,0.3864,0.6497,0.8327,-0.4651,0.0,0,1.0,11,0,0,0.0233,0.0,0.0093
5.092,11,0.0,0.1234,0.7816,0.1999,0.1433,0.7685,-0.3477,0.0,0,1.0,14,0,0,0.0174,0.0,0.007
5.152,12,0.0,0.5912,0.6361,0.2355,-0.3591,0.8654,0.0,0.0,0,1.0,11,0,0,0.0,0.0,0.0
5.206,13,0.0,0.7389,0.4708,0.1911,-0.5406,0.8092,0.0,0.0,0,1.0,14,0,0,0.0,0.0,0.0
5.268,14,0.0,0.0748,0.7218,0.3292,0.4165,0.7906,-0.2303,0.0,0,1.0,11,0,0,0.0115,0.0,0.0046
5.322,15,0.0,0.0616,0.5386,0.5855,0.6626,0.7803,-0.1275,0.0,0,1.0,8,0,0,0.0064,0.0,0.0026
5.386,16,0.0,0.3155,0.4762,0.3376,0.0286,0.5891,0.0915,0.0,0,1.0,9,0,0,0.0046,0.0,0.0018
5.44,17,0.0,0.0834,0.3433,0.6023,0.696,0.6256,-0.2303,0.0,0,1.0,9,0,0,0.0115,0.0,0.0046
5.506,18,0.0,0.0,0.7219,0.4161,0.6671,0.8394,-0.2303,0.0,0,1.0,9,0,0,0.0115,0.0,0.0046
5.564,19,0.0,0.4968,0.3168,0.3147,-0.2164,0.5443,0.0045,0.0,0,1.0,16,0,0,0.0002,0.0,0.0001
5.625,20,0.0,0.0557,0.6808,0.3719,0.5058,0.7802,-0.2068,0.0,0,1.0,10,0,0,0.0103,0.0,0.0041
5.683,21,0.0,0.0765,0.7782,0.2556,0.3297,0.7968,-0.7,0.0,0,1.0,8,0,0,0.035,0.0,0.014
5.75,22,0.0,0.4732,0.8525,0.1158,-0.4267,0.9811,0.0,0.0,0,1.0,6,0,0,0.0,0.0,0.0
5.811,23,0.0,0.2723,0.7906,0.1688,-0.1551,0.8166,0.0,0.0,0,1.0,6,0,0,0.0,0.0,0.0
5.875,24,0.0,0.2493,0.9805,0.0,-0.5303,0.9632,0.0045,0.0,0,1.0,15,0,0,0.0002,0.0,0.0001
5.926,25,0.0,0.5089,0.891,0.0867,-0.4937,1.0,0.0,0.0,0,1.0,15,0,0,0.0,0.0,0.0
5.976,26,0.0,0.7397,0.7643,0.0062,-0.762,1.0,-0.152,0.0,0,1.0,14,0,0,0.0076,0.0,0.003
6.026,27,0.0,0.3092,0.7007,0.0708,-0.4111,0.7618,-0.152,0.0,0,1.0,7,0,0,0.0076,0.0,0.003
6.076,28,0.0,0.5905,0.8278,0.0286,-0.653,1.0,-0.2471,0.0,0,1.0,8,0,0,0.0124,0.0,0.0049
6.128,29,0.0,0.1412,0.8531,0.1104,-0.0674,0.7957,0.0915,0.0,0,1.0,10,0,0,0.0046,0.0,0.0018
6.177,30,0.0,0.5988,0.8515,0.0263,-0.6554,1.0,0.0915,0.0,0,1.0,9,0,0,0.0046,0.0,0.0018
6.227,31,5.2,0.7259,0.835,0.0,-0.7506,1.0,0.0,0.0,0,1.0,8,0,0,0.0,0.0,0.0
6.276,32,5.2,0.3393,0.8781,0.1168,-0.3157,1.0,-0.2122,0.0,0,1.6,11,0,1,0.0106,0.0,0.0042
6.328,33,5.2,0.8102,0.6875,0.0,-0.8144,1.0,-0.2122,0.0,0,1.56,12,0,1,0.0106,0.0,0.0042
6.376,34,5.2,0.2886,0.8086,0.041,-0.4533,1.0,0.0,0.0,0,1.52,5,0,1,0.0,0.0,0.0
6.426,35,5.2,0.6083,0.8107,0.0258,-0.6694,1.0,0.0,0.0,0,1.48,5,0,1,0.0,0.0,0.0
6.477,36,5.2,0.3594,0.6282,0.0,-0.6657,1.0,0.0915,0.0,0,1.44,4,0,1,0.0046,0.0,0.0018
6.527,37,5.2,0.5166,0.5276,0.0,-0.7756,1.0,0.0915,0.0,0,1.4,5,0,1,0.0046,0.0,0.0018
6.576,38,5.2,0.1298,1.0,0.0093,-0.4007,1.0,-0.7,0.0,0,1.36,10,0,1,0.035,0.0,0.014
6.629,39,5.2,0.3507,0.8609,0.002,-0.5973,1.0,0.0,0.0,0,1.32,11,0,1,0.0,0.0,0.0
6.679,40,5.2,0.6162,0.508,0.0,-0.8204,0.9879,-0.7,0.0,0,1.28,7,0,1,0.035,0.0,0.014
6.741,41,5.2,0.9432,0.5984,0.0,-0.8739,1.0,-0.7,0.0,0,1.24,10,0,1,0.035,0.0,0.014
6.795,42,5.2,0.8287,0.7041,0.0277,-0.7678,1.0,-0.1876,0.0,0,1.2,13,0,1,0.0094,0.0,0.0038
6.853,43,5.2,0.6826,0.8045,0.002,-0.7419,1.0,-0.1876,0.0,0,1.16,10,0,1,0.0094,0.0,0.0038
6.907,44,5.2,0.6674,0.8228,0.0011,-0.7342,1.0,-0.1876,0.0,0,1.12,13,0,1,0.0094,0.0,0.0038
6.959,45,5.2,0.8561,0.5905,0.0,-0.7616,1.0,-0.0737,0.0,0,1.08,14,0,1,0.0037,0.0,0.0015
7.009,46,5.2,0.5019,0.5004,0.1273,-0.493,0.7295,-0.1876,0.0,0,1.04,13,0,1,0.0094,0.0,0.0038
7.058,47,5.2,0.7476,0.3916,0.0,-0.9112,0.7476,-0.1876,0.0,0,1.0,11,0,1,0.0094,0.0,0.0038
7.117,48,5.2,0.5256,0.5728,0.0687,-0.6056,0.7755,0.0045,0.0,0,1.0,12,0,1,0.0002,0.0,0.0001
7.17,49,5.2,0.6595,0.4552,0.0564,-0.7359,0.7517,-0.2471,0.0,0,1.0,12,0,1,0.0124,0.0,0.0049
7.223,50,5.2,0.5661,0.6202,0.0193,-0.7171,0.838,-0.0737,0.0,0,1.0,11,0,1,0.0037,0.0,0.0015
7.282,51,5.2,0.2667,0.7872,0.1675,-0.1505,0.8106,-0.0737,0.0,0,1.0,17,0,1,0.0037,0.0,0.0015
7.341,52,5.2,0.3283,0.9768,0.0022,-0.5646,1.0,0.0045,0.0,0,1.0,16,0,1,0.0002,0.0,0.0001
7.393,53,5.2,0.5035,0.6291,0.0436,-0.6311,0.8104,0.0,0.0,0,1.0,23,0,1,0.0,0.0,0.0
7.445,54,5.2,0.1215,1.0,0.0313,-0.2783,0.908,-0.0961,0.0,0,1.0,18,0,1,0.0048,0.0,0.0019
7.496,55,5.2,0.5264,0.6544,0.0104,-0.71,0.8445,-0.0961,0.0,0,1.0,15,0,1,0.0048,0.0,0.0019
7.556,56,5.2,0.3166,0.8563,0.0515,-0.4412,0.8966,0.0,0.0,0,1.0,24,0,1,0.0,0.0,0.0
7.613,57,5.2,0.0,0.6702,0.3432,0.6445,0.7552,0.0915,0.0,0,1.0,14,0,1,0.0046,0.0,0.0018
7.676,58,5.2,0.6521,0.6989,0.0921,-0.5968,0.9523,0.0,0.0,0,1.0,20,0,1,0.0,0.0,0.0
7.735,59,5.2,0.7731,0.6734,0.0626,-0.7016,0.9986,-0.1363,0.0,0,1.0,26,0,1,0.0068,0.0,0.0027
7.799,60,5.2,0.8854,0.4151,0.1511,-0.68,0.8445,-0.2122,0.0,0,1.0,27,0,1,0.0106,0.0,0.0042
7.858,61,18.5,0.9313,0.5436,0.0,-0.8904,0.9782,-0.2122,0.0,0,1.0,21,0,1,0.0106,0.0,0.0042
7.913,62,18.5,0.808,0.6413,0.0351,-0.7673,0.9912,-0.1655,0.0,0,1.0,29,0,1,0.0083,0.0,0.0033
7.975,63,18.5,0.8154,0.6823,0.0,-0.8173,1.0,-0.2156,0.0,0,1.0,27,0,1,0.0108,0.0,0.0043
8.029,64,18.5,0.815,0.6729,0.0097,-0.8033,1.0,-0.2156,0.0,0,1.0,26,0,1,0.0108,0.0,0.0043
8.085,65,18.5,1.0,0.5012,0.002,-0.9162,0.981,-0.2156,0.0,0,1.0,21,0,1,0.0108,0.0,0.0043
8.134,66,18.5,1.0,0.5185,0.0,-0.9132,0.9955,-0.1876,0.0,0,1.0,21,0,1,0.0094,0.0,0.0038
8.184,67,18.5,1.0,0.4399,0.1422,-0.7258,0.9295,-0.1876,0.0,0,1.0,24,0,1,0.0094,0.0,0.0038
8.235,68,18.5,0.7768,0.4988,0.2802,-0.4372,0.854,-0.1876,0.0,0,1.0,24,0,1,0.0094,0.0,0.0038
8.286,69,18.5,0.7778,0.4914,0.2961,-0.42,0.8483,-0.2627,0.0,0,1.0,22,0,1,0.0131,0.0,0.0053
8.337,70,18.5,0.7875,0.6562,0.0502,-0.7314,0.9921,-0.2627,0.0,0,1.0,25,0,1,0.0131,0.0,0.0053
8.386,71,18.5,0.9305,0.4085,0.1353,-0.7216,0.8642,-0.1967,0.0,0,1.0,26,0,1,0.0098,0.0,0.0039
8.437,72,18.5,0.8343,0.5643,0.0775,-0.7295,0.9412,-0.2974,0.0,0,1.0,20,0,1,0.0149,0.0,0.0059
8.49,73,18.5,0.938,0.4611,0.0788,-0.7926,0.9126,-0.2974,0.0,0,1.0,15,0,1,0.0149,0.0,0.0059
8.545,74,18.5,0.8039,0.6535,0.0135,-0.7994,0.9991,-0.2664,0.0,0,1.0,5,0,1,0.0133,0.0,0.0053
8.597,75,18.5,0.8136,0.6461,0.0077,-0.8147,0.9984,-0.2156,0.0,0,1.0,8,0,1,0.0108,0.0,0.0043
8.658,76,18.5,0.8023,0.6472,0.0349,-0.7643,0.9929,-0.2156,0.0,0,1.0,12,0,1,0.0108,0.0,0.0043
8.715,77,18.5,0.3101,0.8486,0.0409,-0.4646,0.8865,-0.2156,0.0,0,1.0,11,0,1,0.0108,0.0,0.0043
8.774,78,18.5,0.3067,0.7901,0.0622,-0.4158,0.8354,0.0,0.0,0,1.0,14,0,1,0.0,0.0,0.0
8.831,79,18.5,0.1474,0.6415,0.606,0.4954,0.8783,0.0,0.0,0,1.0,15,0,1,0.0,0.0,0.0
8.887,80,18.5,0.2299,0.5505,0.6172,0.3974,0.808,-0.1363,0.0,0,1.0,16,0,1,0.0068,0.0,0.0027
8.946,81,18.5,0.2281,0.4114,0.7209,0.4912,0.7493,-0.1363,0.0,0,1.0,12,0,1,0.0068,0.0,0.0027
8.994,82,18.5,0.1399,0.5199,0.7171,0.5946,0.8382,-0.2027,0.0,0,1.0,10,0,1,0.0101,0.0,0.0041
9.045,83,18.5,0.1263,0.5332,0.7099,0.6092,0.8454,-0.158,0.0,0,1.0,10,0,1,0.0079,0.0,0.0032
9.095,84,18.5,0.0,0.5044,0.8246,0.8812,0.8855,-0.158,0.0,0,1.0,13,0,1,0.0079,0.0,0.0032
9.15,85,18.5,0.0,0.6456,0.719,0.8026,0.9449,-0.1967,0.0,0,1.0,14,0,1,0.0098,0.0,0.0039
9.2,86,18.5,0.0,0.5943,0.7452,0.8273,0.9165,-0.1235,0.0,0,1.0,14,0,1,0.0062,0.0,0.0025
9.251,87,18.5,0.0,0.5765,0.7761,0.842,0.9188,-0.1235,0.0,0,1.0,13,0,1,0.0062,0.0,0.0025
9.301,88,18.5,0.0,0.8872,0.2306,0.5333,0.8744,-0.1967,0.0,0,1.0,15,0,1,0.0098,0.0,0.0039
9.367,89,18.5,0.2574,0.8077,0.0867,-0.3031,0.8227,0.0,0.0,0,1.0,16,0,1,0.0,0.0,0.0
9.424,90,18.5,0.2793,0.7914,0.088,-0.3261,0.8212,0.0,0.0,0,1.0,17,0,1,0.0,0.0,0.0
9.48,91,18.5,0.2674,0.8504,0.0518,-0.398,0.864,0.0,0.0,0,1.0,16,0,1,0.0,0.0,0.0
9.541,92,18.5,0.2908,0.809,0.0526,-0.4233,0.8424,0.0,0.0,0,1.0,21,0,1,0.0,0.0,0.0
9.599,93,18.5,0.4829,0.3936,0.2376,-0.3075,0.601,0.0,0.0,0,1.0,22,0,1,0.0,0.0,0.0
9.654,94,18.5,0.3158,0.866,0.0471,-0.4501,0.9043,0.0,0.0,0,1.0,23,0,1,0.0,0.0,0.0
9.718,95,18.5,0.2841,0.7903,0.1277,-0.2459,0.823,0.0,0.0,0,1.0,19,0,1,0.0,0.0,0.0
9.783,96,18.5,0.0137,0.3238,0.67,0.8928,0.6472,0.0,0.0,0,1.0,9,0,1,0.0,0.0,0.0
9.84,97,18.5,0.0272,0.5948,0.7272,0.7698,0.9068,0.0045,0.0,0,1.0,14,0,1,0.0002,0.0,0.0001
9.895,98,18.5,0.0047,0.5791,0.7613,0.828,0.9128,-0.1235,0.0,0,1.0,14,0,1,0.0062,0.0,0.0025
9.944,99,18.5,0.0,0.5918,0.7606,0.8324,0.923,-0.1235,0.0,0,1.0,12,0,1,0.0062,0.0,0.0025
9.993,100,18.5,0.0,0.5939,0.7576,0.8309,0.9232,-0.1967,0.0,0,1.0,11,0,1,0.0098,0.0,0.0039
10.048,101,18.5,0.0262,0.8814,0.2143,0.4224,0.8604,-0.1967,0.0,0,1.0,15,0,1,0.0098,0.0,0.0039
10.104,102,18.5,0.0698,0.7583,0.2882,0.384,0.7983,-0.1967,0.0,0,1.0,14,0,1,0.0098,0.0,0.0039
10.165,103,18.5,0.0295,0.7269,0.3445,0.5435,0.8035,0.0,0.0,0,1.0,19,0,1,0.0,0.0,0.0
10.218,104,18.5,0.0509,0.8324,0.2467,0.3826,0.8374,0.0,0.0,0,1.0,18,0,1,0.0,0.0,0.0
10.271,105,18.5,0.0147,0.8845,0.2424,0.4863,0.8788,0.0,0.0,0,1.0,14,0,1,0.0,0.0,0.0
10.324,106,18.5,0.0818,0.8134,0.2242,0.2743,0.8088,0.0,0.0,0,1.0,21,0,1,0.0,0.0,0.0
10.384,107,18.5,0.0611,0.8348,0.2282,0.3328,0.829,0.0,0.0,0,1.0,28,0,1,0.0,0.0,0.0
10.437,108,18.5,0.0261,0.8967,0.222,0.2192,0.8775,0.0,0.0,0,1.0,13,0,1,0.0,0.0,0.0
10.487,109,18.5,0.0475,0.8802,0.2253,0.3643,0.8656,0.0,0.0,0,1.0,13,0,1,0.0,0.0,0.0
10.538,110,18.5,0.0791,0.8796,0.1673,0.1945,0.8325,0.0,0.0,0,1.0,14,0,1,0.0,0.0,0.0
10.597,111,18.5,0.0505,0.6915,0.6096,0.6524,0.9222,0.0,0.0,0,1.0,9,0,1,0.0,0.0,0.0
10.658,112,18.5,0.7849,0.3603,0.3522,-0.3797,0.7422,0.0915,0.0,0,1.0,7,0,1,0.0046,0.0,0.0018
10.726,113,18.5,0.8143,0.2711,0.2513,-0.544,0.6838,0.0915,0.0,0,1.0,11,0,1,0.0046,0.0,0.0018
10.79,114,18.5,0.0306,0.7346,0.4603,0.6096,0.8748,-0.1833,0.0,0,1.0,14,0,1,0.0092,0.0,0.0037
10.848,115,18.5,0.2516,0.9142,0.0,-0.5413,0.9088,-0.1129,0.0,0,1.0,17,0,1,0.0056,0.0,0.0023
10.899,116,18.5,0.1496,1.0,0.0,-0.4693,0.9238,0.0,0.0,0,1.0,27,0,1,0.0,0.0,0.0
10.95,117,18.5,0.2997,0.7584,0.0319,-0.4971,0.8049,0.0,0.0,0,1.0,21,0,1,0.0,0.0,0.0
11.002,118,18.5,0.405,0.6205,0.014,-0.6518,0.748,0.0,0.0,0,1.0,17,0,1,0.0,0.0,0.0
11.05,119,18.5,0.2418,0.7628,0.0689,-0.3357,0.7761,0.0,0.0,0,1.0,22,0,1,0.0,0.0,0.0
11.101,120,18.5,0.8077,0.4396,0.1042,-0.715,0.8216,0.0,0.0,0,1.0,29,0,1,0.0,0.0,0.0
11.155,121,17.9,0.8225,0.4226,0.1112,-0.7147,0.8156,-0.2179,0.0,0,1.0,45,1,1,0.0109,0.0,0.0044
11.21,122,17.9,0.8338,0.429,0.184,-0.6072,0.8273,-0.2179,0.0,0,1.0,40,1,1,0.0109,0.0,0.0044
11.26,123,17.9,0.8394,0.4674,0.0814,-0.755,0.8627,-0.2722,0.0,0,1.0,36,1,1,0.0136,0.0,0.0054
11.309,124,17.9,0.2514,0.7841,0.144,-0.1742,0.7994,-0.2722,0.0,0,1.0,37,1,1,0.0136,0.0,0.0054
11.371,125,17.9,0.0374,0.6552,0.3904,0.5708,0.769,-0.2303,0.0,0,1.0,49,1,1,0.0115,0.0,0.0046
12.45,150,17.9,0.752,0.5335,0.316,-0.3756,0.8692,0.0,0.0,0,1.0,54,1,1,0.0,0.0,0.0
12.503,151,22.2,0.7589,0.5283,0.3144,-0.3823,0.8687,0.0,0.0,0,1.0,55,1,1,0.0,0.0,0.0
12.563,152,22.2,0.7369,0.5389,0.3165,-0.3655,1.0,-0.1967,0.0,0,1.6,49,0,2,0.0098,0.0,0.0039
12.619,153,22.2,0.8052,0.4327,0.3207,-0.4161,1.0,-0.1967,0.0,0,1.56,28,0,2,0.0098,0.0,0.0039
12.669,154,22.2,0.7193,0.4712,0.3276,-0.3514,1.0,-0.1967,0.0,0,1.52,19,0,2,0.0098,0.0,0.0039
12.724,155,22.2,0.7542,0.4412,0.325,-0.3802,1.0,-0.1129,0.0,0,1.48,22,0,2,0.0056,0.0,0.0023
12.779,156,22.2,0.7134,0.8263,0.0,-0.7492,1.0,-0.2303,0.0,0,1.44,17,0,2,0.0115,0.0,0.0046
12.837,157,22.2,0.7029,0.7878,0.0,-0.7561,1.0,-0.0737,0.0,0,1.4,18,0,2,0.0037,0.0,0.0015
12.891,158,22.2,0.9503,0.5068,0.0,-1.0,1.0,-0.0737,0.0,0,1.36,18,0,2,0.0037,0.0,0.0015
12.942,159,22.2,0.849,0.6868,0.0,-0.8244,1.0,-0.0737,0.0,0,1.32,12,0,2,0.0037,0.0,0.0015
12.991,160,22.2,0.8645,0.6433,0.0,-0.8416,1.0,-0.1876,0.0,0,1.28,17,0,2,0.0094,0.0,0.0038
13.04,161,22.2,0.7793,0.8301,0.0,-0.7667,1.0,-0.1876,0.0,0,1.24,15,0,2,0.0094,0.0,0.0038
13.092,162,22.2,0.7655,0.837,0.0,-0.7613,1.0,-0.1876,0.0,0,1.2,17,0,2,0.0094,0.0,0.0038
13.143,163,22.2,0.8193,0.7889,0.0278,-0.7428,1.0,-0.1876,0.0,0,1.16,19,0,2,0.0094,0.0,0.0038
13.191,164,22.2,0.8167,0.6697,0.005,-0.8127,1.0,-0.2471,0.0,0,1.12,8,0,2,0.0124,0.0,0.0049
13.24,165,22.2,0.6068,0.3285,0.0462,-0.7889,0.6651,-0.2156,0.0,0,1.08,3,0,2,0.0108,0.0,0.0043
13.293,166,22.2,0.6474,0.3943,0.0,-0.8821,0.7215,-0.2156,0.0,0,1.04,4,0,2,0.0108,0.0,0.0043
13.342,167,22.2,0.9303,0.5083,0.0064,-0.8922,0.948,0.0915,0.0,0,1.0,9,0,2,0.0046,0.0,0.0018
13.394,168,22.2,0.8988,0.6538,0.0,-0.8463,1.0,-0.1876,0.0,0,1.0,13,0,2,0.0094,0.0,0.0038
13.445,169,22.2,1.0,0.3066,0.0,-1.0,0.8175,-0.1876,0.0,0,1.0,14,0,2,0.0094,0.0,0.0038
13.505,170,22.2,1.0,0.3605,0.0,-1.0,0.8628,-0.1876,0.0,0,1.0,16,0,2,0.0094,0.0,0.0038
13.561,171,22.2,1.0,0.4473,0.0,-0.9404,0.9357,-0.1876,0.0,0,1.0,14,0,2,0.0094,0.0,0.0038
13.615,172,22.2,0.9783,0.4826,0.0,-0.9225,0.9533,-0.1876,0.0,0,1.0,5,0,2,0.0094,0.0,0.0038
13.671,173,22.2,0.8437,0.7678,0.0,-0.7998,1.0,-0.1876,0.0,0,1.0,9,0,2,0.0094,0.0,0.0038
13.734,174,22.2,0.9422,0.5346,0.0,-0.8959,0.9767,-0.1876,0.0,0,1.0,11,0,2,0.0094,0.0,0.0038
13.791,175,22.2,1.0,0.4636,0.0,-0.9339,0.9494,-0.1876,0.0,0,1.0,13,0,2,0.0094,0.0,0.0038
13.847,176,22.2,0.9875,0.5042,0.0,-0.9161,0.9765,-0.1876,0.0,0,1.0,11,0,2,0.0094,0.0,0.0038
13.9,177,22.2,0.9281,0.5687,0.0,-0.8808,0.9975,-0.1876,0.0,0,1.0,13,0,2,0.0094,0.0,0.0038
13.953,178,22.2,0.8074,0.7063,0.0,-0.8081,1.0,-0.1876,0.0,0,1.0,9,0,2,0.0094,0.0,0.0038
14.0,179,22.2,0.9196,0.5291,0.0189,-0.861,0.9594,-0.1876,0.0,0,1.0,13,0,2,0.0094,0.0,0.0038
14.054,180,22.2,0.8823,0.601,0.0094,-0.8435,1.0,-0.1876,0.0,0,1.6,14,0,3,0.0094,0.0,0.0038
14.114,181,18.7,0.8743,0.5882,0.0107,-0.8436,1.0,-0.1876,0.0,0,1.56,22,0,3,0.0094,0.0,0.0038
14.168,182,18.7,0.8481,0.6983,0.004,-0.814,1.0,-0.1876,0.0,0,1.52,23,0,3,0.0094,0.0,0.0038
14.215,183,18.7,0.9172,0.7072,0.0099,-0.8186,1.0,-0.1876,0.0,0,1.48,16,0,3,0.0094,0.0,0.0038
14.27,184,18.7,0.8834,0.6115,0.0035,-0.8504,1.0,-0.1876,0.0,0,1.44,20,0,3,0.0094,0.0,0.0038
14.317,185,18.7,0.9338,0.5436,0.003,-0.8859,1.0,-0.1876,0.0,0,1.4,15,0,3,0.0094,0.0,0.0038
14.376,186,18.7,0.8735,0.5971,0.0193,-0.8261,1.0,-0.1876,0.0,0,1.36,20,0,3,0.0094,0.0,0.0038
14.429,187,18.7,0.8386,0.8039,0.0066,-0.5051,1.0,-0.1876,0.0,0,1.32,24,0,3,0.0094,0.0,0.0038
14.478,188,18.7,0.8734,0.5448,0.0733,-0.7548,1.0,-0.1876,0.0,0,1.28,26,0,3,0.0094,0.0,0.0038
14.54,189,18.7,0.8862,0.466,0.1374,-0.6856,1.0,-0.2664,0.0,0,1.24,29,0,3,0.0133,0.0,0.0053
14.596,190,18.7,0.7967,0.7641,0.0032,-0.7834,1.0,-0.287,0.0,0,1.2,29,0,3,0.0143,0.0,0.0057
14.654,191,18.7,0.7226,0.7677,0.0087,-0.7515,1.0,-0.287,0.0,0,1.16,23,0,3,0.0143,0.0,0.0057
14.718,192,18.7,0.6554,0.4806,0.016,-0.8092,0.8632,-0.2027,0.0,0,1.12,18,0,3,0.0101,0.0,0.0041
14.784,193,18.7,0.8764,0.5346,0.0734,-0.7588,1.0,-0.0737,0.0,0,1.08,15,0,3,0.0037,0.0,0.0015
14.838,194,18.7,0.8059,0.65,0.0386,-0.7584,1.0,-0.2664,0.0,0,1.04,19,0,3,0.0133,0.0,0.0053
14.9,195,18.7,0.7741,0.6779,0.0447,-0.7301,1.0,-0.2664,0.0,0,1.0,22,0,3,0.0133,0.0,0.0053
14.952,196,18.7,0.9111,0.5857,0.0071,-0.8594,1.0,-0.2156,0.0,0,1.0,17,0,3,0.0108,0.0,0.0043
15.004,197,18.7,0.9611,0.5306,0.0038,-0.8949,0.9839,-0.1876,0.0,0,1.0,13,0,3,0.0094,0.0,0.0038
15.052,198,18.7,0.7923,0.7003,0.0111,-0.7864,1.0,-0.1876,0.0,0,1.0,12,0,3,0.0094,0.0,0.0038
15.104,199,18.7,0.7267,0.7558,0.0293,-0.7196,1.0,-0.1876,0.0,0,1.0,11,0,3,0.0094,0.0,0.0038
15.165,200,18.7,0.8648,0.6467,0.0126,-0.8193,1.0,-0.2122,0.0,0,1.0,10,0,3,0.0106,0.0,0.0042
15.217,201,18.7,0.8739,0.6018,0.0131,-0.835,0.9949,-0.2122,0.0,0,1.0,11,0,3,0.0106,0.0,0.0042
15.265,202,18.7,0.9206,0.6313,0.0124,-0.8381,1.0,-0.1876,0.0,0,1.0,5,0,3,0.0094,0.0,0.0038
15.318,203,18.7,0.3001,0.8368,0.0727,-0.3776,0.871,-0.1876,0.0,0,1.0,6,0,3,0.0094,0.0,0.0038
15.37,204,18.7,0.1919,1.0,0.0,-0.4952,0.9474,-0.1876,0.0,0,1.0,10,0,3,0.0094,0.0,0.0038
15.418,205,18.7,0.1947,0.971,0.0088,-0.4304,0.9247,0.0,0.0,0,1.0,8,0,3,0.0,0.0,0.0
15.468,206,18.7,0.658,0.2192,0.0604,-0.8349,0.5526,0.0,0.0,0,1.0,4,0,3,0.0,0.0,0.0
15.521,207,18.7,0.2282,0.6309,0.4119,0.2246,0.7606,-0.0737,0.0,0,1.0,9,0,3,0.0037,0.0,0.0015
15.58,208,18.7,0.3206,0.7061,0.102,-0.3489,0.7727,-0.0737,0.0,0,1.0,12,0,3,0.0037,0.0,0.0015
15.637,209,18.7,0.6078,0.3285,0.0711,-0.7322,0.6163,-0.7,0.0,0,1.0,15,0,3,0.035,0.0,0.014
15.684,210,18.7,0.454,0.9603,0.0,-0.6296,1.0,0.0915,0.0,0,1.0,16,0,3,0.0046,0.0,0.0018
15.753,211,18.4,0.3341,0.5587,0.4027,0.078,0.6948,-0.1129,0.0,0,1.0,18,0,3,0.0056,0.0,0.0023
15.819,212,18.4,0.2796,1.0,0.2355,-0.0553,0.9966,-0.1129,0.0,0,1.0,23,0,3,0.0056,0.0,0.0023
15.88,213,18.4,0.4623,0.602,0.0,-0.7248,0.7646,-0.2471,0.0,0,1.0,16,0,3,0.0124,0.0,0.0049
15.937,214,18.4,0.4379,0.9529,0.0,-0.6245,1.0,-0.1129,0.0,0,1.0,17,0,3,0.0056,0.0,0.0023
15.992,215,18.4,0.2608,0.8049,0.0544,-0.3906,0.8222,-0.4651,0.0,0,1.0,19,0,3,0.0233,0.0,0.0093
16.045,216,18.4,0.1209,0.757,0.4928,0.446,0.9119,0.0,0.0,0,1.0,17,0,3,0.0,0.0,0.0
16.092,217,18.4,0.0572,0.8758,0.5044,0.5481,1.0,0.0,0.0,0,1.0,19,0,3,0.0,0.0,0.0
16.146,218,18.4,0.2192,0.9495,0.2845,0.0844,0.9569,0.0045,0.0,0,1.0,19,0,3,0.0002,0.0,0.0001
16.203,219,18.4,0.2196,1.0,0.0,-0.5113,0.963,-0.7,0.0,0,1.0,18,0,3,0.035,0.0,0.014
16.253,220,18.4,0.0897,1.0,0.2871,0.3091,1.0,0.0,0.0,0,1.0,29,0,3,0.0,0.0,0.0
16.305,221,18.4,0.2644,1.0,0.0011,-0.532,0.9881,0.0,0.0,0,1.0,21,0,3,0.0,0.0,0.0
16.358,222,18.4,0.1767,1.0,0.0431,-0.3106,0.9389,0.0,0.0,0,1.0,23,0,3,0.0,0.0,0.0
16.409,223,18.4,0.3578,0.8725,0.0182,-0.5537,0.9332,0.0,0.0,0,1.0,17,0,3,0.0,0.0,0.0
16.46,224,18.4,0.4261,0.8637,0.0,-0.6375,0.9641,-0.7,0.0,0,1.0,11,0,3,0.035,0.0,0.014
16.512,225,18.4,0.3743,0.8878,0.0,-0.6091,0.9553,-0.7,0.0,0,1.0,14,0,3,0.035,0.0,0.014
16.57,226,18.4,0.1478,1.0,0.007,-0.4301,0.9228,-0.7,0.0,0,1.0,25,0,3,0.035,0.0,0.014
16.626,227,18.4,0.1525,0.9866,0.027,-0.342,0.9141,0.0,0.0,0,1.0,13,0,3,0.0,0.0,0.0
16.678,228,18.4,0.1267,0.9382,0.0787,-0.1194,0.859,0.0,0.0,0,1.0,5,0,3,0.0,0.0,0.0
16.737,229,18.4,0.1706,0.9542,0.0304,-0.3531,0.8971,0.0,0.0,0,1.0,11,0,3,0.0,0.0,0.0
16.797,230,18.4,0.0793,1.0,0.0301,-0.1989,0.8844,0.0,0.0,0,1.0,5,0,3,0.0,0.0,0.0
16.858,231,18.4,0.1145,0.8467,0.0747,-0.1078,0.7754,0.0,0.0,0,1.0,14,0,3,0.0,0.0,0.0
16.911,232,18.4,0.3172,0.7697,0.0,-0.6052,0.8242,0.0,0.0,0,1.0,28,0,3,0.0,0.0,0.0
16.962,233,18.4,0.326,0.5758,0.0864,-0.4129,0.6663,0.0,0.0,0,1.0,9,0,3,0.0,0.0,0.0
17.011,234,18.4,0.2852,0.8697,0.0,-0.5674,0.8902,0.0,0.0,0,1.0,51,0,3,0.0,0.0,0.0
17.071,235,18.4,0.1088,1.0,0.0,-0.4424,0.9009,0.0,0.0,0,1.0,54,0,3,0.0,0.0,0.0
17.126,236,18.4,0.1342,0.9027,0.0839,-0.1207,0.8334,0.0,0.0,0,1.0,50,0,3,0.0,0.0,0.0
17.187,237,18.4,0.265,0.9748,0.0,-0.5396,0.9672,0.0,0.0,0,1.0,35,0,3,0.0,0.0,0.0
17.236,238,18.4,0.1214,1.0,0.003,-0.4311,0.908,0.0,0.0,0,1.0,31,0,3,0.0,0.0,0.0
17.284,239,18.4,0.3145,0.7544,0.0,-0.6072,0.8099,0.0,0.0,0,1.0,23,0,3,0.0,0.0,0.0
17.341,240,18.4,0.1436,0.9828,0.0,-0.4671,0.906,0.0,0.0,0,1.0,23,0,3,0.0,0.0,0.0
17.396,241,18.1,0.0429,1.0,0.073,0.1162,0.8809,0.0,0.0,0,1.0,31,0,3,0.0,0.0,0.0
17.455,242,18.1,0.0603,1.0,0.0117,-0.2815,0.8738,0.0,0.0,0,1.0,26,0,3,0.0,0.0,0.0
17.513,243,18.1,0.0658,1.0,0.0903,0.0745,0.8906,0.0,0.0,0,1.0,28,0,3,0.0,0.0,0.0
17.57,244,18.1,0.1679,1.0,0.0044,-0.4586,0.934,0.0,0.0,0,1.0,28,0,3,0.0,0.0,0.0
17.628,245,18.1,0.187,1.0,0.0,-0.4923,0.9447,0.0,0.0,0,1.0,34,0,3,0.0,0.0,0.0
17.685,246,18.1,0.1631,1.0,0.0,-0.4778,0.9313,0.0,0.0,0,1.0,21,0,3,0.0,0.0,0.0
17.743,247,18.1,0.2416,0.937,0.0,-0.5322,0.9224,0.0,0.0,0,1.0,24,0,3,0.0,0.0,0.0
17.797,248,18.1,0.3749,0.7984,0.0,-0.6284,0.8805,0.0,0.0,0,1.0,18,0,3,0.0,0.0,0.0
17.856,249,18.1,0.6109,0.5681,0.0051,-0.7839,0.8193,0.0,0.0,0,1.0,12,0,3,0.0,0.0,0.0
17.912,250,18.1,0.2491,0.9116,0.0139,-0.4901,0.9053,0.0,0.0,0,1.0,8,0,3,0.0,0.0,0.0
17.97,251,18.1,0.1363,0.9621,0.0249,-0.3322,0.8845,0.0,0.0,0,1.0,9,0,3,0.0,0.0,0.0
18.017,252,18.1,0.0655,1.0,0.0375,-0.1191,0.8767,0.0,0.0,0,1.0,8,0,3,0.0,0.0,0.0
18.068,253,18.1,0.0038,1.0,0.0166,0.2362,0.8493,0.0,0.0,0,1.0,7,0,3,0.0,0.0,0.0
18.12,254,18.1,0.1225,0.9969,0.0259,-0.305,0.906,0.0,0.0,0,1.0,7,0,3,0.0,0.0,0.0
18.169,255,18.1,0.0923,1.0,0.0342,-0.2084,0.8917,0.0,0.0,0,1.0,9,0,3,0.0,0.0,0.0
18.218,256,18.1,0.0,1.0,0.1233,0.4522,0.9091,0.0,0.0,0,1.0,10,0,3,0.0,0.0,0.0
18.267,257,18.1,0.0477,0.9604,0.113,0.1954,0.87,0.0,0.0,0,1.0,11,0,3,0.0,0.0,0.0
18.318,258,18.1,0.18,0.7637,0.1254,-0.1073,0.7423,0.0,0.0,0,1.0,12,0,3,0.0,0.0,0.0
18.367,259,18.1,0.3154,0.6992,0.0412,-0.4951,0.7639,0.0,0.0,0,1.0,11,0,3,0.0,0.0,0.0
18.418,260,18.1,0.1152,1.0,0.0674,-0.1283,0.9045,0.0,0.0,0,1.0,12,0,3,0.0,0.0,0.0
18.47,261,18.1,0.0867,1.0,0.0776,-0.0266,0.8886,0.0,0.0,0,1.0,12,0,3,0.0,0.0,0.0
18.519,262,18.1,0.1293,1.0,0.1158,-0.029,0.9124,0.0,0.0,0,1.0,11,0,3,0.0,0.0,0.0
18.57,263,18.1,0.4821,0.5255,0.0,-0.7619,0.7114,0.0,0.0,0,1.0,7,0,3,0.0,0.0,0.0
18.618,264,18.1,0.4612,0.566,0.0,-0.7372,0.7337,0.0,0.0,0,1.0,11,0,3,0.0,0.0,0.0
18.669,265,18.1,0.3494,0.5747,0.0,-0.6776,0.6784,-0.1967,0.0,0,1.0,3,0,3,0.0098,0.0,0.0039
18.722,266,18.1,0.3533,0.6758,0.0335,-0.5503,0.7655,0.0,0.0,0,1.0,7,0,3,0.0,0.0,0.0
18.782,267,18.1,0.1889,0.8365,0.0945,-0.1909,0.8085,0.0,0.0,0,1.0,6,0,3,0.0,0.0,0.0
18.838,268,18.1,0.1242,1.0,0.0751,-0.1229,0.9095,-0.7,0.0,0,1.0,8,0,3,0.035,0.0,0.014
18.892,269,18.1,0.4117,0.6481,0.0377,-0.5858,0.775,0.0,0.0,0,1.0,10,1,3,0.0,0.0,0.0
18.944,270,18.1,0.4208,0.7032,0.0169,-0.6296,0.8264,-0.7,0.0,0,1.0,8,1,3,0.035,0.0,0.014
19.002,271,18.7,0.3482,0.6436,0.0954,-0.4005,0.7356,-0.7,0.0,0,1.0,7,1,3,0.035,0.0,0.014
19.05,272,18.7,0.4259,0.509,0.0396,-0.6317,0.6661,-0.7,0.0,0,1.0,4,1,3,0.035,0.0,0.014
19.101,273,18.7,0.3645,0.6376,0.0629,-0.4919,0.7397,0.0,0.0,0,1.0,5,1,3,0.0,0.0,0.0
19.153,274,18.7,0.1173,0.8943,0.1366,0.0413,0.8277,-0.7,0.0,0,1.0,5,1,3,0.035,0.0,0.014
19.21,275,18.7,0.2266,0.7454,0.0289,-0.4444,0.7531,0.0,0.0,0,1.0,3,1,3,0.0,0.0,0.0
19.258,276,18.7,0.239,0.7816,0.0751,-0.3135,0.7904,0.0,0.0,0,1.0,5,1,3,0.0,0.0,0.0
19.309,277,18.7,0.1774,1.0,0.0452,-0.3047,0.9393,0.0,0.0,0,1.0,4,1,3,0.0,0.0,0.0
19.363,278,18.7,0.1008,0.976,0.0667,-0.0984,0.8763,0.0,0.0,0,1.0,6,1,3,0.0,0.0,0.0
19.417,279,18.7,0.0982,0.8941,0.0627,-0.1075,0.806,0.0,0.0,0,1.0,4,1,3,0.0,0.0,0.0
19.47,280,18.7,0.1784,0.7016,0.0892,-0.1973,0.6893,0.0,0.0,0,1.0,4,1,3,0.0,0.0,0.0
19.528,281,18.7,0.1785,0.6953,0.1067,-0.1522,0.684,0.0,0.0,0,1.0,4,1,3,0.0,0.0,0.0
19.581,282,18.7,0.1324,1.0,0.0412,-0.2543,0.9141,0.0,0.0,0,1.0,5,1,3,0.0,0.0,0.0
19.636,283,18.7,0.0959,0.8938,0.094,-0.0051,0.8045,0.0,0.0,0,1.0,5,1,3,0.0,0.0,0.0
19.687,284,18.7,0.1331,1.0,0.0231,-0.3336,0.9145,0.0,0.0,0,1.0,4,1,3,0.0,0.0,0.0
19.756,285,18.7,0.1346,1.0,0.0249,-0.327,0.9154,0.0,0.0,0,1.0,4,1,3,0.0,0.0,0.0
19.82,286,18.7,0.0968,0.8721,0.0378,-0.2071,0.7868,0.0,0.0,0,1.0,3,1,3,0.0,0.0,0.0
19.882,287,18.7,0.1782,0.6917,0.141,-0.073,0.6809,0.0,0.0,0,1.0,5,1,3,0.0,0.0,0.0
19.934,288,18.7,0.0981,0.9049,0.1041,0.0153,0.8184,0.0,0.0,0,1.0,5,1,3,0.0,0.0,0.0
19.993,289,18.7,0.0536,0.9207,0.0821,0.0983,0.8194,0.0,0.0,0,1.0,4,1,3,0.0,0.0,0.0
20.052,290,18.7,0.1764,0.6791,0.1047,-0.1547,0.6692,0.0,0.0,0,1.0,4,1,3,0.0,0.0,0.0
20.101,291,18.7,0.0971,0.9002,0.0591,-0.1179,0.8106,0.0,0.0,0,1.0,5,1,3,0.0,0.0,0.0
20.152,292,18.7,0.0982,0.8482,0.1137,0.0385,0.7761,0.0,0.0,0,1.0,4,1,3,0.0,0.0,0.0
20.207,293,18.7,0.0981,0.8476,0.0721,-0.0765,0.7669,0.0,0.0,0,1.0,4,1,3,0.0,0.0,0.0
20.258,294,18.7,0.3247,0.4391,0.1247,-0.3493,0.5507,0.0,0.0,0,1.0,3,1,3,0.0,0.0,0.0
20.31,295,18.7,0.0982,0.8337,0.0368,-0.2168,0.7553,0.0,0.0,0,1.0,3,1,3,0.0,0.0,0.0
20.363,296,18.7,0.1786,0.6931,0.1444,-0.0665,0.6822,0.0,0.0,0,1.0,5,1,3,0.0,0.0,0.0
20.418,297,18.7,0.0541,0.9941,0.0722,0.0651,0.8754,0.0,0.0,0,1.0,5,1,3,0.0,0.0,0.0
20.467,298,18.7,0.2001,0.8228,0.07,-0.2733,0.8032,0.0,0.0,0,1.0,5,1,3,0.0,0.0,0.0
20.517,299,18.7,0.1517,0.9391,0.0324,-0.3224,0.8737,0.0,0.0,0,1.0,7,1,3,0.0,0.0,0.0
20.573,300,18.7,0.1525,0.9379,0.0419,-0.2868,0.8732,0.0,0.0,0,1.0,6,1,3,0.0,0.0,0.0
20.63,301,18.4,0.0977,0.907,0.0641,-0.101,0.8165,0.0,0.0,0,1.0,4,1,3,0.0,0.0,0.0
20.685,302,18.4,0.1352,0.9512,0.0403,-0.2655,0.8747,0.0,0.0,0,1.0,7,1,3,0.0,0.0,0.0
20.74,303,18.4,0.1793,0.7017,0.103,0.0401,0.6898,0.0,0.0,0,1.0,4,1,3,0.0,0.0,0.0
20.8,304,18.4,0.1792,0.6396,0.0728,-0.2524,0.6376,0.0,0.0,0,1.0,3,1,3,0.0,0.0,0.0
20.854,305,18.4,0.0988,0.8812,0.0141,-0.3418,0.7956,0.0,0.0,0,1.0,3,1,3,0.0,0.0,0.0
20.908,306,18.4,0.1358,0.9842,0.0198,-0.3539,0.9028,0.0,0.0,0,1.0,5,1,3,0.0,0.0,0.0
20.965,307,18.4,0.1746,0.7535,0.0565,-0.2849,0.7307,0.0,0.0,0,1.0,4,1,3,0.0,0.0,0.0
21.016,308,18.4,0.1789,0.5572,0.004,-0.5428,0.5682,0.0,0.0,0,1.0,2,1,3,0.0,0.0,0.0
21.065,309,18.4,0.1782,0.7821,0.0612,-0.2721,0.7567,0.0,0.0,0,1.0,8,1,3,0.0,0.0,0.0
21.121,310,18.4,0.1759,0.7402,0.1544,-0.0403,0.7203,0.0,0.0,0,1.0,9,1,3,0.0,0.0,0.0
21.176,311,18.4,0.0984,0.7642,0.2233,0.2363,0.767,0.0,0.0,0,1.0,10,1,3,0.0,0.0,0.0
21.227,312,18.4,0.0967,0.7762,0.2001,0.2065,0.7641,0.0,0.0,0,1.0,7,1,3,0.0,0.0,0.0
21.275,313,18.4,0.3772,0.5665,0.0573,-0.5335,0.6871,0.0,0.0,0,1.0,6,1,3,0.0,0.0,0.0
21.324,314,18.4,0.3649,0.6453,0.024,-0.5924,0.7463,-0.7,0.0,0,1.0,9,1,3,0.035,0.0,0.014
21.378,315,18.4,0.2756,0.71,0.0427,-0.4535,0.7507,-0.7,0.0,0,1.0,16,1,3,0.035,0.0,0.014
21.426,316,18.4,0.1799,1.0,0.0224,-0.3902,0.9407,-0.7,0.0,0,1.0,7,1,3,0.035,0.0,0.014
21.477,317,18.4,0.2792,0.7336,0.0107,-0.5539,0.7726,0.0,0.0,0,1.0,4,1,3,0.0,0.0,0.0
21.528,318,18.4,0.2707,0.9604,0.0021,-0.5375,0.9583,0.0,0.0,0,1.0,6,1,3,0.0,0.0,0.0
21.58,319,18.4,0.446,0.3976,0.0,-0.8041,0.5837,0.0,0.0,0,1.0,3,1,3,0.0,0.0,0.0
21.642,320,18.4,0.0291,0.9897,0.1212,0.2887,0.8992,0.0,0.0,0,1.0,6,1,3,0.0,0.0,0.0
21.694,321,18.4,0.0299,0.9824,0.1275,0.2953,0.8966,-0.1129,0.0,0,1.0,10,1,3,0.0056,0.0,0.0023
21.753,322,18.4,0.2086,0.7752,0.1098,-0.1875,0.7679,0.0,0.0,0,1.0,8,1,3,0.0,0.0,0.0
21.813,323,18.4,0.4052,0.5902,0.0649,-0.5303,0.7227,0.0,0.0,0,1.0,11,1,3,0.0,0.0,0.0
21.873,324,18.4,0.6968,0.3038,0.0,-0.9449,0.6454,-0.7,0.0,0,1.0,7,1,3,0.035,0.0,0.014
21.926,325,18.4,0.7319,0.2811,0.0,-0.9669,0.646,-0.0737,0.0,0,1.0,8,1,3,0.0037,0.0,0.0015
21.976,326,18.4,0.2824,0.7926,0.0464,-0.435,0.8239,-0.0737,0.0,0,1.0,8,1,3,0.0037,0.0,0.0015
22.024,327,18.4,0.8252,0.2042,0.0,-1.0,0.6337,-0.2122,0.0,0,1.0,8,1,3,0.0106,0.0,0.0042
22.074,328,18.4,0.8349,0.2031,0.0,-1.0,0.6382,-0.1876,0.0,0,1.0,12,1,3,0.0094,0.0,0.0038
22.129,329,18.4,0.848,0.1982,0.0,-1.0,0.6413,-0.1876,0.0,0,1.0,12,1,3,0.0094,0.0,0.0038
22.187,330,18.4,0.4727,0.6203,0.0323,-0.6426,0.7857,-0.1876,0.0,0,1.0,13,1,3,0.0094,0.0,0.0038
22.234,331,18.6,0.901,0.204,0.0081,-1.0,0.6759,-0.1129,0.0,0,1.0,11,1,3,0.0056,0.0,0.0023
22.283,332,18.6,1.0,0.1403,0.0,-1.0,0.6779,-0.1129,0.0,0,1.0,15,1,3,0.0056,0.0,0.0023
22.333,333,18.6,0.9798,0.171,0.0,-1.0,0.6923,-0.1876,0.0,0,1.0,15,1,3,0.0094,0.0,0.0038
22.391,334,18.6,0.7302,0.4032,0.0126,-0.8737,0.7476,-0.1876,0.0,0,1.0,18,1,3,0.0094,0.0,0.0038
22.443,335,18.6,0.7778,0.3886,0.0,-0.9202,0.7619,-0.1876,0.0,0,1.0,9,1,3,0.0094,0.0,0.0038
22.492,336,18.6,0.6494,0.5053,0.0,-0.8324,0.7881,-0.2122,0.0,0,1.0,9,1,3,0.0106,0.0,0.0042
22.543,337,18.6,0.5921,0.5847,0.0,-0.7826,0.8227,-0.0737,0.0,0,1.0,10,1,3,0.0037,0.0,0.0015
22.603,338,18.6,0.431,0.7382,0.0009,-0.6674,0.8615,-0.0737,0.0,0,1.0,6,1,3,0.0037,0.0,0.0015
22.651,339,18.6,0.2589,0.8649,0.0344,-0.4383,0.8715,0.0915,0.0,0,1.0,7,1,3,0.0046,0.0,0.0018
22.703,340,18.6,0.1984,1.0,0.0108,-0.4533,0.9511,0.0,0.0,0,1.0,6,1,3,0.0,0.0,0.0
22.766,341,18.6,0.0818,1.0,0.0057,-0.3722,0.8858,0.0,0.0,0,1.0,6,1,3,0.0,0.0,0.0
22.82,342,18.6,0.03,1.0,0.0819,0.2065,0.8859,0.0,0.0,0,1.0,6,1,3,0.0,0.0,0.0
22.869,343,18.6,0.0216,1.0,0.0697,0.2266,0.879,0.0,0.0,0,1.0,5,1,3,0.0,0.0,0.0
22.927,344,18.6,0.304,0.7187,0.0664,-0.4141,0.7739,0.0,0.0,0,1.0,32,1,3,0.0,0.0,0.0
22.978,345,18.6,0.5092,0.5467,0.0,-0.7651,0.7444,0.0,0.0,0,1.0,38,1,3,0.0,0.0,0.0
23.035,346,18.6,0.3691,0.7297,0.0083,-0.6179,0.8197,0.0,0.0,0,1.0,52,1,3,0.0,0.0,0.0
23.094,347,18.6,0.2346,0.8751,0.0264,-0.4411,0.8664,-0.7,0.0,0,1.0,53,1,3,0.035,0.0,0.014
23.143,348,18.6,0.287,1.0,0.0124,-0.5076,1.0,0.0,0.0,0,1.0,39,1,3,0.0,0.0,0.0
23.203,349,18.6,0.374,1.0,0.0,-0.5886,1.0,0.0,0.0,0,1.0,31,1,3,0.0,0.0,0.0
23.25,350,18.6,0.2687,0.917,0.0,-0.8148,0.9207,0.0,0.0,0,1.0,23,1,3,0.0,0.0,0.0
23.3,351,18.6,0.1685,1.0,0.0,-0.4811,0.9344,0.0,0.0,0,1.0,26,1,3,0.0,0.0,0.0
23.353,352,18.6,0.3084,0.8689,0.0,-0.5801,0.9026,0.0,0.0,0,1.0,26,1,3,0.0,0.0,0.0
23.41,353,18.6,0.3266,0.8549,0.0,-0.5922,0.901,0.0,0.0,0,1.0,24,1,3,0.0,0.0,0.0
23.462,354,18.6,0.4119,0.7585,0.0,-0.6556,0.8678,0.0,0.0,0,1.0,25,1,3,0.0,0.0,0.0
23.521,355,18.6,0.3111,0.969,0.0,-0.5641,0.9881,0.0,0.0,0,1.0,24,1,3,0.0,0.0,0.0
23.583,356,18.6,0.4238,0.7534,0.0,-0.6624,0.8702,-0.7,0.0,0,1.0,32,1,3,0.035,0.0,0.014
23.644,357,18.6,0.6503,0.5259,0.0,-0.8244,0.8059,-0.7,0.0,0,1.0,20,1,3,0.035,0.0,0.014
23.694,358,18.6,0.2885,0.8802,0.021,-0.4999,0.9009,-0.0737,0.0,0,1.0,20,1,3,0.0037,0.0,0.0015
23.75,359,18.6,0.4064,0.7879,0.0043,-0.6343,0.8894,0.0,0.0,0,1.0,16,2,3,0.0,0.0,0.0
23.81,360,18.6,0.2552,0.948,0.0048,-0.5208,0.9393,0.0,0.0,1,1.0,18,2,3,0.0,1.0,0.0
23.865,361,18.5,0.0776,1.0,0.0229,-0.2377,0.8835,-0.7,0.0,1,1.0,5,2,3,0.035,0.8,0.014
23.915,362,18.5,0.083,1.0,0.0258,-0.2329,0.8865,0.0,0.0,1,1.0,21,2,3,0.0,0.8,0.0
23.97,363,18.5,0.1322,1.0,0.0366,-0.2725,0.914,0.0,0.0,1,1.0,28,2,3,0.0,0.8,0.0
24.026,364,18.5,0.121,1.0,0.0279,-0.2933,0.9078,0.0,0.0,1,1.0,32,2,3,0.0,0.8,0.0
24.074,365,18.5,0.2157,0.867,0.0058,-0.5032,0.8491,0.0,0.0,1,1.0,14,2,3,0.0,0.8,0.0
24.122,366,18.5,0.3985,0.7345,0.0,-0.6555,0.8401,0.0,0.0,1,1.0,7,2,3,0.0,0.8,0.0
24.174,367,18.5,0.553,0.6146,0.0,-0.7579,0.8259,0.0,0.0,1,1.0,19,2,3,0.0,0.8,0.0
24.223,368,18.5,0.3858,0.8357,0.1708,-0.2688,0.9181,0.0915,0.0,1,1.0,21,2,3,0.0046,0.8,0.0018
24.278,369,18.5,0.1754,0.9309,0.0944,-0.1648,0.8801,-0.1363,0.0,1,1.0,22,2,3,0.0068,0.8,0.0027
24.324,370,18.5,0.071,0.9106,0.2014,0.2649,0.8777,-0.1363,0.0,1,1.0,26,2,3,0.0068,0.8,0.0027
24.377,371,18.5,0.0753,1.0,0.1247,0.1235,0.9098,0.0,0.0,1,1.0,32,2,3,0.0,0.8,0.0
24.428,372,18.5,0.1257,1.0,0.0937,-0.0747,0.9104,0.0,0.0,0,1.0,44,2,3,0.0,0.8,0.0
24.487,373,18.5,0.1794,1.0,0.1129,-0.1251,0.9405,0.0,0.0,0,1.0,38,2,3,0.0,0.0,0.0
24.535,374,18.5,0.1908,1.0,0.0358,-0.3525,0.9468,0.0,0.0,0,1.0,23,2,3,0.0,0.0,0.0
24.586,375,18.5,0.2097,0.9283,0.0351,-0.3818,0.8972,0.0,0.0,0,1.0,17,2,3,0.0,0.0,0.0
24.637,376,18.5,0.2406,0.8765,0.0338,-0.4222,0.871,0.0,0.0,0,1.0,10,2,3,0.0,0.0,0.0
24.693,377,18.5,0.2115,1.0,0.0339,-0.3805,0.9584,0.0,0.0,0,1.0,10,2,3,0.0,0.0,0.0
24.749,378,18.5,0.3443,1.0,0.0326,-0.4879,1.0,0.0,0.0,0,1.0,15,2,3,0.0,0.0,0.0
24.805,379,18.5,0.2867,1.0,0.0115,-0.5102,1.0,0.0,0.0,0,1.0,19,2,3,0.0,0.0,0.0
24.863,380,18.5,0.2884,0.7831,0.0097,-0.5533,0.8193,0.0,0.0,0,1.0,11,2,3,0.0,0.0,0.0
24.916,381,18.5,0.2995,0.9685,0.0962,-0.3101,0.9813,0.0,0.0,0,1.0,9,2,3,0.0,0.0,0.0
24.978,382,18.5,0.4848,0.5698,0.0035,-0.7368,0.7501,0.0,0.0,0,1.0,14,2,3,0.0,0.0,0.0
25.036,383,18.5,0.0076,1.0,0.0987,0.3778,0.8953,0.0,0.0,0,1.0,11,2,3,0.0,0.0,0.0
25.084,384,18.5,0.1679,0.8334,0.1454,-0.0424,0.7941,0.0,0.0,0,1.0,10,2,3,0.0,0.0,0.0
25.134,385,18.5,0.4619,0.4287,0.111,-0.5148,0.6188,0.0,0.0,0,1.0,5,2,3,0.0,0.0,0.0
25.188,386,18.5,0.3181,0.9309,0.0,-0.574,0.9601,0.0,0.0,0,1.0,11,2,3,0.0,0.0,0.0
25.242,387,18.5,0.1543,0.8401,0.0921,-0.139,0.7921,-0.1129,0.0,0,1.0,18,2,3,0.0056,0.0,0.0023
25.291,388,18.5,0.3534,1.0,0.0,-0.5794,1.0,0.0,0.0,0,1.0,11,2,3,0.0,0.0,0.0
25.342,389,18.5,0.2115,0.8045,0.0527,-0.3411,0.7942,-0.7,0.0,0,1.0,15,2,3,0.035,0.0,0.014
25.396,390,18.5,0.6069,0.4306,0.0092,-0.8289,0.7016,0.0,0.0,0,1.0,13,2,3,0.0,0.0,0.0
25.453,391,18.9,0.2725,0.8132,0.0364,-0.452,0.8356,0.0,0.0,0,1.0,22,2,3,0.0,0.0,0.0
25.505,392,18.9,0.1289,1.0,0.0315,-0.2889,0.9122,0.0915,0.0,0,1.0,27,2,3,0.0046,0.0,0.0018
25.563,393,18.9,0.1718,0.9607,0.0297,-0.3567,0.9032,0.0,0.0,0,1.0,23,2,3,0.0,0.0,0.0
25.621,394,18.9,0.1713,1.0,0.0,-0.4829,0.9359,0.0,0.0,0,1.0,26,2,3,0.0,0.0,0.0
25.676,395,18.9,0.1308,1.0,0.0495,-0.2201,0.9133,0.0,0.0,0,1.0,24,2,3,0.0,0.0,0.0
25.731,396,18.9,0.4363,0.733,0.0,-0.6734,0.8601,0.0,0.0,0,1.0,18,2,3,0.0,0.0,0.0
25.788,397,18.9,0.3291,0.9348,0.0,-0.5787,0.9695,0.0,0.0,0,1.0,14,2,3,0.0,0.0,0.0
25.843,398,18.9,0.3644,1.0,0.0,-0.5843,1.0,-0.4651,0.0,0,1.0,19,2,3,0.0233,0.0,0.0093
25.891,399,18.9,0.6539,0.5322,0.0,-0.6669,0.8132,0.0,0.0,0,1.0,16,2,3,0.0,0.0,0.0
25.944,400,18.9,0.4574,0.9867,0.0,-0.6261,1.0,-0.0737,0.0,0,1.0,17,2,3,0.0037,0.0,0.0015
25.992,401,18.9,0.4513,0.9616,0.0,-0.6283,1.0,-0.0737,0.0,0,1.0,17,2,3,0.0037,0.0,0.0015
26.04,402,18.9,0.4617,0.7771,0.0,-0.6731,0.9113,-0.1967,0.0,0,1.0,16,2,3,0.0098,0.0,0.0039
26.09,403,18.9,0.2449,1.0,0.0,-0.5252,0.9771,-0.1129,0.0,0,1.0,16,2,3,0.0056,0.0,0.0023
26.14,404,18.9,0.3205,0.8487,0.0018,-0.5846,0.8924,-0.1129,0.0,0,1.0,20,2,3,0.0056,0.0,0.0023
26.191,405,18.9,0.2691,0.9578,0.013,-0.5002,0.9553,0.0,0.0,0,1.0,19,2,3,0.0,0.0,0.0
26.241,406,18.9,0.499,0.7828,0.0,-0.687,0.937,0.0,0.0,0,1.0,21,2,3,0.0,0.0,0.0
26.291,407,18.9,0.4928,0.7916,0.0,-0.6823,0.9409,-0.1967,0.0,0,1.0,22,2,3,0.0098,0.0,0.0039
26.345,408,18.9,0.1661,1.0,0.0064,-0.4478,0.933,-0.1967,0.0,0,1.0,23,2,3,0.0098,0.0,0.0039
26.409,409,18.9,0.1796,1.0,0.0064,-0.4579,0.9406,-0.1129,0.0,0,1.0,24,2,3,0.0056,0.0,0.0023
26.462,410,18.9,0.1823,1.0,0.0073,-0.4561,0.9421,0.0,0.0,0,1.0,23,2,3,0.0,0.0,0.0
26.515,411,18.9,0.1415,1.0,0.0,-0.4641,0.9192,0.0,0.0,0,1.0,23,2,3,0.0,0.0,0.0
26.594,412,18.9,0.223,1.0,0.0,-0.5132,0.9649,0.0,0.0,0,1.0,17,2,3,0.0,0.0,0.0
26.655,413,18.9,0.2091,1.0,0.0,-0.5052,0.9571,0.0,0.0,0,1.0,25,2,3,0.0,0.0,0.0
26.712,414,18.9,0.2116,1.0,0.0,-0.5067,0.9585,0.0,0.0,0,1.0,23,2,3,0.0,0.0,0.0
26.777,415,18.9,0.3701,0.8368,0.0,-0.0655,0.9102,0.0,0.0,0,1.0,27,2,3,0.0,0.0,0.0
26.827,416,18.9,0.5088,0.6737,0.0,-0.7214,0.8508,-0.7,0.0,0,1.0,25,2,3,0.035,0.0,0.014
26.876,417,18.9,0.493,0.6854,0.0,-0.7114,0.8518,-0.7,0.0,0,1.0,23,2,3,0.035,0.0,0.014
26.932,418,18.9,0.4562,0.7078,0.0,-0.6892,0.85,-0.0835,0.0,0,1.0,19,2,3,0.0042,0.0,0.0017
26.983,419,18.9,0.471,0.6826,0.0246,-0.6426,0.8371,-0.1967,0.0,0,1.0,15,2,3,0.0098,0.0,0.0039
27.032,420,18.9,0.2183,0.9888,0.0684,-0.287,0.9528,-0.1129,0.0,0,1.0,8,2,3,0.0056,0.0,0.0023
27.085,421,18.3,0.2506,1.0,0.0532,-0.3611,0.9804,-0.1129,0.0,0,1.0,11,2,3,0.0056,0.0,0.0023
27.14,422,18.3,0.2449,0.8484,0.0084,-0.5165,0.8498,0.0,0.0,0,1.0,12,2,3,0.0,0.0,0.0
27.192,423,18.3,0.4507,0.702,0.004,-0.678,0.842,0.0,0.0,0,1.0,12,2,3,0.0,0.0,0.0
27.241,424,18.3,0.3636,0.7114,0.0098,-0.6152,0.8011,-0.1129,0.0,0,1.0,8,2,3,0.0056,0.0,0.0023
27.292,425,18.3,0.5167,0.6076,0.0,-0.746,0.7997,-0.1129,0.0,0,1.0,12,2,3,0.0056,0.0,0.0023
27.341,426,18.3,0.3975,1.0,0.0,-0.5989,1.0,-0.7,0.0,0,1.0,17,2,3,0.035,0.0,0.014
27.394,427,18.3,0.2407,1.0,0.0,-0.523,0.9748,-0.7,0.0,0,1.0,20,2,3,0.035,0.0,0.014
27.445,428,18.3,0.1597,0.9486,0.0428,-0.293,0.8862,-0.7,0.0,0,1.0,16,2,3,0.035,0.0,0.014
27.495,429,18.3,0.4246,1.0,0.0201,-0.5626,1.0,0.0,0.0,0,1.0,14,2,3,0.0,0.0,0.0
27.547,430,18.3,0.1207,1.0,0.045,-0.2192,0.9076,-0.7,0.0,0,1.0,13,2,3,0.035,0.0,0.014
27.605,431,18.3,0.2259,0.9557,0.0066,-0.4947,0.9293,0.0,0.0,0,1.0,15,2,3,0.0,0.0,0.0
27.663,432,18.3,0.2674,0.9286,0.0,-0.5478,0.9297,0.0,0.0,0,1.0,15,2,3,0.0,0.0,0.0
27.722,433,18.3,0.4594,1.0,0.0,-0.6244,1.0,0.0,0.0,0,1.0,16,2,3,0.0,0.0,0.0
27.783,434,18.3,0.7434,0.4312,0.0,-0.8917,0.7785,0.0,0.0,0,1.0,25,2,3,0.0,0.0,0.0
27.838,435,18.3,0.8518,0.3107,0.0,-0.9755,0.738,-0.1967,0.0,0,1.0,15,2,3,0.0098,0.0,0.0039
27.893,436,18.3,0.907,0.2339,0.0048,-1.0,0.7045,-0.1876,0.0,0,1.0,15,2,3,0.0094,0.0,0.0038
27.943,437,18.3,0.9105,0.2203,0.0,-1.0,0.6949,-0.1876,0.0,0,1.0,16,2,3,0.0094,0.0,0.0038
27.991,438,18.3,0.3509,0.916,0.0,-0.5927,0.9659,-0.1876,0.0,0,1.0,18,2,3,0.0094,0.0,0.0038
28.042,439,18.3,0.5188,0.8708,0.0,-0.6736,1.0,-0.7,0.0,0,1.0,22,2,3,0.035,0.0,0.014
28.095,440,18.3,0.5853,0.5425,0.0,-0.7959,0.7835,-0.7,0.0,0,1.0,17,2,3,0.035,0.0,0.014
28.143,441,18.3,0.3969,0.9008,0.0,-0.6169,0.9789,0.0915,0.0,0,1.0,10,2,3,0.0046,0.0,0.0018
28.195,442,18.3,0.8611,0.2863,0.0065,-0.9768,0.7227,-0.7,0.0,0,1.0,18,2,3,0.035,0.0,0.014
28.244,443,18.3,0.8823,0.2572,0.0044,-1.0,0.7101,-0.7,0.0,0,1.0,10,2,3,0.035,0.0,0.014
28.292,444,18.3,0.5294,0.6744,0.0359,-0.6486,0.8629,-0.1876,0.0,0,1.0,10,2,3,0.0094,0.0,0.0038
28.344,445,18.3,0.9916,0.173,0.0,-1.0,0.7006,0.0915,0.0,0,1.0,9,2,3,0.0046,0.0,0.0018
28.395,446,18.3,0.8571,0.3055,0.0,-0.8043,0.7366,0.0915,0.0,0,1.0,11,2,3,0.0046,0.0,0.0018
28.443,447,18.3,0.6003,0.8827,0.0,-0.7,1.0,-0.1876,0.0,0,1.0,23,2,3,0.0094,0.0,0.0038
28.499,448,18.3,0.4928,0.9536,0.0,-0.6462,1.0,0.0915,0.0,0,1.0,22,2,3,0.0046,0.0,0.0018
28.558,449,18.3,0.4083,0.775,0.0051,-0.6361,0.8797,-0.1129,0.0,0,1.0,17,3,3,0.0056,0.0,0.0023
28.611,450,18.3,0.4779,0.6993,0.0,-0.701,0.855,-0.1129,0.0,0,1.0,18,3,3,0.0056,0.0,0.0023
28.669,451,19.0,0.6879,0.4583,0.0,-0.8641,0.7702,-0.7,0.0,0,1.0,20,3,3,0.035,0.0,0.014
28.722,452,19.0,0.7168,0.4256,0.0,-0.8871,0.7589,-0.0737,0.0,0,1.0,19,3,3,0.0037,0.0,0.0015
28.786,453,19.0,0.7261,0.4227,0.0,-0.8909,0.7617,-0.0737,0.0,0,1.0,24,3,3,0.0037,0.0,0.0015
28.848,454,19.0,0.3188,0.9549,0.0,-0.5702,0.9807,-0.0737,0.0,0,1.0,30,3,3,0.0037,0.0,0.0015
28.9,455,19.0,0.274,0.838,0.1849,-0.1275,0.8573,-0.2122,0.0,0,1.0,20,3,3,0.0106,0.0,0.0042
28.951,456,19.0,0.5229,0.6128,0.0,-0.7468,0.8076,0.1784,0.0,0,1.0,12,3,3,0.0089,0.0,0.0036
29.001,457,19.0,0.5159,0.6556,0.0,-0.7299,0.8396,0.1784,0.0,0,1.0,11,3,3,0.0089,0.0,0.0036
29.048,458,19.0,0.4289,1.0,0.0043,-0.6017,1.0,0.0915,0.0,0,1.0,11,3,3,0.0046,0.0,0.0018
29.102,459,19.0,0.2583,0.9848,0.0,-0.5345,0.9718,-0.7,0.0,0,1.0,9,3,3,0.035,0.0,0.014
29.15,460,19.0,0.3452,1.0,0.0221,-0.5152,1.0,0.0,0.0,0,1.0,10,3,3,0.0,0.0,0.0
29.202,461,19.0,0.2953,1.0,0.0461,-0.4188,1.0,0.0,0.0,0,1.0,9,3,3,0.0,0.0,0.0
29.25,462,19.0,0.2142,0.8924,0.0,-0.5226,0.8696,0.0,0.0,0,1.0,13,3,3,0.0,0.0,0.0
29.302,463,19.0,0.2021,0.9422,0.0146,-0.4472,0.9046,0.0,0.0,0,1.0,9,3,3,0.0,0.0,0.0
29.354,464,19.0,0.3569,0.8014,0.0433,-0.5014,0.8731,0.0,0.0,0,1.0,17,3,3,0.0,0.0,0.0
29.419,465,19.0,0.3045,0.7688,0.0533,-0.44,0.8163,0.0,0.0,0,1.0,7,3,3,0.0,0.0,0.0
29.482,466,19.0,0.3231,0.7555,0.0178,-0.5564,0.8155,-0.7,0.0,0,1.0,17,3,3,0.035,0.0,0.014
29.539,467,19.0,0.1442,1.0,0.039,-0.2815,0.9207,0.0,0.0,0,1.0,20,3,3,0.0,0.0,0.0
29.603,468,19.0,0.1954,0.9057,0.0279,-0.3945,0.8702,0.0,0.0,0,1.0,23,3,3,0.0,0.0,0.0
29.664,469,19.0,0.2416,1.0,0.0,-0.5235,0.9753,0.0,0.0,0,1.0,24,3,3,0.0,0.0,0.0
29.727,470,19.0,0.1246,0.9795,0.0667,-0.1505,0.8926,0.0,0.0,0,1.0,19,3,3,0.0,0.0,0.0
29.796,471,19.0,0.4774,0.9309,0.0247,-0.5899,1.0,0.0,0.0,0,1.0,18,3,3,0.0,0.0,0.0
29.858,472,19.0,0.2446,0.9182,0.0186,-0.4698,0.9082,-0.1129,0.0,0,1.0,15,3,3,0.0056,0.0,0.0023
29.919,473,19.0,0.156,0.9717,0.2635,0.1572,0.9637,0.0,0.0,0,1.0,21,3,3,0.0,0.0,0.0
29.974,474,19.0,0.3656,0.9656,0.0372,-0.4951,1.0,-0.2303,0.0,0,1.0,27,3,3,0.0115,0.0,0.0046
30.028,475,19.0,0.4542,0.9789,0.0,-0.8826,1.0,-0.7,0.0,0,1.0,19,3,3,0.035,0.0,0.014
30.088,476,19.0,0.6162,0.8342,0.0,-0.7169,1.0,-0.7,0.0,0,1.0,18,3,3,0.035,0.0,0.014
30.141,477,19.0,0.6144,0.8462,0.0,-0.7134,1.0,-0.1129,0.0,0,1.0,22,3,3,0.0056,0.0,0.0023
30.193,478,19.0,0.6021,0.8613,0.0,-0.7056,1.0,-0.1876,0.0,0,1.0,15,3,3,0.0094,0.0,0.0038
30.243,479,19.0,0.5412,0.6955,0.0,-0.7276,0.8873,-0.1876,0.0,0,1.0,27,3,3,0.0094,0.0,0.0038
30.292,480,19.0,0.6971,0.4739,0.0,-0.8601,0.7884,0.0045,0.0,0,1.0,25,3,3,0.0002,0.0,0.0001
30.347,481,17.8,0.5123,0.6572,0.0049,-0.7161,0.8389,-0.0737,0.0,0,1.0,19,3,3,0.0037,0.0,0.0015
30.405,482,17.8,0.3505,0.8076,0.0178,-0.5629,0.8747,-0.0835,0.0,0,1.0,16,3,3,0.0042,0.0,0.0017
30.464,483,17.8,0.1085,0.839,0.2363,0.2241,0.8371,-0.0835,0.0,0,1.0,28,3,3,0.0042,0.0,0.0017
30.52,484,17.8,0.1595,0.7771,0.3524,0.2613,0.8501,-0.7,0.0,0,1.0,26,3,3,0.035,0.0,0.014
30.576,485,17.8,0.2255,0.5714,0.3708,0.1923,0.6876,-0.2773,0.0,0,1.0,23,3,3,0.0139,0.0,0.0055
30.645,486,17.8,0.2142,1.0,0.2244,0.0143,0.9656,-0.0961,0.0,0,1.0,27,3,3,0.0048,0.0,0.0019
30.708,487,17.8,0.4118,0.3415,0.4134,0.0018,0.5183,0.0,0.0,0,1.0,30,3,3,0.0,0.0,0.0
30.765,488,17.8,0.4711,0.7103,0.1177,-0.4446,0.8605,-0.7,0.0,0,1.0,27,3,3,0.035,0.0,0.014
30.824,489,17.8,0.3337,0.853,0.2469,-0.1046,0.9033,0.0045,0.0,0,1.0,18,3,3,0.0002,0.0,0.0001
30.876,490,17.8,0.1809,0.9808,0.3064,0.1645,0.9954,0.0045,0.0,0,1.0,18,3,3,0.0002,0.0,0.0001
30.926,491,17.8,0.3021,0.891,0.2369,-0.0819,0.9176,-0.0835,0.0,0,1.0,14,3,3,0.0042,0.0,0.0017
30.978,492,17.8,0.251,0.9382,0.2476,-0.0044,0.9287,-0.4651,0.0,0,1.0,18,3,3,0.0233,0.0,0.0093
31.04,493,17.8,0.2228,1.0,0.0,-0.5131,0.9648,-0.4651,0.0,0,1.0,22,3,3,0.0233,0.0,0.0093
31.095,494,17.8,0.2317,0.618,0.2486,0.0256,0.6584,0.0,0.0,0,1.0,16,3,3,0.0,0.0,0.0
31.154,495,17.8,0.238,0.9502,0.0133,-0.4792,0.9315,0.0,0.0,0,1.0,13,3,3,0.0,0.0,0.0
31.206,496,17.8,0.4145,1.0,0.0,-0.6062,1.0,0.0,0.0,0,1.0,16,3,3,0.0,0.0,0.0
31.258,497,17.8,0.3792,0.8082,0.0,-0.6282,0.8913,-0.7,0.0,0,1.0,13,3,3,0.035,0.0,0.014
31.31,498,17.8,0.2796,0.9108,0.0077,-0.5314,0.9217,-0.7,0.0,0,1.0,11,3,3,0.035,0.0,0.014
31.358,499,17.8,0.182,0.9831,0.028,-0.3725,0.9277,-0.7,0.0,0,1.0,8,3,3,0.035,0.0,0.014
31.411,500,17.8,0.5818,0.5954,0.0109,-0.7504,0.826,0.0,0.0,0,1.0,16,3,3,0.0,0.0,0.0
31.463,501,17.8,0.6895,0.3528,0.0416,-0.8212,0.6824,0.0,0.0,0,1.0,14,3,3,0.0,0.0,0.0
31.524,502,17.8,0.5382,0.6366,0.0561,-0.6209,0.8362,0.0915,0.0,0,1.0,14,3,3,0.0046,0.0,0.0018
31.581,503,17.8,0.4456,0.6716,0.0167,-0.6516,0.8137,-0.0737,0.0,0,1.0,20,3,3,0.0037,0.0,0.0015
31.642,504,17.8,0.5961,0.4608,0.0,-0.8338,0.7209,-0.1967,0.0,0,1.0,25,3,3,0.0098,0.0,0.0039
31.695,505,17.8,0.4643,0.7269,0.0,-0.6874,0.8706,0.0915,0.0,0,1.0,21,3,3,0.0046,0.0,0.0018
31.758,506,17.8,0.8459,0.2109,0.0,-1.0,0.6509,0.0915,0.0,0,1.0,18,3,3,0.0046,0.0,0.0018
31.815,507,17.8,0.408,0.2297,0.4675,0.0697,0.4548,-0.1129,0.0,0,1.0,21,3,3,0.0056,0.0,0.0023
31.872,508,17.8,0.9942,0.1526,0.0,-1.0,0.6849,-0.2491,0.0,0,1.0,18,3,3,0.0125,0.0,0.005
31.925,509,17.8,0.8855,0.2506,0.0,-1.0,0.7064,-0.1876,0.0,0,1.0,18,3,3,0.0094,0.0,0.0038
31.98,510,17.8,0.5636,0.8288,0.0,-0.7,1.0,-0.1876,0.0,0,1.0,18,3,3,0.0094,0.0,0.0038
32.033,511,17.8,0.7751,0.3773,0.0,-0.925,0.751,-0.1876,0.0,0,1.0,20,3,3,0.0094,0.0,0.0038
32.084,512,17.8,0.6525,0.5028,0.0,-0.8344,0.7878,-0.2122,0.0,0,1.0,22,3,3,0.0106,0.0,0.0042
32.135,513,17.8,0.5586,0.5888,0.0,-0.7689,0.8074,-0.2122,0.0,0,1.0,22,3,3,0.0106,0.0,0.0042
32.186,514,17.8,0.4041,0.7459,0.0033,-1.0,0.8529,-0.0737,0.0,0,1.0,23,3,3,0.0037,0.0,0.0015
32.233,515,17.8,0.2832,0.9354,0.0,-0.5552,0.9443,-0.7,0.0,0,1.0,30,3,3,0.035,0.0,0.014
32.286,516,17.8,0.321,0.8345,0.0188,-0.5365,0.8807,-0.7,0.0,0,1.0,27,3,3,0.035,0.0,0.014
32.341,517,17.8,0.2912,0.8794,0.0,-0.5689,0.9018,0.0,0.0,0,1.0,25,3,3,0.0,0.0,0.0
32.398,518,17.8,0.0898,1.0,0.0079,-0.3641,0.8903,0.0,0.0,0,1.0,29,3,3,0.0,0.0,0.0
32.45,519,17.8,0.2009,0.9224,0.054,-0.3123,0.8873,0.0,0.0,0,1.0,18,3,3,0.0,0.0,0.0
32.501,520,17.8,0.2166,0.9208,0.0308,-0.404,0.8948,0.0,0.0,0,1.0,24,3,3,0.0,0.0,0.0
32.554,521,17.8,0.112,1.0,0.0581,-0.1528,0.9027,0.0,0.0,0,1.0,22,3,3,0.0,0.0,0.0
32.606,522,17.8,0.2509,1.0,0.0,-0.5285,0.9805,0.0,0.0,0,1.0,22,3,3,0.0,0.0,0.0
32.66,523,17.8,0.2708,0.9068,0.005,-0.5359,0.9133,0.0,0.0,0,1.0,19,3,3,0.0,0.0,0.0
32.723,524,17.8,0.2814,0.8627,0.0371,-0.45,0.8823,0.0,0.0,0,1.0,20,3,3,0.0,0.0,0.0
32.786,525,17.8,0.4574,0.7213,0.0,-0.686,0.862,0.0,0.0,0,1.0,16,3,3,0.0,0.0,0.0
32.849,526,17.8,0.5466,0.6,0.0,-0.7605,0.8101,-0.1967,0.0,0,1.0,18,3,3,0.0098,0.0,0.0039
32.902,527,17.8,0.686,0.4648,0.0,-0.8607,0.7746,0.0915,0.0,0,1.0,18,3,3,0.0046,0.0,0.0018
32.95,528,17.8,0.7428,0.3841,0.0,-0.9137,0.7386,0.0915,0.0,0,1.0,15,3,3,0.0046,0.0,0.0018
33.0,529,17.8,0.7427,0.4026,0.0,-0.9047,0.7541,-0.0737,0.0,0,1.0,17,3,3,0.0037,0.0,0.0015
33.05,530,17.8,0.5248,0.6318,0.0204,-0.6931,0.8246,-0.2471,0.0,0,1.0,24,3,3,0.0124,0.0,0.0049
33.106,531,17.8,0.7634,0.3776,0.0,-0.922,0.7447,-0.2471,0.0,0,1.0,19,3,3,0.0124,0.0,0.0049
33.16,532,17.8,0.6754,0.4803,0.0,-0.8509,0.7817,0.0915,0.0,0,1.0,16,3,3,0.0046,0.0,0.0018
33.212,533,17.8,0.3583,0.9371,0.0,-0.5924,0.9878,-0.0737,0.0,0,1.0,23,3,3,0.0037,0.0,0.0015
33.268,534,17.8,0.7284,0.4572,0.0,-0.8761,0.792,-0.0737,0.0,0,1.0,28,3,3,0.0037,0.0,0.0015
33.317,535,17.8,0.3759,0.8327,0.0,-0.6213,0.91,-0.7,0.0,0,1.0,26,3,3,0.035,0.0,0.014
33.369,536,17.8,0.6105,0.5892,0.0024,-0.7821,0.8368,0.0,0.0,0,1.0,20,3,3,0.0,0.0,0.0
33.42,537,17.8,0.2994,0.8511,0.0423,-0.4519,0.8826,-0.1876,0.0,0,1.0,22,3,3,0.0094,0.0,0.0038
33.478,538,17.8,0.463,0.7074,0.0,-0.6923,0.8535,-0.1876,0.0,0,1.0,7,3,3,0.0094,0.0,0.0038
33.526,539,17.8,0.4164,0.7329,0.0,-0.6644,0.8489,0.0,0.0,0,1.0,8,4,3,0.0,0.0,0.0
33.582,540,17.8,0.3694,0.7817,0.0,-0.6295,0.8635,-0.7,0.0,0,1.0,10,4,3,0.035,0.0,0.014
33.638,541,18.7,0.1296,1.0,0.0013,-0.4482,0.9126,-0.7,0.0,0,1.0,8,4,3,0.035,0.0,0.014
33.699,542,18.7,0.2403,0.895,0.0,-0.5378,0.8864,0.0,0.0,0,1.0,8,4,3,0.0,0.0,0.0
33.757,543,18.7,0.4025,0.6304,0.0405,-0.5773,0.7549,0.0,0.0,0,1.0,6,4,3,0.0,0.0,0.0
33.814,544,18.7,0.0538,1.0,0.003,-0.3618,0.8701,0.0,0.0,0,1.0,8,4,3,0.0,0.0,0.0
33.867,545,18.7,0.0299,1.0,0.004,-0.2952,0.8567,0.0,0.0,0,1.0,9,4,3,0.0,0.0,0.0
33.918,546,18.7,0.0,1.0,0.1203,0.4502,0.9074,0.0,0.0,0,1.0,14,4,3,0.0,0.0,0.0
33.968,547,18.7,0.2622,0.7986,0.0,-0.5676,0.8176,0.0,0.0,0,1.0,14,4,3,0.0,0.0,0.0
34.017,548,18.7,0.3927,0.6542,0.0,-0.6751,0.7694,0.0,0.0,0,1.0,15,4,3,0.0,0.0,0.0
34.065,549,18.7,0.38,0.8722,0.0,-0.6149,0.9455,0.0,0.0,0,1.0,14,4,3,0.0,0.0,0.0
34.116,550,18.7,0.4957,0.5096,0.0,-0.7742,0.7056,-0.7,0.0,0,1.0,17,4,3,0.035,0.0,0.014
34.167,551,18.7,0.4061,0.6223,0.0158,-0.647,0.7501,-0.2303,0.0,0,1.0,13,4,3,0.0115,0.0,0.0046
34.219,552,18.7,0.4844,0.5919,0.0062,-0.1603,0.7685,-0.2303,0.0,1,1.0,14,4,3,0.0115,1.0,0.0046
34.269,553,18.7,0.3087,0.7072,0.0442,-0.4793,0.7669,-0.7,0.0,1,1.0,13,4,3,0.035,0.8,0.014
34.317,554,18.7,0.1184,0.8224,0.1551,0.0764,0.7776,0.0,0.0,1,1.0,21,4,3,0.0,0.8,0.0
34.368,555,18.7,0.1067,1.0,0.1478,0.0856,0.9228,0.0,0.0,1,1.0,26,4,3,0.0,0.8,0.0
34.419,556,18.7,0.1465,1.0,0.0955,-0.1104,0.9221,0.0,0.0,1,1.0,33,4,3,0.0,0.8,0.0
34.475,557,18.7,0.4459,0.4342,0.1346,-0.4508,0.6144,0.0,0.0,1,1.0,14,4,3,0.0,0.8,0.0
34.526,558,18.7,0.5057,0.4704,0.0,-0.7952,0.6783,-0.1967,0.0,1,1.0,6,4,3,0.0098,0.8,0.0039
34.577,559,18.7,0.0601,1.0,0.1281,0.1783,0.9117,0.0045,0.0,1,1.0,4,4,3,0.0002,0.8,0.0001
34.639,560,18.7,0.866,0.2934,0.0,-0.9875,0.7314,0.0,0.0,1,1.0,20,4,3,0.0,0.8,0.0
34.694,561,18.7,0.6834,0.3747,0.0801,-0.7298,0.6975,0.0,0.0,1,1.0,23,4,3,0.0,0.8,0.0
34.759,562,18.7,0.3195,0.813,0.034,-0.4964,0.8618,-0.1876,0.0,1,1.0,16,4,3,0.0094,0.8,0.0038
34.827,563,18.7,0.282,1.0,0.0,-0.5448,0.9979,0.0,0.0,1,1.0,39,4,3,0.0,0.8,0.0
34.891,564,18.7,0.2229,1.0,0.0768,-0.2699,0.9648,0.0,0.0,0,1.0,26,4,3,0.0,0.8,0.0
34.948,565,18.7,0.4645,0.5931,0.0022,-0.7231,0.7583,0.0,0.0,0,1.0,20,4,3,0.0,0.0,0.0
35.007,566,18.7,0.215,1.0,0.0117,-0.4619,0.9604,-0.1129,0.0,0,1.0,25,4,3,0.0056,0.0,0.0023
35.061,567,18.7,0.336,0.9731,0.0319,-0.4881,1.0,-0.1129,0.0,0,1.0,24,4,3,0.0056,0.0,0.0023
35.11,568,18.7,0.2687,1.0,0.0531,-0.3783,0.9905,0.0,0.0,0,1.0,20,4,3,0.0,0.0,0.0
35.161,569,18.7,0.0532,0.9374,0.2088,0.3227,0.9043,0.0,0.0,0,1.0,18,4,3,0.0,0.0,0.0
35.212,570,18.7,0.2342,0.6445,0.156,-0.1355,0.6725,0.0,0.0,0,1.0,18,4,3,0.0,0.0,0.0
35.27,571,18.4,0.2308,1.0,0.0274,-0.4193,0.9693,0.0,0.0,0,1.0,27,4,3,0.0,0.0,0.0
35.316,572,18.4,0.135,0.8782,0.1003,-0.0793,0.8133,0.0,0.0,0,1.0,24,4,3,0.0,0.0,0.0
35.369,573,18.4,0.0291,0.7769,0.5157,0.6308,0.9414,0.0,0.0,0,1.0,32,4,3,0.0,0.0,0.0
35.42,574,18.4,0.0466,0.7538,0.5247,0.6044,0.927,-0.0835,0.0,0,1.0,23,4,3,0.0042,0.0,0.0017
35.481,575,18.4,0.1025,1.0,0.1266,0.0545,0.9109,-0.0835,0.0,0,1.0,28,4,3,0.0042,0.0,0.0017
35.538,576,18.4,0.0664,1.0,0.0571,-0.0341,0.8772,0.0045,0.0,0,1.0,26,4,3,0.0002,0.0,0.0001
35.598,577,18.4,0.0428,1.0,0.1372,0.2559,0.9168,0.0,0.0,0,1.0,32,4,3,0.0,0.0,0.0
35.655,578,18.4,0.2565,0.9241,0.0,-0.5425,0.9199,0.0,0.0,0,1.0,22,4,3,0.0,0.0,0.0
35.712,579,18.4,0.3295,0.9651,0.0,-0.5738,0.9952,0.0,0.0,0,1.0,22,4,3,0.0,0.0,0.0
35.772,580,18.4,0.6926,0.4765,0.0,-0.8576,0.7882,0.0,0.0,0,1.0,14,4,3,0.0,0.0,0.0
35.832,581,18.4,0.8133,0.3602,0.0,-1.0,0.758,-0.0737,0.0,0,1.0,15,4,3,0.0037,0.0,0.0015
35.888,582,18.4,0.5141,0.4317,0.4295,-0.0839,0.6505,-0.0737,0.0,0,1.0,12,4,3,0.0037,0.0,0.0015
35.941,583,18.4,0.4601,0.5024,0.3883,-0.0751,0.6796,-0.2156,0.0,0,1.0,9,4,3,0.0108,0.0,0.0043
35.995,584,18.4,0.2597,0.6847,0.3897,0.154,0.7934,-0.2303,0.0,0,1.0,11,4,3,0.0115,0.0,0.0046
36.056,585,18.4,0.1788,0.8856,0.2986,0.1642,0.9111,-0.1833,0.0,0,1.0,9,4,3,0.0092,0.0,0.0037
36.108,586,18.4,0.0905,0.9902,0.0577,-0.1038,0.8825,-0.1833,0.0,0,1.0,11,4,3,0.0092,0.0,0.0037
36.162,587,18.4,0.1352,1.0,0.0161,-0.3704,0.9157,0.0,0.0,0,1.0,12,4,3,0.0,0.0,0.0
36.211,588,18.4,0.1407,0.9633,0.0504,-0.2359,0.8879,0.0,0.0,0,1.0,5,4,3,0.0,0.0,0.0
36.258,589,18.4,0.1269,1.0,0.0691,-0.1467,0.9111,0.0,0.0,0,1.0,8,4,3,0.0,0.0,0.0
36.308,590,18.4,0.111,0.8072,0.2514,0.2403,0.8188,0.0,0.0,0,1.0,9,4,3,0.0,0.0,0.0
36.362,591,18.4,0.2424,0.8549,0.0753,-0.309,0.8539,0.0,0.0,0,1.0,13,4,3,0.0,0.0,0.0
36.424,592,18.4,0.1227,0.9763,0.2476,0.1993,0.9587,0.0,0.0,0,1.0,12,4,3,0.0,0.0,0.0
36.479,593,18.4,0.1379,1.0,0.0,-0.4618,0.9172,0.0,0.0,0,1.0,16,4,3,0.0,0.0,0.0
36.539,594,18.4,0.1272,0.7215,0.5329,0.468,0.9045,0.0,0.0,0,1.0,18,4,3,0.0,0.0,0.0
36.598,595,18.4,0.3072,0.7694,0.2927,-0.0176,0.8184,0.0045,0.0,0,1.0,18,4,3,0.0002,0.0,0.0001
36.652,596,18.4,0.4235,0.4225,0.4745,0.053,0.6206,0.0,0.0,0,1.0,12,4,3,0.0,0.0,0.0
36.706,597,18.4,0.1649,0.652,0.5458,0.4277,0.8533,0.0,0.0,0,1.0,22,4,3,0.0,0.0,0.0
36.765,598,18.4,0.1146,0.7112,0.5709,0.5141,0.9171,-0.2491,0.0,0,1.0,31,4,3,0.0125,0.0,0.005
36.823,599,18.4,0.1331,0.9753,0.3029,0.2413,0.9889,-0.1363,0.0,0,1.0,30,4,3,0.0068,0.0,0.0027
36.879,600,18.4,0.0233,0.7576,0.6468,0.7017,0.9986,0.0,0.0,0,1.0,31,4,3,0.0,0.0,0.0
36.936,601,18.0,0.0244,1.0,0.2774,0.465,0.9953,0.0045,0.0,0,1.0,37,4,3,0.0002,0.0,0.0001
36.986,602,18.0,0.1465,1.0,0.0265,-0.3357,0.922,0.0045,0.0,0,1.0,32,4,3,0.0002,0.0,0.0001
37.045,603,18.0,0.3428,0.8659,0.0094,-0.5707,0.9194,0.0,0.0,0,1.0,23,4,3,0.0,0.0,0.0
37.104,604,18.0,0.4269,0.7969,0.0342,-0.5689,0.9085,0.0,0.0,0,1.0,25,4,3,0.0,0.0,0.0
37.16,605,18.0,0.1408,0.9875,0.2391,0.1535,0.9634,-0.7,0.0,0,1.0,24,4,3,0.035,0.0,0.014
37.217,606,18.0,0.3243,0.9754,0.0,-0.5696,1.0,-0.7,0.0,0,1.0,17,4,3,0.035,0.0,0.014
37.267,607,18.0,0.1938,0.6936,0.5427,0.3755,0.8866,0.0,0.0,0,1.0,15,4,3,0.0,0.0,0.0
37.316,608,18.0,0.0732,0.7986,0.5767,0.5709,0.9938,0.0045,0.0,0,1.0,7,4,3,0.0002,0.0,0.0001
37.368,609,18.0,0.1172,0.666,0.5919,0.531,0.891,0.0045,0.0,0,1.0,5,4,3,0.0002,0.0,0.0001
37.419,610,18.0,0.0557,0.7383,0.6057,0.6294,0.9594,0.0915,0.0,0,1.0,8,4,3,0.0046,0.0,0.0018
37.47,611,18.0,0.0297,0.7622,0.6315,0.6827,0.9939,0.0045,0.0,0,1.0,8,4,3,0.0002,0.0,0.0001
37.52,612,18.0,0.0795,0.7324,0.5888,0.5799,0.9449,0.0045,0.0,0,1.0,8,4,3,0.0002,0.0,0.0001
37.576,613,18.0,0.0664,0.7377,0.6101,0.6123,0.9613,0.0045,0.0,0,1.0,12,4,3,0.0002,0.0,0.0001
37.628,614,18.0,0.0497,0.5273,0.682,0.733,0.8249,0.0915,0.0,0,1.0,8,4,3,0.0046,0.0,0.0018
37.68,615,18.0,0.1839,0.684,0.1549,-0.0546,0.6775,0.0915,0.0,0,1.0,15,4,3,0.0046,0.0,0.0018
37.74,616,18.0,0.2186,0.7718,0.1108,-0.2,0.7707,0.0045,0.0,0,1.0,22,4,3,0.0002,0.0,0.0001
37.8,617,18.0,0.2722,0.8072,0.0351,-0.4564,0.8305,0.0,0.0,0,1.0,20,4,3,0.0,0.0,0.0
37.862,618,18.0,0.1596,0.9537,0.0511,-0.2636,0.8904,0.0,0.0,0,1.0,18,4,3,0.0,0.0,0.0
37.913,619,18.0,0.4037,0.6863,0.0,-0.6711,0.8025,0.0,0.0,0,1.0,20,4,3,0.0,0.0,0.0
37.968,620,18.0,0.1911,0.6772,0.4637,0.3218,0.8285,-0.7,0.0,0,1.0,19,4,3,0.035,0.0,0.014
38.022,621,18.0,0.2853,0.7924,0.021,-0.5126,0.8254,-0.7,0.0,0,1.0,20,4,3,0.035,0.0,0.014
38.082,622,18.0,0.0268,0.9314,0.4232,0.5582,1.0,0.0045,0.0,0,1.0,30,4,3,0.0002,0.0,0.0001
38.132,623,18.0,0.0371,0.918,0.4514,0.5527,1.0,-0.7,0.0,0,1.0,27,4,3,0.035,0.0,0.014
38.188,624,18.0,0.1857,1.0,0.0,-0.4916,0.944,-0.1129,0.0,0,1.0,27,4,3,0.0056,0.0,0.0023
38.244,625,18.0,0.1762,1.0,0.0,-0.4858,0.9387,0.0,0.0,0,1.0,24,4,3,0.0,0.0,0.0
38.29,626,18.0,0.369,0.8176,0.0,-0.6212,0.8934,0.0,0.0,0,1.0,25,4,3,0.0,0.0,0.0
38.342,627,18.0,0.3056,0.5266,0.5642,0.2625,0.7583,-0.7,0.0,0,1.0,25,4,3,0.035,0.0,0.014
38.391,628,18.0,0.2026,0.6507,0.5893,0.401,0.8766,-0.1198,0.0,0,1.0,19,4,3,0.006,0.0,0.0024
38.446,629,18.0,0.3719,0.7641,0.3444,-0.0294,0.8501,-0.1198,0.0,0,1.0,22,5,3,0.006,0.0,0.0024
38.504,630,18.0,0.28,0.5412,0.6344,0.344,0.8098,0.0045,0.0,0,1.0,25,5,3,0.0002,0.0,0.0001
38.565,631,18.5,0.2151,0.5822,0.6455,0.4306,0.8505,-0.2491,0.0,0,1.0,15,5,3,0.0125,0.0,0.005
38.622,632,18.5,0.0709,0.7621,0.6412,0.6133,0.9993,-0.2491,0.0,0,1.0,12,5,3,0.0125,0.0,0.005
38.678,633,18.5,0.1861,0.6203,0.6226,0.4508,0.8697,-0.2491,0.0,0,1.0,11,5,3,0.0125,0.0,0.005
38.739,634,18.5,0.1402,0.6567,0.6163,0.5095,0.8968,0.0045,0.0,0,1.0,12,5,3,0.0002,0.0,0.0001
38.8,635,18.5,0.0783,0.7965,0.6476,0.5964,1.0,-0.2303,0.0,0,1.0,13,5,3,0.0115,0.0,0.0046
38.855,636,18.5,0.176,1.0,0.2125,0.0558,0.959,0.0045,0.0,0,1.0,9,5,3,0.0002,0.0,0.0001
38.917,637,18.5,0.5894,0.5702,0.0,-0.7869,0.809,0.0045,0.0,0,1.0,11,5,3,0.0002,0.0,0.0001
38.975,638,18.5,0.6031,0.5642,0.0,-0.794,0.8116,0.0,0.0,0,1.0,15,5,3,0.0,0.0,0.0
39.025,639,18.5,0.2831,0.9461,0.022,-0.4835,0.9533,0.0045,0.0,0,1.0,17,5,3,0.0002,0.0,0.0001
39.075,640,18.5,0.3658,1.0,0.0,-0.585,1.0,0.0045,0.0,0,1.0,23,5,3,0.0002,0.0,0.0001
39.126,641,18.5,0.3986,0.7519,0.0,-0.651,0.8548,0.0,0.0,0,1.0,20,5,3,0.0,0.0,0.0
39.181,642,18.5,0.2162,0.5986,0.5811,0.3843,0.8283,-0.7,0.0,0,1.0,18,5,3,0.035,0.0,0.014
39.237,643,18.5,0.2046,0.5171,0.6387,0.4533,0.7921,0.0045,0.0,0,1.0,15,5,3,0.0002,0.0,0.0001
39.291,644,18.5,0.2085,0.5283,0.6308,0.4405,0.797,0.0045,0.0,0,1.0,16,5,3,0.0002,0.0,0.0001
39.345,645,18.5,0.2,1.0,0.3095,0.1383,1.0,-0.2773,0.0,0,1.0,31,5,3,0.0139,0.0,0.0055
39.398,646,18.5,0.1995,0.9879,0.3948,0.2219,1.0,-0.1716,0.0,0,1.0,33,5,3,0.0086,0.0,0.0034
39.453,647,18.5,0.2355,0.8525,0.3497,0.137,0.9119,-0.1716,0.0,0,1.0,22,5,3,0.0086,0.0,0.0034
39.511,648,18.5,0.1323,1.0,0.0,-0.4581,0.9141,0.0045,0.0,0,1.0,30,5,3,0.0002,0.0,0.0001
39.571,649,18.5,0.0843,1.0,0.0082,-0.3547,0.8872,0.0,0.0,0,1.0,26,5,3,0.0,0.0,0.0
39.627,650,18.5,0.1724,0.8062,0.2057,0.0554,0.7924,0.0,0.0,0,1.0,22,5,3,0.0,0.0,0.0
39.677,651,18.5,0.2884,0.7163,0.3101,0.0269,0.7754,0.0,0.0,0,1.0,15,5,3,0.0,0.0,0.0
39.733,652,18.5,0.3427,0.6671,0.3847,0.0461,0.7758,0.0045,0.0,0,1.0,16,5,3,0.0002,0.0,0.0001
39.788,653,18.5,0.8569,0.3016,0.0,-0.9813,0.7332,0.0045,0.0,0,1.0,17,5,3,0.0002,0.0,0.0001
39.848,654,18.5,0.172,0.7646,0.484,0.3557,0.9133,-0.0835,0.0,0,1.0,13,5,3,0.0042,0.0,0.0017
39.899,655,18.5,0.1759,0.6568,0.4851,0.3655,0.8234,-0.2471,0.0,0,1.0,12,5,3,0.0124,0.0,0.0049
39.951,656,18.5,0.1257,1.0,0.2625,0.2097,0.987,-0.2471,0.0,0,1.0,16,5,3,0.0124,0.0,0.0049
40.003,657,18.5,0.0726,1.0,0.2661,0.3272,0.989,-0.1363,0.0,0,1.0,20,5,3,0.0068,0.0,0.0027
40.06,658,18.5,0.1598,0.8848,0.047,-0.2831,0.8328,0.0,0.0,0,1.0,24,5,3,0.0,0.0,0.0
40.11,659,18.5,0.2506,0.9477,0.0359,-0.4158,0.9364,0.0,0.0,0,1.0,18,5,3,0.0,0.0,0.0
40.159,660,18.5,0.3791,0.7591,0.0343,-0.5472,0.8499,0.0,0.0,0,1.0,15,5,3,0.0,0.0,0.0
40.214,661,18.1,0.0608,0.8635,0.5014,0.5418,1.0,0.0,0.0,0,1.0,24,5,3,0.0,0.0,0.0
40.27,662,18.1,0.4921,0.8226,0.0,-0.928,0.9666,-0.7,0.0,0,1.0,19,5,3,0.035,0.0,0.014
40.316,663,18.1,0.4659,0.7537,0.0,-0.6809,0.894,-0.1129,0.0,0,1.0,21,5,3,0.0056,0.0,0.0023
40.367,664,18.1,0.2202,1.0,0.0402,-0.0365,0.9633,-0.1129,0.0,0,1.0,19,5,3,0.0056,0.0,0.0023
40.423,665,18.1,0.3084,0.7828,0.0402,-0.4762,0.8303,-0.1129,0.0,0,1.0,20,5,3,0.0056,0.0,0.0023
40.478,666,18.1,0.3783,1.0,0.0,-0.5905,1.0,0.0,0.0,0,1.0,21,5,3,0.0,0.0,0.0
40.535,667,18.1,0.2033,1.0,0.0053,-0.4792,0.9538,-0.7,0.0,0,1.0,24,5,3,0.035,0.0,0.014
40.583,668,18.1,0.1994,0.9757,0.0039,-0.4853,0.9312,0.0,0.0,0,1.0,15,5,3,0.0,0.0,0.0
40.637,669,18.1,0.2797,0.7936,0.0546,-0.2199,0.8232,0.0,0.0,0,1.0,8,5,3,0.0,0.0,0.0
40.693,670,18.1,0.0917,0.9706,0.0733,-0.0537,0.8666,0.0,0.0,0,1.0,8,5,3,0.0,0.0,0.0
40.75,671,18.1,0.3619,0.7211,0.0347,-0.5429,0.8084,0.0,0.0,0,1.0,12,5,3,0.0,0.0,0.0
40.812,672,18.1,0.3679,0.7101,0.0,-0.6467,0.8025,-0.7,0.0,0,1.0,5,5,3,0.035,0.0,0.014
40.869,673,18.1,0.4857,0.5217,0.0,-0.765,0.7102,-0.7,0.0,0,1.0,5,5,3,0.035,0.0,0.014
40.921,674,18.1,0.0738,1.0,0.019,-0.1985,0.8813,-0.1129,0.0,0,1.0,11,5,3,0.0056,0.0,0.0023
40.976,675,18.1,0.0227,0.9693,0.2443,0.4495,0.951,-0.1129,0.0,0,1.0,10,5,3,0.0056,0.0,0.0023
41.026,676,18.1,0.167,0.9609,0.0299,-0.35,0.9007,0.0,0.0,0,1.0,7,5,3,0.0,0.0,0.0
41.074,677,18.1,0.3642,0.8128,0.0,-0.62,0.8867,0.0,0.0,0,1.0,7,5,3,0.0,0.0,0.0
41.123,678,18.1,0.4327,0.7092,0.0109,-0.6498,0.838,-0.7,0.0,0,1.0,9,5,3,0.035,0.0,0.014
41.176,679,18.1,0.2287,0.5807,0.0,-0.5974,0.6158,-0.7,0.0,0,1.0,2,5,3,0.035,0.0,0.014
41.226,680,18.1,0.3252,0.15,0.0,-0.9349,0.3081,-0.4651,0.0,0,1.0,1,5,3,0.0233,0.0,0.0093
41.277,681,18.1,0.3891,0.3394,0.0,-0.8087,0.503,0.0,0.0,0,1.0,2,5,3,0.0,0.0,0.0
41.329,682,18.1,0.3621,0.4703,0.0274,-0.6363,0.5978,-0.7,0.0,0,1.0,3,5,3,0.035,0.0,0.014
41.391,683,18.1,0.439,0.8084,0.0,-0.6556,0.9249,-0.7,0.0,0,1.0,4,5,3,0.035,0.0,0.014
41.445,684,18.1,0.4309,0.6375,0.0163,-0.6549,0.7768,-0.7,0.0,0,1.0,6,5,3,0.035,0.0,0.014
41.508,685,18.1,0.1864,0.8131,0.0528,-0.3077,0.7874,-0.4651,0.0,0,1.0,4,5,3,0.0233,0.0,0.0093
41.559,686,18.1,0.6447,0.5694,0.01,-0.7846,0.8393,0.0,0.0,0,1.0,10,5,3,0.0,0.0,0.0
41.613,687,18.1,0.6357,0.5356,0.0354,-0.7399,0.8058,-0.0737,0.0,0,1.0,7,5,3,0.0037,0.0,0.0015
41.668,688,18.1,0.6396,0.6316,0.0123,-0.757,0.8887,-0.0737,0.0,0,1.0,12,5,3,0.0037,0.0,0.0015
41.72,689,18.1,0.9034,0.5684,0.0048,-0.8673,0.9833,-0.0737,0.0,0,1.0,7,5,3,0.0037,0.0,0.0015
41.78,690,18.1,0.7608,0.8134,0.0,-0.766,1.0,-0.1876,0.0,0,1.0,15,5,3,0.0094,0.0,0.0038
41.841,691,18.5,0.8048,0.7267,0.0137,-0.7779,1.0,-0.1876,0.0,0,1.0,11,5,3,0.0094,0.0,0.0038
41.889,692,18.5,0.8998,0.588,0.0061,-0.8577,0.9978,-0.2471,0.0,0,1.0,14,5,3,0.0124,0.0,0.0049
41.939,693,18.5,0.3503,0.8224,0.0214,-0.5498,0.887,-0.1876,0.0,0,1.0,7,5,3,0.0094,0.0,0.0038
41.989,694,18.5,0.7871,0.7945,0.0,-0.778,1.0,-0.1876,0.0,0,1.0,11,5,3,0.0094,0.0,0.0038
42.04,695,18.5,0.4862,1.0,0.0,-0.8309,1.0,-0.7,0.0,0,1.0,9,5,3,0.035,0.0,0.014
42.089,696,18.5,0.884,0.5641,0.0282,-0.8246,0.9689,-0.1129,0.0,0,1.0,8,5,3,0.0056,0.0,0.0023
42.145,697,18.5,0.991,0.476,0.0135,-0.9049,0.9548,-0.1129,0.0,0,1.0,14,5,3,0.0056,0.0,0.0023
42.19,698,18.5,0.7651,0.6824,0.0385,-0.7362,1.0,-0.1876,0.0,0,1.0,17,5,3,0.0094,0.0,0.0038
42.24,699,18.5,0.9259,0.5514,0.0,-0.8864,0.9817,-0.2122,0.0,0,1.0,9,5,3,0.0106,0.0,0.0042
42.29,700,18.5,0.4331,0.6803,0.0125,-0.6535,0.814,-0.2122,0.0,0,1.0,6,5,3,0.0106,0.0,0.0042
42.341,701,18.5,0.941,0.5234,0.0165,-0.872,0.9666,-0.1876,0.0,0,1.0,7,5,3,0.0094,0.0,0.0038
42.391,702,18.5,1.0,0.3939,0.0,-0.9626,0.8909,-0.1876,0.0,0,1.0,9,5,3,0.0094,0.0,0.0038
42.444,703,18.5,0.7402,0.7358,0.0066,-0.7692,1.0,-0.1876,0.0,0,1.0,11,5,3,0.0094,0.0,0.0038
42.492,704,18.5,0.8504,0.6401,0.0,-0.8393,1.0,-0.1876,0.0,0,1.0,10,5,3,0.0094,0.0,0.0038
42.544,705,18.5,0.9059,0.5278,0.0208,-0.855,0.9507,-0.1876,0.0,0,1.0,5,5,3,0.0094,0.0,0.0038
42.601,706,18.5,0.8977,0.566,0.0,-0.8752,0.9782,-0.1876,0.0,0,1.0,6,5,3,0.0094,0.0,0.0038
42.66,707,18.5,0.8669,0.718,0.0,-0.8195,1.0,-0.1876,0.0,0,1.0,7,5,3,0.0094,0.0,0.0038
42.724,708,18.5,0.9231,0.5446,0.0,-0.8883,0.9744,-0.1876,0.0,0,1.0,5,5,3,0.0094,0.0,0.0038
42.78,709,18.5,0.8822,0.5881,0.0102,-0.8465,0.9881,-0.1876,0.0,0,1.0,6,5,3,0.0094,0.0,0.0038
42.837,710,18.5,0.8466,0.682,0.0,-0.8252,1.0,-0.1876,0.0,0,1.0,6,5,3,0.0094,0.0,0.0038
42.894,711,18.5,0.8434,0.728,0.0,-0.8108,1.0,-0.1876,0.0,0,1.0,9,5,3,0.0094,0.0,0.0038
42.945,712,18.5,0.9422,0.4751,0.0,-0.9184,0.9268,-0.1876,0.0,0,1.0,4,5,3,0.0094,0.0,0.0038
42.992,713,18.5,0.9689,0.3486,0.0,-0.9778,0.8354,-0.1876,0.0,0,1.0,3,5,3,0.0094,0.0,0.0038
43.045,714,18.5,0.9249,0.4733,0.0052,-0.9065,0.9155,-0.1876,0.0,0,1.0,4,5,3,0.0094,0.0,0.0038
43.097,715,18.5,0.9153,0.5421,0.0,-0.8875,0.968,-0.1876,0.0,0,1.0,5,5,3,0.0094,0.0,0.0038
43.15,716,18.5,0.7654,0.7087,0.0225,-0.7563,1.0,-0.1876,0.0,0,1.0,9,5,3,0.0094,0.0,0.0038
43.199,717,18.5,0.8977,0.5758,0.0,-0.8718,0.9864,-0.2122,0.0,0,1.0,5,5,3,0.0106,0.0,0.0042
43.25,718,18.5,0.8763,0.5923,0.0023,-0.8572,0.9882,-0.2122,0.0,0,1.0,7,5,3,0.0106,0.0,0.0042
43.301,719,18.5,0.8966,0.5789,0.0032,-0.865,0.9884,-0.1876,0.0,0,1.0,15,6,3,0.0094,0.0,0.0038
43.35,720,18.5,0.7112,0.7661,0.0201,-0.7278,1.0,-0.1876,0.0,0,1.0,19,6,3,0.0094,0.0,0.0038
43.404,721,19.1,0.868,0.6015,0.0064,-0.8451,0.9914,-0.1876,0.0,0,1.0,22,6,3,0.0094,0.0,0.0038
43.462,722,19.1,1.0,0.3768,0.0,-0.9701,0.8765,-0.0737,0.0,0,1.0,14,6,3,0.0037,0.0,0.0015
43.53,723,19.1,1.0,0.4083,0.0,-0.6962,0.903,-0.1876,0.0,0,1.0,11,6,3,0.0094,0.0,0.0038
43.596,724,19.1,1.0,0.4508,0.0,-0.939,0.9387,-0.1876,0.0,0,1.0,13,6,3,0.0094,0.0,0.0038
43.651,725,19.1,1.0,0.4339,0.0,-0.9458,0.9245,-0.1876,0.0,0,1.0,11,6,3,0.0094,0.0,0.0038
43.7,726,19.1,0.8705,0.6084,0.0,-0.8545,0.9985,-0.1876,0.0,0,1.0,11,6,3,0.0094,0.0,0.0038
43.756,727,19.1,0.9851,0.506,0.0,-0.915,0.9767,-0.1876,0.0,0,1.0,8,6,3,0.0094,0.0,0.0038
43.817,728,19.1,0.9464,0.5344,0.0,-0.8969,0.9788,-0.1876,0.0,0,1.0,7,6,3,0.0094,0.0,0.0038
43.865,729,19.1,0.9826,0.4757,0.0,-0.926,0.9498,-0.1876,0.0,0,1.0,5,6,3,0.0094,0.0,0.0038
43.917,730,19.1,0.899,0.5618,0.0,-0.8769,0.9753,-0.1876,0.0,0,1.0,7,6,3,0.0094,0.0,0.0038
43.966,731,19.1,0.8478,0.6903,0.0057,-0.8135,1.0,-0.1876,0.0,0,1.0,5,6,3,0.0094,0.0,0.0038
44.017,732,19.1,0.7866,0.7249,0.0016,-0.7944,1.0,-0.1876,0.0,0,1.0,9,6,3,0.0094,0.0,0.0038
44.068,733,19.1,0.768,0.6964,0.0152,-1.0,1.0,-0.1876,0.0,0,1.0,10,6,3,0.0094,0.0,0.0038
44.117,734,19.1,0.7699,0.6852,0.0356,-0.7419,1.0,-0.2122,0.0,0,1.0,10,6,3,0.0106,0.0,0.0042
44.166,735,19.1,1.0,0.4334,0.0038,-0.9396,0.924,-0.2122,0.0,0,1.0,13,6,3,0.0106,0.0,0.0042
44.221,736,19.1,0.9721,0.483,0.0,-0.9212,0.9502,-0.2122,0.0,0,1.0,18,6,3,0.0106,0.0,0.0042
44.275,737,19.1,1.0,0.4237,0.0,-0.95,0.9159,-0.1876,0.0,0,1.0,16,6,3,0.0094,0.0,0.0038
44.326,738,19.1,0.9272,0.6326,0.0,-0.8593,1.0,-0.1876,0.0,0,1.0,17,6,3,0.0094,0.0,0.0038
44.376,739,19.1,0.9007,0.5536,0.0201,-0.8461,0.9694,-0.1876,0.0,0,1.0,21,6,3,0.0094,0.0,0.0038
44.43,740,19.1,0.9235,0.5431,0.0083,-0.8748,0.9733,-0.1876,0.0,0,1.0,23,6,3,0.0094,0.0,0.0038
44.487,741,19.1,0.8014,0.7395,0.0024,-0.8409,1.0,-0.1876,0.0,0,1.0,20,6,3,0.0094,0.0,0.0038
44.545,742,19.1,0.9364,0.5428,0.0002,-0.8914,0.9804,-0.1876,0.0,0,1.0,21,6,3,0.0094,0.0,0.0038
44.603,743,19.1,0.7873,0.6704,0.0298,-0.7615,1.0,-0.2303,0.0,0,1.0,22,6,3,0.0115,0.0,0.0046
44.661,744,19.1,0.8152,0.6612,0.0071,-0.8113,1.0,-0.2122,0.0,1,1.0,22,6,3,0.0106,1.0,0.0042
44.722,745,19.1,0.7981,0.8136,0.0002,-0.7756,1.0,-0.2156,0.0,1,1.0,23,6,3,0.0108,0.8,0.0043
44.782,746,19.1,0.8037,0.752,0.0067,-0.7826,1.0,-0.2156,0.0,1,1.0,32,6,3,0.0108,0.8,0.0043
44.84,747,19.1,0.9682,0.4794,0.0154,-0.8958,0.9448,-0.2179,0.0,1,1.0,40,6,3,0.0109,0.8,0.0044
44.89,748,19.1,0.79,0.6245,0.0357,-0.7658,0.9669,-0.1876,0.0,1,1.0,40,6,3,0.0094,0.8,0.0038
44.942,749,19.1,0.6814,0.1697,0.0,-1.0,0.5242,-0.1876,0.0,1,1.0,2,6,3,0.0094,0.8,0.0038
44.99,750,19.1,0.9729,0.3489,0.0,-0.9783,0.8379,-0.2122,0.0,1,1.0,3,6,3,0.0106,0.8,0.0042
45.044,751,18.3,0.3041,0.3529,0.6715,0.3679,0.6725,-0.1876,0.0,1,1.0,3,6,3,0.0094,0.8,0.0038
45.092,752,18.3,0.3355,0.154,0.0,-0.9357,0.3173,-0.1876,0.0,1,1.0,1,6,3,0.0094,0.8,0.0038
45.141,753,18.3,0.3144,0.1565,0.0,-0.9209,0.3075,-0.2596,0.0,1,1.0,1,6,3,0.013,0.8,0.0052
45.188,754,18.3,0.1955,0.9482,0.0403,-0.3469,0.906,0.0,0.0,1,1.0,14,6,3,0.0,0.8,0.0
45.243,755,18.3,0.2481,1.0,0.0,-0.527,0.9789,0.0,0.0,1,1.0,17,6,3,0.0,0.8,0.0
45.294,756,18.3,0.3126,0.953,0.046,-0.4383,0.9756,0.0,0.0,0,1.0,40,6,3,0.0,0.8,0.0
45.35,757,18.3,0.2215,1.0,0.0249,-0.4198,0.964,0.0,0.0,0,1.0,47,6,3,0.0,0.0,0.0
45.403,758,18.3,0.535,0.7997,0.0,-0.6967,0.9713,0.0,0.0,0,1.0,49,6,3,0.0,0.0,0.0
45.461,759,18.3,0.3972,0.8928,0.0,-0.6187,0.9724,0.0915,0.0,0,1.0,40,6,3,0.0046,0.0,0.0018
45.512,760,18.3,0.5999,0.8467,0.0,-0.7084,1.0,0.0915,0.0,0,1.0,25,6,3,0.0046,0.0,0.0018
45.575,761,18.3,0.6039,0.778,0.0,-0.7271,0.9917,-0.7,0.0,0,1.0,23,6,3,0.035,0.0,0.014
45.633,762,18.3,0.4706,0.8226,0.0,-0.6657,0.9545,0.0915,0.0,0,1.0,16,6,3,0.0046,0.0,0.0018
45.683,763,18.3,0.5954,0.5286,0.0,-0.805,0.7775,-0.1129,0.0,0,1.0,12,6,3,0.0056,0.0,0.0023
45.741,764,18.3,0.5725,0.5602,0.0,-0.7846,0.7912,-0.1129,0.0,0,1.0,14,6,3,0.0056,0.0,0.0023
45.794,765,18.3,0.4143,1.0,0.0,-0.606,1.0,0.0915,0.0,0,1.0,10,6,3,0.0046,0.0,0.0018
45.847,766,18.3,0.4851,0.6641,0.0,-0.7146,0.8295,-0.7,0.0,0,1.0,13,6,3,0.035,0.0,0.014
45.904,767,18.3,0.2088,0.9113,0.0451,-0.3502,0.8824,-0.1129,0.0,0,1.0,13,6,3,0.0056,0.0,0.0023
45.959,768,18.3,0.5179,0.66,0.0049,-0.7175,0.8444,-0.1129,0.0,0,1.0,12,6,3,0.0056,0.0,0.0023
46.008,769,18.3,0.3426,0.855,0.0099,-0.5712,0.91,0.0,0.0,0,1.0,12,6,3,0.0,0.0,0.0
46.061,770,18.3,0.0742,1.0,0.0479,-0.0973,0.8815,0.0,0.0,0,1.0,8,6,3,0.0,0.0,0.0
46.113,771,18.3,0.253,0.7918,0.0038,-0.549,0.8067,0.0,0.0,0,1.0,9,6,3,0.0,0.0,0.0
46.172,772,18.3,0.223,0.737,0.0266,-0.4505,0.744,0.0,0.0,0,1.0,4,6,3,0.0,0.0,0.0
46.226,773,18.3,0.2553,0.7602,0.0621,-0.3696,0.7815,0.0,0.0,0,1.0,9,6,3,0.0,0.0,0.0
46.274,774,18.3,0.4433,0.5679,0.0331,-0.64,0.7252,0.0,0.0,0,1.0,8,6,3,0.0,0.0,0.0
46.325,775,18.3,0.2396,0.8424,0.2065,-0.0483,0.8418,-0.1967,0.0,0,1.0,13,6,3,0.0098,0.0,0.0039
46.375,776,18.3,0.2153,0.8738,0.2425,0.0385,0.8698,-0.1967,0.0,0,1.0,10,6,3,0.0098,0.0,0.0039
46.427,777,18.3,0.2394,0.8291,0.2103,-0.0424,0.8305,0.0,0.0,0,1.0,15,6,3,0.0,0.0,0.0
46.478,778,18.3,0.1576,0.8883,0.2194,0.1001,0.869,0.0,0.0,0,1.0,17,6,3,0.0,0.0,0.0
46.537,779,18.3,0.0964,0.9585,0.2095,0.2083,0.9224,0.0,0.0,0,1.0,16,6,3,0.0,0.0,0.0
46.592,780,18.3,0.1215,0.899,0.2324,0.1872,0.8853,0.0,0.0,0,1.0,8,6,3,0.0,0.0,0.0
46.65,781,18.7,0.1371,1.0,0.0808,-0.132,0.9168,0.0,0.0,0,1.0,10,6,3,0.0,0.0,0.0
46.701,782,18.7,0.222,1.0,0.1045,-0.2039,0.9643,0.0,0.0,0,1.0,5,6,3,0.0,0.0,0.0
46.755,783,18.7,0.3182,0.9864,0.1308,-0.2599,1.0,0.0,0.0,0,1.0,4,6,3,0.0,0.0,0.0
46.812,784,18.7,0.3591,0.9997,0.1302,-0.2976,1.0,0.0,0.0,0,1.0,6,6,3,0.0,0.0,0.0
46.869,785,18.7,0.4538,0.9114,0.1341,-0.375,1.0,-0.7,0.0,0,1.0,14,6,3,0.035,0.0,0.014
46.914,786,18.7,0.4237,0.9766,0.0443,-0.5124,1.0,-0.7,0.0,0,1.0,12,6,3,0.035,0.0,0.014
46.966,787,18.7,0.3639,0.9821,0.0788,-0.4,1.0,-0.7,0.0,0,1.0,10,6,3,0.035,0.0,0.014
47.015,788,18.7,0.2862,1.0,0.0101,-0.5144,1.0,-0.7,0.0,0,1.0,12,6,3,0.035,0.0,0.014
47.067,789,18.7,0.3093,1.0,0.0164,-0.5095,1.0,-0.7,0.0,0,1.0,11,6,3,0.035,0.0,0.014
47.117,790,18.7,0.3999,1.0,0.0022,-0.5944,1.0,0.0,0.0,0,1.0,10,6,3,0.0,0.0,0.0
47.169,791,18.7,0.2614,0.9986,0.1798,-0.1142,0.9852,-0.7,0.0,0,1.0,7,6,3,0.035,0.0,0.014
47.216,792,18.7,0.3869,0.5545,0.3605,-0.0297,0.6824,0.0045,0.0,0,1.0,7,6,3,0.0002,0.0,0.0001
47.266,793,18.7,0.6948,0.3959,0.0393,-0.8088,0.7217,0.0045,0.0,0,1.0,10,6,3,0.0002,0.0,0.0001
47.317,794,18.7,0.2013,0.821,0.1647,-0.0618,0.8023,-0.1876,0.0,0,1.0,9,6,3,0.0094,0.0,0.0038
47.368,795,18.7,0.3554,0.5558,0.1576,-0.2943,0.6659,0.0,0.0,0,1.0,5,6,3,0.0,0.0,0.0
47.424,796,18.7,0.3014,0.6332,0.1511,-0.2358,0.7007,0.0,0.0,0,1.0,7,6,3,0.0,0.0,0.0
47.486,797,18.7,0.1483,0.7569,0.1676,-0.0662,0.7297,-0.2303,0.0,0,1.0,7,6,3,0.0115,0.0,0.0046
47.532,798,18.7,0.1801,0.8361,0.1086,-0.1425,0.8032,0.0,0.0,0,1.0,9,6,3,0.0,0.0,0.0
47.584,799,18.7,0.1317,0.8343,0.1473,0.032,0.7833,0.0,0.0,0,1.0,7,6,3,0.0,0.0,0.0
47.641,800,18.7,0.0542,0.8446,0.208,0.3279,0.8259,0.0,0.0,0,1.0,9,6,3,0.0,0.0,0.0
47.704,801,18.7,0.1314,0.8177,0.2027,0.1289,0.8004,0.0,0.0,0,1.0,6,6,3,0.0,0.0,0.0
47.766,802,18.7,0.0,0.9252,0.2166,0.5193,0.8984,0.0,0.0,0,1.0,9,6,3,0.0,0.0,0.0
47.824,803,18.7,0.0998,0.8063,0.2371,0.2475,0.8101,0.0,0.0,0,1.0,7,6,3,0.0,0.0,0.0
47.879,804,18.7,0.0986,0.788,0.2403,0.2562,0.7965,0.0,0.0,0,1.0,7,6,3,0.0,0.0,0.0
47.937,805,18.7,0.0623,1.0,0.1435,0.1985,0.9203,0.0,0.0,0,1.0,7,6,3,0.0,0.0,0.0
47.982,806,18.7,0.0985,0.7082,0.232,0.2533,0.7248,0.0,0.0,0,1.0,4,6,3,0.0,0.0,0.0
48.041,807,18.7,0.3253,0.6189,0.0926,-0.3891,0.7021,0.0,0.0,0,1.0,5,6,3,0.0,0.0,0.0
48.092,808,18.7,0.1956,0.8819,0.0226,-0.4175,0.8503,0.0,0.0,0,1.0,4,6,3,0.0,0.0,0.0
48.141,809,18.7,0.1795,0.7985,0.0954,-0.1758,0.7713,0.0,0.0,0,1.0,4,3,3,0.0,0.0,0.0
48.192,810,18.7,0.1805,0.6899,0.0882,-0.2046,0.6806,0.0,0.0,0,1.0,3,3,3,0.0,0.0,0.0
48.252,811,18.8,0.2355,0.8449,0.0521,-0.3656,0.8416,0.0,0.0,0,1.0,5,3,3,0.0,0.0,0.0
48.298,812,18.8,0.2289,0.7653,0.0172,-0.4856,0.771,0.0,0.0,0,1.0,3,3,3,0.0,0.0,0.0
48.349,813,18.8,0.1547,0.9767,0.0519,-0.2521,0.9071,0.0,0.0,0,1.0,9,3,3,0.0,0.0,0.0
48.4,814,18.8,0.1791,0.6536,0.0261,-0.418,0.6494,0.0,0.0,0,1.0,2,3,3,0.0,0.0,0.0
48.456,815,18.8,0.2034,0.9233,0.045,-0.343,0.8895,0.0,0.0,0,1.0,5,3,3,0.0,0.0,0.0
48.509,816,18.8,0.1791,0.6436,0.0169,-0.4604,0.6409,0.0,0.0,0,1.0,2,3,3,0.0,0.0,0.0
48.558,817,18.8,0.0593,1.0,0.0333,-0.121,0.8732,0.0,0.0,0,1.0,6,3,3,0.0,0.0,0.0
48.609,818,18.8,0.06,1.0,0.0463,-0.0569,0.8736,0.0,0.0,0,1.0,6,3,3,0.0,0.0,0.0
48.661,819,18.8,0.1339,0.9006,0.0929,-0.0957,0.8315,0.0,0.0,0,1.0,5,3,3,0.0,0.0,0.0
48.712,820,18.8,0.1998,0.6925,0.0773,-0.2653,0.6936,0.0,0.0,0,1.0,3,3,3,0.0,0.0,0.0
48.77,821,18.8,0.113,0.9573,0.0436,-0.2116,0.8674,0.0,0.0,0,1.0,4,3,3,0.0,0.0,0.0
48.83,822,18.8,0.1242,1.0,0.0305,-0.2861,0.9096,0.0,0.0,0,1.0,5,3,3,0.0,0.0,0.0
48.883,823,18.8,0.2459,0.5841,0.0,-0.7904,0.6283,0.0,0.0,0,1.0,2,3,3,0.0,0.0,0.0
48.933,824,18.8,0.1719,0.909,0.0516,-0.283,0.8598,0.0,0.0,0,1.0,5,3,3,0.0,0.0,0.0
48.982,825,18.8,0.1336,0.9446,0.0638,0.1453,0.8683,0.0,0.0,0,1.0,6,3,3,0.0,0.0,0.0
49.036,826,18.8,0.16,1.0,0.0108,-0.265,0.9296,0.0,0.0,0,1.0,6,3,3,0.0,0.0,0.0
49.092,827,18.8,0.1108,1.0,0.0524,-0.1711,0.9021,0.0,0.0,0,1.0,6,3,3,0.0,0.0,0.0
49.139,828,18.8,0.071,1.0,0.0314,-0.169,0.8797,0.0,0.0,0,1.0,7,3,3,0.0,0.0,0.0
49.191,829,18.8,0.2228,0.6722,0.0626,-0.3426,0.6894,0.0,0.0,0,1.0,3,3,3,0.0,0.0,0.0
49.245,830,18.8,0.0677,1.0,0.0569,-0.0395,0.8779,0.0,0.0,0,1.0,5,3,3,0.0,0.0,0.0
49.3,831,18.8,0.0543,1.0,0.0422,-0.0545,0.8704,0.0,0.0,0,1.0,7,3,3,0.0,0.0,0.0
49.353,832,18.8,0.3308,0.5023,0.1294,-0.3334,0.6072,0.0,0.0,0,1.0,4,3,3,0.0,0.0,0.0
49.401,833,18.8,0.4189,0.6165,0.0,-0.6998,0.7524,0.0,0.0,0,1.0,6,3,3,0.0,0.0,0.0
49.454,834,18.8,0.135,1.0,0.0189,-0.3562,0.9156,0.0,0.0,0,1.0,9,3,3,0.0,0.0,0.0
49.512,835,18.8,0.3409,0.7352,0.0,-0.6261,0.8085,-0.7,0.0,0,1.0,5,3,3,0.035,0.0,0.014
49.567,836,18.8,0.2256,0.9243,0.0,-0.5248,0.9028,0.0,0.0,0,1.0,8,3,3,0.0,0.0,0.0
49.621,837,18.8,0.3562,0.665,0.0,-0.653,0.7581,0.0,0.0,0,1.0,4,3,3,0.0,0.0,0.0
49.676,838,18.8,0.3183,0.7386,0.0015,-0.622,0.7987,-0.7,0.0,0,1.0,8,3,3,0.035,0.0,0.014
49.73,839,18.8,0.1892,0.9576,0.0,-0.4986,0.9103,-0.7,0.0,0,1.0,7,3,3,0.035,0.0,0.014
49.789,840,18.8,0.2463,0.836,0.0,-0.5511,0.8401,0.0,0.0,0,1.0,7,3,3,0.0,0.0,0.0
49.852,841,18.8,0.2679,0.7702,0.026,-0.4872,0.797,0.0,0.0,0,1.0,12,3,3,0.0,0.0,0.0
49.907,842,18.8,0.0184,1.0,0.1229,0.3432,0.9088,0.0,0.0,0,1.0,14,3,3,0.0,0.0,0.0
49.957,843,18.8,0.041,1.0,0.0716,0.1211,0.8801,0.0,0.0,0,1.0,14,3,3,0.0,0.0,0.0
50.008,844,18.8,0.063,0.9377,0.2434,0.3337,0.9239,0.0,0.0,0,1.0,16,3,3,0.0,0.0,0.0
50.059,845,18.8,0.0973,0.9858,0.2134,0.2098,0.9476,0.0,0.0,0,1.0,15,3,3,0.0,0.0,0.0
50.107,846,18.8,0.1905,0.8644,0.1964,0.0094,0.8361,0.0,0.0,0,1.0,14,3,3,0.0,0.0,0.0
50.158,847,18.8,0.154,1.0,0.1027,-0.1063,0.9262,0.0,0.0,0,1.0,14,3,3,0.0,0.0,0.0
50.209,848,18.8,0.2303,0.8146,0.1874,-0.0663,0.8132,0.0,0.0,0,1.0,13,3,3,0.0,0.0,0.0
50.259,849,18.8,0.2728,0.7755,0.1764,-0.1433,0.8042,0.0,0.0,0,1.0,12,3,3,0.0,0.0,0.0
50.306,850,18.8,0.162,0.9282,0.1684,0.0114,0.874,0.0,0.0,0,1.0,15,3,3,0.0,0.0,0.0
50.357,851,18.8,0.1617,0.9414,0.1666,0.0086,0.8841,0.0,0.0,0,1.0,15,3,3,0.0,0.0,0.0
50.41,852,18.8,0.476,0.5737,0.1564,-0.4045,0.7485,0.0,0.0,0,1.0,13,3,3,0.0,0.0,0.0
50.464,853,18.8,0.3069,0.8001,0.151,-0.2267,0.8439,0.0,0.0,0,1.0,13,3,3,0.0,0.0,0.0
50.524,854,18.8,0.311,0.7969,0.121,-0.2882,0.8436,-0.0737,0.0,0,1.0,14,3,3,0.0037,0.0,0.0015
50.576,855,18.8,0.5117,0.5836,0.092,-0.5473,0.7768,0.0,0.0,0,1.0,17,3,3,0.0,0.0,0.0
50.631,856,18.8,0.5089,0.5957,0.0764,-0.5736,0.7854,-0.152,0.0,0,1.0,19,3,3,0.0076,0.0,0.003
50.692,857,18.8,0.2797,0.8586,0.0277,-0.4767,0.8778,-0.0835,0.0,0,1.0,19,3,3,0.0042,0.0,0.0017
50.748,858,18.8,0.9001,0.235,0.0,-1.0,0.7014,-0.0835,0.0,0,1.0,15,3,3,0.0042,0.0,0.0017
50.806,859,18.8,0.9129,0.2323,0.0,-1.0,0.7064,0.0,0.0,0,1.0,11,3,3,0.0,0.0,0.0
50.861,860,18.8,0.8835,0.2717,0.0,-1.0,0.7229,-0.1876,0.0,0,1.0,13,3,3,0.0094,0.0,0.0038
50.912,861,18.8,0.828,0.3411,0.0,-0.6995,0.7502,-0.1876,0.0,0,1.0,11,3,3,0.0094,0.0,0.0038
50.971,862,18.8,0.3187,0.9195,0.0,-0.5762,0.9508,-0.1876,0.0,0,1.0,11,3,3,0.0094,0.0,0.0038
51.023,863,18.8,0.6144,0.5014,0.032,-0.7506,0.7653,0.0,0.0,0,1.0,5,3,3,0.0,0.0,0.0
51.074,864,18.8,0.4302,0.663,0.0,-0.6906,0.7978,-0.1876,0.0,0,1.0,4,3,3,0.0094,0.0,0.0038
51.125,865,18.8,0.464,0.6504,0.0,-0.7098,0.8062,-0.1876,0.0,0,1.0,4,3,3,0.0094,0.0,0.0038
51.176,866,18.8,0.2002,0.9445,0.0493,-0.3237,0.9055,-0.7,0.0,0,1.0,15,3,3,0.035,0.0,0.014
51.223,867,18.8,0.3575,0.664,0.012,-0.6174,0.758,0.0,0.0,0,1.0,4,3,3,0.0,0.0,0.0
51.274,868,18.8,0.105,1.0,0.012,-0.3561,0.8988,-0.7,0.0,0,1.0,11,3,3,0.035,0.0,0.014
51.326,869,18.8,0.0308,1.0,0.0595,0.1366,0.8733,-0.7,0.0,0,1.0,8,3,3,0.035,0.0,0.014
51.376,870,18.8,0.352,0.6803,0.0729,-0.4485,0.7686,0.0,0.0,0,1.0,8,3,3,0.0,0.0,0.0
51.428,871,18.9,0.351,0.6716,0.0,-0.6483,0.7607,-0.7,0.0,0,1.0,10,3,3,0.035,0.0,0.014
51.486,872,18.9,0.4709,0.5713,0.0,-0.7395,0.7436,-0.7,0.0,0,1.0,14,3,3,0.035,0.0,0.014
51.549,873,18.9,0.2934,0.719,0.0623,-0.4146,0.7683,-0.1129,0.0,0,1.0,16,3,3,0.0056,0.0,0.0023
51.602,874,18.9,0.1606,1.0,0.0714,-0.1991,0.9299,-0.1129,0.0,0,1.0,17,3,3,0.0056,0.0,0.0023
51.655,875,18.9,0.3137,0.8936,0.0171,-0.5263,0.9263,0.0,0.0,0,1.0,20,3,3,0.0,0.0,0.0
51.712,876,18.9,0.3649,0.6964,0.0257,-0.3136,0.7893,0.0,0.0,0,1.0,17,3,3,0.0,0.0,0.0
51.771,877,18.9,0.3954,0.6297,0.0488,-0.552,0.7504,-0.7,0.0,0,1.0,19,3,3,0.035,0.0,0.014
51.83,878,18.9,0.4029,0.6337,0.0445,-0.5668,0.7579,-0.7,0.0,0,1.0,15,3,3,0.035,0.0,0.014
51.885,879,18.9,0.3193,0.7839,0.0338,-0.3306,0.8372,-0.7,0.0,0,1.0,19,3,3,0.035,0.0,0.014
51.941,880,18.9,0.1256,0.9242,0.076,-0.1257,0.8466,-0.7,0.0,0,1.0,18,3,3,0.035,0.0,0.014
51.994,881,18.9,0.0809,0.961,0.0997,0.0512,0.8631,0.0,0.0,0,1.0,14,3,3,0.0,0.0,0.0
52.049,882,18.9,0.1209,0.8983,0.1357,0.0315,0.8305,0.0,0.0,0,1.0,15,3,3,0.0,0.0,0.0
52.103,883,18.9,0.1574,1.0,0.0295,-0.337,0.9281,0.0,0.0,0,1.0,16,3,3,0.0,0.0,0.0
52.152,884,18.9,0.1931,0.9107,0.0777,-0.2353,0.8731,0.0,0.0,0,1.0,23,3,3,0.0,0.0,0.0
52.205,885,18.9,0.2401,1.0,0.0176,-0.4594,0.9745,0.0,0.0,0,1.0,28,3,3,0.0,0.0,0.0
52.261,886,18.9,0.2113,1.0,0.0,-0.5065,0.9583,0.0,0.0,0,1.0,23,3,3,0.0,0.0,0.0
52.312,887,18.9,0.1598,1.0,0.009,-0.4298,0.9295,0.0,0.0,0,1.0,18,3,3,0.0,0.0,0.0
52.366,888,18.9,0.1487,1.0,0.0252,-0.3441,0.9233,0.0,0.0,0,1.0,20,3,3,0.0,0.0,0.0
52.419,889,18.9,0.2723,0.9012,0.0,-0.5549,0.9095,0.0,0.0,0,1.0,18,3,3,0.0,0.0,0.0
52.472,890,18.9,0.2489,0.9367,0.0,-0.5364,0.9262,0.0,0.0,0,1.0,16,3,3,0.0,0.0,0.0
52.53,891,18.9,0.1806,1.0,0.0,-0.4885,0.9411,0.0,0.0,0,1.0,12,3,3,0.0,0.0,0.0
52.584,892,18.9,0.1729,1.0,0.008,-0.4453,0.9368,0.0,0.0,0,1.0,10,3,3,0.0,0.0,0.0
52.638,893,18.9,0.1944,0.943,0.0178,-0.4282,0.901,0.0,0.0,0,1.0,9,3,3,0.0,0.0,0.0
52.698,894,18.9,0.0621,1.0,0.0398,-0.0958,0.8748,0.0,0.0,0,1.0,4,3,3,0.0,0.0,0.0
52.759,895,18.9,0.0817,0.9733,0.0185,-0.2765,0.8634,0.0,0.0,0,1.0,5,3,3,0.0,0.0,0.0
52.815,896,18.9,0.233,0.7909,0.0719,-0.3137,0.7948,0.0,0.0,0,1.0,6,3,3,0.0,0.0,0.0
52.869,897,18.9,0.0135,1.0,0.0252,0.1184,0.8541,0.0,0.0,0,1.0,9,3,3,0.0,0.0,0.0
52.917,898,18.9,0.0162,0.9857,0.1663,0.4041,0.9211,0.0,0.0,0,1.0,11,3,3,0.0,0.0,0.0
52.968,899,18.9,0.0618,0.9232,0.1778,0.2581,0.875,0.0,0.0,0,1.0,7,4,3,0.0,0.0,0.0
53.019,900,18.9,0.2082,1.0,0.0359,-0.3704,0.9566,0.0,0.0,0,1.0,7,4,3,0.0,0.0,0.0
53.067,901,18.3,0.4173,0.7487,0.0493,-0.5384,0.8626,0.0,0.0,0,1.0,10,4,3,0.0,0.0,0.0
53.116,902,18.3,0.3366,0.9331,0.019,-0.5285,0.9723,0.0,0.0,0,1.0,14,4,3,0.0,0.0,0.0
53.164,903,18.3,0.2933,0.9618,0.0324,-0.4586,0.9722,-0.7,0.0,0,1.0,10,4,3,0.035,0.0,0.014
53.22,904,18.3,0.1767,0.9625,0.0677,-0.2365,0.9075,0.0,0.0,0,1.0,13,4,3,0.0,0.0,0.0
53.269,905,18.3,0.0907,1.0,0.0319,-0.2166,0.8908,0.0,0.0,0,1.0,8,4,3,0.0,0.0,0.0
53.319,906,18.3,0.1829,1.0,0.0163,-0.4179,0.9424,0.0,0.0,0,1.0,7,4,3,0.0,0.0,0.0
53.376,907,18.3,0.0663,0.6567,0.0749,0.0311,0.5936,0.0,0.0,0,1.0,2,4,3,0.0,0.0,0.0
53.428,908,18.3,0.6967,0.5763,0.0363,-0.7481,0.8742,0.0,0.0,0,1.0,11,4,3,0.0,0.0,0.0
53.485,909,18.3,0.6805,0.7084,0.0106,-0.7509,0.9762,-0.0737,0.0,0,1.0,19,4,3,0.0037,0.0,0.0015
53.538,910,18.3,0.8254,0.5672,0.0087,-0.842,0.9386,-0.0737,0.0,0,1.0,21,4,3,0.0037,0.0,0.0015
53.595,911,18.3,0.6635,0.6887,0.0,-0.7722,0.95,-0.0737,0.0,0,1.0,23,4,3,0.0037,0.0,0.0015
53.657,912,18.3,0.3896,0.8689,0.0153,-0.5795,0.948,-0.1876,0.0,0,1.0,12,4,3,0.0094,0.0,0.0038
53.712,913,18.3,0.6637,0.4468,0.0332,-0.7888,0.7469,-0.7,0.0,0,1.0,16,4,3,0.035,0.0,0.014
53.774,914,18.3,0.7254,0.3484,0.0,-0.9275,0.6989,-0.0737,0.0,0,1.0,11,4,3,0.0037,0.0,0.0015
53.833,915,18.3,0.7384,0.2812,0.0,-0.9683,0.6498,-0.0737,0.0,0,1.0,16,4,3,0.0037,0.0,0.0015
53.891,916,18.3,0.7256,0.2977,0.0,-0.9556,0.6564,-0.2122,0.0,0,1.0,15,4,3,0.0106,0.0,0.0042
53.943,917,18.3,0.45,0.9626,0.0057,-0.6141,1.0,-0.2122,0.0,0,1.0,20,4,3,0.0106,0.0,0.0042
53.994,918,18.3,0.3315,0.8045,0.0286,-0.5212,0.8614,-0.2122,0.0,0,1.0,18,4,3,0.0106,0.0,0.0042
54.064,919,18.3,0.7684,0.3012,0.0,-0.9635,0.6833,-0.1967,0.0,0,1.0,14,4,3,0.0098,0.0,0.0039
54.119,920,18.3,0.3877,0.6738,0.0628,-0.5023,0.7831,0.0,0.0,0,1.0,17,4,3,0.0,0.0,0.0
54.168,921,18.3,0.3421,0.7367,0.0484,-0.4896,0.8104,-0.7,0.0,0,1.0,19,4,3,0.035,0.0,0.014
54.22,922,18.3,0.4551,0.5087,0.3641,-0.0975,0.6821,-0.7,0.0,0,1.0,22,4,3,0.035,0.0,0.014
54.268,923,18.3,0.8682,0.2524,0.0,-1.0,0.6983,0.0,0.0,0,1.0,15,4,3,0.0,0.0,0.0
54.317,924,18.3,0.8527,0.3013,0.0,-0.9807,0.7306,-0.1876,0.0,0,1.0,20,4,3,0.0094,0.0,0.0038
54.371,925,18.3,0.6894,0.4654,0.0,-0.8615,0.777,-0.1876,0.0,0,1.0,18,4,3,0.0094,0.0,0.0038
54.428,926,18.3,0.514,0.641,0.012,-0.7049,0.8263,-0.1876,0.0,0,1.0,17,4,3,0.0094,0.0,0.0038
54.485,927,18.3,0.2172,1.0,0.0085,-0.476,0.9617,-0.0737,0.0,0,1.0,15,4,3,0.0037,0.0,0.0015
54.536,928,18.3,0.1261,0.9907,0.0488,-0.2148,0.9028,0.0,0.0,0,1.0,15,4,3,0.0,0.0,0.0
54.585,929,18.3,0.1281,0.9967,0.032,-0.2859,0.909,0.0,0.0,0,1.0,11,4,3,0.0,0.0,0.0
54.635,930,18.3,0.4459,0.6019,0.0,-0.7175,0.7553,0.0,0.0,0,1.0,15,4,3,0.0,0.0,0.0
54.696,931,18.6,0.268,1.0,0.0164,-0.4831,0.9901,0.0,0.0,0,1.0,10,4,3,0.0,0.0,0.0
54.761,932,18.6,0.1462,1.0,0.0566,-0.2215,0.9219,0.0,0.0,0,1.0,17,4,3,0.0,0.0,0.0
54.812,933,18.6,0.4111,0.6274,0.0448,-0.5733,0.7572,0.0,0.0,0,1.0,6,4,3,0.0,0.0,0.0
54.871,934,18.6,0.098,0.6912,0.3002,0.3387,0.7487,-0.7,0.0,0,1.0,10,4,3,0.035,0.0,0.014
54.927,935,18.6,0.3622,0.6849,0.042,-0.5322,0.7781,-0.7,0.0,0,1.0,10,4,3,0.035,0.0,0.014
54.974,936,18.6,0.3922,0.6635,0.0455,-0.5495,0.777,0.0,0.0,1,1.0,7,4,3,0.0,1.0,0.0
55.025,937,18.6,0.0862,0.9709,0.0897,0.0098,0.8658,-0.7,0.0,1,1.0,13,4,3,0.035,0.8,0.014
55.075,938,18.6,0.1403,1.0,0.0337,-0.5681,0.9186,0.0,0.0,1,1.0,29,4,3,0.0,0.8,0.0
55.133,939,18.6,0.4281,0.5139,0.0806,-0.5314,0.6715,0.0,0.0,1,1.0,27,4,3,0.0,0.8,0.0
55.184,940,18.6,0.3461,0.9428,0.0,-0.5856,0.9858,0.0,0.0,1,1.0,31,4,3,0.0,0.8,0.0
55.233,941,18.6,0.2229,1.0,0.0359,-0.385,0.9648,-0.7,0.0,1,1.0,21,4,3,0.035,0.8,0.014
55.283,942,18.6,0.0,1.0,0.13,0.4566,0.9128,0.0,0.0,1,1.0,5,4,3,0.0,0.8,0.0
55.333,943,18.6,0.7029,0.9716,0.0234,-0.673,1.0,0.0,0.0,1,1.0,10,4,3,0.0,0.8,0.0
55.384,944,18.6,0.8417,0.8678,0.0,-0.7736,1.0,0.0,0.0,1,1.0,9,4,3,0.0,0.8,0.0
55.434,945,18.6,0.6138,0.9084,0.1841,-0.4054,1.0,-0.0737,0.0,1,1.0,12,4,3,0.0037,0.8,0.0015
55.486,946,18.6,0.1559,1.0,0.2835,0.1789,0.9987,-0.2303,0.0,1,1.0,5,4,3,0.0115,0.8,0.0046
55.535,947,18.6,0.2117,1.0,0.0235,-0.4162,0.9586,-0.2303,0.0,1,1.0,28,4,3,0.0115,0.8,0.0046
55.593,948,18.6,0.1939,1.0,0.0,-0.4964,0.9486,-0.4651,0.0,0,1.0,52,4,3,0.0233,0.8,0.0093
55.646,949,18.6,0.3925,1.0,0.0,-0.5968,1.0,0.0,0.0,0,1.0,40,4,3,0.0,0.0,0.0
55.702,950,18.6,0.5834,0.9357,0.0,-0.6826,1.0,-0.7,0.0,0,1.0,44,4,3,0.035,0.0,0.014
55.764,951,18.6,0.4593,0.9307,0.1018,-0.4306,1.0,0.0915,0.0,0,1.0,27,4,3,0.0046,0.0,0.0018
55.822,952,18.6,0.5023,0.9839,0.0,-0.6439,1.0,0.0915,0.0,0,1.0,16,4,3,0.0046,0.0,0.0018
55.875,953,18.6,0.4359,1.0,0.0,-0.615,1.0,-0.1967,0.0,0,1.0,12,4,3,0.0098,0.0,0.0039
55.923,954,18.6,0.428,1.0,0.0,-0.6118,1.0,-0.4651,0.0,0,1.0,10,4,3,0.0233,0.0,0.0093
55.975,955,18.6,0.3465,0.6161,0.1754,-0.2443,0.7115,-0.7,0.0,0,1.0,7,4,3,0.035,0.0,0.014
56.026,956,18.6,0.4563,0.6416,0.0387,-0.6123,0.7945,-0.7,0.0,0,1.0,6,4,3,0.035,0.0,0.014
56.075,957,18.6,0.2585,0.848,0.0057,-0.5352,0.857,-0.4651,0.0,0,1.0,7,4,3,0.0233,0.0,0.0093
56.13,958,18.6,0.1164,1.0,0.0244,-0.303,0.9052,0.0,0.0,0,1.0,7,4,3,0.0,0.0,0.0
56.192,959,18.6,0.2744,1.0,0.2622,-0.0148,0.9937,0.0,0.0,0,1.0,11,4,3,0.0,0.0,0.0
56.249,960,18.6,0.2283,0.93,0.0,-0.5256,0.909,0.0,0.0,0,1.0,14,4,3,0.0,0.0,0.0
56.302,961,18.6,0.1679,1.0,0.0107,-0.6713,0.934,0.0045,0.0,0,1.0,15,4,3,0.0002,0.0,0.0001
56.352,962,18.6,0.0832,0.9303,0.4155,0.4352,1.0,0.0,0.0,0,1.0,16,4,3,0.0,0.0,0.0
56.404,963,18.6,0.4602,0.7383,0.0,-0.6825,0.8779,-0.7,0.0,0,1.0,22,4,3,0.035,0.0,0.014
56.471,964,18.6,0.1443,0.7595,0.4187,0.3497,0.8725,-0.7,0.0,0,1.0,14,4,3,0.035,0.0,0.014
56.528,965,18.6,0.4039,0.9558,0.0,-0.6095,1.0,-0.1967,0.0,0,1.0,10,4,3,0.0098,0.0,0.0039
56.586,966,18.6,0.2019,0.5655,0.2626,0.0966,0.6221,-0.7,0.0,0,1.0,7,4,3,0.035,0.0,0.014
56.636,967,18.6,0.7532,0.2312,0.0257,-0.9414,0.616,-0.4651,0.0,0,1.0,7,4,3,0.0233,0.0,0.0093
56.696,968,18.6,0.6731,0.4034,0.0,-0.8853,0.7158,-0.4651,0.0,0,1.0,9,4,3,0.0233,0.0,0.0093
56.755,969,18.6,0.3544,1.0,0.0225,-0.5194,1.0,-0.2122,0.0,0,1.0,17,4,3,0.0106,0.0,0.0042
56.813,970,18.6,0.7101,0.782,0.1943,-0.4622,1.0,-0.7,0.0,0,1.0,16,4,3,0.035,0.0,0.014
56.871,971,18.6,0.8937,0.5839,0.0185,-0.8368,0.991,-0.2303,0.0,0,1.0,12,4,3,0.0115,0.0,0.0046
56.928,972,18.6,0.9848,0.5084,0.0,-0.914,0.9785,-0.1876,0.0,0,1.0,20,4,3,0.0094,0.0,0.0038
56.977,973,18.6,1.0,0.3803,0.0,-0.9686,0.8794,-0.1876,0.0,0,1.0,9,4,3,0.0094,0.0,0.0038
57.035,974,18.6,1.0,0.4096,0.0,-0.9559,0.9041,-0.1876,0.0,0,1.0,8,4,3,0.0094,0.0,0.0038
57.087,975,18.6,0.9701,0.4485,0.1213,-0.7431,0.92,-0.1876,0.0,0,1.0,6,4,3,0.0094,0.0,0.0038
57.146,976,18.6,0.8959,0.7476,0.0,-0.8179,1.0,-0.1876,0.0,0,1.0,11,4,3,0.0094,0.0,0.0038
57.2,977,18.6,0.9588,0.5303,0.0,-0.9009,0.9824,-0.2825,0.0,0,1.0,16,4,3,0.0141,0.0,0.0056
57.253,978,18.6,0.7437,0.369,0.0008,-0.9002,0.7264,-0.1876,0.0,0,1.0,19,4,3,0.0094,0.0,0.0038
57.301,979,18.6,0.5425,0.5687,0.0,-0.7701,0.7815,-0.1876,0.0,0,1.0,14,4,3,0.0094,0.0,0.0038
57.349,980,18.6,1.0,0.4908,0.0,-0.9235,0.9723,-0.2471,0.0,0,1.0,11,4,3,0.0124,0.0,0.0049
57.402,981,18.6,0.9765,0.536,0.0,-0.9023,0.9971,-0.1876,0.0,0,1.0,15,4,3,0.0094,0.0,0.0038
57.454,982,18.6,0.9667,0.5371,0.0024,-0.896,0.9925,-0.1876,0.0,0,1.0,9,4,3,0.0094,0.0,0.0038
57.512,983,18.6,0.9172,0.5961,0.0053,-0.8603,1.0,-0.1876,0.0,0,1.0,8,4,3,0.0094,0.0,0.0038
57.568,984,18.6,0.8919,0.5905,0.0231,-0.8266,0.9954,-0.1876,0.0,0,1.0,9,4,3,0.0094,0.0,0.0038
57.62,985,18.6,0.8948,0.5931,0.0099,-0.8485,0.9993,-0.1876,0.0,0,1.0,7,4,3,0.0094,0.0,0.0038
57.672,986,18.6,0.9946,0.4697,0.0,-0.9305,0.9516,-0.1876,0.0,0,1.0,5,4,3,0.0094,0.0,0.0038
57.731,987,18.6,1.0,0.4528,0.0,-0.9382,0.9404,-0.1876,0.0,0,1.0,6,4,3,0.0094,0.0,0.0038
57.788,988,18.6,0.9481,0.5935,0.0,-0.8766,1.0,-0.1876,0.0,0,1.0,12,4,3,0.0094,0.0,0.0038
57.846,989,18.6,0.9255,0.5435,0.0155,-0.863,0.9748,-0.1876,0.0,0,1.0,12,5,3,0.0094,0.0,0.0038
57.903,990,18.6,0.9381,0.5407,0.0098,-0.8764,0.9795,-0.1876,0.0,0,1.0,9,5,3,0.0094,0.0,0.0038
57.951,991,18.1,0.9472,0.5122,0.0244,-0.8644,0.9607,-0.1876,0.0,0,1.0,12,5,3,0.0094,0.0,0.0038
58.0,992,18.1,1.0,0.4689,0.0,-0.9318,0.9539,-0.1876,0.0,0,1.0,16,5,3,0.0094,0.0,0.0038
58.051,993,18.1,0.9917,0.4944,0.0,-0.9205,0.9707,-0.1876,0.0,0,1.0,8,5,3,0.0094,0.0,0.0038
58.102,994,18.1,1.0,0.4526,0.0,-0.9383,0.9402,-0.1876,0.0,0,1.0,5,5,3,0.0094,0.0,0.0038
58.149,995,18.1,1.0,0.4744,0.0,-0.9297,0.9585,-0.1876,0.0,0,1.0,8,5,3,0.0094,0.0,0.0038
58.199,996,18.1,0.952,0.6862,0.0,-0.8482,1.0,-0.1876,0.0,0,1.0,11,5,3,0.0094,0.0,0.0038
58.248,997,18.1,0.9473,0.5294,0.0125,-0.8779,0.9751,-0.1876,0.0,0,1.0,11,5,3,0.0094,0.0,0.0038
58.313,998,18.1,1.0,0.4415,0.0098,-0.9262,0.9308,-0.1876,0.0,0,1.0,16,5,3,0.0094,0.0,0.0038
58.368,999,18.1,0.8799,0.4676,0.2832,-0.4921,0.8855,-0.1876,0.0,0,1.0,15,5,3,0.0094,0.0,0.0038
58.416,1000,18.1,0.8858,0.4918,0.258,-0.52,0.9092,-0.1876,0.0,0,1.0,14,5,3,0.0094,0.0,0.0038
58.473,1001,18.1,0.8598,0.506,0.2765,-0.4831,0.9066,-0.1655,0.0,0,1.0,23,5,3,0.0083,0.0,0.0033
58.529,1002,18.1,0.9845,0.48,0.1605,-0.685,0.9545,-0.2219,0.0,0,1.0,27,5,3,0.0111,0.0,0.0044
58.585,1003,18.1,0.1674,1.0,0.0,-0.4804,0.9337,-0.2219,0.0,0,1.0,17,5,3,0.0111,0.0,0.0044
58.636,1004,18.1,0.5568,0.6477,0.0479,-0.6442,0.8559,-0.1833,0.0,0,1.0,19,5,3,0.0092,0.0,0.0037
58.688,1005,18.1,0.3303,0.7883,0.0756,-0.4051,0.8472,0.0915,0.0,0,1.0,9,5,3,0.0046,0.0,0.0018
58.752,1006,18.1,1.0,0.4434,0.0,-0.9419,0.9325,0.0915,0.0,0,1.0,15,5,3,0.0046,0.0,0.0018
58.812,1007,18.1,1.0,0.444,0.0,-0.9417,0.9329,0.0,0.0,0,1.0,11,5,3,0.0,0.0,0.0
58.875,1008,18.1,0.9926,0.5028,0.0,-0.9176,0.9783,-0.1876,0.0,0,1.0,11,5,3,0.0094,0.0,0.0038
58.924,1009,18.1,1.0,0.4527,0.0,-0.9383,0.9402,-0.1876,0.0,0,1.0,7,5,3,0.0094,0.0,0.0038
58.976,1010,18.1,0.5123,0.6373,0.0047,-0.7229,0.8223,-0.1876,0.0,0,1.0,13,5,3,0.0094,0.0,0.0038
59.025,1011,18.1,0.5218,0.6483,0.0043,-0.7243,0.8367,-0.1876,0.0,0,1.0,12,5,3,0.0094,0.0,0.0038
59.082,1012,18.1,0.6387,0.6062,0.0003,-0.7903,0.8669,-0.1876,0.0,0,1.0,15,5,3,0.0094,0.0,0.0038
59.135,1013,18.1,0.8477,0.5911,0.0167,-0.8256,0.9712,0.0915,0.0,0,1.0,11,5,3,0.0046,0.0,0.0018
59.193,1014,18.1,0.7693,0.528,0.0071,-0.8443,0.8743,-0.0737,0.0,0,1.0,11,5,3,0.0037,0.0,0.0015
59.244,1015,18.1,0.9015,0.663,0.0,-0.844,1.0,-0.2122,0.0,0,1.0,12,5,3,0.0106,0.0,0.0042
59.292,1016,18.1,0.8133,0.8209,0.0,-0.7781,1.0,-0.2122,0.0,0,1.0,11,5,3,0.0106,0.0,0.0042
59.342,1017,18.1,0.9447,0.7028,0.0,-0.8417,1.0,-0.1876,0.0,0,1.0,13,5,3,0.0094,0.0,0.0038
59.393,1018,18.1,0.959,0.5357,0.0,-0.8989,0.987,-0.1876,0.0,0,1.0,13,5,3,0.0094,0.0,0.0038
59.44,1019,18.1,0.9483,0.5548,0.0,-0.89,0.9971,-0.1876,0.0,0,1.0,12,5,3,0.0094,0.0,0.0038
59.494,1020,18.1,1.0,0.4885,0.0,-0.9243,0.9704,-0.1876,0.0,0,1.0,17,5,3,0.0094,0.0,0.0038
59.546,1021,18.9,1.0,0.3725,0.0,-0.972,0.8729,-0.1876,0.0,0,1.0,8,5,3,0.0094,0.0,0.0038
59.603,1022,18.9,0.9846,0.4962,0.0,-0.9185,0.9682,-0.1876,0.0,0,1.0,7,5,3,0.0094,0.0,0.0038
59.662,1023,18.9,0.9966,0.4832,0.0,-0.9257,0.964,-0.1876,0.0,0,1.0,8,5,3,0.0094,0.0,0.0038
59.72,1024,18.9,1.0,0.4142,0.0,-0.954,0.9079,-0.1876,0.0,0,1.0,9,5,3,0.0094,0.0,0.0038
59.779,1025,18.9,0.9799,0.4986,0.0153,-0.8914,0.9676,-0.1876,0.0,0,1.0,15,5,3,0.0094,0.0,0.0038
59.837,1026,18.9,0.8893,0.6032,0.0157,-0.834,1.0,-0.1876,0.0,0,1.0,23,5,3,0.0094,0.0,0.0038
59.895,1027,18.9,1.0,0.411,0.0012,-0.9532,0.9053,-0.1876,0.0,0,1.0,17,5,3,0.0094,0.0,0.0038
59.941,1028,18.9,1.0,0.3305,0.0,-0.9914,0.8376,-0.1876,0.0,0,1.0,17,5,3,0.0094,0.0,0.0038
59.99,1029,18.9,1.0,0.3291,0.0,-0.992,0.8364,-0.1876,0.0,0,1.0,22,5,3,0.0094,0.0,0.0038
60.041,1030,18.9,0.7975,0.7139,0.0043,-0.7958,1.0,-0.1876,0.0,0,1.0,22,5,3,0.0094,0.0,0.0038
60.093,1031,18.9,0.9622,0.5465,0.0004,-0.8951,0.9979,-0.1876,0.0,0,1.0,23,5,3,0.0094,0.0,0.0038
60.14,1032,18.9,1.0,0.5935,0.0051,-0.8791,1.0,-0.2179,0.0,0,1.0,23,5,3,0.0109,0.0,0.0044
60.191,1033,18.9,0.8872,0.6493,0.0,-0.845,1.0,-0.1876,0.0,0,1.0,22,5,3,0.0094,0.0,0.0038
60.24,1034,18.9,0.9236,0.5688,0.0,-0.8799,0.995,-0.1876,0.0,0,1.0,12,5,3,0.0094,0.0,0.0038
60.292,1035,18.9,1.0,0.4842,0.0,-0.926,0.9667,-0.1876,0.0,0,1.0,6,5,3,0.0094,0.0,0.0038
60.343,1036,18.9,0.9963,0.4881,0.0113,-0.9051,0.9679,-0.1876,0.0,0,1.0,6,5,3,0.0094,0.0,0.0038
60.394,1037,18.9,0.9922,0.6611,0.0,-0.8641,1.0,-0.1876,0.0,0,1.0,8,5,3,0.0094,0.0,0.0038
60.46,1038,18.9,0.9998,0.5121,0.0,-0.9155,0.99,-0.1876,0.0,0,1.0,10,5,3,0.0094,0.0,0.0038
60.512,1039,18.9,0.8098,0.5813,0.211,-0.7268,0.9418,-0.1876,0.0,0,1.0,7,5,3,0.0094,0.0,0.0038
60.569,1040,18.9,0.8101,0.5722,0.2238,-0.5107,0.9343,-0.1876,0.0,0,1.0,9,5,3,0.0094,0.0,0.0038
60.619,1041,18.9,0.7791,0.5916,0.2428,-0.4681,0.9333,-0.2538,0.0,0,1.0,9,5,3,0.0127,0.0,0.0051
60.679,1042,18.9,0.7799,0.5149,0.298,-0.4151,0.8692,-0.2042,0.0,0,1.0,7,5,3,0.0102,0.0,0.0041
60.739,1043,18.9,0.7763,0.6709,0.1658,-0.5512,0.9983,-0.2042,0.0,0,1.0,10,5,3,0.0102,0.0,0.0041
60.796,1044,18.9,0.779,0.4385,0.3504,-0.3662,0.8045,-0.1967,0.0,0,1.0,11,5,3,0.0098,0.0,0.0039
60.854,1045,18.9,1.0,0.3718,0.067,-0.8595,0.8723,-0.2303,0.0,0,1.0,12,5,3,0.0115,0.0,0.0046
60.908,1046,18.9,0.7793,0.7244,0.1178,-0.6081,1.0,-0.2099,0.0,0,1.0,21,5,3,0.0105,0.0,0.0042
60.957,1047,18.9,0.7817,0.6949,0.1494,-0.5711,1.0,-0.2099,0.0,0,1.0,20,5,3,0.0105,0.0,0.0042
61.006,1048,18.9,0.7798,0.6176,0.2235,-0.4879,0.9555,-0.2471,0.0,0,1.0,18,5,3,0.0124,0.0,0.0049
61.059,1049,18.9,0.9514,0.6846,0.0229,-0.8132,1.0,-0.2441,0.0,0,1.0,17,5,3,0.0122,0.0,0.0049
61.116,1050,18.9,0.896,0.6902,0.1137,-0.6655,1.0,-0.2441,0.0,0,1.0,18,5,3,0.0122,0.0,0.0049
61.168,1051,18.5,1.0,0.3797,0.0,-0.9688,0.8789,-0.1876,0.0,0,1.0,12,5,3,0.0094,0.0,0.0038
61.216,1052,18.5,1.0,0.4189,0.0,-0.952,0.9119,-0.1876,0.0,0,1.0,17,5,3,0.0094,0.0,0.0038
61.272,1053,18.5,0.9297,0.5546,0.015,-0.861,0.9865,-0.1876,0.0,0,1.0,12,5,3,0.0094,0.0,0.0038
61.326,1054,18.5,0.9489,0.5495,0.0011,-0.8901,0.9929,-0.1876,0.0,0,1.0,16,5,3,0.0094,0.0,0.0038
61.379,1055,18.5,0.9579,0.5383,0.0024,-0.8938,0.9886,-0.1876,0.0,0,1.0,10,5,3,0.0094,0.0,0.0038
61.435,1056,18.5,1.0,0.4079,0.0,-0.9566,0.9027,-0.1876,0.0,0,1.0,6,5,3,0.0094,0.0,0.0038
61.495,1057,18.5,0.9533,0.5093,0.0055,-0.8982,0.9616,-0.1876,0.0,0,1.0,9,5,3,0.0094,0.0,0.0038
61.554,1058,18.5,0.818,0.6792,0.0,-0.819,1.0,-0.1876,0.0,0,1.0,15,5,3,0.0094,0.0,0.0038
61.613,1059,18.5,0.9823,0.5447,0.0,-0.9004,1.0,-0.1876,0.0,0,1.0,16,5,3,0.0094,0.0,0.0038
61.675,1060,18.5,0.952,0.5717,0.0009,-0.8833,1.0,-0.1876,0.0,0,1.0,15,5,3,0.0094,0.0,0.0038
61.741,1061,18.5,1.0,0.4499,0.0,-0.9394,0.9379,-0.1876,0.0,0,1.0,9,5,3,0.0094,0.0,0.0038
61.799,1062,18.5,1.0,0.4512,0.0,-0.9388,0.939,-0.1876,0.0,0,1.0,9,5,3,0.0094,0.0,0.0038
61.863,1063,18.5,0.8461,0.5377,0.2042,-0.5595,0.9254,-0.1876,0.0,0,1.0,14,5,3,0.0094,0.0,0.0038
61.921,1064,18.5,0.8096,0.5489,0.2444,-0.4892,0.9145,-0.1876,0.0,0,1.0,14,5,3,0.0094,0.0,0.0038
61.979,1065,18.5,0.8348,0.4939,0.2672,-0.4842,0.8823,-0.2234,0.0,0,1.0,16,5,3,0.0112,0.0,0.0045
62.041,1066,18.5,0.8096,0.5343,0.2618,-0.4707,0.9022,-0.2441,0.0,0,1.0,16,5,3,0.0122,0.0,0.0049
62.101,1067,18.5,0.8364,0.5124,0.2552,-0.4961,0.8988,-0.2441,0.0,0,1.0,19,5,3,0.0122,0.0,0.0049
62.151,1068,18.5,0.747,0.6575,0.2545,-0.4264,0.9706,-0.2227,0.0,0,1.0,21,5,3,0.0111,0.0,0.0045
62.205,1069,18.5,0.7813,0.6242,0.2533,-0.4511,0.9618,-0.2491,0.0,0,1.0,20,5,3,0.0125,0.0,0.005
62.268,1070,18.5,1.0,0.3559,0.0,-0.9795,0.8589,-0.2491,0.0,0,1.0,17,5,3,0.0125,0.0,0.005
62.328,1071,18.5,1.0,0.316,0.0,-0.9983,0.8254,-0.2042,0.0,0,1.0,9,5,3,0.0102,0.0,0.0041
62.386,1072,18.5,1.0,0.4755,0.0013,-0.9272,0.9595,-0.1876,0.0,0,1.0,17,5,3,0.0094,0.0,0.0038
62.451,1073,18.5,0.7242,0.4155,0.0,-0.8938,0.7546,-0.1876,0.0,0,1.0,16,5,3,0.0094,0.0,0.0038
62.519,1074,18.5,0.738,0.4199,0.0,-0.8954,0.766,-0.2122,0.0,0,1.0,10,5,3,0.0106,0.0,0.0042
62.585,1075,18.5,0.5478,0.6069,0.0058,-0.7448,0.8166,-0.2122,0.0,0,1.0,11,5,3,0.0106,0.0,0.0042
62.646,1076,18.5,0.4035,1.0,0.0,-0.6015,1.0,-0.2122,0.0,0,1.0,12,5,3,0.0106,0.0,0.0042
62.708,1077,18.5,0.4125,0.7657,0.0,-0.6541,0.8742,-0.7,0.0,0,1.0,17,5,3,0.035,0.0,0.014
62.771,1078,18.5,0.2042,0.9184,0.0375,-0.369,0.8859,-0.7,0.0,0,1.0,14,5,3,0.035,0.0,0.014
62.862,1079,18.5,0.0467,1.0,0.0344,-0.064,0.8661,0.0,0.0,0,1.0,21,6,3,0.0,0.0,0.0
62.935,1080,18.5,0.1986,1.0,0.0149,-0.4367,0.9512,0.0,0.0,0,1.0,16,6,3,0.0,0.0,0.0
62.993,1081,16.5,0.1814,0.9812,0.013,-0.4323,0.9258,0.0,0.0,0,1.0,20,6,3,0.0,0.0,0.0
63.042,1082,16.5,0.3405,1.0,0.0,-0.5734,1.0,0.0,0.0,0,1.0,26,6,3,0.0,0.0,0.0
63.098,1083,16.5,0.3145,0.8703,0.0,-0.583,0.9071,0.0,0.0,0,1.0,17,6,3,0.0,0.0,0.0
63.153,1084,16.5,0.4286,0.7579,0.0,-0.6634,0.8767,0.0,0.0,0,1.0,22,6,3,0.0,0.0,0.0
63.211,1085,16.5,0.5807,0.5787,0.0,-0.7807,0.8113,0.0,0.0,0,1.0,21,6,3,0.0,0.0,0.0
63.273,1086,16.5,0.3408,0.887,0.0,-0.5932,0.9359,-0.7,0.0,0,1.0,31,6,3,0.035,0.0,0.014
63.33,1087,16.5,0.5528,0.6284,0.0,-0.7531,0.8374,0.0,0.0,0,1.0,26,6,3,0.0,0.0,0.0
63.386,1088,16.5,0.5565,0.6211,0.0,-0.7569,0.8334,0.0915,0.0,0,1.0,26,6,3,0.0046,0.0,0.0018
63.445,1089,16.5,0.5508,0.624,0.0,-0.7538,0.8326,0.0915,0.0,0,1.0,20,6,3,0.0046,0.0,0.0018
63.508,1090,16.5,0.5435,0.6335,0.0,-0.7479,0.8365,0.0915,0.0,0,1.0,23,6,3,0.0046,0.0,0.0018
63.562,1091,16.5,0.4409,0.7345,0.0,-0.6751,0.8639,0.0915,0.0,0,1.0,34,6,3,0.0046,0.0,0.0018
63.62,1092,16.5,0.351,0.8647,0.0,-0.6025,0.9229,-0.1129,0.0,0,1.0,24,6,3,0.0056,0.0,0.0023
63.682,1093,16.5,0.5803,0.6,0.0,-0.773,0.8289,-0.7,0.0,0,1.0,20,6,3,0.035,0.0,0.014
63.743,1094,16.5,0.4774,0.7002,0.0304,-0.6278,0.8555,0.0915,0.0,0,1.0,14,6,3,0.0046,0.0,0.0018
63.817,1095,16.5,0.2985,0.8277,0.0856,-0.3471,0.8624,-0.1129,0.0,0,1.0,16,6,3,0.0056,0.0,0.0023
63.892,1096,16.5,0.4496,0.9846,0.0,-0.6233,1.0,-0.1129,0.0,0,1.0,11,6,3,0.0056,0.0,0.0023
63.956,1097,16.5,0.0796,0.9081,0.1631,0.1848,0.8542,0.0,0.0,0,1.0,7,6,3,0.0,0.0,0.0
64.008,1098,16.5,0.1797,0.9379,0.0051,-0.4706,0.8885,-0.1129,0.0,0,1.0,7,6,3,0.0056,0.0,0.0023
64.061,1099,16.5,0.0771,0.861,0.4382,0.4727,0.9686,0.0,0.0,0,1.0,6,6,3,0.0,0.0,0.0
64.112,1100,16.5,0.0511,0.9077,0.39,0.4877,0.9809,-0.4651,0.0,0,1.0,6,6,3,0.0233,0.0,0.0093
64.175,1101,16.5,0.0545,1.0,0.041,-0.0611,0.8705,-0.4651,0.0,0,1.0,9,6,3,0.0233,0.0,0.0093
64.228,1102,16.5,0.0428,1.0,0.0289,-0.0808,0.864,0.0,0.0,0,1.0,14,6,3,0.0,0.0,0.0
64.295,1103,16.5,0.0663,1.0,0.0921,0.0775,0.8916,0.0,0.0,0,1.0,12,6,3,0.0,0.0,0.0
64.354,1104,16.5,0.1048,1.0,0.0401,-0.2081,0.8987,0.0,0.0,0,1.0,8,6,3,0.0,0.0,0.0
64.412,1105,16.5,0.0529,0.9966,0.1796,0.2826,0.9377,0.0,0.0,0,1.0,10,6,3,0.0,0.0,0.0
64.471,1106,16.5,0.0008,0.9402,0.3436,0.5825,0.9822,0.0,0.0,0,1.0,10,6,3,0.0,0.0,0.0
64.529,1107,16.5,0.0295,1.0,0.2815,0.4532,0.9976,0.0,0.0,0,1.0,11,6,3,0.0,0.0,0.0
64.586,1108,16.5,0.0544,1.0,0.0828,0.0954,0.8864,0.0,0.0,0,1.0,12,6,3,0.0,0.0,0.0
64.646,1109,16.5,0.1643,0.762,0.2474,0.132,0.7786,0.0,0.0,0,1.0,20,6,3,0.0,0.0,0.0
64.711,1110,16.5,0.1443,0.8409,0.2684,0.1915,0.8566,0.0045,0.0,0,1.0,25,6,3,0.0002,0.0,0.0001
64.773,1111,16.9,0.1965,0.9997,0.0425,-0.2957,0.9498,0.0045,0.0,0,1.0,24,6,3,0.0002,0.0,0.0001
64.829,1112,16.9,0.4092,0.8006,0.0,-0.6441,0.9016,0.0,0.0,0,1.0,16,6,3,0.0,0.0,0.0
64.895,1113,16.9,0.4743,0.7116,0.0,-0.696,0.8633,-0.7,0.0,0,1.0,14,6,3,0.035,0.0,0.014
64.954,1114,16.9,0.2087,0.7459,0.2136,0.0078,0.7461,-0.1129,0.0,0,1.0,16,6,3,0.0056,0.0,0.0023
65.012,1115,16.9,0.2271,0.7104,0.2344,0.0108,0.728,0.0,0.0,0,1.0,11,6,3,0.0,0.0,0.0
65.073,1116,16.9,0.2256,0.7103,0.2498,0.0355,0.7365,0.0,0.0,0,1.0,13,6,3,0.0,0.0,0.0
65.131,1117,16.9,0.1078,1.0,0.142,0.0724,0.9195,0.0,0.0,0,1.0,14,6,3,0.0,0.0,0.0
65.188,1118,16.9,0.1865,0.7533,0.2429,0.0873,0.7688,0.0,0.0,0,1.0,15,6,3,0.0,0.0,0.0
65.246,1119,16.9,0.2772,1.0,0.0122,-0.5024,0.9952,0.0,0.0,0,1.0,19,6,3,0.0,0.0,0.0
65.313,1120,16.9,0.3087,1.0,0.0057,-0.5405,1.0,-0.2303,0.0,0,1.0,13,6,3,0.0115,0.0,0.0046
65.379,1121,16.9,0.3602,1.0,0.0056,-0.5671,1.0,0.0,0.0,0,1.0,6,6,3,0.0,0.0,0.0
65.441,1122,16.9,0.3304,0.5244,0.1234,-0.3418,0.6255,0.0,0.0,0,1.0,5,6,3,0.0,0.0,0.0
65.5,1123,16.9,0.3265,0.5306,0.1588,-0.2631,0.6286,0.0,0.0,0,1.0,6,6,3,0.0,0.0,0.0
65.563,1124,16.9,0.1809,0.5852,0.2726,0.1469,0.6442,-0.4651,0.0,0,1.0,5,6,3,0.0233,0.0,0.0093
65.622,1125,16.9,0.1338,0.824,0.2157,0.1428,0.8129,0.0045,0.0,0,1.0,12,6,3,0.0002,0.0,0.0001
65.686,1126,16.9,0.2423,0.9659,0.0039,-0.514,0.9471,0.0,0.0,0,1.0,12,6,3,0.0,0.0,0.0
65.751,1127,16.9,0.3512,0.7941,0.052,-0.4771,0.8638,0.0,0.0,0,1.0,13,6,3,0.0,0.0,0.0
65.811,1128,16.9,0.5012,0.489,0.0,-0.7852,0.6914,0.0,0.0,1,1.0,7,6,3,0.0,1.0,0.0
65.867,1129,16.9,0.5397,0.4688,0.0,-0.8095,0.696,-0.7,0.0,1,1.0,7,6,3,0.035,0.8,0.014
65.918,1130,16.9,0.5213,0.6666,0.0,-0.7286,0.8519,0.0915,0.0,1,1.0,19,6,3,0.0046,0.8,0.0018
65.977,1131,16.9,0.4007,0.8005,0.0,-0.6402,0.8968,0.0915,0.0,1,1.0,22,6,3,0.0046,0.8,0.0018
66.036,1132,16.9,0.8275,0.3465,0.0,-0.9521,0.7544,0.0915,0.0,1,1.0,27,6,3,0.0046,0.8,0.0018
66.096,1133,16.9,0.8088,0.3642,0.0,-0.9392,0.7589,-0.7,0.0,1,1.0,15,6,3,0.035,0.8,0.014
66.153,1134,16.9,0.7529,0.3852,0.0,-0.9157,0.7452,-0.2156,0.0,1,1.0,16,6,3,0.0108,0.8,0.0043
66.219,1135,16.9,0.1928,0.9307,0.29,0.1302,0.9442,-0.2471,0.0,1,1.0,21,6,3,0.0124,0.8,0.0049
66.269,1136,16.9,0.1279,0.9088,0.1439,0.0327,0.844,-0.2471,0.0,1,1.0,23,6,3,0.0124,0.8,0.0049
66.327,1137,16.9,0.0,0.9302,0.2567,0.5417,0.9251,0.0045,0.0,1,1.0,30,6,3,0.0002,0.8,0.0001
66.379,1138,16.9,0.2511,1.0,0.1528,-0.1465,0.9806,0.0,0.0,1,1.0,39,6,3,0.0,0.8,0.0
66.442,1139,16.9,0.2847,1.0,0.0,-0.5461,0.9994,0.0,0.0,1,1.0,46,6,3,0.0,0.8,0.0
66.515,1140,16.9,0.2352,1.0,0.0257,-0.4286,0.9717,0.0,0.0,0,1.0,45,6,3,0.0,0.8,0.0
66.571,1141,16.6,0.1404,1.0,0.0564,-0.2126,0.9186,0.0,0.0,0,1.0,34,6,3,0.0,0.0,0.0
66.63,1142,16.6,0.2218,1.0,0.042,-0.3649,0.9642,0.0,0.0,0,1.0,21,6,3,0.0,0.0,0.0
66.693,1143,16.6,0.1999,1.0,0.1719,-0.0443,0.9519,0.0,0.0,0,1.0,18,6,3,0.0,0.0,0.0
66.751,1144,16.6,0.0931,1.0,0.1507,0.1239,0.9244,0.0,0.0,0,1.0,14,6,3,0.0,0.0,0.0
66.806,1145,16.6,0.1453,0.6872,0.1788,0.065,0.6774,0.0,0.0,0,1.0,7,6,3,0.0,0.0,0.0
66.862,1146,16.6,0.2177,0.5107,0.3193,0.1497,0.6078,0.0,0.0,0,1.0,12,6,3,0.0,0.0,0.0
66.922,1147,16.6,0.1662,1.0,0.0255,-0.3634,0.9331,-0.2303,0.0,0,1.0,27,6,3,0.0115,0.0,0.0046
66.976,1148,16.6,0.1462,1.0,0.1429,-0.0063,0.9219,-0.2303,0.0,0,1.0,17,6,3,0.0115,0.0,0.0046
67.037,1149,16.6,0.1462,1.0,0.1429,-0.0063,0.9219,0.0,0.0,0,1.0,17,6,3,0.0,0.0,0.0
67.103,1150,16.6,0.5302,0.5426,0.0,-0.7751,0.7527,0.0,0.0,0,1.0,9,6,3,0.0,0.0,0.0
67.169,1151,16.6,0.5227,0.3563,0.2057,-0.4021,0.592,0.0,0.0,0,1.0,11,6,3,0.0,0.0,0.0
67.234,1152,16.6,0.3583,0.8259,0.0,-0.6141,0.8943,0.0915,0.0,0,1.0,13,6,3,0.0046,0.0,0.0018
67.307,1153,16.6,0.6932,0.4427,0.0,-0.8726,0.76,-0.7,0.0,0,1.0,9,6,3,0.035,0.0,0.014
67.37,1154,16.6,0.5012,0.9352,0.0,-0.6531,1.0,-0.0737,0.0,0,1.0,13,6,3,0.0037,0.0,0.0015
67.434,1155,16.6,0.4316,0.744,0.0,-0.6684,0.8667,-0.0961,0.0,0,1.0,10,6,3,0.0048,0.0,0.0019
67.493,1156,16.6,0.2375,1.0,0.0144,-0.4684,0.973,-0.4651,0.0,0,1.0,11,6,3,0.0233,0.0,0.0093
67.57,1157,16.6,0.0683,1.0,0.0436,-0.098,0.8782,0.0,0.0,0,1.0,10,6,3,0.0,0.0,0.0
67.636,1158,16.6,0.2459,0.6945,0.4311,0.2119,0.8248,0.0,0.0,0,1.0,23,6,3,0.0,0.0,0.0
67.701,1159,16.6,0.1607,0.6594,0.4817,0.387,0.8236,-0.1833,0.0,0,1.0,16,6,3,0.0092,0.0,0.0037
67.775,1160,16.6,0.4039,0.4964,0.0729,-0.5356,0.6431,-0.1716,0.0,0,1.0,5,6,3,0.0086,0.0,0.0034
67.83,1161,16.6,0.5828,0.627,0.0,-0.7647,0.8531,-0.7,0.0,0,1.0,19,6,3,0.035,0.0,0.014
67.892,1162,16.6,0.33,0.9751,0.0,-0.5724,1.0,0.0915,0.0,0,1.0,25,6,3,0.0046,0.0,0.0018
67.946,1163,16.6,0.3281,0.6543,0.0925,-0.3859,0.7334,0.0915,0.0,0,1.0,6,6,3,0.0046,0.0,0.0018
68.011,1164,16.6,0.1678,0.6625,0.5056,0.393,0.8396,0.0,0.0,0,1.0,31,6,3,0.0,0.0,0.0
68.073,1165,16.6,0.1643,0.3669,0.7651,0.622,0.7367,-0.2596,0.0,0,1.0,35,6,3,0.013,0.0,0.0052
68.145,1166,16.6,0.1481,0.5842,0.5199,0.4497,0.7819,-0.152,0.0,0,1.0,28,6,3,0.0076,0.0,0.003
68.207,1167,16.6,0.2943,0.4958,0.5029,0.2297,0.6981,0.0045,0.0,0,1.0,26,6,3,0.0002,0.0,0.0001
68.269,1168,16.6,0.2129,1.0,0.314,0.1248,1.0,-0.1716,0.0,0,1.0,27,6,3,0.0086,0.0,0.0034
68.346,1169,16.6,0.377,0.5729,0.4492,0.0748,0.7328,-0.2303,0.0,0,1.0,27,7,3,0.0115,0.0,0.0046
68.408,1170,16.6,0.2127,0.9275,0.2937,0.105,0.9436,-0.2303,0.0,0,1.0,20,7,3,0.0115,0.0,0.0046
68.464,1171,15.8,0.4914,0.6879,0.0,-0.71,0.8531,-0.2384,0.0,0,1.0,23,7,3,0.0119,0.0,0.0048
68.534,1172,15.8,0.0404,0.8914,0.4995,0.5757,1.0,-0.1129,0.0,0,1.0,22,7,3,0.0056,0.0,0.0023
68.589,1173,15.8,0.0311,1.0,0.2617,0.4333,0.9865,-0.1967,0.0,0,1.0,24,7,3,0.0098,0.0,0.0039
68.65,1174,15.8,0.0444,0.8201,0.5265,0.5951,0.9837,0.0,0.0,0,1.0,29,7,3,0.0,0.0,0.0
68.713,1175,15.8,0.0557,0.9963,0.3134,0.4098,1.0,0.0,0.0,0,1.0,28,7,3,0.0,0.0,0.0
68.771,1176,15.8,0.2155,0.6314,0.5409,0.3519,0.8333,0.0045,0.0,0,1.0,21,7,3,0.0002,0.0,0.0001
68.827,1177,15.8,0.1451,0.8578,0.4096,0.329,0.9499,0.0045,0.0,0,1.0,26,7,3,0.0002,0.0,0.0001
68.899,1178,15.8,0.3243,0.6274,0.4167,0.1016,0.7604,-0.4651,0.0,0,1.0,28,7,3,0.0233,0.0,0.0093
68.972,1179,15.8,0.2569,0.6098,0.3767,0.149,0.7232,-0.1833,0.0,0,1.0,22,7,3,0.0092,0.0,0.0037
69.03,1180,15.8,0.3331,0.5863,0.1102,-0.3629,0.6791,-0.1876,0.0,0,1.0,19,7,3,0.0094,0.0,0.0038
69.096,1181,15.8,0.486,0.7705,0.0247,-0.6277,0.9194,-0.1876,0.0,0,1.0,20,7,3,0.0094,0.0,0.0038
69.157,1182,15.8,0.2347,0.9985,0.0569,-0.3352,0.9702,0.0,0.0,0,1.0,22,7,3,0.0,0.0,0.0
69.216,1183,15.8,0.1971,1.0,0.0111,-0.4511,0.9504,-0.1129,0.0,0,1.0,24,7,3,0.0056,0.0,0.0023
69.276,1184,15.8,0.187,0.95,0.2494,0.0892,0.9377,0.0,0.0,0,1.0,18,7,3,0.0,0.0,0.0
69.35,1185,15.8,0.212,1.0,0.2467,0.0472,0.9781,-0.4651,0.0,0,1.0,13,7,3,0.0233,0.0,0.0093
69.407,1186,15.8,0.353,0.9569,0.2318,-0.1406,1.0,0.0,0.0,0,1.0,12,7,3,0.0,0.0,0.0
69.47,1187,15.8,0.3693,0.5478,0.4144,0.0492,0.6922,-0.0835,0.0,0,1.0,12,7,3,0.0042,0.0,0.0017
69.536,1188,15.8,0.1158,0.7731,0.5441,0.4847,0.9541,-0.0835,0.0,0,1.0,20,7,3,0.0042,0.0,0.0017
69.604,1189,15.8,0.11,0.9663,0.3115,0.294,0.9862,-0.2441,0.0,0,1.0,18,7,3,0.0122,0.0,0.0049
69.665,1190,15.8,0.1241,0.9722,0.3048,0.26,0.9874,0.0045,0.0,0,1.0,18,7,3,0.0002,0.0,0.0001
69.728,1191,15.8,0.0685,1.0,0.2986,0.367,1.0,0.0,0.0,0,1.0,17,7,3,0.0,0.0,0.0
69.79,1192,15.8,0.0583,1.0,0.0298,-0.1382,0.8727,0.0,0.0,0,1.0,14,7,3,0.0,0.0,0.0
69.843,1193,15.8,0.0413,1.0,0.0528,0.0529,0.8696,0.0,0.0,0,1.0,27,7,3,0.0,0.0,0.0
69.915,1194,15.8,0.0909,1.0,0.0,-0.43,0.8909,0.0,0.0,0,1.0,23,7,3,0.0,0.0,0.0
69.971,1195,15.8,0.0911,1.0,0.0409,-0.1741,0.891,0.0,0.0,0,1.0,24,7,3,0.0,0.0,0.0
70.045,1196,15.8,0.0426,1.0,0.234,0.3751,0.971,0.0,0.0,0,1.0,30,7,3,0.0,0.0,0.0
70.105,1197,15.8,0.114,1.0,0.1944,0.1453,0.9489,0.0,0.0,0,1.0,26,7,3,0.0,0.0,0.0
70.169,1198,15.8,0.1455,0.8825,0.3829,0.3031,0.9557,0.0,0.0,0,1.0,31,7,3,0.0,0.0,0.0
70.234,1199,15.8,0.4228,0.8676,0.0,-0.6352,0.9656,-0.2303,0.0,0,1.0,21,7,3,0.0115,0.0,0.0046
70.29,1200,15.8,0.5099,0.8018,0.0,-0.6865,0.9591,-0.7,0.0,0,1.0,13,7,3,0.035,0.0,0.014
70.347,1201,15.9,0.1453,1.0,0.0385,-0.2848,0.9213,-0.0835,0.0,0,1.0,17,7,3,0.0042,0.0,0.0017
70.406,1202,15.9,0.4219,0.5609,0.0646,-0.5511,0.7074,-0.0835,0.0,0,1.0,8,7,3,0.0042,0.0,0.0017
70.46,1203,15.9,0.3709,0.3939,0.5611,0.194,0.6451,0.0,0.0,0,1.0,14,7,3,0.0,0.0,0.0
70.524,1204,15.9,0.1158,0.6509,0.6006,0.5415,0.8831,-0.7,0.0,0,1.0,18,7,3,0.035,0.0,0.014
70.579,1205,15.9,0.2685,0.4298,0.6148,0.3627,0.7053,0.0045,0.0,0,1.0,11,7,3,0.0002,0.0,0.0001
70.637,1206,15.9,0.1932,0.5791,0.6208,0.447,0.8341,-0.1198,0.0,0,1.0,12,7,3,0.006,0.0,0.0024
70.705,1207,15.9,0.1769,0.5941,0.6333,0.4758,0.8536,-0.1198,0.0,0,1.0,8,7,3,0.006,0.0,0.0024
70.762,1208,15.9,0.2064,0.6037,0.6449,0.4563,0.8682,-0.2027,0.0,0,1.0,16,7,3,0.0101,0.0,0.0041
70.817,1209,15.9,0.3778,0.3883,0.6138,0.2294,0.6699,-0.2596,0.0,0,1.0,17,7,3,0.013,0.0,0.0052
70.868,1210,15.9,0.2246,0.9674,0.2087,0.2675,0.9384,-0.2596,0.0,0,1.0,21,7,3,0.013,0.0,0.0052
70.92,1211,15.9,0.788,0.3719,0.0,-0.9307,0.7537,-0.2042,0.0,0,1.0,22,7,3,0.0102,0.0,0.0041
70.967,1212,15.9,0.3796,0.7307,0.0491,-0.5169,0.8264,-0.2122,0.0,0,1.0,22,7,3,0.0106,0.0,0.0042
71.016,1213,15.9,0.5725,0.5426,0.0442,-0.6912,0.7764,-0.2122,0.0,0,1.0,25,7,3,0.0106,0.0,0.0042
71.071,1214,15.9,0.3711,1.0,0.0055,-0.5726,1.0,-0.7,0.0,0,1.0,22,7,3,0.035,0.0,0.014
71.134,1215,15.9,0.2684,0.503,0.6273,0.3598,0.7738,-0.7,0.0,0,1.0,18,7,3,0.035,0.0,0.014
71.184,1216,15.9,0.1904,0.5252,0.6703,0.4916,0.8166,-0.7,0.0,0,1.0,16,7,3,0.035,0.0,0.014
71.233,1217,15.9,0.1276,0.5701,0.6399,0.6186,0.8372,-0.1438,0.0,0,1.0,14,7,3,0.0072,0.0,0.0029
71.286,1218,15.9,0.1053,1.0,0.014,-0.3439,0.8989,-0.1876,0.0,0,1.0,27,7,3,0.0094,0.0,0.0038
71.346,1219,15.9,0.272,0.8904,0.0097,-0.5231,0.9003,0.0,0.0,0,1.0,22,7,3,0.0,0.0,0.0
71.401,1220,15.9,0.3017,1.0,0.0,-0.5547,1.0,0.0,0.0,0,1.0,19,7,3,0.0,0.0,0.0
71.451,1221,15.9,0.2114,1.0,0.0087,-0.471,0.9584,0.0,0.0,0,1.0,17,7,3,0.0,0.0,0.0
71.504,1222,15.9,0.1463,0.9551,0.0637,-0.2012,0.8842,0.0,0.0,0,1.0,29,7,3,0.0,0.0,0.0
71.562,1223,15.9,0.1508,0.9628,0.0216,-0.3652,0.8931,0.0,0.0,0,1.0,47,7,3,0.0,0.0,0.0
71.616,1224,15.9,0.3751,0.8764,0.0,-0.6118,0.9462,0.0,0.0,0,1.0,20,7,3,0.0,0.0,0.0
71.668,1225,15.9,0.2061,0.935,0.0192,-0.434,0.9008,0.0,0.0,0,1.0,25,7,3,0.0,0.0,0.0
71.727,1226,15.9,0.1748,1.0,0.0103,-0.4367,0.9379,0.0,0.0,0,1.0,29,7,3,0.0,0.0,0.0
71.784,1227,15.9,0.2126,0.9757,0.0,-0.5103,0.9386,0.0,0.0,0,1.0,22,7,3,0.0,0.0,0.0
71.835,1228,15.9,0.3295,1.0,0.0,-0.5682,1.0,0.0,0.0,0,1.0,26,7,3,0.0,0.0,0.0
71.881,1229,15.9,0.3817,0.7517,0.0,-0.6429,0.8452,0.0,0.0,0,1.0,24,7,3,0.0,0.0,0.0
71.933,1230,15.9,0.2697,0.9234,0.0,-0.5499,0.9267,0.0,0.0,0,1.0,21,7,3,0.0,0.0,0.0
71.983,1231,18.3,0.2008,0.9954,0.0,-0.501,0.9486,-0.4651,0.0,0,1.0,20,7,3,0.0233,0.0,0.0093
72.032,1232,18.3,0.1326,1.0,0.0,-0.4583,0.9142,0.0,0.0,0,1.0,23,7,3,0.0,0.0,0.0
72.083,1233,18.3,0.546,0.6148,0.0,-0.7551,0.8222,0.0,0.0,0,1.0,11,7,3,0.0,0.0,0.0
72.135,1234,18.3,0.4388,0.7382,0.0,-0.6732,0.8658,0.0915,0.0,0,1.0,10,7,3,0.0046,0.0,0.0018
72.182,1235,18.3,0.2861,0.9031,0.0,-0.5621,0.9188,0.0915,0.0,0,1.0,13,7,3,0.0046,0.0,0.0018
72.234,1236,18.3,0.2289,0.9474,0.012,-0.4773,0.924,0.0,0.0,0,1.0,27,7,3,0.0,0.0,0.0
72.285,1237,18.3,0.2783,0.9351,0.0049,-0.536,0.9413,0.0,0.0,0,1.0,23,7,3,0.0,0.0,0.0
72.335,1238,18.3,0.1799,1.0,0.0352,-0.3421,0.9407,0.0,0.0,0,1.0,14,7,3,0.0,0.0,0.0
72.386,1239,18.3,0.0294,1.0,0.103,0.2548,0.8977,0.0,0.0,0,1.0,9,7,3,0.0,0.0,0.0
72.436,1240,18.3,0.0305,1.0,0.0684,0.1666,0.8783,0.0,0.0,0,1.0,6,7,3,0.0,0.0,0.0
72.484,1241,18.3,0.4096,0.5113,0.003,-0.7246,0.6589,0.0,0.0,0,1.0,4,7,3,0.0,0.0,0.0
72.542,1242,18.3,0.1089,0.9152,0.1003,-0.0212,0.8297,-0.7,0.0,0,1.0,9,7,3,0.035,0.0,0.014
72.592,1243,18.3,0.1273,0.8815,0.1105,-0.0379,0.8117,0.0,0.0,0,1.0,6,7,3,0.0,0.0,0.0
72.643,1244,18.3,0.3784,0.5915,0.0434,-0.5637,0.7088,0.0,0.0,0,1.0,7,7,3,0.0,0.0,0.0
72.693,1245,18.3,0.3334,0.7765,0.0242,-0.5402,0.839,0.0,0.0,0,1.0,5,7,3,0.0,0.0,0.0
72.756,1246,18.3,0.061,0.9598,0.0779,0.0567,0.8499,0.0,0.0,0,1.0,4,7,3,0.0,0.0,0.0
72.806,1247,18.3,0.1394,1.0,0.0404,-0.2686,0.9181,0.0,0.0,0,1.0,6,7,3,0.0,0.0,0.0
72.856,1248,18.3,0.1918,0.8497,0.0919,-0.2009,0.8212,0.0,0.0,0,1.0,3,7,3,0.0,0.0,0.0
72.911,1249,18.3,0.079,1.0,0.1204,0.1038,0.9074,0.0,0.0,0,1.0,6,7,3,0.0,0.0,0.0
72.964,1250,18.3,0.0539,1.0,0.1467,0.2313,0.9221,0.0,0.0,0,1.0,9,7,3,0.0,0.0,0.0
73.015,1251,18.3,0.1017,1.0,0.1062,0.0109,0.8995,0.0,0.0,0,1.0,6,7,3,0.0,0.0,0.0
73.066,1252,18.3,0.0779,1.0,0.1823,0.214,0.9421,0.0,0.0,0,1.0,9,7,3,0.0,0.0,0.0
73.117,1253,18.3,0.0966,0.8564,0.2102,0.2152,0.8371,0.0,0.0,0,1.0,6,7,3,0.0,0.0,0.0
73.18,1254,18.3,0.0084,1.0,0.1467,0.4215,0.9221,0.0,0.0,0,1.0,11,7,3,0.0,0.0,0.0
73.24,1255,18.3,0.1076,0.8971,0.1275,0.0453,0.825,0.0,0.0,0,1.0,10,7,3,0.0,0.0,0.0
73.294,1256,18.3,0.0,0.9086,0.2244,0.5264,0.8888,0.0,0.0,0,1.0,11,7,3,0.0,0.0,0.0
73.35,1257,18.3,0.009,0.9533,0.2419,0.3842,0.9363,0.0,0.0,0,1.0,11,7,3,0.0,0.0,0.0
73.403,1258,18.3,0.0,0.8586,0.2563,0.5531,0.8648,0.0,0.0,0,1.0,10,7,3,0.0,0.0,0.0
73.462,1259,18.3,0.1401,0.9621,0.1069,-0.0715,0.8866,0.0,0.0,0,1.0,6,5,3,0.0,0.0,0.0
73.523,1260,18.3,0.2958,0.849,0.0052,-0.5597,0.8789,0.0,0.0,0,1.0,5,5,3,0.0,0.0,0.0
73.577,1261,18.9,0.2026,0.9505,0.0347,-0.3734,0.9119,0.0,0.0,0,1.0,7,5,3,0.0,0.0,0.0
73.625,1262,18.9,0.1656,1.0,0.0221,-0.3766,0.9328,0.0,0.0,0,1.0,9,5,3,0.0,0.0,0.0
73.677,1263,18.9,0.1127,1.0,0.013,-0.3601,0.9031,0.0,0.0,0,1.0,6,5,3,0.0,0.0,0.0
73.734,1264,18.9,0.1095,1.0,0.0076,-0.3902,0.9013,0.0,0.0,0,1.0,8,5,3,0.0,0.0,0.0
73.785,1265,18.9,0.0905,1.0,0.0,-0.4297,0.8907,0.0,0.0,0,1.0,9,5,3,0.0,0.0,0.0
73.838,1266,18.9,0.1093,1.0,0.0208,-0.3107,0.9012,0.0,0.0,0,1.0,9,5,3,0.0,0.0,0.0
73.89,1267,18.9,0.0999,1.0,0.0297,-0.2473,0.8959,0.0,0.0,0,1.0,13,5,3,0.0,0.0,0.0
73.941,1268,18.9,0.0872,1.0,0.036,-0.1881,0.8888,0.0,0.0,0,1.0,6,5,3,0.0,0.0,0.0
74.002,1269,18.9,0.1475,1.0,0.0,-0.468,0.9226,0.0,0.0,0,1.0,6,5,3,0.0,0.0,0.0
74.071,1270,18.9,0.2545,0.8255,0.0,-0.558,0.836,0.0,0.0,0,1.0,4,5,3,0.0,0.0,0.0
74.142,1271,18.9,0.1228,1.0,0.0,-0.4518,0.9087,0.0,0.0,0,1.0,6,5,3,0.0,0.0,0.0
74.214,1272,18.9,0.1661,0.9977,0.0,-0.4799,0.931,0.0,0.0,0,1.0,5,5,3,0.0,0.0,0.0
74.281,1273,18.9,0.1294,1.0,0.0,-0.4563,0.9125,0.0,0.0,0,1.0,7,5,3,0.0,0.0,0.0
74.359,1274,18.9,0.2165,1.0,0.0131,-0.458,0.9612,0.0,0.0,0,1.0,8,5,3,0.0,0.0,0.0
74.425,1275,18.9,0.1086,0.9843,0.0244,-0.2911,0.8877,0.0,0.0,0,1.0,7,5,3,0.0,0.0,0.0
74.477,1276,18.9,0.1571,0.9138,0.0347,-0.3228,0.8556,0.0,0.0,0,1.0,5,5,3,0.0,0.0,0.0
74.54,1277,18.9,0.1548,1.0,0.0,-0.4726,0.9267,0.0,0.0,0,1.0,6,5,3,0.0,0.0,0.0
74.595,1278,18.9,0.2189,0.8012,0.0398,-0.3913,0.7956,0.0,0.0,0,1.0,5,5,3,0.0,0.0,0.0
74.657,1279,18.9,0.1896,0.9419,0.0212,-0.4103,0.8973,0.0,0.0,0,1.0,5,5,3,0.0,0.0,0.0
74.715,1280,18.9,0.1896,0.9508,0.0208,-0.4109,0.9048,0.0,0.0,0,1.0,6,5,3,0.0,0.0,0.0
74.777,1281,18.9,0.1474,0.969,0.0535,-0.2356,0.8965,0.0,0.0,0,1.0,5,5,3,0.0,0.0,0.0
74.836,1282,18.9,0.151,0.9453,0.0387,-0.296,0.8786,0.0,0.0,0,1.0,5,5,3,0.0,0.0,0.0
74.894,1283,18.9,0.1833,0.7052,0.0637,-0.2798,0.6951,0.0,0.0,0,1.0,3,5,3,0.0,0.0,0.0
74.949,1284,18.9,0.157,0.8825,0.0678,-0.2107,0.8293,0.0,0.0,0,1.0,6,5,3,0.0,0.0,0.0
75.0,1285,18.9,0.1612,0.897,0.0783,-0.1859,0.8437,0.0,0.0,0,1.0,6,5,3,0.0,0.0,0.0
75.05,1286,18.9,0.3706,0.6392,0.0,-0.6683,0.7445,0.0,0.0,0,1.0,4,5,3,0.0,0.0,0.0
75.1,1287,18.9,0.1595,0.7965,0.0648,-0.2301,0.7584,-0.7,0.0,0,1.0,3,5,3,0.035,0.0,0.014
75.161,1288,18.9,0.1877,1.0,0.0364,-0.3469,0.9451,0.0,0.0,0,1.0,7,5,3,0.0,0.0,0.0
75.218,1289,18.9,0.1665,0.8029,0.1059,-0.1273,0.7677,0.0,0.0,0,1.0,4,5,3,0.0,0.0,0.0
75.27,1290,18.9,0.3258,0.1502,0.0,-0.9349,0.3086,0.0,0.0,0,1.0,1,5,3,0.0,0.0,0.0
75.334,1291,17.2,0.3671,0.5076,0.026,-0.6303,0.632,0.0,0.0,0,1.0,3,5,3,0.0,0.0,0.0
75.4,1292,17.2,0.1322,0.9361,0.0303,-0.3037,0.8604,0.0,0.0,0,1.0,4,5,3,0.0,0.0,0.0
75.449,1293,17.2,0.2658,0.7774,0.0133,-0.5265,0.8019,-0.7,0.0,0,1.0,4,5,3,0.035,0.0,0.014
75.503,1294,17.2,0.1888,0.7042,0.147,-0.0785,0.6973,0.0,0.0,0,1.0,4,5,3,0.0,0.0,0.0
75.563,1295,17.2,0.1987,0.7748,0.0,-0.5314,0.762,0.0,0.0,0,1.0,3,5,3,0.0,0.0,0.0
75.619,1296,17.2,0.5347,0.3011,0.0386,-0.7881,0.5523,0.0,0.0,0,1.0,3,5,3,0.0,0.0,0.0
75.677,1297,17.2,0.3639,0.6752,0.0207,-0.5933,0.771,0.0,0.0,0,1.0,6,5,3,0.0,0.0,0.0
75.741,1298,17.2,0.6289,0.8399,0.0,-0.7197,1.0,0.0915,0.0,0,1.0,12,5,3,0.0046,0.0,0.0018
75.806,1299,17.2,0.2192,0.8388,0.0446,-0.3714,0.8274,-0.1876,0.0,0,1.0,12,5,3,0.0094,0.0,0.0038
75.874,1300,17.2,0.4368,0.6044,0.035,-0.6203,0.7523,0.0,0.0,0,1.0,11,5,3,0.0,0.0,0.0
75.93,1301,17.2,0.8789,0.2017,0.0213,-0.9966,0.6616,-0.4651,0.0,0,1.0,12,5,3,0.0233,0.0,0.0093
75.982,1302,17.2,0.8733,0.2515,0.0,-1.0,0.7003,-0.4651,0.0,0,1.0,18,5,3,0.0233,0.0,0.0093
76.033,1303,17.2,0.8693,0.2559,0.0,-1.0,0.7017,-0.1876,0.0,0,1.0,18,5,3,0.0094,0.0,0.0038
76.084,1304,17.2,0.6514,0.528,0.0,-0.8239,0.8083,-0.1876,0.0,0,1.0,18,5,3,0.0094,0.0,0.0038
76.146,1305,17.2,0.4251,0.77,0.0,-0.6588,0.8848,-0.0737,0.0,0,1.0,22,5,3,0.0037,0.0,0.0015
76.202,1306,17.2,0.4252,0.7646,0.0,-0.6602,0.8804,-0.0737,0.0,0,1.0,26,5,3,0.0037,0.0,0.0015
76.261,1307,17.2,0.8612,0.288,0.0,-0.9895,0.7242,-0.7,0.0,0,1.0,7,5,3,0.035,0.0,0.014
76.313,1308,17.2,0.7941,0.3637,0.0,-0.9361,0.7502,-0.1876,0.0,0,1.0,12,5,3,0.0094,0.0,0.0038
76.369,1309,17.2,0.4876,0.7846,0.0,-0.6819,0.9321,-0.2441,0.0,0,1.0,9,5,3,0.0122,0.0,0.0049
76.418,1310,17.2,0.6407,0.5303,0.0,-0.8196,0.8042,-0.2441,0.0,0,1.0,5,5,3,0.0122,0.0,0.0049
76.468,1311,17.2,0.5506,0.599,0.009,-0.7412,0.8115,-0.0737,0.0,0,1.0,5,5,3,0.0037,0.0,0.0015
76.524,1312,17.2,0.4888,0.6326,0.0,-0.7261,0.8051,-0.0737,0.0,0,1.0,4,5,3,0.0037,0.0,0.0015
76.579,1313,17.2,0.3167,0.4989,0.0,-0.6862,0.5964,0.0915,0.0,0,1.0,2,5,3,0.0046,0.0,0.0018
76.635,1314,17.2,0.3991,0.6722,0.0026,-0.6656,0.7881,-0.1129,0.0,0,1.0,5,5,3,0.0056,0.0,0.0023
76.685,1315,17.2,0.0384,1.0,0.0586,0.0905,0.8728,-0.7,0.0,0,1.0,15,5,3,0.035,0.0,0.014
76.744,1316,17.2,0.1924,1.0,0.0199,-0.4121,0.9478,0.0,0.0,0,1.0,11,5,3,0.0,0.0,0.0
76.8,1317,17.2,0.7536,0.342,0.0,-0.9378,0.7093,0.0,0.0,0,1.0,8,5,3,0.0,0.0,0.0
76.847,1318,17.2,0.8884,0.3444,0.0,-0.9653,0.7869,0.0,0.0,0,1.0,14,5,3,0.0,0.0,0.0
76.898,1319,17.2,1.0,0.4252,0.0,-0.9494,0.9172,-0.1876,0.0,0,1.0,20,5,3,0.0094,0.0,0.0038
76.951,1320,17.2,0.8634,0.5988,0.0,-0.856,0.9865,-0.1876,0.0,1,1.0,24,5,3,0.0094,1.0,0.0038
76.999,1321,17.8,0.6373,1.0,0.0,-0.687,1.0,-0.1876,0.0,1,1.0,25,5,3,0.0094,0.8,0.0038
77.047,1322,17.8,0.7938,0.4766,0.0062,-0.8726,0.8449,-0.0737,0.0,1,1.0,26,5,3,0.0037,0.8,0.0015
77.109,1323,17.8,0.8246,0.6476,0.0887,-0.6862,1.0,-0.0737,0.0,1,1.0,29,5,3,0.0037,0.8,0.0015
77.167,1324,17.8,1.0,0.3676,0.0,-0.9742,0.8688,-0.2441,0.0,1,1.0,28,5,3,0.0122,0.8,0.0049
77.219,1325,17.8,0.6071,0.2319,0.0,-0.9678,0.5348,-0.1876,0.0,1,1.0,2,5,3,0.0094,0.8,0.0038
77.267,1326,17.8,0.4227,0.1472,0.0,-0.983,0.5766,-0.1876,0.0,1,1.6,1,0,4,0.0094,0.8,0.0038
77.319,1327,17.8,0.2645,0.8731,0.0,-0.5553,1.0,0.0915,0.0,1,1.56,2,0,4,0.0046,0.8,0.0018
77.365,1328,17.8,0.4225,0.3743,0.0583,-0.6305,0.8375,0.0,0.0,1,1.52,2,0,4,0.0,0.8,0.0
77.418,1329,17.8,0.3648,0.6084,0.0,-0.6749,1.0,-0.7,0.0,1,1.48,3,0,4,0.035,0.8,0.014
77.472,1330,17.8,0.5937,0.8624,0.0,-0.7025,1.0,-0.7,0.0,1,1.44,7,0,4,0.035,0.8,0.014
77.53,1331,17.8,0.7246,0.8753,0.061,-0.6396,1.0,-0.7,0.0,1,1.4,39,0,4,0.035,0.8,0.014
77.585,1332,17.8,0.8008,0.7889,0.0601,-0.6869,1.0,-0.1716,0.0,0,1.36,58,0,4,0.0086,0.8,0.0034
77.642,1333,17.8,0.7666,0.808,0.0436,-0.6965,1.0,-0.2303,0.0,0,1.32,44,0,4,0.0115,0.0,0.0046
77.693,1334,17.8,0.8234,0.7144,0.059,-0.714,1.0,-0.2303,0.0,0,1.28,37,0,4,0.0115,0.0,0.0046
77.747,1335,17.8,0.8232,0.5423,0.0991,-0.698,1.0,-0.2122,0.0,0,1.24,30,0,4,0.0106,0.0,0.0042
77.804,1336,17.8,0.8927,0.6995,0.0279,-0.7866,1.0,-0.2825,0.0,0,1.2,25,0,4,0.0141,0.0,0.0056
77.859,1337,17.8,1.0,0.4335,0.0,-0.946,1.0,-0.2825,0.0,0,1.16,18,0,4,0.0141,0.0,0.0056
77.906,1338,17.8,1.0,0.4352,0.0,-0.9453,1.0,-0.1876,0.0,0,1.12,11,0,4,0.0094,0.0,0.0038
77.957,1339,17.8,0.8922,0.5712,0.0103,-0.8545,1.0,-0.1876,0.0,0,1.08,11,0,4,0.0094,0.0,0.0038
78.006,1340,17.8,0.9468,0.4814,0.0182,-0.4895,0.9719,-0.1876,0.0,0,1.04,7,0,4,0.0094,0.0,0.0038
78.057,1341,17.8,0.831,0.7431,0.0069,-0.792,1.0,-0.1876,0.0,0,1.0,6,0,4,0.0094,0.0,0.0038
78.114,1342,17.8,0.9507,0.486,0.0182,-0.8849,0.9406,-0.1876,0.0,0,1.0,5,0,4,0.0094,0.0,0.0038
78.169,1343,17.8,0.9043,0.4232,0.0,-0.9322,0.8619,-0.1876,0.0,0,1.0,3,0,4,0.0094,0.0,0.0038
78.215,1344,17.8,0.602,0.497,0.0,-0.8201,0.7546,-0.1876,0.0,0,1.0,15,0,4,0.0094,0.0,0.0038
78.269,1345,17.8,0.7425,0.5413,0.0042,-0.8374,0.8706,0.0045,0.0,0,1.0,10,0,4,0.0002,0.0,0.0001
78.323,1346,17.8,0.5352,0.5589,0.0359,-0.6858,0.7692,0.0045,0.0,0,1.0,6,0,4,0.0002,0.0,0.0001
78.376,1347,17.8,0.3354,0.904,0.022,-0.5244,0.9472,-0.2471,0.0,0,1.0,5,0,4,0.0124,0.0,0.0049
78.428,1348,17.8,0.2866,0.8361,0.1073,-0.2863,0.8628,0.0,0.0,0,1.0,7,0,4,0.0,0.0,0.0
78.486,1349,17.8,0.3039,0.7968,0.08,-0.3692,0.8394,0.0,0.0,0,1.0,7,0,4,0.0,0.0,0.0
78.543,1350,17.8,0.3537,0.7866,0.0311,-0.5331,0.8588,0.0,0.0,0,1.0,4,0,4,0.0,0.0,0.0
78.591,1351,18.8,0.5789,0.4252,0.0,-0.8443,0.6814,0.0,0.0,0,1.0,3,0,4,0.0,0.0,0.0
78.643,1352,18.8,0.3585,0.7645,0.0889,-0.4039,0.843,0.0915,0.0,0,1.0,6,0,4,0.0046,0.0,0.0018
78.694,1353,18.8,0.6314,0.4312,0.044,-0.759,0.7158,0.0915,0.0,0,1.0,5,0,4,0.0046,0.0,0.0018
78.757,1354,18.8,0.6657,0.4352,0.0,-0.8679,1.0,-0.7,0.0,0,1.6,6,0,5,0.035,0.0,0.014
78.805,1355,18.8,0.637,0.4061,0.0121,-0.8441,1.0,-0.0737,0.0,0,1.56,4,0,5,0.0037,0.0,0.0015
78.858,1356,18.8,0.6126,0.4787,0.028,-0.7673,1.0,-0.0737,0.0,0,1.52,5,0,5,0.0037,0.0,0.0015
78.905,1357,18.8,0.3033,0.7405,0.1288,-0.2704,1.0,-0.0737,0.0,0,1.48,6,0,5,0.0037,0.0,0.0015
78.957,1358,18.8,0.5639,0.5564,0.0048,-0.7713,1.0,0.0,0.0,0,1.44,7,0,5,0.0,0.0,0.0
79.007,1359,18.8,0.5629,0.5651,0.0018,-0.7749,1.0,0.0,0.0,0,1.4,10,0,5,0.0,0.0,0.0
79.057,1360,18.8,0.4949,1.0,0.0,-0.6381,1.0,0.0045,0.0,0,1.36,7,0,5,0.0002,0.0,0.0001
79.111,1361,18.8,0.6863,0.5652,0.0641,-0.6957,1.0,-0.2303,0.0,0,1.32,7,0,5,0.0115,0.0,0.0046
79.167,1362,18.8,0.6866,0.5684,0.0652,-0.6929,1.0,-0.0737,0.0,0,1.28,6,0,5,0.0037,0.0,0.0015
79.218,1363,18.8,0.7609,0.5229,0.0135,-0.8313,1.0,-0.0737,0.0,0,1.24,7,0,5,0.0037,0.0,0.0015
79.266,1364,18.8,0.8728,0.3904,0.0,-0.9404,0.9801,-0.0737,0.0,0,1.2,5,0,5,0.0037,0.0,0.0015
79.322,1365,18.8,0.9722,0.4594,0.0217,-0.8936,1.0,-0.1876,0.0,0,1.16,5,0,5,0.0094,0.0,0.0038
79.376,1366,18.8,0.9941,0.409,0.0,-0.9551,1.0,-0.1876,0.0,0,1.12,4,0,5,0.0094,0.0,0.0038
79.426,1367,18.8,0.9408,0.5213,0.0034,-0.8947,1.0,-0.1876,0.0,0,1.08,7,0,5,0.0094,0.0,0.0038
79.478,1368,18.8,0.8295,0.7252,0.0,-0.8082,1.0,-0.1876,0.0,0,1.04,6,0,5,0.0094,0.0,0.0038
79.545,1369,18.8,0.9749,0.4714,0.0107,-0.9082,0.9419,-0.1876,0.0,0,1.0,8,0,5,0.0094,0.0,0.0038
79.611,1370,18.8,0.9299,0.4867,0.0519,-0.8242,0.9296,-0.1876,0.0,0,1.0,5,0,5,0.0094,0.0,0.0038
79.666,1371,18.8,0.7849,0.6962,0.0342,-0.7461,1.0,-0.2099,0.0,0,1.0,8,0,5,0.0105,0.0,0.0042
79.731,1372,18.8,0.9324,0.4879,0.0466,-0.833,0.932,-0.2122,0.0,0,1.0,7,0,5,0.0106,0.0,0.0042
79.783,1373,18.8,0.9671,0.4175,0.0495,-0.8624,0.8923,-0.2122,0.0,0,1.0,6,0,5,0.0106,0.0,0.0042
79.831,1374,18.8,0.972,0.4425,0.0238,-0.8966,0.916,-0.1876,0.0,0,1.0,7,0,5,0.0094,0.0,0.0038
79.882,1375,18.8,0.9875,0.4762,0.0,-0.9267,0.953,-0.1876,0.0,0,1.0,10,0,5,0.0094,0.0,0.0038
79.934,1376,18.8,0.9982,0.4484,0.0,-0.9396,0.9357,-0.1876,0.0,0,1.0,5,0,5,0.0094,0.0,0.0038
79.98,1377,18.8,0.9311,0.5095,0.024,-0.8622,0.9494,-0.1876,0.0,0,1.0,7,0,5,0.0094,0.0,0.0038
80.032,1378,18.8,0.9758,0.4676,0.0058,-0.8868,0.9392,-0.1876,0.0,0,1.0,9,0,5,0.0094,0.0,0.0038
80.084,1379,18.8,1.0,0.4447,0.0,-0.9415,0.9335,-0.1876,0.0,0,1.0,11,0,5,0.0094,0.0,0.0038
80.137,1380,18.8,0.9448,0.4977,0.0069,-0.8984,0.9472,-0.1876,0.0,0,1.0,10,0,5,0.0094,0.0,0.0038
80.193,1381,18.8,0.8953,0.559,0.0146,-0.9972,0.9709,-0.1876,0.0,0,1.0,13,0,5,0.0094,0.0,0.0038
80.242,1382,18.8,0.9505,0.5029,0.0,-0.9094,1.0,-0.1876,0.0,0,1.6,17,0,6,0.0094,0.0,0.0038
80.291,1383,18.8,0.1135,0.9662,0.047,-0.1989,1.0,-0.1876,0.0,0,1.56,18,0,6,0.0094,0.0,0.0038
80.348,1384,18.8,0.4426,0.6817,0.0,-0.6907,1.0,-0.1876,0.0,0,1.52,13,0,6,0.0094,0.0,0.0038
80.401,1385,18.8,0.5243,0.5912,0.0,-0.7548,1.0,0.0,0.0,0,1.48,13,0,6,0.0,0.0,0.0
80.449,1386,18.8,0.9594,0.1321,0.0,-1.0,0.9335,0.0915,0.0,0,1.44,15,0,6,0.0046,0.0,0.0018
80.5,1387,18.8,0.9154,0.1777,0.0,-1.0,0.9266,0.0915,0.0,0,1.4,14,0,6,0.0046,0.0,0.0018
80.552,1388,18.8,0.976,0.1406,0.0,-1.0,0.904,-0.1876,0.0,0,1.36,15,0,6,0.0094,0.0,0.0038
80.608,1389,18.8,0.9311,0.1983,0.0,-1.0,0.9081,-0.1876,0.0,0,1.32,15,0,6,0.0094,0.0,0.0038
80.661,1390,18.8,0.9051,0.2279,0.0,-1.0,0.8938,-0.1876,0.0,0,1.28,12,0,6,0.0094,0.0,0.0038
80.719,1391,18.8,0.8238,0.3115,0.0018,-0.9656,0.8965,-0.1876,0.0,0,1.24,10,0,6,0.0094,0.0,0.0038
80.777,1392,18.8,0.7973,0.3589,0.0,-0.9393,0.8976,-0.1876,0.0,0,1.2,9,0,6,0.0094,0.0,0.0038
80.822,1393,18.8,0.7715,0.3938,0.0,-0.9162,0.8849,-0.1876,0.0,0,1.16,8,0,6,0.0094,0.0,0.0038
80.874,1394,18.8,0.5611,0.5875,0.012,-0.7423,0.9047,-0.2179,0.0,0,1.12,8,0,6,0.0109,0.0,0.0044
80.927,1395,18.8,0.5664,0.6005,0.0,-0.7677,0.8873,0.0045,0.0,0,1.08,7,0,6,0.0002,0.0,0.0001
80.981,1396,18.8,0.4358,1.0,0.0,-0.615,1.0,0.0045,0.0,0,1.04,6,0,6,0.0002,0.0,0.0001
81.034,1397,18.8,0.4151,0.7466,0.0036,-0.6504,0.8596,0.0045,0.0,0,1.0,6,0,6,0.0002,0.0,0.0001
81.085,1398,18.8,0.3745,0.7419,0.0,-0.6418,0.8329,-0.7,0.0,0,1.0,6,0,6,0.035,0.0,0.014
81.136,1399,18.8,0.0744,1.0,0.0071,-0.3491,0.8816,0.0,0.0,0,1.0,14,0,6,0.0,0.0,0.0
81.198,1400,18.8,0.0673,1.0,0.0766,0.0302,0.8829,0.0,0.0,0,1.0,14,0,6,0.0,0.0,0.0
81.253,1401,18.8,0.3834,0.7538,0.0,-0.6432,0.8479,0.0,0.0,0,1.0,6,0,6,0.0,0.0,0.0
81.315,1402,18.8,0.6137,0.4029,0.0,-0.8671,0.6821,0.0,0.0,0,1.0,10,0,6,0.0,0.0,0.0
81.368,1403,18.8,0.4969,0.5078,0.0,-0.7754,0.7048,-0.4651,0.0,0,1.0,11,0,6,0.0233,0.0,0.0093
81.417,1404,18.8,0.3617,0.9186,0.0,-0.5973,0.9742,-0.2303,0.0,0,1.0,11,0,6,0.0115,0.0,0.0046
81.469,1405,18.8,0.3344,0.6943,0.0245,-0.5581,0.7705,-0.2303,0.0,0,1.0,16,0,6,0.0115,0.0,0.0046
81.535,1406,18.8,0.6585,0.3646,0.0,-0.9007,0.675,-0.7,0.0,0,1.0,13,0,6,0.035,0.0,0.014
81.598,1407,18.8,0.0716,0.9741,0.0882,0.0499,0.8676,0.0,0.0,0,1.0,12,0,6,0.0,0.0,0.0
81.65,1408,18.8,0.3839,0.6644,0.0,-0.6676,0.773,0.0,0.0,0,1.0,9,0,6,0.0,0.0,0.0
81.707,1409,18.8,0.2887,0.7109,0.0776,-0.372,0.7588,-0.4651,0.0,0,1.0,11,0,6,0.0233,0.0,0.0093
81.767,1410,18.8,0.4134,0.6405,0.0409,-0.581,0.7695,0.0,0.0,0,1.0,11,0,6,0.0,0.0,0.0
81.815,1411,18.4,0.4295,0.8455,0.0,-0.643,0.9508,0.0,0.0,0,1.0,8,0,6,0.0,0.0,0.0
81.869,1412,18.4,0.5875,0.54,0.0,-0.7977,0.7826,-0.7,0.0,0,1.0,14,0,6,0.035,0.0,0.014
81.934,1413,18.4,0.3868,0.7227,0.0046,-0.6398,0.8237,0.0915,0.0,0,1.0,9,0,6,0.0046,0.0,0.0018
81.982,1414,18.4,0.6563,0.4849,0.0,-0.8431,0.7748,-0.7,0.0,0,1.0,6,0,6,0.035,0.0,0.014
82.033,1415,18.4,0.8514,0.2626,0.0,-1.0,0.6974,-0.7,0.0,0,1.0,4,0,6,0.035,0.0,0.014
82.081,1416,18.4,0.4923,0.6849,0.0,-0.7113,0.851,-0.0737,0.0,0,1.0,7,0,6,0.0037,0.0,0.0015
82.138,1417,18.4,0.3295,0.8452,0.0081,-0.5709,0.8945,-0.1129,0.0,0,1.0,6,0,6,0.0056,0.0,0.0023
82.199,1418,18.4,0.0,0.7173,0.0858,0.4498,0.6506,0.0,0.0,0,1.0,2,0,6,0.0,0.0,0.0
82.253,1419,18.4,0.0596,0.4017,0.0,-0.4685,0.3708,0.0,0.0,0,1.0,1,0,6,0.0,0.0,0.0
82.313,1420,18.4,0.1238,1.0,0.2718,0.2237,0.9922,0.0,0.0,0,1.0,5,0,6,0.0,0.0,0.0
82.369,1421,18.4,0.0,0.538,0.3819,0.7087,0.6658,0.0,0.0,0,1.0,3,0,6,0.0,0.0,0.0
82.43,1422,18.4,0.3559,0.1193,0.0,-0.9891,0.2995,0.0,0.0,0,1.0,1,0,6,0.0,0.0,0.0
82.485,1423,18.4,0.2625,0.8353,0.0,-0.5609,0.8487,-0.7,0.0,0,1.0,5,0,6,0.035,0.0,0.014
82.537,1424,18.4,0.3813,0.6766,0.0,-0.6627,0.7819,0.0,0.0,0,1.0,7,0,6,0.0,0.0,0.0
82.593,1425,18.4,0.2395,0.7579,0.0,-0.5617,0.7707,-0.4651,0.0,0,1.0,11,0,6,0.0233,0.0,0.0093
82.643,1426,18.4,0.2439,0.894,0.0,-0.5401,0.8876,-0.4651,0.0,0,1.0,16,0,6,0.0233,0.0,0.0093
82.694,1427,18.4,0.1689,0.8961,0.0413,-0.3155,0.8473,0.0,0.0,0,1.0,24,0,6,0.0,0.0,0.0
82.757,1428,18.4,0.1422,0.7205,0.1827,0.0774,0.7075,0.0,0.0,0,1.0,9,0,6,0.0,0.0,0.0
82.807,1429,18.4,0.9213,0.112,0.0,-1.0,0.61,0.0,0.0,0,1.0,6,0,6,0.0,0.0,0.0
82.861,1430,18.4,0.9,0.1369,0.0,-1.0,0.619,-0.1876,0.0,0,1.0,7,0,6,0.0094,0.0,0.0038
82.908,1431,18.4,0.3202,1.0,0.0126,-0.5266,1.0,-0.1876,0.0,0,1.0,17,0,6,0.0094,0.0,0.0038
82.957,1432,18.4,0.3583,0.5453,0.154,-0.3059,0.6587,0.0,0.0,0,1.0,14,0,6,0.0,0.0,0.0
83.011,1433,18.4,0.2327,0.9046,0.0999,-0.234,0.8902,-0.4651,0.0,0,1.0,17,0,6,0.0233,0.0,0.0093
83.071,1434,18.4,0.6228,0.4267,0.0,-0.8585,0.7072,-0.4651,0.0,0,1.0,16,0,6,0.0233,0.0,0.0093
83.149,1435,18.4,0.0651,0.8196,0.4863,0.533,0.9608,0.0,0.0,0,1.0,18,0,6,0.0,0.0,0.0
83.212,1436,18.4,0.1884,1.0,0.0151,-0.4277,0.9455,-0.1876,0.0,0,1.0,17,0,6,0.0094,0.0,0.0038
83.267,1437,18.4,0.3618,0.8167,0.0,-0.6179,0.8887,0.0,0.0,0,1.0,18,0,6,0.0,0.0,0.0
83.317,1438,18.4,0.3564,0.8289,0.0,-0.6126,0.8959,-0.7,0.0,0,1.0,19,0,6,0.035,0.0,0.014
83.371,1439,18.4,0.193,1.0,0.0096,-0.4541,0.9481,-0.7,0.0,0,1.0,23,0,6,0.035,0.0,0.014
83.426,1440,18.4,0.4074,0.9611,0.0,-0.6101,1.0,-0.7,0.0,0,1.0,21,0,6,0.035,0.0,0.014
83.479,1441,18.1,0.6436,0.5512,0.0,-0.8125,0.8235,0.0,0.0,0,1.0,20,0,6,0.0,0.0,0.0
83.541,1442,18.1,0.7342,0.4502,0.0,-0.8807,0.7894,-0.0737,0.0,0,1.0,19,0,6,0.0037,0.0,0.0015
83.594,1443,18.1,0.662,0.538,0.0,-0.8234,0.8226,-0.2122,0.0,0,1.0,16,0,6,0.0106,0.0,0.0042
83.653,1444,18.1,0.3225,0.9299,0.2282,-0.1151,0.9617,-0.2122,0.0,0,1.0,10,0,6,0.0106,0.0,0.0042
83.71,1445,18.1,0.2988,0.7651,0.3095,0.0128,0.816,-0.0737,0.0,0,1.0,17,0,6,0.0037,0.0,0.0015
83.77,1446,18.1,0.3099,0.7298,0.3195,0.0113,0.7919,0.0,0.0,0,1.0,11,0,6,0.0,0.0,0.0
83.827,1447,18.1,0.5841,0.5723,0.0,-0.7843,0.8078,0.0045,0.0,0,1.0,16,0,6,0.0002,0.0,0.0001
83.879,1448,18.1,0.1743,0.9912,0.2375,0.0931,0.9656,0.0045,0.0,0,1.0,19,0,6,0.0002,0.0,0.0001
83.936,1449,18.1,0.1079,0.7171,0.545,0.509,0.9076,0.0915,0.0,0,1.0,25,0,6,0.0046,0.0,0.0018
83.993,1450,18.1,0.5252,0.4875,0.0957,-0.5745,0.7037,0.0045,0.0,0,1.0,26,0,6,0.0002,0.0,0.0001
84.043,1451,18.1,0.1304,1.0,0.0182,-0.3539,0.913,0.0045,0.0,0,1.0,48,0,6,0.0002,0.0,0.0001
84.096,1452,18.1,0.0777,0.9669,0.2819,0.3337,0.9701,0.0915,0.0,0,1.0,38,0,6,0.0046,0.0,0.0018
84.157,1453,18.1,0.0979,0.5638,0.4873,0.5242,0.7465,0.0,0.0,0,1.0,35,0,6,0.0,0.0,0.0
84.212,1454,18.1,0.1733,0.8481,0.063,-0.2535,0.8095,-0.1129,0.0,0,1.0,41,0,6,0.0056,0.0,0.0023
84.27,1455,18.1,0.0105,0.646,0.5213,0.7102,0.8346,0.0,0.0,0,1.0,45,0,6,0.0,0.0,0.0
84.33,1456,18.1,0.1671,0.8283,0.0884,-0.172,0.7893,0.0045,0.0,0,1.0,40,0,6,0.0002,0.0,0.0001
84.393,1457,18.1,0.1479,0.8865,0.1058,-0.0907,0.8275,0.0,0.0,0,1.0,39,0,6,0.0,0.0,0.0
84.445,1458,18.1,0.1056,0.6193,0.6653,0.5995,0.8928,0.0,0.0,0,1.0,33,0,6,0.0,0.0,0.0
84.5,1459,18.1,0.0385,0.2529,0.754,0.9001,0.6346,0.0,0.0,0,1.0,28,0,6,0.0,0.0,0.0
84.553,1460,18.1,0.0742,0.81,0.2648,0.3419,0.8287,-0.1967,0.0,0,1.0,22,0,6,0.0098,0.0,0.0039
84.61,1461,18.1,0.5433,0.5419,0.0,-0.7805,0.7594,0.0,0.0,0,1.0,20,0,6,0.0,0.0,0.0
84.662,1462,18.1,0.0271,0.9856,0.4782,0.5756,1.0,0.0,0.0,0,1.0,33,0,6,0.0,0.0,0.0
84.723,1463,18.1,0.1592,1.0,0.0148,-0.4019,0.9291,0.0915,0.0,0,1.0,29,0,6,0.0046,0.0,0.0018
84.781,1464,18.1,0.0509,0.8501,0.4576,0.5393,0.9704,-0.1129,0.0,0,1.0,38,0,6,0.0056,0.0,0.0023
84.835,1465,18.1,0.1597,0.9738,0.0575,-0.2414,0.9074,-0.1129,0.0,0,1.0,29,0,6,0.0056,0.0,0.0023
84.885,1466,18.1,0.1818,1.0,0.0293,-0.366,0.9418,0.0,0.0,0,1.0,22,0,6,0.0,0.0,0.0
84.937,1467,18.1,0.1716,1.0,0.1357,-0.065,0.9361,0.0,0.0,0,1.0,25,0,6,0.0,0.0,0.0
84.992,1468,18.1,0.2269,1.0,0.1428,-0.1334,0.9671,0.0,0.0,0,1.0,22,0,6,0.0,0.0,0.0
85.041,1469,18.1,0.1774,1.0,0.3276,0.191,1.0,0.0,0.0,0,1.0,22,0,6,0.0,0.0,0.0
85.095,1470,18.1,0.3036,0.8868,0.3019,-0.0019,0.9149,0.0,0.0,0,1.0,19,0,6,0.0,0.0,0.0
85.163,1471,18.0,0.2852,0.8951,0.0,-0.563,0.9116,-0.2303,0.0,0,1.0,16,1,6,0.0115,0.0,0.0046
85.218,1472,18.0,0.649,0.4726,0.0,-0.8461,0.7604,0.0,0.0,0,1.0,18,1,6,0.0,0.0,0.0
85.277,1473,18.0,0.315,0.6069,0.2033,-0.1608,0.6862,-0.0737,0.0,0,1.0,15,1,6,0.0037,0.0,0.0015
85.339,1474,18.0,0.5593,0.8582,0.0,-0.6915,1.0,0.1784,0.0,0,1.0,10,1,6,0.0089,0.0,0.0036
85.394,1475,18.0,0.4862,0.9711,0.0,-0.6402,1.0,0.0915,0.0,0,1.0,9,1,6,0.0046,0.0,0.0018
85.448,1476,18.0,0.3804,0.7767,0.0,-0.6362,0.8654,0.0915,0.0,0,1.0,9,1,6,0.0046,0.0,0.0018
85.503,1477,18.0,0.3514,0.8233,0.0014,-0.6071,0.8884,-0.1129,0.0,0,1.0,16,1,6,0.0056,0.0,0.0023
85.561,1478,18.0,0.1328,1.0,0.0053,-0.4262,0.9144,-0.7,0.0,0,1.0,10,1,6,0.035,0.0,0.014
85.62,1479,18.0,0.1298,0.9726,0.0478,-0.2261,0.8896,0.0,0.0,0,1.0,12,1,6,0.0,0.0,0.0
85.683,1480,18.0,0.2773,1.0,0.0,-0.5424,0.9953,0.0,0.0,0,1.0,13,1,6,0.0,0.0,0.0
85.741,1481,18.0,0.0487,1.0,0.0234,-0.1458,0.8673,0.0,0.0,0,1.0,16,1,6,0.0,0.0,0.0
85.794,1482,18.0,0.2754,0.7906,0.0163,-0.5209,0.8183,0.0,0.0,0,1.0,22,1,6,0.0,0.0,0.0
85.843,1483,18.0,0.6258,0.5471,0.025,-0.7536,0.81,0.0,0.0,0,1.0,22,1,6,0.0,0.0,0.0
85.893,1484,18.0,0.7873,0.4029,0.0,-0.9157,0.7793,0.0,0.0,0,1.0,20,1,6,0.0,0.0,0.0
85.95,1485,18.0,0.5051,0.9109,0.0155,-0.6259,1.0,-0.1876,0.0,0,1.0,22,1,6,0.0094,0.0,0.0038
86.008,1486,18.0,0.6614,0.5696,0.016,-0.7776,0.8489,0.0045,0.0,0,1.0,16,1,6,0.0002,0.0,0.0001
86.064,1487,18.0,0.6416,0.6231,0.0,-0.7861,0.8827,-0.0737,0.0,0,1.0,14,1,6,0.0037,0.0,0.0015
86.12,1488,18.0,0.5981,0.6818,0.0201,-0.71,0.9076,-0.0737,0.0,0,1.0,12,1,6,0.0037,0.0,0.0015
86.181,1489,18.0,0.661,0.6236,0.0302,-0.7316,0.894,-0.0737,0.0,0,1.0,13,1,6,0.0037,0.0,0.0015
86.234,1490,18.0,0.6374,0.6578,0.0352,-0.7025,0.9095,-0.0737,0.0,0,1.0,18,1,6,0.0037,0.0,0.0015
86.287,1491,18.0,0.4854,0.8643,0.0279,-0.5998,0.9978,-0.0737,0.0,0,1.0,11,1,6,0.0037,0.0,0.0015
86.353,1492,18.0,0.1795,0.8844,0.0896,-0.1857,0.8434,-0.0737,0.0,0,1.0,12,1,6,0.0037,0.0,0.0015
86.414,1493,18.0,0.328,0.7979,0.0329,-0.5083,0.8539,-0.1129,0.0,0,1.0,11,1,6,0.0056,0.0,0.0023
86.47,1494,18.0,0.706,0.4548,0.0025,-0.8653,0.7774,0.0,0.0,0,1.0,9,1,6,0.0,0.0,0.0
86.529,1495,18.0,0.5289,0.6452,0.0052,-0.7261,0.8382,-0.0737,0.0,0,1.0,10,1,6,0.0037,0.0,0.0015
86.586,1496,18.0,0.2506,1.0,0.02,-0.4592,0.9803,0.0915,0.0,0,1.0,9,1,6,0.0046,0.0,0.0018
86.645,1497,18.0,0.2725,1.0,0.0587,-0.3672,0.9926,0.0915,0.0,0,1.0,8,1,6,0.0046,0.0,0.0018
86.704,1498,18.0,0.129,1.0,0.0,-0.456,0.9122,0.0,0.0,0,1.0,8,1,6,0.0,0.0,0.0
86.763,1499,18.0,0.1345,1.0,0.0,-0.4596,0.9153,0.0,0.0,0,1.0,9,1,6,0.0,0.0,0.0
86.812,1500,18.0,0.3358,0.794,0.0305,-0.521,0.855,0.0,0.0,0,1.0,8,1,6,0.0,0.0,0.0
86.865,1501,17.5,0.5029,0.4737,0.0,-0.7925,0.6795,0.0,0.0,0,1.0,10,1,6,0.0,0.0,0.0
86.916,1502,17.5,0.2581,0.5927,0.4523,0.2236,0.7512,0.0,0.0,0,1.0,8,1,6,0.0,0.0,0.0
86.968,1503,17.5,0.0298,0.7893,0.5842,0.657,0.9901,-0.0961,0.0,0,1.0,15,1,6,0.0048,0.0,0.0019
87.015,1504,17.5,0.11,0.6549,0.5816,0.5397,0.8758,0.0915,0.0,0,1.0,12,1,6,0.0046,0.0,0.0018
87.069,1505,17.5,0.2293,0.5694,0.5038,0.3118,0.7604,0.0915,0.0,0,1.0,20,1,6,0.0046,0.0,0.0018
87.131,1506,17.5,0.1326,0.6897,0.6034,0.5077,0.9173,0.0915,0.0,0,1.0,18,1,6,0.0046,0.0,0.0018
87.187,1507,17.5,0.0779,0.9575,0.339,0.3851,0.9942,-0.2516,0.0,0,1.0,19,1,6,0.0126,0.0,0.005
87.247,1508,17.5,0.4102,0.7575,0.0488,-0.533,0.866,0.0,0.0,0,1.0,18,1,6,0.0,0.0,0.0
87.304,1509,17.5,0.3457,0.7252,0.1812,-0.2228,0.8028,-0.7,0.0,0,1.0,19,1,6,0.035,0.0,0.014
87.372,1510,17.5,0.418,0.787,0.0639,-0.4989,0.8951,-0.7,0.0,0,1.0,20,1,6,0.035,0.0,0.014
87.425,1511,17.5,0.558,0.7407,0.0025,-0.7153,0.9346,-0.4651,0.0,0,1.0,11,1,6,0.0233,0.0,0.0093
87.475,1512,17.5,0.543,0.784,0.0067,-0.689,0.9626,0.0915,0.0,0,1.0,22,1,6,0.0046,0.0,0.0018
87.528,1513,17.5,0.542,0.7571,0.1113,-0.0823,0.9395,0.0915,0.0,0,1.0,20,1,6,0.0046,0.0,0.0018
87.587,1514,17.5,0.5242,0.7039,0.2681,-0.2602,0.8848,0.0915,0.0,0,1.0,17,1,6,0.0046,0.0,0.0018
87.642,1515,17.5,0.6857,0.5039,0.2804,-0.3826,0.8073,0.0915,0.0,0,1.0,13,1,6,0.0046,0.0,0.0018
87.693,1516,17.5,0.5332,0.5467,0.3604,-0.1704,0.7578,-0.1632,0.0,0,1.0,18,1,6,0.0082,0.0,0.0033
87.754,1517,17.5,0.5894,0.6322,0.2614,-0.3245,0.8611,-0.1632,0.0,0,1.0,15,1,6,0.0082,0.0,0.0033
87.807,1518,17.5,0.6415,0.5766,0.2557,-0.3747,0.8435,-0.2099,0.0,0,1.0,18,1,6,0.0105,0.0,0.0042
87.858,1519,17.5,0.6559,0.761,0.1655,-0.4753,1.0,-0.1632,0.0,0,1.0,20,1,6,0.0082,0.0,0.0033
87.907,1520,17.5,0.5811,0.8522,0.1299,-0.4709,1.0,-0.1632,0.0,0,1.0,17,1,6,0.0082,0.0,0.0033
87.963,1521,17.5,0.2308,0.125,0.6976,0.5532,0.4957,-0.2596,0.0,0,1.0,19,1,6,0.013,0.0,0.0052
88.021,1522,17.5,0.4885,0.5524,0.0,-0.7543,0.7376,-0.2303,0.0,0,1.0,16,1,6,0.0115,0.0,0.0046
88.082,1523,17.5,0.564,0.7567,0.0,-0.7187,0.9514,-0.1129,0.0,0,1.0,22,1,6,0.0056,0.0,0.0023
88.14,1524,17.5,0.7779,0.3629,0.0,-0.9328,0.7405,-0.1129,0.0,0,1.0,17,1,6,0.0056,0.0,0.0023
88.203,1525,17.5,0.7731,0.3605,0.0,-0.9329,0.7358,0.0045,0.0,0,1.0,11,1,6,0.0002,0.0,0.0001
88.259,1526,17.5,0.4081,0.8157,0.0019,-0.6351,0.9137,-0.2471,0.0,0,1.0,18,1,6,0.0124,0.0,0.0049
88.308,1527,17.5,0.3368,0.9113,0.0,-0.5867,0.9541,-0.7,0.0,0,1.0,8,1,6,0.035,0.0,0.014
88.364,1528,17.5,0.587,0.5711,0.0,-0.7858,0.8084,-0.7,0.0,0,1.0,9,1,6,0.035,0.0,0.014
88.416,1529,17.5,0.4397,0.7257,0.0,-0.6769,0.8559,0.0,0.0,0,1.0,10,1,6,0.0,0.0,0.0
88.466,1530,17.5,0.3048,0.8762,0.0096,-0.5462,0.9067,-0.4651,0.0,0,1.0,10,1,6,0.0233,0.0,0.0093
88.518,1531,18.1,0.1854,0.918,0.0217,-0.407,0.875,-0.4651,0.0,0,1.0,8,1,6,0.0233,0.0,0.0093
88.572,1532,18.1,0.173,0.9221,0.0484,-0.2941,0.8714,0.0,0.0,0,1.0,14,1,6,0.0,0.0,0.0
88.624,1533,18.1,0.4663,0.6155,0.0071,-0.7034,0.7781,0.0,0.0,0,1.0,9,1,6,0.0,0.0,0.0
88.675,1534,18.1,0.5154,0.541,0.0,-0.7699,0.7431,-0.1129,0.0,0,1.0,5,1,6,0.0056,0.0,0.0023
88.727,1535,18.1,0.2944,0.8693,0.0,-0.5725,0.8951,-0.1129,0.0,0,1.0,5,1,6,0.0056,0.0,0.0023
88.785,1536,18.1,0.5664,0.4498,0.0,-0.8282,0.695,-0.0835,0.0,0,1.0,13,1,6,0.0042,0.0,0.0017
88.831,1537,18.1,0.8534,0.3457,0.0,-0.9578,0.7683,0.0,0.0,0,1.0,13,1,6,0.0,0.0,0.0
88.881,1538,18.1,0.7637,0.5341,0.0,-0.8543,0.8763,-0.1876,0.0,0,1.0,11,1,6,0.0094,0.0,0.0038
88.934,1539,18.1,0.5792,0.5024,0.0,-0.8098,0.7463,-0.1876,0.0,0,1.0,10,1,6,0.0094,0.0,0.0038
88.982,1540,18.1,0.5023,0.5612,0.005,-0.7438,0.7527,-0.2471,0.0,0,1.0,16,1,6,0.0124,0.0,0.0049
89.037,1541,18.1,0.5521,0.4778,0.0,-0.8103,0.7105,-0.0961,0.0,0,1.0,11,1,6,0.0048,0.0,0.0019
89.095,1542,18.1,0.8132,0.2577,0.0,-0.9978,0.6719,-0.0961,0.0,0,1.0,13,1,6,0.0048,0.0,0.0019
89.158,1543,18.1,0.3954,0.6393,0.0308,-0.5954,0.7585,0.0915,0.0,0,1.0,9,1,6,0.0046,0.0,0.0018
89.21,1544,18.1,0.0867,0.8888,0.0833,-0.0101,0.7952,-0.7,0.0,0,1.0,12,1,6,0.035,0.0,0.014
89.273,1545,18.1,0.0983,0.8457,0.1234,0.0605,0.7795,0.0,0.0,0,1.0,11,1,6,0.0,0.0,0.0
89.326,1546,18.1,0.103,0.8081,0.1463,0.0969,0.7607,0.0,0.0,0,1.0,15,1,6,0.0,0.0,0.0
89.381,1547,18.1,0.1296,0.7472,0.3193,0.2854,0.8064,0.0,0.0,0,1.0,15,1,6,0.0,0.0,0.0
89.436,1548,18.1,0.1982,1.0,0.0,-0.499,0.951,0.0,0.0,0,1.0,16,1,6,0.0,0.0,0.0
89.496,1549,18.1,0.1577,1.0,0.1564,-0.0022,0.9283,0.0,0.0,0,1.0,19,1,6,0.0,0.0,0.0
89.553,1550,18.1,0.1387,1.0,0.0221,-0.3457,0.9177,0.0,0.0,0,1.0,16,1,6,0.0,0.0,0.0
89.611,1551,18.1,0.0549,0.6949,0.3407,0.4802,0.7745,0.0,0.0,0,1.0,10,1,6,0.0,0.0,0.0
89.669,1552,18.1,0.0302,0.8081,0.5566,0.6399,0.9905,0.0,0.0,0,1.0,10,1,6,0.0,0.0,0.0
89.722,1553,18.1,0.144,0.9213,0.2559,0.1719,0.9172,0.0,0.0,0,1.0,16,1,6,0.0,0.0,0.0
89.783,1554,18.1,0.019,0.9546,0.2514,0.4686,0.9426,0.0045,0.0,0,1.0,14,1,6,0.0002,0.0,0.0001
89.831,1555,18.1,0.0,0.9483,0.5027,0.651,1.0,0.0,0.0,0,1.0,12,1,6,0.0,0.0,0.0
89.881,1556,18.1,0.0076,0.9488,0.2734,0.5222,0.95,-0.1967,0.0,0,1.0,11,1,6,0.0098,0.0,0.0039
89.933,1557,18.1,0.0,0.9744,0.5127,0.6496,1.0,-0.1967,0.0,0,1.0,17,1,6,0.0098,0.0,0.0039
89.981,1558,18.1,0.0463,1.0,0.2462,0.3759,0.9779,0.0,0.0,0,1.0,20,1,6,0.0,0.0,0.0
90.033,1559,18.1,0.0397,0.8433,0.3038,0.4637,0.8785,0.0,0.0,0,1.0,17,1,6,0.0,0.0,0.0
90.086,1560,18.1,0.3974,0.7442,0.0,-0.6524,0.8477,0.0,0.0,0,1.0,17,1,6,0.0,0.0,0.0
90.146,1561,18.5,0.1835,1.0,0.0245,-0.3858,0.9428,-0.7,0.0,0,1.0,24,2,6,0.035,0.0,0.014
90.215,1562,18.5,0.2065,0.8033,0.2008,-0.0089,0.7904,0.0,0.0,1,1.0,14,2,6,0.0,1.0,0.0
90.269,1563,18.5,0.2099,0.7854,0.2096,-0.0006,0.7773,0.0,0.0,1,1.0,11,2,6,0.0,0.8,0.0
90.316,1564,18.5,0.1186,0.7255,0.2695,0.2538,0.7603,0.0,0.0,1,1.0,17,2,6,0.0,0.8,0.0
90.371,1565,18.5,0.3723,0.643,0.0,-0.7776,0.7486,0.0,0.0,1,1.0,16,2,6,0.0,0.8,0.0
90.425,1566,18.5,0.3659,0.6138,0.0,-0.6737,0.7205,-0.7,0.0,1,1.0,11,2,6,0.035,0.8,0.014
90.478,1567,18.5,0.0924,0.7533,0.1495,0.1332,0.7165,-0.7,0.0,1,1.0,11,2,6,0.035,0.8,0.014
90.533,1568,18.5,0.0484,0.6779,0.2328,0.3975,0.6998,-0.7,0.0,1,1.0,6,2,6,0.035,0.8,0.014
90.582,1569,18.5,0.3352,0.1538,0.0,-0.9357,0.3169,0.0,0.0,1,1.0,1,2,6,0.0,0.8,0.0
90.634,1570,18.5,0.0,0.0,0.0,0.0,0.3,0.0,0.0,1,1.0,0,0,6,0.0,0.8,0.0
90.681,1571,18.5,0.0619,1.0,0.0007,-0.4009,0.8746,0.0,0.0,1,1.0,17,0,6,0.0,0.8,0.0
90.738,1572,18.5,0.1297,1.0,0.0,-0.4565,0.9126,0.0,0.0,1,1.0,21,0,6,0.0,0.8,0.0
90.793,1573,18.5,0.2289,1.0,0.0043,-0.4997,0.9682,0.0,0.0,1,1.0,33,0,6,0.0,0.8,0.0
90.842,1574,18.5,0.2405,1.0,0.0093,-0.4887,0.9747,0.0,0.0,0,1.0,46,0,6,0.0,0.8,0.0
90.895,1575,18.5,0.2426,0.7713,0.0699,-0.3327,0.7837,0.0,0.0,0,1.0,50,0,6,0.0,0.0,0.0
90.949,1576,18.5,0.591,0.5702,0.0,-0.7875,0.8099,0.0,0.0,0,1.0,35,0,6,0.0,0.0,0.0
91.008,1577,18.5,0.3817,0.9153,0.0114,-0.577,0.9826,0.0915,0.0,0,1.0,25,0,6,0.0046,0.0,0.0018
91.061,1578,18.5,0.3882,0.81,0.0082,-0.6098,0.8978,0.0915,0.0,0,1.0,29,0,6,0.0046,0.0,0.0018
91.116,1579,18.5,0.5195,0.647,0.0,-0.7341,0.8344,-0.4651,0.0,0,1.0,5,0,6,0.0233,0.0,0.0093
91.17,1580,18.5,0.4134,0.7101,0.0422,-0.5607,0.828,0.0915,0.0,0,1.0,7,0,6,0.0046,0.0,0.0018
91.227,1581,18.5,0.4001,0.7549,0.0093,-0.6256,0.8582,-0.7,0.0,0,1.0,10,0,6,0.035,0.0,0.014
91.285,1582,18.5,0.3359,0.8397,0.0108,-0.5676,0.8934,-0.7,0.0,0,1.0,10,0,6,0.035,0.0,0.014
91.333,1583,18.5,0.2659,0.8822,0.0141,-0.5059,0.8899,-0.7,0.0,0,1.0,14,0,6,0.035,0.0,0.014
91.387,1584,18.5,0.0726,0.9265,0.0823,0.0303,0.8244,0.0,0.0,0,1.0,8,0,6,0.0,0.0,0.0
91.443,1585,18.5,0.2306,0.8817,0.0,-0.5341,0.8697,0.0,0.0,0,1.0,12,0,6,0.0,0.0,0.0
91.493,1586,18.5,0.1339,0.9986,0.0001,-0.4588,0.9138,0.0,0.0,0,1.0,11,0,6,0.0,0.0,0.0
91.544,1587,18.5,0.1229,0.9443,0.0728,-0.1292,0.862,0.0,0.0,0,1.0,6,0,6,0.0,0.0,0.0
91.606,1588,18.5,0.2912,0.7129,0.1006,-0.32,0.7619,0.0,0.0,0,1.0,18,0,6,0.0,0.0,0.0
91.668,1589,18.5,0.4459,0.5165,0.0437,-0.6314,0.6835,0.0,0.0,0,1.0,13,0,6,0.0,0.0,0.0
91.717,1590,18.5,0.4375,0.9127,0.0312,-0.5592,1.0,0.0,0.0,0,1.0,12,0,6,0.0,0.0,0.0
91.782,1591,18.4,0.1409,0.597,0.4495,0.4065,0.7532,-0.4651,0.0,0,1.0,21,0,6,0.0233,0.0,0.0093
91.831,1592,18.4,0.1735,0.5355,0.4727,0.3794,0.7145,-0.0961,0.0,0,1.0,19,0,6,0.0048,0.0,0.0019
91.883,1593,18.4,0.0456,1.0,0.2487,0.3804,0.9793,-0.0961,0.0,0,1.0,27,0,6,0.0048,0.0,0.0019
91.933,1594,18.4,0.0958,1.0,0.0263,-0.257,0.8936,-0.2303,0.0,0,1.0,27,0,6,0.0115,0.0,0.0046
91.983,1595,18.4,0.1588,1.0,0.0123,-0.4132,0.929,0.0,0.0,0,1.0,25,0,6,0.0,0.0,0.0
92.035,1596,18.4,0.1801,0.9895,0.0276,-0.3714,0.932,0.0,0.0,0,1.0,23,0,6,0.0,0.0,0.0
92.083,1597,18.4,0.3134,1.0,0.0603,-0.3985,1.0,0.0,0.0,0,1.0,23,0,6,0.0,0.0,0.0
92.136,1598,18.4,0.394,1.0,0.0287,-0.5268,1.0,0.0,0.0,0,1.0,18,0,6,0.0,0.0,0.0
92.191,1599,18.4,0.4959,0.5591,0.0,-0.7548,0.7473,0.0,0.0,0,1.0,16,0,6,0.0,0.0,0.0
92.242,1600,18.4,0.5751,0.4375,0.022,-0.7827,0.6895,-0.2303,0.0,0,1.0,17,0,6,0.0115,0.0,0.0046
92.293,1601,18.4,0.6194,0.4163,0.0,-0.8623,0.6965,-0.2303,0.0,0,1.0,15,0,6,0.0115,0.0,0.0046
92.355,1602,18.4,0.7776,0.2491,0.0,-0.9962,0.6447,0.0915,0.0,0,1.0,12,0,6,0.0046,0.0,0.0018
92.418,1603,18.4,0.2144,0.8076,0.3093,0.1251,0.8516,-0.1876,0.0,0,1.0,19,0,6,0.0094,0.0,0.0038
92.468,1604,18.4,0.5122,0.7531,0.0,-0.7,0.9194,-0.2303,0.0,0,1.0,17,0,6,0.0115,0.0,0.0046
92.52,1605,18.4,0.1099,0.7926,0.4259,0.4121,0.9043,-0.2303,0.0,0,1.0,17,0,6,0.0115,0.0,0.0046
92.581,1606,18.4,0.4828,0.4222,0.4402,-0.0432,0.625,-0.0835,0.0,0,1.0,9,0,6,0.0042,0.0,0.0017
92.635,1607,18.4,0.4362,0.4841,0.4416,0.0055,0.654,-0.1876,0.0,0,1.0,14,0,6,0.0094,0.0,0.0038
92.685,1608,18.4,0.2524,0.7136,0.4529,0.2211,0.8531,-0.2596,0.0,0,1.0,18,0,6,0.013,0.0,0.0052
92.741,1609,18.4,0.1851,0.7762,0.4424,0.3016,0.8997,-0.2596,0.0,0,1.0,16,0,6,0.013,0.0,0.0052
92.796,1610,18.4,0.1518,0.8154,0.4505,0.3554,0.9372,-0.152,0.0,0,1.0,15,0,6,0.0076,0.0,0.003
92.856,1611,18.4,0.483,0.6829,0.0,-0.708,0.8442,0.0045,0.0,0,1.0,18,0,6,0.0002,0.0,0.0001
92.907,1612,18.4,0.1983,1.0,0.0,-0.499,0.9511,-0.1129,0.0,0,1.0,20,0,6,0.0056,0.0,0.0023
92.969,1613,18.4,0.041,1.0,0.282,0.4217,0.9979,-0.1129,0.0,0,1.0,22,0,6,0.0056,0.0,0.0023
93.024,1614,18.4,0.0646,0.8956,0.4485,0.4983,1.0,0.0,0.0,0,1.0,22,0,6,0.0,0.0,0.0
93.073,1615,18.4,0.0799,0.822,0.4787,0.4997,0.9586,0.0,0.0,0,1.0,23,0,6,0.0,0.0,0.0
93.124,1616,18.4,0.0649,1.0,0.2692,0.3489,0.9908,0.0045,0.0,0,1.0,19,0,6,0.0002,0.0,0.0001
93.181,1617,18.4,0.0347,1.0,0.3339,0.4758,1.0,0.0045,0.0,0,1.0,19,0,6,0.0002,0.0,0.0001
93.232,1618,18.4,0.0608,1.0,0.3418,0.4195,1.0,0.0,0.0,0,1.0,22,0,6,0.0,0.0,0.0
93.286,1619,18.4,0.3338,0.8251,0.0293,-0.5172,0.88,0.0,0.0,0,1.0,22,0,6,0.0,0.0,0.0
93.333,1620,18.4,0.3299,0.8322,0.0354,-0.4969,0.8838,0.0,0.0,0,1.0,15,0,6,0.0,0.0,0.0
93.388,1621,18.6,0.1179,0.8039,0.5894,0.502,1.0,0.0,0.0,0,1.0,11,0,6,0.0,0.0,0.0
93.444,1622,18.6,0.2114,0.8492,0.1098,-0.1869,0.8317,0.0,0.0,0,1.0,6,0,6,0.0,0.0,0.0
93.504,1623,18.6,0.2089,0.9324,0.0347,-0.3819,0.9002,0.0,0.0,0,1.0,9,0,6,0.0,0.0,0.0
93.558,1624,18.6,0.0913,1.0,0.1825,0.1801,0.9422,0.0,0.0,0,1.0,13,0,6,0.0,0.0,0.0
93.617,1625,18.6,0.1595,1.0,0.0179,-0.3884,0.9293,0.0,0.0,0,1.0,12,0,6,0.0,0.0,0.0
93.667,1626,18.6,0.251,1.0,0.0067,-0.5046,0.9806,0.0,0.0,0,1.0,13,0,6,0.0,0.0,0.0
93.718,1627,18.6,0.1398,1.0,0.2626,0.1835,0.9871,0.0,0.0,0,1.0,9,0,6,0.0,0.0,0.0
93.783,1628,18.6,0.0968,1.0,0.2396,0.2426,0.9742,0.0,0.0,0,1.0,11,0,6,0.0,0.0,0.0
93.831,1629,18.6,0.0948,1.0,0.2883,0.2995,1.0,0.0,0.0,0,1.0,14,0,6,0.0,0.0,0.0
93.886,1630,18.6,0.2059,1.0,0.0177,-0.4323,0.9553,0.0,0.0,0,1.0,13,0,6,0.0,0.0,0.0
93.933,1631,18.6,0.2179,0.5697,0.5037,0.3285,0.7606,0.0,0.0,0,1.0,7,0,6,0.0,0.0,0.0
93.985,1632,18.6,0.1186,0.8805,0.3488,0.3208,0.9349,0.0,0.0,0,1.0,8,0,6,0.0,0.0,0.0
94.043,1633,18.6,0.1991,0.994,0.0359,-0.3614,0.9464,-0.1464,0.0,0,1.0,11,0,6,0.0073,0.0,0.0029
94.094,1634,18.6,0.1106,0.9767,0.0267,-0.2833,0.8824,0.0,0.0,0,1.0,9,0,6,0.0,0.0,0.0
94.157,1635,18.6,0.1496,1.0,0.035,-0.3046,0.9238,0.0,0.0,0,1.0,12,0,6,0.0,0.0,0.0
94.209,1636,18.6,0.4082,0.3723,0.1837,-0.3321,0.5414,0.0,0.0,0,1.0,4,0,6,0.0,0.0,0.0
94.257,1637,18.6,0.4123,0.3585,0.1932,-0.3211,0.532,0.0,0.0,0,1.0,4,0,6,0.0,0.0,0.0
94.308,1638,18.6,0.426,0.5077,0.0646,-0.5692,0.665,-0.0737,0.0,0,1.0,8,0,6,0.0037,0.0,0.0015
94.357,1639,18.6,0.404,0.5664,0.0721,-0.5185,0.702,-0.7,0.0,0,1.0,8,0,6,0.035,0.0,0.014
94.412,1640,18.6,0.2681,0.8042,0.072,-0.3515,0.8256,-0.7,0.0,0,1.0,10,0,6,0.035,0.0,0.014
94.471,1641,18.6,0.3866,0.68,0.001,-0.6615,0.7877,-0.7,0.0,0,1.0,11,0,6,0.035,0.0,0.014
94.528,1642,18.6,0.1249,1.0,0.0406,-0.244,0.9099,0.0,0.0,0,1.0,11,0,6,0.0,0.0,0.0
94.588,1643,18.6,0.5162,0.529,0.0,-0.7748,0.7334,0.0,0.0,0,1.0,10,0,6,0.0,0.0,0.0
94.643,1644,18.6,0.284,0.5924,0.4478,0.1846,0.7484,0.0915,0.0,0,1.0,11,0,6,0.0046,0.0,0.0018
94.694,1645,18.6,0.2631,0.613,0.4372,0.2009,0.7598,-0.2664,0.0,0,1.0,13,0,6,0.0133,0.0,0.0053
94.755,1646,18.6,0.171,0.7312,0.4295,0.318,0.8548,-0.2664,0.0,0,1.0,11,0,6,0.0133,0.0,0.0053
94.809,1647,18.6,0.1398,1.0,0.2412,0.1575,0.9751,-0.1198,0.0,0,1.0,13,0,6,0.006,0.0,0.0024
94.857,1648,18.6,0.4984,0.5537,0.0,-0.7579,0.7442,0.0,0.0,0,1.0,14,0,6,0.0,0.0,0.0
94.906,1649,18.6,0.1558,1.0,0.018,-0.3843,0.9273,0.0,0.0,0,1.0,11,0,6,0.0,0.0,0.0
94.956,1650,18.6,0.19,1.0,0.0189,-0.4139,0.9464,-0.1967,0.0,0,1.0,14,0,6,0.0098,0.0,0.0039
95.01,1651,18.5,0.1632,1.0,0.0,-0.4778,0.9314,0.0,0.0,0,1.0,10,0,6,0.0,0.0,0.0
95.06,1652,18.5,0.2637,1.0,0.0088,-0.505,0.9877,0.0,0.0,0,1.0,12,0,6,0.0,0.0,0.0
95.11,1653,18.5,0.2566,0.6401,0.4374,0.2076,0.7827,0.0,0.0,0,1.0,12,0,6,0.0,0.0,0.0
95.161,1654,18.5,0.1313,0.7503,0.4749,0.4168,0.8962,0.0,0.0,0,1.0,12,0,6,0.0,0.0,0.0
95.21,1655,18.5,0.0515,0.8901,0.4026,0.4978,0.9732,-0.1129,0.0,0,1.0,9,0,6,0.0056,0.0,0.0023
95.259,1656,18.5,0.0703,0.8643,0.4129,0.4687,0.9572,-0.1129,0.0,0,1.0,5,0,6,0.0056,0.0,0.0023
95.307,1657,18.5,0.1101,0.9989,0.0338,-0.247,0.9007,-0.7,0.0,0,1.0,5,0,6,0.035,0.0,0.014
95.361,1658,18.5,0.0341,0.9019,0.4509,0.5618,1.0,0.0,0.0,0,1.0,8,0,6,0.0,0.0,0.0
95.41,1659,18.5,0.1636,1.0,0.0423,-0.2965,0.9316,-0.1129,0.0,0,1.0,9,0,6,0.0056,0.0,0.0023
95.46,1660,18.5,0.0975,1.0,0.1913,0.1782,0.9472,-0.1129,0.0,0,1.0,10,1,6,0.0056,0.0,0.0023
95.51,1661,18.5,0.0473,1.0,0.1919,0.3155,0.9474,0.0,0.0,0,1.0,15,1,6,0.0,0.0,0.0
95.559,1662,18.5,0.0849,1.0,0.1873,0.203,0.9449,0.0,0.0,0,1.0,13,1,6,0.0,0.0,0.0
95.611,1663,18.5,0.1471,1.0,0.0329,-0.3096,0.9224,0.0,0.0,0,1.0,11,1,6,0.0,0.0,0.0
95.666,1664,18.5,0.1138,1.0,0.0345,-0.2503,0.9037,0.0,0.0,0,1.0,10,1,6,0.0,0.0,0.0
95.718,1665,18.5,0.1679,1.0,0.0478,-0.2834,0.934,0.0,0.0,0,1.0,9,1,6,0.0,0.0,0.0
95.78,1666,18.5,0.3267,1.0,0.0,-0.5669,1.0,0.0,0.0,0,1.0,7,1,6,0.0,0.0,0.0
95.833,1667,18.5,0.2055,1.0,0.0086,-0.4673,0.9551,0.0,0.0,0,1.0,7,1,6,0.0,0.0,0.0
95.882,1668,18.5,0.1973,0.9293,0.024,-0.4086,0.8911,0.0,0.0,0,1.0,6,1,6,0.0,0.0,0.0
95.933,1669,18.5,0.4047,0.3578,0.0,-1.0,0.5272,0.0,0.0,0,1.0,2,1,6,0.0,0.0,0.0
95.985,1670,18.5,0.4239,0.4411,0.0,-0.7717,0.6079,0.0,0.0,0,1.0,3,1,6,0.0,0.0,0.0
96.04,1671,18.5,0.3269,0.474,0.1344,-0.3232,0.5812,-0.7,0.0,0,1.0,4,1,6,0.035,0.0,0.014
96.097,1672,18.5,0.165,0.7114,0.4389,0.3383,0.8433,0.0,0.0,0,1.0,9,1,6,0.0,0.0,0.0
96.152,1673,18.5,0.1227,0.4803,0.7071,0.6282,0.7994,0.0045,0.0,0,1.0,8,1,6,0.0002,0.0,0.0001
96.203,1674,18.5,0.047,0.4506,0.8001,0.8075,0.8265,0.0045,0.0,0,1.0,5,1,6,0.0002,0.0,0.0001
96.265,1675,18.5,0.205,0.3001,0.5037,0.4004,0.5341,-0.1967,0.0,0,1.0,8,1,6,0.0098,0.0,0.0039
96.317,1676,18.5,0.0701,1.0,0.2909,0.3565,1.0,-0.2303,0.0,0,1.0,11,1,6,0.0115,0.0,0.0046
96.369,1677,18.5,0.0986,0.7172,0.5433,0.5242,0.9067,0.0,0.0,0,1.0,8,1,6,0.0,0.0,0.0
96.43,1678,18.5,0.2779,0.9647,0.0,-0.5479,0.966,0.0,0.0,0,1.0,3,1,6,0.0,0.0,0.0
96.487,1679,18.5,0.1752,1.0,0.2444,0.1002,0.9768,-0.0835,0.0,0,1.0,8,1,6,0.0042,0.0,0.0017
96.554,1680,18.5,0.0767,1.0,0.011,-0.3202,0.8829,-0.2303,0.0,0,1.0,10,1,6,0.0115,0.0,0.0046
96.618,1681,18.8,0.1344,1.0,0.0172,-0.364,0.9153,0.0,0.0,0,1.0,9,1,6,0.0,0.0,0.0
96.676,1682,18.8,0.1323,1.0,0.0154,-0.3703,0.9141,0.0,0.0,0,1.0,9,1,6,0.0,0.0,0.0
96.728,1683,18.8,0.1239,1.0,0.0142,-0.3667,0.9094,0.0,0.0,0,1.0,9,1,6,0.0,0.0,0.0
96.788,1684,18.8,0.1871,0.5997,0.5145,0.3794,0.7919,0.0,0.0,0,1.0,7,1,6,0.0,0.0,0.0
96.84,1685,18.8,0.0565,0.8441,0.4783,0.5408,0.9769,-0.1876,0.0,0,1.0,9,1,6,0.0094,0.0,0.0038
96.891,1686,18.8,0.122,0.9786,0.0573,-0.1768,0.8903,-0.1876,0.0,0,1.0,7,1,6,0.0094,0.0,0.0038
96.94,1687,18.8,0.0713,1.0,0.2466,0.3102,0.9781,-0.1129,0.0,0,1.0,16,1,6,0.0056,0.0,0.0023
96.993,1688,18.8,0.2264,1.0,0.0643,-0.3063,0.9668,0.0,0.0,0,1.0,5,1,6,0.0,0.0,0.0
97.04,1689,18.8,0.4209,0.5396,0.0524,-0.5859,0.689,0.0,0.0,0,1.0,6,1,6,0.0,0.0,0.0
97.092,1690,18.8,0.2372,0.9985,0.0224,-0.4415,0.9715,0.0,0.0,0,1.0,4,1,6,0.0,0.0,0.0
97.141,1691,18.8,0.1274,1.0,0.0036,-0.4322,0.9113,-0.7,0.0,0,1.0,7,1,6,0.035,0.0,0.014
97.193,1692,18.8,0.1628,1.0,0.0049,-0.4526,0.9312,0.0,0.0,0,1.0,7,1,6,0.0,0.0,0.0
97.25,1693,18.8,0.1798,0.8829,0.0617,-0.2643,0.8423,0.0,0.0,0,1.0,12,1,6,0.0,0.0,0.0
97.304,1694,18.8,0.1336,0.7499,0.469,0.2533,0.8925,0.0,0.0,0,1.0,12,1,6,0.0,0.0,0.0
97.36,1695,18.8,0.1104,0.8265,0.1559,0.0964,0.7816,0.0045,0.0,0,1.0,13,1,6,0.0002,0.0,0.0001
97.42,1696,18.8,0.1475,0.7048,0.4958,0.4119,0.8697,0.0045,0.0,0,1.0,7,1,6,0.0002,0.0,0.0001
97.474,1697,18.8,0.15,0.7395,0.4646,0.3794,0.8814,0.0,0.0,0,1.0,10,1,6,0.0,0.0,0.0
97.525,1698,18.8,0.324,0.3907,0.2275,-0.1491,0.5096,-0.0961,0.0,0,1.0,4,1,6,0.0048,0.0,0.0019
97.58,1699,18.8,0.2624,0.8059,0.0186,-0.5007,0.8239,0.0045,0.0,0,1.0,10,1,6,0.0002,0.0,0.0001
97.638,1700,18.8,0.2131,0.5731,0.5413,0.4495,0.7845,0.0045,0.0,0,1.0,8,1,6,0.0002,0.0,0.0001
97.694,1701,18.8,0.1377,1.0,0.3303,0.2583,1.0,0.0,0.0,0,1.0,6,1,6,0.0,0.0,0.0
97.754,1702,18.8,0.1797,0.4794,0.5161,0.4145,0.6917,0.0045,0.0,0,1.0,3,1,6,0.0002,0.0,0.0001
97.809,1703,18.8,0.0639,0.8536,0.519,0.5473,1.0,-0.1198,0.0,0,1.0,8,1,6,0.006,0.0,0.0024
97.856,1704,18.8,0.1381,1.0,0.0365,-0.282,0.9173,-0.1198,0.0,0,1.0,6,1,6,0.006,0.0,0.0024
97.906,1705,18.8,0.2671,0.955,0.0,-0.5436,0.9517,0.0045,0.0,0,1.0,8,1,6,0.0002,0.0,0.0001
97.956,1706,18.8,0.2525,0.9869,0.0346,-0.417,0.9704,0.0,0.0,0,1.0,9,1,6,0.0,0.0,0.0
98.008,1707,18.8,0.2983,0.7741,0.0,-0.5936,0.8173,0.0,0.0,0,1.0,7,1,6,0.0,0.0,0.0
98.056,1708,18.8,0.3016,0.7613,0.0119,-0.5592,0.8084,0.0,0.0,0,1.0,9,1,6,0.0,0.0,0.0
98.111,1709,18.8,0.1602,0.8343,0.102,-0.1244,0.7905,0.0,0.0,0,1.0,12,1,6,0.0,0.0,0.0
98.171,1710,18.8,0.1368,0.7607,0.462,0.3964,0.8977,0.0,0.0,0,1.0,9,1,6,0.0,0.0,0.0
98.228,1711,18.6,0.1126,0.7867,0.4667,0.4377,0.9222,0.0045,0.0,0,1.0,13,1,6,0.0002,0.0,0.0001
98.288,1712,18.6,0.1258,0.7753,0.4723,0.4205,0.9158,0.0045,0.0,0,1.0,6,1,6,0.0002,0.0,0.0001
98.341,1713,18.6,0.3262,0.3357,0.312,-0.0202,0.4646,0.0045,0.0,0,1.0,7,1,6,0.0002,0.0,0.0001
98.396,1714,18.6,0.1212,0.9666,0.3306,0.2909,0.9971,0.0045,0.0,0,1.0,10,1,6,0.0002,0.0,0.0001
98.45,1715,18.6,0.1103,0.9365,0.3337,0.317,0.9735,0.0,0.0,0,1.0,7,1,6,0.0,0.0,0.0
98.498,1716,18.6,0.1126,0.7342,0.5325,0.4901,0.9149,0.0,0.0,0,1.0,8,1,6,0.0,0.0,0.0
98.548,1717,18.6,0.2213,0.5996,0.5132,0.3268,0.7911,0.0,0.0,0,1.0,6,1,6,0.0,0.0,0.0
98.603,1718,18.6,0.1779,0.698,0.4747,0.3484,0.8522,-0.0894,0.0,0,1.0,9,1,6,0.0045,0.0,0.0018
98.661,1719,18.6,0.1467,0.6696,0.51,0.4293,0.848,-0.0961,0.0,0,1.0,4,1,6,0.0048,0.0,0.0019
98.731,1720,18.6,0.268,0.7922,0.0,-0.5724,0.8155,-0.152,0.0,0,1.0,4,1,6,0.0076,0.0,0.003
98.791,1721,18.6,0.2285,0.8948,0.0,-0.5309,0.8796,-0.152,0.0,0,1.0,8,1,6,0.0076,0.0,0.003
98.841,1722,18.6,0.176,1.0,0.0,-0.4857,0.9386,0.0,0.0,0,1.0,11,1,6,0.0,0.0,0.0
98.892,1723,18.6,0.1224,1.0,0.0134,-0.3697,0.9086,0.0,0.0,0,1.0,13,1,6,0.0,0.0,0.0
98.941,1724,18.6,0.1085,1.0,0.0093,-0.3776,0.9008,0.0,0.0,0,1.0,14,1,6,0.0,0.0,0.0
98.997,1725,18.6,0.1575,0.9914,0.0161,-0.3953,0.921,0.0,0.0,0,1.0,10,1,6,0.0,0.0,0.0
99.049,1726,18.6,0.1027,1.0,0.0216,-0.2955,0.8975,0.0,0.0,0,1.0,11,1,6,0.0,0.0,0.0
99.1,1727,18.6,0.1468,1.0,0.0176,-0.3761,0.9222,0.0,0.0,0,1.0,8,1,6,0.0,0.0,0.0
99.152,1728,18.6,0.0793,0.8423,0.4968,0.5082,0.9858,0.0,0.0,0,1.0,9,1,6,0.0,0.0,0.0
99.211,1729,18.6,0.261,0.5331,0.5099,0.2765,0.7333,0.0,0.0,0,1.0,6,1,6,0.0,0.0,0.0
99.266,1730,18.6,0.1367,0.7539,0.4817,0.4119,0.903,-0.1967,0.0,0,1.0,8,1,6,0.0098,0.0,0.0039
99.317,1731,18.6,0.3037,0.7931,0.0,-0.5926,0.8363,0.0045,0.0,0,1.0,5,1,6,0.0002,0.0,0.0001
99.366,1732,18.6,0.2543,1.0,0.0,-0.5303,0.9824,0.0,0.0,0,1.0,9,1,6,0.0,0.0,0.0
99.417,1733,18.6,0.3375,0.7519,0.0036,-0.6091,0.8206,0.0,0.0,0,1.0,8,1,6,0.0,0.0,0.0
99.466,1734,18.6,0.1584,0.9645,0.0168,-0.3953,0.8989,0.0,0.0,0,1.0,6,1,6,0.0,0.0,0.0
99.518,1735,18.6,0.1856,0.9377,0.0316,-0.3671,0.8916,0.0,0.0,0,1.0,8,1,6,0.0,0.0,0.0
99.566,1736,18.6,0.1553,0.9521,0.0108,-0.4218,0.8867,0.0,0.0,0,1.0,7,1,6,0.0,0.0,0.0
99.619,1737,18.6,0.2911,0.7626,0.0418,-0.4608,0.8036,0.0,0.0,0,1.0,11,1,6,0.0,0.0,0.0
99.677,1738,18.6,0.1721,0.726,0.1763,0.0076,0.7086,0.0,0.0,0,1.0,8,1,6,0.0,0.0,0.0
99.73,1739,18.6,0.3787,0.4287,0.156,-0.344,0.5721,0.0,0.0,0,1.0,4,1,6,0.0,0.0,0.0
99.787,1740,18.6,0.1992,0.5548,0.3265,0.1861,0.6488,-0.2974,0.0,0,1.0,5,1,6,0.0149,0.0,0.0059
99.84,1741,18.6,0.0863,0.9612,0.2369,0.2662,0.9401,-0.7,0.0,0,1.0,8,1,6,0.035,0.0,0.014
99.895,1742,18.6,0.0667,0.9669,0.1527,0.2021,0.8977,-0.7,0.0,0,1.0,7,1,6,0.035,0.0,0.014
99.949,1743,18.6,0.0421,1.0,0.3914,0.4948,1.0,0.0,0.0,0,1.0,11,1,6,0.0,0.0,0.0
99.999,1744,18.6,0.1302,0.7343,0.4751,0.4214,0.8829,0.0,0.0,0,1.0,9,1,6,0.0,0.0,0.0
100.049,1745,18.6,0.1045,1.0,0.1168,0.0284,0.9054,-0.1129,0.0,0,1.0,8,1,6,0.0056,0.0,0.0023
100.103,1746,18.6,0.0757,1.0,0.2594,0.313,0.9853,-0.1129,0.0,0,1.0,8,1,6,0.0056,0.0,0.0023
100.16,1747,18.6,0.173,0.6599,0.4866,0.3707,0.8268,0.0,0.0,0,1.0,10,1,6,0.0,0.0,0.0
100.222,1748,18.6,0.1263,0.7576,0.1716,0.0907,0.7325,0.0,0.0,0,1.0,10,1,6,0.0,0.0,0.0
100.277,1749,18.6,0.1789,0.508,0.3305,0.2324,0.6118,-0.2303,0.0,0,1.0,7,1,6,0.0115,0.0,0.0046
100.326,1750,18.6,0.0878,0.8699,0.1698,0.1758,0.8258,-0.2303,0.0,0,1.0,13,2,6,0.0115,0.0,0.0046
100.38,1751,18.6,0.1006,0.6907,0.5579,0.5346,0.8926,-0.2303,0.0,0,1.0,10,2,6,0.0115,0.0,0.0046
100.434,1752,18.6,0.0861,0.8005,0.4948,0.5018,0.9496,0.0,0.0,0,1.0,9,2,6,0.0,0.0,0.0
100.482,1753,18.6,0.1062,1.0,0.2613,0.2473,0.9863,-0.0835,0.0,0,1.0,15,2,6,0.0042,0.0,0.0017
100.534,1754,18.6,0.1757,0.7062,0.4495,0.3304,0.8449,0.0,0.0,1,1.0,10,2,6,0.0,1.0,0.0
100.583,1755,18.6,0.2497,0.9494,0.0352,-0.4169,0.9373,0.0,0.0,1,1.0,6,2,6,0.0,0.8,0.0
100.642,1756,18.6,0.4153,0.778,0.0,-0.6524,0.8861,-0.1363,0.0,1,1.0,22,2,6,0.0068,0.8,0.0027
100.692,1757,18.6,0.5207,0.6471,0.0,-0.7345,0.8352,-0.7,0.0,1,1.0,23,2,6,0.035,0.8,0.014
100.745,1758,18.6,0.6623,0.5117,0.0,-0.8339,0.8007,-0.7,0.0,1,1.0,8,2,6,0.035,0.8,0.014
100.807,1759,18.6,0.232,0.9237,0.037,-0.3983,0.9058,0.0915,0.0,1,1.0,12,2,6,0.0046,0.8,0.0018
100.858,1760,18.6,0.1172,1.0,0.0214,-0.3192,0.9056,-0.0737,0.0,1,1.0,16,2,6,0.0037,0.8,0.0015
100.909,1761,18.6,0.189,0.9173,0.152,-0.0639,0.8764,0.0,0.0,1,1.0,9,2,6,0.0,0.8,0.0
100.957,1762,18.6,0.2601,0.9614,0.0357,-0.4229,0.9532,0.0,0.0,1,1.0,21,2,6,0.0,0.8,0.0
101.011,1763,18.6,0.2888,0.9753,0.0249,-0.4749,0.9809,0.0,0.0,1,1.0,8,2,6,0.0,0.8,0.0
101.055,1764,18.6,0.3355,0.3888,0.251,-0.1246,0.5145,0.0,0.0,1,1.0,5,2,6,0.0,0.8,0.0
101.108,1765,18.6,0.3375,0.4659,0.2038,-0.2005,0.5804,-0.1363,0.0,1,1.0,9,2,6,0.0068,0.8,0.0027
101.158,1766,18.6,0.1843,0.4499,0.6649,0.5145,0.7503,-0.1363,0.0,0,1.0,5,2,6,0.0068,0.8,0.0027
101.209,1767,18.6,0.1843,0.3039,0.4825,0.419,0.5255,-0.0894,0.0,0,1.0,2,2,6,0.0045,0.0,0.0018
101.265,1768,18.6,0.1843,0.4479,0.4078,0.3164,0.6046,-0.0961,0.0,0,1.0,4,2,6,0.0048,0.0,0.0019
101.316,1769,18.6,0.1843,0.3121,0.3961,0.3306,0.484,-0.0961,0.0,0,1.0,3,2,6,0.0048,0.0,0.0019
101.37,1770,18.6,0.1843,0.4405,0.4337,0.3432,0.6129,-0.1876,0.0,0,1.0,5,2,6,0.0094,0.0,0.0038
101.427,1771,19.0,0.9143,0.2342,0.0,-1.0,0.7087,-0.1235,0.0,0,1.0,9,2,6,0.0062,0.0,0.0025
101.479,1772,19.0,0.1988,0.6921,0.4132,0.2643,0.8128,-0.1235,0.0,0,1.0,22,2,6,0.0062,0.0,0.0025
101.535,1773,19.0,0.628,0.5501,0.0,-0.8078,0.8138,-0.1876,0.0,0,1.0,23,2,6,0.0094,0.0,0.0038
101.594,1774,19.0,0.6642,0.5155,0.0,-0.833,0.8049,-0.1876,0.0,0,1.0,17,2,6,0.0094,0.0,0.0038
101.648,1775,19.0,0.7712,0.384,0.0,-0.9208,0.7544,-0.0737,0.0,0,1.0,13,2,6,0.0037,0.0,0.0015
101.7,1776,19.0,0.5491,0.8052,0.0,-0.7006,0.9839,-0.0737,0.0,0,1.0,11,2,6,0.0037,0.0,0.0015
101.753,1777,19.0,0.3351,0.1538,0.0,-0.9357,0.3169,-0.2471,0.0,0,1.0,1,2,6,0.0124,0.0,0.0049
101.809,1778,19.0,0.3353,0.1539,0.0,-0.9357,0.317,0.0,0.0,0,1.0,1,2,6,0.0,0.0,0.0
101.858,1779,19.0,0.0,0.0,0.0,0.0,0.3,0.0,0.0,0,1.0,0,0,6,0.0,0.0,0.0
101.907,1780,19.0,1.0,0.1161,0.0,-1.0,0.6575,0.0,0.0,0,1.0,15,0,6,0.0,0.0,0.0
101.956,1781,19.0,1.0,0.0466,0.0,-1.0,0.5991,0.0,0.0,0,1.0,17,0,6,0.0,0.0,0.0
102.009,1782,19.0,1.0,0.1126,0.0,-1.0,0.6546,-0.1876,0.0,0,1.0,21,0,6,0.0094,0.0,0.0038
102.057,1783,19.0,0.6384,0.7924,0.0,-0.7348,1.0,-0.1876,0.0,0,1.0,18,0,6,0.0094,0.0,0.0038
102.108,1784,19.0,1.0,0.0698,0.0,-1.0,0.6187,-0.0737,0.0,0,1.0,14,0,6,0.0037,0.0,0.0015
102.16,1785,19.0,0.5965,0.9008,0.0,-0.6947,1.0,-0.0737,0.0,0,1.0,20,0,6,0.0037,0.0,0.0015
102.233,1786,19.0,0.5285,0.6855,0.0,-0.7257,0.8718,-0.1876,0.0,0,1.0,18,0,6,0.0094,0.0,0.0038
102.293,1787,19.0,0.9205,0.2186,0.0,-1.0,0.6991,0.0915,0.0,0,1.0,19,0,6,0.0046,0.0,0.0018
102.343,1788,19.0,0.7263,0.393,0.0,-0.9051,0.7369,-0.1876,0.0,0,1.0,30,0,6,0.0094,0.0,0.0038
102.393,1789,19.0,0.6341,0.5828,0.0,-0.7977,0.8447,-0.1876,0.0,0,1.0,17,0,6,0.0094,0.0,0.0038
102.453,1790,19.0,0.384,0.5767,0.1718,-0.2948,0.6995,-0.2122,0.0,0,1.0,11,0,6,0.0106,0.0,0.0042
102.503,1791,19.0,0.6985,0.4574,0.0,-0.8676,0.7754,-0.1876,0.0,0,1.0,9,0,6,0.0094,0.0,0.0038
102.561,1792,19.0,0.558,0.5804,0.0,-0.7717,0.8,-0.0737,0.0,0,1.0,10,0,6,0.0037,0.0,0.0015
102.622,1793,19.0,0.4386,0.5804,0.0502,-0.5912,0.7332,-0.0737,0.0,0,1.0,4,0,6,0.0037,0.0,0.0015
102.676,1794,19.0,0.3423,0.511,0.1923,-0.2215,0.621,0.0915,0.0,0,1.0,7,0,6,0.0046,0.0,0.0018
102.733,1795,19.0,0.0907,0.7777,0.2384,0.2737,0.7868,0.0,0.0,0,1.0,6,0,6,0.0,0.0,0.0
102.789,1796,19.0,0.3237,0.8688,0.0035,-0.5771,0.9111,0.0,0.0,0,1.0,7,0,6,0.0,0.0,0.0
102.843,1797,19.0,0.2893,0.9364,0.0,-0.5583,0.9486,0.0,0.0,0,1.0,11,0,6,0.0,0.0,0.0
102.889,1798,19.0,0.3335,0.9447,0.0,-0.5792,0.9803,0.0,0.0,0,1.0,9,0,6,0.0,0.0,0.0
102.941,1799,19.0,0.1883,1.0,0.0132,-0.4352,0.9455,0.0,0.0,0,1.0,10,0,6,0.0,0.0,0.0
102.993,1800,19.0,0.0426,1.0,0.0172,-0.173,0.8639,0.0,0.0,0,1.0,11,0,6,0.0,0.0,0.0
103.05,1801,18.5,0.0125,0.9944,0.1484,0.4031,0.9184,0.0,0.0,0,1.0,15,0,6,0.0,0.0,0.0
103.107,1802,18.5,0.1739,1.0,0.0613,-0.2489,0.9374,0.0,0.0,0,1.0,13,0,6,0.0,0.0,0.0
103.157,1803,18.5,0.2169,1.0,0.0429,-0.3571,0.9615,0.0,0.0,0,1.0,10,0,6,0.0,0.0,0.0
103.213,1804,18.5,0.216,1.0,0.0,-0.5092,0.961,0.0,0.0,0,1.0,10,0,6,0.0,0.0,0.0
103.268,1805,18.5,0.151,0.7132,0.1696,0.036,0.6941,0.0,0.0,0,1.0,11,0,6,0.0,0.0,0.0
103.317,1806,18.5,0.02,1.0,0.1113,0.3182,0.9023,0.0,0.0,0,1.0,14,0,6,0.0,0.0,0.0
103.37,1807,18.5,0.049,1.0,0.1437,0.09,0.9205,0.0,0.0,0,1.0,11,0,6,0.0,0.0,0.0
103.434,1808,18.5,0.2009,1.0,0.0,-0.5005,0.9525,0.0,0.0,0,1.0,11,0,6,0.0,0.0,0.0
103.484,1809,18.5,0.304,0.9334,0.0,-0.5664,0.9542,0.0,0.0,0,1.0,14,0,6,0.0,0.0,0.0
103.535,1810,18.5,0.1621,0.88,0.061,-0.24,0.8299,0.0,0.0,0,1.0,17,0,6,0.0,0.0,0.0
103.584,1811,18.5,0.2212,1.0,0.0177,-0.4448,0.9639,0.0,0.0,0,1.0,14,0,6,0.0,0.0,0.0
103.637,1812,18.5,0.2349,0.708,0.1583,-0.1286,0.7263,0.0,0.0,0,1.0,17,0,6,0.0,0.0,0.0
103.699,1813,18.5,0.1847,1.0,0.0,-0.491,0.9434,0.0,0.0,0,1.0,23,0,6,0.0,0.0,0.0
103.763,1814,18.5,0.1653,1.0,0.0696,-0.2116,0.9326,0.0,0.0,0,1.0,35,0,6,0.0,0.0,0.0
103.82,1815,18.5,0.3795,0.7546,0.0,-0.6411,0.8463,0.0,0.0,0,1.0,26,0,6,0.0,0.0,0.0
103.873,1816,18.5,0.1109,1.0,0.0309,-0.2618,0.9021,-0.7,0.0,0,1.0,24,0,6,0.035,0.0,0.014
103.924,1817,18.5,0.1939,0.9986,0.0,-0.4966,0.9474,0.0,0.0,0,1.0,17,0,6,0.0,0.0,0.0
103.973,1818,18.5,0.4168,1.0,0.0,-0.6071,1.0,0.0,0.0,0,1.0,20,0,6,0.0,0.0,0.0
104.029,1819,18.5,0.4274,1.0,0.0,-0.6115,1.0,0.0,0.0,0,1.0,16,0,6,0.0,0.0,0.0
104.081,1820,18.5,0.661,0.539,0.0,-0.8227,0.8229,-0.7,0.0,0,1.0,13,0,6,0.035,0.0,0.014
104.133,1821,18.5,0.3798,0.5761,0.4426,0.0652,0.7318,-0.0737,0.0,0,1.0,15,0,6,0.0037,0.0,0.0015
104.183,1822,18.5,0.3549,0.5878,0.4607,0.11,0.7517,-0.0737,0.0,0,1.0,12,0,6,0.0037,0.0,0.0015
104.235,1823,18.5,0.3316,0.6636,0.3825,0.0567,0.7716,-0.2384,0.0,0,1.0,12,0,6,0.0119,0.0,0.0048
104.294,1824,18.5,0.1556,0.8283,0.4575,0.3532,0.952,-0.0835,0.0,0,1.0,17,0,6,0.0042,0.0,0.0017
104.352,1825,18.5,0.1092,1.0,0.0295,-0.2655,0.9011,-0.0835,0.0,0,1.0,15,0,6,0.0042,0.0,0.0017
104.405,1826,18.5,0.1229,1.0,0.0587,-0.1729,0.9088,0.0,0.0,0,1.0,12,0,6,0.0,0.0,0.0
104.462,1827,18.5,0.0527,1.0,0.0912,0.1244,0.8911,0.0,0.0,0,1.0,10,0,6,0.0,0.0,0.0
104.521,1828,18.5,0.0095,0.8628,0.4858,0.6407,0.9968,0.0,0.0,0,1.0,15,0,6,0.0,0.0,0.0
104.578,1829,18.5,0.3069,0.8892,0.0,-0.5755,0.9188,0.0,0.0,0,1.0,10,0,6,0.0,0.0,0.0
104.636,1830,18.5,0.1197,0.8568,0.4019,0.3668,0.9448,-0.1129,0.0,0,1.0,13,0,6,0.0056,0.0,0.0023
104.696,1831,18.3,0.4814,0.5167,0.0227,-0.7051,0.7036,-0.7,0.0,0,1.0,22,0,6,0.035,0.0,0.014
104.758,1832,18.3,0.0727,1.0,0.1113,0.1028,0.9023,-0.1129,0.0,0,1.0,17,0,6,0.0056,0.0,0.0023
104.816,1833,18.3,0.2403,0.9667,0.0,-0.5272,0.9466,0.0,0.0,0,1.0,8,0,6,0.0,0.0,0.0
104.866,1834,18.3,0.1363,1.0,0.2009,0.1095,0.9525,0.0,0.0,0,1.0,10,0,6,0.0,0.0,0.0
104.916,1835,18.3,0.1249,1.0,0.1853,0.1088,0.9438,0.0,0.0,0,1.0,16,0,6,0.0,0.0,0.0
104.965,1836,18.3,0.1341,0.7766,0.5693,0.4697,0.9711,0.0,0.0,0,1.0,16,0,6,0.0,0.0,0.0
105.021,1837,18.3,0.0267,1.0,0.3402,0.5004,1.0,0.0045,0.0,0,1.0,20,0,6,0.0002,0.0,0.0001
105.08,1838,18.3,0.1019,1.0,0.2919,0.2881,1.0,0.0,0.0,0,1.0,20,0,6,0.0,0.0,0.0
105.135,1839,18.3,0.2155,0.7906,0.4622,0.502,0.9229,0.0,0.0,0,1.0,27,0,6,0.0,0.0,0.0
105.192,1840,18.3,0.0167,1.0,0.31,0.5088,1.0,0.0,0.0,0,1.0,38,0,6,0.0,0.0,0.0
105.245,1841,18.3,0.0033,1.0,0.5211,0.6409,1.0,0.0,0.0,0,1.0,32,0,6,0.0,0.0,0.0
105.302,1842,18.3,0.0367,0.795,0.5963,0.6475,1.0,0.0045,0.0,0,1.0,23,0,6,0.0002,0.0,0.0001
105.365,1843,18.3,0.1599,0.6728,0.57,0.4478,0.8844,0.0045,0.0,0,1.0,25,0,6,0.0002,0.0,0.0001
105.423,1844,18.3,0.3577,0.6048,0.4087,0.0552,0.7369,0.0915,0.0,0,1.0,26,0,6,0.0046,0.0,0.0018
105.481,1845,18.3,0.4655,0.5382,0.3728,-0.0964,0.7128,-0.2596,0.0,0,1.0,20,0,6,0.013,0.0,0.0052
105.535,1846,18.3,0.4034,0.5554,0.427,0.0245,0.7057,-0.2564,0.0,0,1.0,12,0,6,0.0128,0.0,0.0051
105.585,1847,18.3,0.3374,0.7148,0.3164,-0.0244,0.7894,-0.2564,0.0,0,1.0,11,0,6,0.0128,0.0,0.0051
105.64,1848,18.3,0.2933,0.8927,0.0154,-0.5183,0.9141,-0.2303,0.0,0,1.0,15,0,6,0.0115,0.0,0.0046
105.696,1849,18.3,0.279,1.0,0.0,-0.5432,0.9962,0.0,0.0,0,1.0,10,0,6,0.0,0.0,0.0
105.757,1850,18.3,0.2092,1.0,0.208,-0.0017,0.9571,0.0,0.0,0,1.0,12,0,6,0.0,0.0,0.0
105.822,1851,18.3,0.3458,0.7269,0.02,-0.5712,0.8043,0.0,0.0,0,1.0,10,0,6,0.0,0.0,0.0
105.874,1852,18.3,0.2221,0.8806,0.0457,-0.3661,0.8641,0.0,0.0,0,1.0,9,0,6,0.0,0.0,0.0
105.928,1853,18.3,0.0237,0.8996,0.4791,0.5989,1.0,0.0,0.0,0,1.0,12,0,6,0.0,0.0,0.0
105.982,1854,18.3,0.0546,0.7833,0.6788,0.652,1.0,0.0,0.0,0,1.0,7,0,6,0.0,0.0,0.0
106.031,1855,18.3,0.0822,0.8527,0.5894,0.5514,1.0,-0.1129,0.0,0,1.0,7,0,6,0.0056,0.0,0.0023
106.081,1856,18.3,0.0992,0.513,0.7076,0.6587,0.8272,0.0915,0.0,0,1.0,11,0,6,0.0046,0.0,0.0018
106.133,1857,18.3,0.0988,0.4377,0.7748,0.7116,0.8016,0.0915,0.0,0,1.0,11,0,6,0.0046,0.0,0.0018
106.183,1858,18.3,0.3487,0.2302,0.555,0.0487,0.5042,-0.158,0.0,0,1.0,9,0,6,0.0079,0.0,0.0032
106.242,1859,18.3,0.2882,0.2776,0.4873,0.2512,0.5061,-0.2393,0.0,0,1.0,8,0,6,0.012,0.0,0.0048
106.293,1860,18.3,0.3179,0.9963,0.0588,-0.4061,1.0,-0.2393,0.0,0,1.0,11,0,6,0.012,0.0,0.0048
106.351,1861,18.1,0.2883,1.0,0.0108,-0.5134,1.0,0.0,0.0,0,1.0,13,0,6,0.0,0.0,0.0
106.412,1862,18.1,0.1763,0.8094,0.0942,-0.1732,0.7786,0.0,0.0,0,1.0,17,0,6,0.0,0.0,0.0
106.469,1863,18.1,0.3448,0.6362,0.0719,-0.4534,0.7275,0.0,0.0,0,1.0,15,0,6,0.0,0.0,0.0
106.527,1864,18.1,0.6103,0.4189,0.0,-0.8581,0.6936,0.0,0.0,0,1.0,12,0,6,0.0,0.0,0.0
106.583,1865,18.1,0.3002,0.812,0.0,-0.5867,0.8502,-0.1876,0.0,0,1.0,21,0,6,0.0094,0.0,0.0038
106.637,1866,18.1,0.4064,0.6223,0.0,-0.6918,0.7503,-0.1876,0.0,0,1.0,26,0,6,0.0094,0.0,0.0038
106.691,1867,18.1,0.6138,0.4275,0.0,-0.8552,0.7028,0.0,0.0,0,1.0,24,0,6,0.0,0.0,0.0
106.746,1868,18.1,0.3431,0.6647,0.0729,-0.4439,0.7505,-0.1876,0.0,0,1.0,21,0,6,0.0094,0.0,0.0038
106.804,1869,18.1,0.3997,0.6408,0.0409,-0.5719,0.7621,0.0,0.0,0,1.0,19,1,6,0.0,0.0,0.0
106.857,1870,18.1,0.3535,0.712,0.0404,-0.524,0.796,0.0,0.0,0,1.0,16,1,6,0.0,0.0,0.0
106.906,1871,18.1,0.6771,0.4387,0.0236,-0.8175,0.7477,-0.7,0.0,0,1.0,12,1,6,0.035,0.0,0.014
106.954,1872,18.1,0.3929,0.6637,0.0882,-0.4516,0.7775,-0.0737,0.0,0,1.0,12,1,6,0.0037,0.0,0.0015
107.007,1873,18.1,0.4277,0.8715,0.0154,-0.5984,0.9716,-0.7,0.0,0,1.0,10,1,6,0.035,0.0,0.014
107.059,1874,18.1,0.2581,1.0,0.2483,-0.0124,0.9845,-0.7,0.0,0,1.0,14,1,6,0.035,0.0,0.014
107.107,1875,18.1,0.1639,1.0,0.0478,-0.2778,0.9318,-0.7,0.0,0,1.0,12,1,6,0.035,0.0,0.014
107.156,1876,18.1,0.1914,0.9117,0.0415,-0.3417,0.8731,0.0,0.0,0,1.0,12,1,6,0.0,0.0,0.0
107.214,1877,18.1,0.119,1.0,0.0329,-0.2669,0.9066,0.0,0.0,0,1.0,10,1,6,0.0,0.0,0.0
107.27,1878,18.1,0.383,0.6019,0.131,-0.3662,0.7201,0.0,0.0,0,1.0,4,1,6,0.0,0.0,0.0
107.328,1879,18.1,0.0535,0.7638,0.5089,0.5799,0.9266,0.0,0.0,0,1.0,8,1,6,0.0,0.0,0.0
107.383,1880,18.1,0.1147,0.6123,0.4768,0.473,0.7814,0.0045,0.0,0,1.0,11,1,6,0.0002,0.0,0.0001
107.439,1881,18.1,0.1208,0.8422,0.2767,0.2469,0.8624,0.0045,0.0,0,1.0,8,1,6,0.0002,0.0,0.0001
107.494,1882,18.1,0.0522,0.8809,0.3272,0.4444,0.9232,0.0045,0.0,0,1.0,9,1,6,0.0002,0.0,0.0001
107.555,1883,18.1,0.0693,0.9667,0.293,0.3636,0.9761,0.0,0.0,0,1.0,10,1,6,0.0,0.0,0.0
107.607,1884,18.1,0.0,0.967,0.3412,0.5791,1.0,0.0,0.0,0,1.0,16,1,6,0.0,0.0,0.0
107.671,1885,18.1,0.0126,0.987,0.2594,0.4914,0.9744,0.0,0.0,0,1.0,9,1,6,0.0,0.0,0.0
107.727,1886,18.1,0.0178,0.9694,0.3461,0.5315,1.0,0.0,0.0,0,1.0,16,1,6,0.0,0.0,0.0
107.788,1887,18.1,0.1062,0.5468,0.7108,0.6388,0.8574,0.0,0.0,0,1.0,17,1,6,0.0,0.0,0.0
107.843,1888,18.1,0.2532,0.5415,0.5869,0.3459,0.7835,0.0,0.0,0,1.0,17,1,6,0.0,0.0,0.0
107.889,1889,18.1,0.3561,0.4397,0.5883,0.2294,0.6988,-0.1129,0.0,0,1.0,19,1,6,0.0056,0.0,0.0023
107.945,1890,18.1,0.2311,0.6108,0.5793,0.3605,0.8375,-0.2303,0.0,0,1.0,15,1,6,0.0115,0.0,0.0046
108.005,1891,18.2,0.1809,0.6714,0.5769,0.4208,0.8871,-0.2303,0.0,0,1.0,16,1,6,0.0115,0.0,0.0046
108.057,1892,18.2,0.1435,0.9809,0.3749,0.2903,1.0,-0.1967,0.0,0,1.0,13,1,6,0.0098,0.0,0.0039
108.104,1893,18.2,0.2549,0.5444,0.5207,0.2926,0.7489,-0.7,0.0,0,1.0,23,1,6,0.035,0.0,0.014
108.156,1894,18.2,0.0724,0.4657,0.8209,0.7642,0.8509,-0.1833,0.0,0,1.0,16,1,6,0.0092,0.0,0.0037
108.206,1895,18.2,0.1195,0.4165,0.7974,0.6932,0.7964,-0.1833,0.0,0,1.0,17,1,6,0.0092,0.0,0.0037
108.256,1896,18.2,0.1198,0.4527,0.7596,0.6653,0.8057,-0.2564,0.0,0,1.0,23,1,6,0.0128,0.0,0.0051
108.31,1897,18.2,0.0667,0.5489,0.9047,0.7736,0.9677,-0.2564,0.0,0,1.0,22,1,6,0.0128,0.0,0.0051
108.359,1898,18.2,0.4176,0.5552,0.0147,-0.6782,0.7002,-0.1967,0.0,0,1.0,13,1,6,0.0098,0.0,0.0039
108.407,1899,18.2,0.032,0.8811,0.5237,0.6059,1.0,-0.7,0.0,0,1.0,16,1,6,0.035,0.0,0.014
108.469,1900,18.2,0.0299,0.8162,0.5894,0.6526,1.0,0.0045,0.0,0,1.0,19,1,6,0.0002,0.0,0.0001
108.528,1901,18.2,0.0076,0.8228,0.5928,0.6963,1.0,0.0045,0.0,0,1.0,20,1,6,0.0002,0.0,0.0001
108.582,1902,18.2,0.1047,0.9396,0.3381,0.3317,0.9786,0.0915,0.0,0,1.0,14,1,6,0.0046,0.0,0.0018
108.638,1903,18.2,0.2541,0.8789,0.0355,-0.4288,0.8805,0.0,0.0,0,1.0,17,1,6,0.0,0.0,0.0
108.694,1904,18.2,0.2159,0.7651,0.1074,-0.2044,0.7636,0.0,0.0,0,1.0,18,1,6,0.0,0.0,0.0
108.756,1905,18.2,0.3518,0.7649,0.0,-0.6246,0.8395,0.0,0.0,0,1.0,15,1,6,0.0,0.0,0.0
108.811,1906,18.2,0.1994,0.8033,0.1199,-0.1491,0.7865,-0.7,0.0,0,1.0,17,1,6,0.035,0.0,0.014
108.866,1907,18.2,0.0397,0.888,0.1664,0.3185,0.8391,-0.7,0.0,0,1.0,21,1,6,0.035,0.0,0.014
108.913,1908,18.2,0.061,0.9424,0.3806,0.4545,1.0,0.0,0.0,0,1.0,17,1,6,0.0,0.0,0.0
108.964,1909,18.2,0.062,0.9306,0.3915,0.4616,1.0,0.0,0.0,0,1.0,19,1,6,0.0,0.0,0.0
109.019,1910,18.2,0.2633,0.83,0.0426,-0.4229,0.8447,0.0,0.0,0,1.0,16,1,6,0.0,0.0,0.0
109.067,1911,18.2,0.4475,0.5648,0.0092,-0.7059,0.725,0.0,0.0,0,1.0,15,1,6,0.0,0.0,0.0
109.116,1912,18.2,0.2016,0.7844,0.0892,-0.2271,0.7718,0.0,0.0,0,1.0,10,1,6,0.0,0.0,0.0
109.165,1913,18.2,0.1887,0.8433,0.0669,-0.2647,0.8141,0.0,0.0,0,1.0,13,1,6,0.0,0.0,0.0
109.218,1914,18.2,0.1908,0.9188,0.0409,-0.3425,0.8786,0.0,0.0,0,1.0,14,1,6,0.0,0.0,0.0
109.277,1915,18.2,0.195,0.8961,0.0697,-0.2613,0.8619,0.0,0.0,0,1.0,15,1,6,0.0,0.0,0.0
109.341,1916,18.2,0.0562,0.8947,0.4502,0.5163,1.0,0.0,0.0,0,1.0,21,1,6,0.0,0.0,0.0
109.393,1917,18.2,0.0567,0.8923,0.4482,0.5146,1.0,0.0,0.0,0,1.0,22,1,6,0.0,0.0,0.0
109.443,1918,18.2,0.056,0.8839,0.4455,0.5157,0.9919,-0.1129,0.0,0,1.0,23,1,6,0.0056,0.0,0.0023
109.492,1919,18.2,0.0547,0.8188,0.4923,0.5572,0.9635,-0.2303,0.0,0,1.0,24,1,6,0.0115,0.0,0.0046
109.541,1920,18.2,0.0298,0.824,0.5017,0.6121,0.9731,-0.2303,0.0,0,1.0,23,1,6,0.0115,0.0,0.0046
109.593,1921,18.8,0.0298,0.8072,0.5207,0.6248,0.9696,-0.1129,0.0,0,1.0,18,1,6,0.0056,0.0,0.0023
109.644,1922,18.8,0.0984,0.6903,0.53,0.5221,0.8766,0.0045,0.0,0,1.0,14,1,6,0.0002,0.0,0.0001
109.695,1923,18.8,0.0985,0.7325,0.5007,0.4953,0.8957,0.0045,0.0,0,1.0,9,1,6,0.0002,0.0,0.0001
109.754,1924,18.8,0.179,0.7832,0.1125,-0.1341,0.7581,0.0045,0.0,0,1.0,5,1,6,0.0002,0.0,0.0001
109.812,1925,18.8,0.179,0.4376,0.3567,0.2728,0.5674,0.0,0.0,0,1.0,4,1,6,0.0,0.0,0.0
109.867,1926,18.8,0.179,0.4577,0.1122,-0.1574,0.4847,0.0045,0.0,0,1.0,2,1,6,0.0002,0.0,0.0001
109.913,1927,18.8,0.1788,0.6954,0.1355,-0.0856,0.6843,0.0045,0.0,0,1.0,7,1,6,0.0002,0.0,0.0001
109.964,1928,18.8,0.2244,0.6402,0.1491,-0.1349,0.6634,0.0,0.0,0,1.0,9,1,6,0.0,0.0,0.0
110.014,1929,18.8,0.1456,1.0,0.002,-0.4551,0.9215,0.0,0.0,0,1.0,10,1,6,0.0,0.0,0.0
110.067,1930,18.8,0.1147,0.7399,0.202,0.1688,0.7346,0.0,0.0,0,1.0,8,1,6,0.0,0.0,0.0
110.117,1931,18.8,0.2896,0.9332,0.0,-0.559,0.9461,0.0,0.0,0,1.0,13,1,6,0.0,0.0,0.0
110.167,1932,18.8,0.1863,1.0,0.0,-0.4919,0.9443,0.0,0.0,0,1.0,16,1,6,0.0,0.0,0.0
110.219,1933,18.8,0.1052,1.0,0.0,-0.4399,0.8989,0.0,0.0,0,1.0,24,1,6,0.0,0.0,0.0
110.279,1934,18.8,0.2071,0.927,0.0504,-0.3303,0.8947,0.0,0.0,0,1.0,16,1,6,0.0,0.0,0.0
110.336,1935,18.8,0.2092,0.9673,0.0333,-0.3833,0.9297,0.0,0.0,0,1.0,16,1,6,0.0,0.0,0.0
110.398,1936,18.8,0.234,0.7089,0.4666,0.2581,0.8568,0.0,0.0,0,1.0,21,1,6,0.0,0.0,0.0
110.456,1937,18.8,0.1963,0.9782,0.2996,0.1338,0.9894,0.0,0.0,0,1.0,24,1,6,0.0,0.0,0.0
110.515,1938,18.8,0.0675,0.7759,0.2913,0.3901,0.8149,-0.0961,0.0,0,1.0,10,1,6,0.0048,0.0,0.0019
110.568,1939,18.8,0.0544,0.7542,0.3294,0.4611,0.818,-0.4182,0.0,0,1.0,10,1,6,0.0209,0.0,0.0084
110.622,1940,18.8,0.0673,0.7541,0.3303,0.2012,0.8184,0.0,0.0,0,1.0,10,1,6,0.0,0.0,0.0
110.682,1941,18.8,0.3676,1.0,0.1532,-0.2666,1.0,0.0,0.0,0,1.0,14,1,6,0.0,0.0,0.0
110.739,1942,18.8,0.6664,0.3422,0.023,-0.8599,0.6606,-0.4651,0.0,0,1.0,10,1,6,0.0233,0.0,0.0093
110.794,1943,18.8,0.6516,0.6789,0.1115,-0.5695,0.9351,-0.4651,0.0,0,1.0,18,1,6,0.0233,0.0,0.0093
110.847,1944,18.8,0.6694,0.6437,0.128,-0.56,0.9155,-0.0737,0.0,0,1.0,17,1,6,0.0037,0.0,0.0015
110.901,1945,18.8,0.1392,0.9203,0.3299,0.2616,0.9578,-0.2664,0.0,0,1.0,7,1,6,0.0133,0.0,0.0053
110.949,1946,18.8,0.2125,0.7452,0.3902,0.2169,0.8445,-0.2664,0.0,1,1.0,8,1,6,0.0133,1.0,0.0053
110.998,1947,18.8,0.2354,0.676,0.4395,0.2357,0.8139,0.0,0.0,1,1.0,6,1,6,0.0,0.8,0.0
111.05,1948,18.8,0.0089,0.5322,0.5286,0.7561,0.743,-0.3477,0.0,1,1.0,16,1,6,0.0174,0.8,0.007
111.101,1949,18.8,0.3233,0.5433,0.1683,-0.1979,0.6374,-0.3477,0.0,1,1.0,10,1,6,0.0174,0.8,0.007
111.146,1950,18.8,0.4912,0.2427,0.0,-0.9222,0.479,0.0045,0.0,1,1.0,2,1,6,0.0002,0.8,0.0001
111.198,1951,18.7,0.3647,0.7278,0.0,-0.6404,0.8156,-0.1129,0.0,1,1.0,3,1,6,0.0056,0.8,0.0023
111.252,1952,18.7,0.2768,0.6629,0.0315,-0.4985,0.7118,-0.1129,0.0,1,1.0,4,1,6,0.0056,0.8,0.0023
111.301,1953,18.7,0.0053,0.6038,0.6636,0.7887,0.8788,-0.7,0.0,1,1.0,5,1,6,0.035,0.8,0.014
111.348,1954,18.7,0.0677,0.6887,0.2402,0.3472,0.713,0.0045,0.0,1,1.0,3,1,6,0.0002,0.8,0.0001
111.402,1955,18.7,0.6675,0.4043,0.0,-0.8831,0.7134,0.0,0.0,1,1.0,10,1,6,0.0,0.8,0.0
111.467,1956,18.7,0.6733,0.3672,0.0,-0.9036,0.6855,0.0,0.0,1,1.0,11,1,6,0.0,0.8,0.0
111.518,1957,18.7,0.348,0.7099,0.0367,-0.5302,0.7912,-0.0737,0.0,1,1.0,18,1,6,0.0037,0.8,0.0015
111.57,1958,18.7,0.1845,0.8198,0.1078,-0.1524,0.792,0.0,0.0,0,1.0,25,1,6,0.0,0.8,0.0
111.63,1959,18.7,0.6618,0.6031,0.0929,-0.6234,0.8772,0.0,0.0,0,1.0,15,2,6,0.0,0.0,0.0
111.685,1960,18.7,0.3353,0.4176,0.1718,-0.2646,0.5385,0.0,0.0,0,1.0,4,2,6,0.0,0.0,0.0
111.74,1961,18.7,0.3295,0.5018,0.1954,-0.2017,0.606,-0.1363,0.0,0,1.0,8,2,6,0.0068,0.0,0.0027
111.794,1962,18.7,0.1519,0.9697,0.0479,-0.2621,0.8996,0.0,0.0,0,1.0,13,2,6,0.0,0.0,0.0
111.851,1963,18.7,0.1197,1.0,0.0574,-0.1712,0.907,0.0,0.0,0,1.0,13,2,6,0.0,0.0,0.0
111.9,1964,18.7,0.2259,0.8978,0.0867,-0.257,0.8807,0.0,0.0,0,1.0,7,2,6,0.0,0.0,0.0
111.947,1965,18.7,0.5797,0.7929,0.0732,-0.5735,0.9906,0.0,0.0,0,1.0,14,2,6,0.0,0.0,0.0
111.998,1966,18.7,0.2189,0.896,0.0347,-0.3961,0.8752,0.0915,0.0,0,1.0,6,2,6,0.0046,0.0,0.0018
112.056,1967,18.7,0.6983,0.7092,0.029,-0.7226,0.9868,0.0,0.0,0,1.0,10,2,6,0.0,0.0,0.0
112.107,1968,18.7,0.9443,0.4881,0.0,-0.9138,0.9389,0.0,0.0,0,1.0,14,2,6,0.0,0.0,0.0
112.156,1969,18.7,1.0,0.4448,0.0,-0.9414,0.9337,-0.0737,0.0,0,1.0,15,2,6,0.0037,0.0,0.0015
112.209,1970,18.7,1.0,0.3519,0.0,-0.9814,0.8556,-0.1876,0.0,0,1.0,16,2,6,0.0094,0.0,0.0038
112.26,1971,18.7,0.973,0.5503,0.0,-0.8965,1.0,-0.1876,0.0,0,1.0,24,2,6,0.0094,0.0,0.0038
112.321,1972,18.7,0.8623,0.6178,0.0,-0.8494,1.0,-0.1876,0.0,0,1.0,19,2,6,0.0094,0.0,0.0038
112.375,1973,18.7,0.848,0.6085,0.1592,-0.6043,0.9861,-0.1876,0.0,0,1.0,24,2,6,0.0094,0.0,0.0038
112.433,1974,18.7,0.9287,0.6667,0.0,-0.849,1.0,-0.1876,0.0,0,1.0,24,2,6,0.0094,0.0,0.0038
112.492,1975,18.7,0.8935,0.6049,0.0859,-0.725,1.0,-0.2141,0.0,0,1.0,24,2,6,0.0107,0.0,0.0043
112.544,1976,18.7,1.0,0.3346,0.0,-0.9894,0.8411,-0.2209,0.0,0,1.0,13,2,6,0.011,0.0,0.0044
112.606,1977,18.7,1.0,0.4138,0.0025,-0.9499,0.9076,-0.2209,0.0,0,1.0,11,2,6,0.011,0.0,0.0044
112.658,1978,18.7,0.9687,0.4875,0.0029,-0.9138,0.952,-0.1876,0.0,0,1.0,9,2,6,0.0094,0.0,0.0038
112.71,1979,18.7,0.944,0.6849,0.0,-0.8468,1.0,-0.1876,0.0,0,1.0,11,2,6,0.0094,0.0,0.0038
112.775,1980,18.7,1.0,0.4192,0.0,-0.9519,0.9122,-0.1876,0.0,0,1.0,14,2,6,0.0094,0.0,0.0038
112.832,1981,18.4,1.0,0.3186,0.0,-0.997,0.8276,-0.1876,0.0,0,1.0,19,2,6,0.0094,0.0,0.0038
112.889,1982,18.4,1.0,0.5894,0.0,-0.8885,1.0,-0.1876,0.0,0,1.0,32,2,6,0.0094,0.0,0.0038
112.942,1983,18.4,1.0,0.3823,0.0,-0.9677,0.8811,-0.1876,0.0,0,1.0,23,2,6,0.0094,0.0,0.0038
112.991,1984,18.4,0.7893,0.5995,0.1735,-0.5614,0.9456,-0.1876,0.0,0,1.0,23,2,6,0.0094,0.0,0.0038
113.042,1985,18.4,0.2869,0.57,0.4,0.1348,0.7028,-0.1876,0.0,0,1.0,20,2,6,0.0094,0.0,0.0038
113.091,1986,18.4,0.3842,0.4873,0.4463,0.0666,0.6592,-0.1363,0.0,0,1.0,21,2,6,0.0068,0.0,0.0027
113.141,1987,18.4,0.8645,0.8086,0.0,-0.794,1.0,-0.1363,0.0,0,1.0,23,2,6,0.0068,0.0,0.0027
113.19,1988,18.4,0.996,0.4551,0.0,-0.9366,0.9401,-0.2219,0.0,0,1.0,20,2,6,0.0111,0.0,0.0044
113.248,1989,18.4,0.8741,0.7615,0.002,-0.8057,1.0,-0.1876,0.0,0,1.0,23,2,6,0.0094,0.0,0.0038
113.304,1990,18.4,0.7784,0.5189,0.2461,-0.4767,0.8717,-0.1876,0.0,0,1.0,25,2,6,0.0094,0.0,0.0038
113.359,1991,18.4,0.797,0.6583,0.0404,-0.7502,0.9993,-0.1876,0.0,0,1.0,25,2,6,0.0094,0.0,0.0038
113.41,1992,18.4,0.9426,0.7029,0.0,-0.8412,1.0,-0.2179,0.0,0,1.0,25,2,6,0.0109,0.0,0.0044
113.469,1993,18.4,0.8117,0.5403,0.1813,-0.5739,0.9084,-0.2179,0.0,0,1.0,14,2,6,0.0109,0.0,0.0044
113.529,1994,18.4,0.9465,0.4639,0.1177,-0.7359,0.9197,-0.1876,0.0,0,1.0,14,2,6,0.0094,0.0,0.0038
113.589,1995,18.4,0.9035,0.6952,0.036,-0.7781,1.0,-0.2564,0.0,0,1.0,12,2,6,0.0128,0.0,0.0051
113.649,1996,18.4,0.8454,0.7712,0.0026,-0.7951,1.0,-0.1876,0.0,0,1.0,9,2,6,0.0094,0.0,0.0038
113.702,1997,18.4,0.9794,0.6522,0.0,-0.8642,1.0,-0.1876,0.0,0,1.0,7,2,6,0.0094,0.0,0.0038
113.761,1998,18.4,0.7957,0.6167,0.1903,-0.5383,0.9636,-0.1876,0.0,0,1.0,14,2,6,0.0094,0.0,0.0038
113.815,1999,18.4,0.7854,0.5717,0.2482,-0.4682,0.92,-0.2303,0.0,0,1.0,16,2,6,0.0115,0.0,0.0046
113.865,2000,18.4,0.8054,0.5402,0.2455,-0.4874,0.9048,-0.2303,0.0,0,1.0,15,2,6,0.0115,0.0,0.0046
113.914,2001,18.4,0.7795,0.8548,0.0666,-0.6554,1.0,-0.2042,0.0,0,1.0,16,2,6,0.0102,0.0,0.0041
113.964,2002,18.4,0.8149,0.5493,0.2166,-0.5268,0.9178,-0.2471,0.0,0,1.0,14,2,6,0.0124,0.0,0.0049
114.017,2003,18.4,1.0,0.3881,0.0,-0.9651,0.886,-0.2471,0.0,0,1.0,13,2,6,0.0124,0.0,0.0049
114.066,2004,18.4,1.0,0.4185,0.0,-0.9522,0.9115,-0.2627,0.0,0,1.0,19,2,6,0.0131,0.0,0.0053
114.117,2005,18.4,1.0,0.3995,0.0,-0.9602,0.8955,-0.2627,0.0,0,1.0,15,2,6,0.0131,0.0,0.0053
114.174,2006,18.4,0.8793,0.8402,0.0,-0.7896,1.0,-0.1876,0.0,0,1.0,22,2,6,0.0094,0.0,0.0038
114.227,2007,18.4,0.9828,0.711,0.0,-0.8474,1.0,-0.1876,0.0,0,1.0,16,2,6,0.0094,0.0,0.0038
114.284,2008,18.4,1.0,0.6589,0.0686,-0.7666,1.0,-0.1876,0.0,0,1.0,16,2,6,0.0094,0.0,0.0038
114.332,2009,18.4,1.0,0.6441,0.0376,-0.8147,1.0,-0.1876,0.0,0,1.0,20,2,6,0.0094,0.0,0.0038
114.382,2010,18.4,1.0,0.4005,0.0,-0.9598,0.8964,-0.2303,0.0,0,1.0,12,2,6,0.0115,0.0,0.0046
114.442,2011,18.7,0.6543,0.524,0.0142,-0.7957,0.8066,-0.2303,0.0,0,1.0,11,2,6,0.0115,0.0,0.0046
114.5,2012,18.7,1.0,0.4138,0.0,-0.9542,0.9076,-0.1876,0.0,0,1.0,10,2,6,0.0094,0.0,0.0038
114.55,2013,18.7,1.0,0.4764,0.0,-0.9289,0.9602,-0.0737,0.0,0,1.0,11,2,6,0.0037,0.0,0.0015
114.6,2014,18.7,1.0,0.4055,0.0,-0.9576,0.9006,-0.0737,0.0,0,1.0,10,2,6,0.0037,0.0,0.0015
114.65,2015,18.7,0.7083,0.4183,0.0,-0.8881,0.7481,-0.1876,0.0,0,1.0,5,2,6,0.0094,0.0,0.0038
114.701,2016,18.7,1.0,0.3606,0.0,-0.9774,0.8629,-0.0737,0.0,0,1.0,7,2,6,0.0037,0.0,0.0015
114.751,2017,18.7,1.0,0.4599,0.0,-0.9354,0.9463,-0.0737,0.0,0,1.0,7,2,6,0.0037,0.0,0.0015
114.799,2018,18.7,1.0,0.4718,0.0,-0.9307,0.9563,-0.1876,0.0,0,1.0,6,2,6,0.0094,0.0,0.0038
114.849,2019,18.7,0.907,0.5299,0.0,-0.8902,0.9531,-0.1876,0.0,0,1.0,4,2,6,0.0094,0.0,0.0038
114.897,2020,18.7,1.0,0.5077,0.0,-0.9171,0.9865,-0.1876,0.0,0,1.0,7,2,6,0.0094,0.0,0.0038
114.947,2021,18.7,1.0,0.4783,0.0,-0.9282,0.9618,-0.1876,0.0,0,1.0,13,2,6,0.0094,0.0,0.0038
114.998,2022,18.7,0.8757,0.6864,0.0,-0.8309,1.0,-0.1876,0.0,0,1.0,14,2,6,0.0094,0.0,0.0038
115.05,2023,18.7,0.971,0.659,0.0,-0.8604,1.0,-0.1876,0.0,0,1.0,25,2,6,0.0094,0.0,0.0038
115.1,2024,18.7,1.0,0.6221,0.0022,-0.8745,1.0,-0.1876,0.0,0,1.0,21,2,6,0.0094,0.0,0.0038
115.148,2025,18.7,0.858,0.7271,0.0118,-0.7953,1.0,-0.1876,0.0,0,1.0,18,2,6,0.0094,0.0,0.0038
115.199,2026,18.7,0.6833,0.4309,0.1163,-0.6424,1.0,-0.1876,0.0,0,1.6,16,0,7,0.0094,0.0,0.0038
115.255,2027,18.7,0.8849,0.2949,0.0,-0.99,1.0,-0.2303,0.0,0,1.56,12,0,7,0.0115,0.0,0.0046
115.312,2028,18.7,0.538,0.8145,0.0,-0.6941,1.0,-0.2303,0.0,0,1.52,17,0,7,0.0115,0.0,0.0046
115.365,2029,18.7,0.5486,0.795,0.0,-0.703,1.0,-0.1876,0.0,0,1.48,21,0,7,0.0094,0.0,0.0038
115.419,2030,18.7,0.7971,0.4634,0.2723,-0.4642,1.0,0.0915,0.0,0,1.44,13,0,7,0.0046,0.0,0.0018
115.478,2031,18.7,0.3754,0.6069,0.4031,0.0295,1.0,-0.2303,0.0,0,1.4,12,0,7,0.0115,0.0,0.0046
115.534,2032,18.7,0.4187,0.9122,0.0,-0.6243,1.0,-0.2303,0.0,0,1.36,12,0,7,0.0115,0.0,0.0046
115.582,2033,18.7,0.3125,0.8408,0.0,-0.5876,1.0,-0.2156,0.0,0,1.32,11,0,7,0.0108,0.0,0.0043
115.636,2034,18.7,0.3087,0.8724,0.0,-0.5795,1.0,0.0,0.0,0,1.28,11,0,7,0.0,0.0,0.0
115.695,2035,18.7,0.8869,0.7005,0.0,-0.8293,1.0,0.0,0.0,0,1.24,12,0,7,0.0,0.0,0.0
115.754,2036,18.7,0.8082,0.608,0.0001,-0.8391,1.0,0.0,0.0,0,1.2,11,0,7,0.0,0.0,0.0
115.812,2037,18.7,0.077,0.7605,0.5601,0.5634,1.0,-0.1876,0.0,0,1.16,13,0,7,0.0094,0.0,0.0038
115.869,2038,18.7,0.1676,1.0,0.0,-0.4806,1.0,0.0045,0.0,0,1.12,12,0,7,0.0002,0.0,0.0001
115.914,2039,18.7,0.1182,1.0,0.0,-0.4488,0.9787,0.0045,0.0,0,1.08,11,0,7,0.0002,0.0,0.0001
115.964,2040,18.7,0.0903,1.0,0.0019,-0.4132,0.9262,0.0,0.0,0,1.04,11,0,7,0.0,0.0,0.0
116.015,2041,19.0,0.0827,1.0,0.0339,-0.1872,0.8863,0.0,0.0,0,1.0,10,0,7,0.0,0.0,0.0
116.064,2042,19.0,0.0397,1.0,0.0444,0.1233,0.8649,0.0,0.0,0,1.0,10,0,7,0.0,0.0,0.0
116.116,2043,19.0,0.6998,0.7116,0.0144,-0.7494,0.9896,0.0,0.0,0,1.0,13,0,7,0.0,0.0,0.0
116.162,2044,19.0,0.6686,0.734,0.024,-0.7147,0.991,0.0,0.0,0,1.0,9,0,7,0.0,0.0,0.0
116.216,2045,19.0,0.687,0.7215,0.0079,-0.7546,0.9908,-0.0737,0.0,0,1.0,9,0,7,0.0037,0.0,0.0015
116.266,2046,19.0,0.8028,0.6125,0.0115,-0.8158,0.964,-0.0737,0.0,0,1.0,8,0,7,0.0037,0.0,0.0015
116.314,2047,19.0,0.0982,1.0,0.0047,-0.3982,0.895,-0.0737,0.0,0,1.0,7,0,7,0.0037,0.0,0.0015
116.366,2048,19.0,0.1864,0.9928,0.0,-0.4928,0.9383,0.0,0.0,0,1.0,8,0,7,0.0,0.0,0.0
116.414,2049,19.0,0.2734,0.8555,0.0289,-0.4685,0.8717,0.0,0.0,0,1.0,6,0,7,0.0,0.0,0.0
116.465,2050,19.0,0.406,0.7637,0.0,-0.6516,0.8689,0.0,0.0,0,1.0,9,0,7,0.0,0.0,0.0
116.515,2051,19.0,0.4693,0.6918,0.0,-0.6995,0.8439,0.0,0.0,0,1.0,7,0,7,0.0,0.0,0.0
116.567,2052,19.0,0.4582,0.7137,0.0,-0.6885,0.8561,-0.7,0.0,0,1.0,6,0,7,0.035,0.0,0.014
116.619,2053,19.0,0.0705,0.7522,0.0003,-0.4285,0.6713,-0.1967,0.0,0,1.0,2,0,7,0.0098,0.0,0.0039
116.686,2054,19.0,0.3137,0.8769,0.0079,-0.5568,0.9123,0.0,0.0,0,1.0,8,0,7,0.0,0.0,0.0
116.755,2055,19.0,0.6202,0.4086,0.0,-0.8664,0.6906,0.0,0.0,0,1.0,3,0,7,0.0,0.0,0.0
116.824,2056,19.0,0.3283,0.8408,0.0109,-0.5628,0.8901,0.0,0.0,0,1.0,5,0,7,0.0,0.0,0.0
116.873,2057,19.0,0.4262,0.605,0.0224,-0.6459,0.7469,-0.1876,0.0,0,1.0,4,0,7,0.0094,0.0,0.0038
116.924,2058,19.0,0.2782,0.8924,0.0,-0.5597,0.9054,-0.7,0.0,0,1.0,6,0,7,0.035,0.0,0.014
116.974,2059,19.0,0.0607,0.4211,0.0,-0.4659,0.3878,0.0,0.0,0,1.0,1,0,7,0.0,0.0,0.0
117.023,2060,19.0,0.0542,0.4465,0.0,-0.451,0.4054,0.0,0.0,0,1.0,1,0,7,0.0,0.0,0.0
117.073,2061,19.0,0.0296,0.4525,0.0,-0.4116,0.3967,0.0,0.0,0,1.0,1,0,7,0.0,0.0,0.0
117.125,2062,19.0,0.0198,0.4798,0.0,-0.3933,0.4141,0.0,0.0,0,1.0,1,0,7,0.0,0.0,0.0
117.173,2063,19.0,0.1712,0.2137,0.0,-0.7336,0.2754,0.0,0.0,0,1.0,1,0,7,0.0,0.0,0.0
117.236,2064,19.0,0.0866,0.4769,0.4394,0.5369,0.6467,0.0,0.0,0,1.0,2,0,7,0.0,0.0,0.0
117.292,2065,19.0,0.1807,0.2209,0.0,-0.738,0.2867,0.0,0.0,0,1.0,1,0,7,0.0,0.0,0.0
117.342,2066,19.0,0.0,0.0,0.0,0.0,0.3,0.0,0.0,0,1.0,0,0,7,0.0,0.0,0.0
117.391,2067,19.0,0.3406,0.4898,0.0,-0.7045,0.6021,0.0,0.0,0,1.0,2,0,7,0.0,0.0,0.0
117.445,2068,19.0,0.0,0.0,0.0,0.0,0.3,0.0,0.0,0,1.0,0,0,7,0.0,0.0,0.0
117.501,2069,19.0,0.3354,0.1539,0.0,-0.9357,0.3171,0.0,0.0,0,1.0,1,0,7,0.0,0.0,0.0
117.547,2070,19.0,0.3354,0.1539,0.0,-0.9357,0.3171,0.0,0.0,0,1.0,1,0,7,0.0,0.0,0.0
117.599,2071,19.0,0.3354,0.1539,0.0,-0.9357,0.3171,0.0,0.0,0,1.0,1,0,7,0.0,0.0,0.0
117.652,2072,19.0,0.5603,0.2006,0.0,-0.9785,0.7717,0.0,0.0,0,1.6,2,0,8,0.0,0.0,0.0
117.711,2073,19.0,0.0,0.0,0.0,0.0,0.3,0.0,0.0,0,1.56,0,0,8,0.0,0.0,0.0
117.774,2074,19.0,0.1569,0.8676,0.0123,-0.4249,1.0,0.0045,0.0,0,1.52,4,0,8,0.0002,0.0,0.0001
117.839,2075,19.0,0.3845,0.3562,0.0,-0.796,0.7615,0.0045,0.0,0,1.48,2,0,8,0.0002,0.0,0.0001
117.89,2076,19.0,0.5655,0.4704,0.0038,-0.8089,1.0,-0.4651,0.0,0,1.44,5,0,8,0.0233,0.0,0.0093
117.939,2077,19.0,0.4197,0.5438,0.147,-0.3795,0.9685,-0.4651,0.0,0,1.4,5,0,8,0.0233,0.0,0.0093
117.989,2078,19.0,0.4778,0.5607,0.114,-0.4865,1.0,0.0045,0.0,0,1.36,6,0,8,0.0002,0.0,0.0001
118.04,2079,19.0,0.5231,0.6029,0.0781,-0.5768,1.0,0.0045,0.0,0,1.32,6,0,8,0.0002,0.0,0.0001
118.092,2080,19.0,0.4961,0.6622,0.0871,-0.5282,1.0,0.0045,0.0,0,1.28,5,0,8,0.0002,0.0,0.0001
118.143,2081,19.0,0.5519,0.7241,0.0285,-0.6617,1.0,0.0915,0.0,0,1.24,7,0,8,0.0046,0.0,0.0018
118.192,2082,19.0,0.5939,0.5446,0.1279,-0.5415,0.948,0.0915,0.0,0,1.2,6,0,8,0.0046,0.0,0.0018
118.245,2083,19.0,0.1598,0.8977,0.134,-0.0497,0.9786,0.0915,0.0,0,1.16,14,0,8,0.0046,0.0,0.0018
118.301,2084,19.0,0.1099,0.7919,0.3162,0.3167,0.9434,0.0915,0.0,0,1.12,17,0,8,0.0046,0.0,0.0018
118.351,2085,19.0,0.1717,0.6478,0.2361,0.108,0.7305,0.0,0.0,0,1.08,7,0,8,0.0,0.0,0.0
118.401,2086,19.0,0.1276,0.885,0.0922,-0.0848,0.8474,0.0,0.0,0,1.04,10,0,8,0.0,0.0,0.0
118.454,2087,19.0,0.0425,0.6596,0.3558,0.532,0.7533,0.0,0.0,0,1.0,9,0,8,0.0,0.0,0.0
118.509,2088,19.0,0.2521,0.7862,0.1292,-0.2044,0.8016,0.0,0.0,0,1.0,7,0,8,0.0,0.0,0.0
118.558,2089,19.0,0.2572,0.7621,0.1,-0.2765,0.7842,0.0,0.0,0,1.0,8,0,8,0.0,0.0,0.0
118.607,2090,19.0,0.3011,0.738,0.1136,-0.2993,0.7885,0.0,0.0,0,1.0,7,0,8,0.0,0.0,0.0
118.66,2091,19.0,0.3437,0.6016,0.2193,-0.1693,0.6978,0.0,0.0,0,1.0,7,0,8,0.0,0.0,0.0
118.711,2092,19.0,0.5145,0.5901,0.1503,-0.4411,0.7838,0.0,0.0,0,1.0,8,0,8,0.0,0.0,0.0
118.77,2093,19.0,0.257,0.8464,0.0669,-0.3477,0.8549,-0.1876,0.0,0,1.0,10,0,8,0.0094,0.0,0.0038
118.826,2094,19.0,0.141,0.3696,0.4247,0.4353,0.5483,0.0,0.0,0,1.0,6,0,8,0.0,0.0,0.0
118.874,2095,19.0,0.1025,0.5323,0.3352,0.393,0.6349,0.0,0.0,0,1.0,5,0,8,0.0,0.0,0.0
118.925,2096,19.0,0.0589,0.7061,0.3268,0.4561,0.7761,-0.4651,0.0,0,1.0,10,0,8,0.0233,0.0,0.0093
118.975,2097,19.0,0.1129,0.7469,0.2178,0.196,0.7494,0.0,0.0,0,1.0,8,0,8,0.0,0.0,0.0
119.026,2098,19.0,0.2137,0.7671,0.0524,-0.5355,0.7641,0.0,0.0,0,1.0,12,0,8,0.0,0.0,0.0
119.082,2099,19.0,0.323,0.571,0.0381,-0.5408,0.6605,0.0,0.0,0,1.0,5,0,8,0.0,0.0,0.0
119.133,2100,19.0,0.2466,0.6218,0.0731,-0.3503,0.6604,0.0,0.0,0,1.0,5,0,8,0.0,0.0,0.0
119.182,2101,18.9,0.1019,0.9945,0.0121,-0.3517,0.8924,0.0,0.0,0,1.0,8,0,8,0.0,0.0,0.0
119.234,2102,18.9,0.099,1.0,0.0153,-0.3269,0.8954,0.0,0.0,0,1.0,7,0,8,0.0,0.0,0.0
119.296,2103,18.9,0.0926,0.9755,0.0326,-0.2182,0.8713,0.0,0.0,0,1.0,7,0,8,0.0,0.0,0.0
119.352,2104,18.9,0.1338,0.9644,0.0216,-0.3439,0.885,0.0,0.0,0,1.0,9,0,8,0.0,0.0,0.0
119.409,2105,18.9,0.1724,0.8151,0.0633,-0.2537,0.7812,0.0,0.0,0,1.0,8,0,8,0.0,0.0,0.0
119.463,2106,18.9,0.1678,0.7528,0.0722,-0.2243,0.7263,0.0,0.0,0,1.0,8,0,8,0.0,0.0,0.0
119.519,2107,18.9,0.0621,0.8852,0.1184,0.1567,0.8098,0.0,0.0,0,1.0,9,0,8,0.0,0.0,0.0
119.577,2108,18.9,0.0501,0.8387,0.1924,0.3217,0.8123,0.0,0.0,0,1.0,10,0,8,0.0,0.0,0.0
119.63,2109,18.9,0.0505,0.9225,0.1313,0.2214,0.8484,0.0,0.0,0,1.0,12,0,8,0.0,0.0,0.0
119.689,2110,18.9,0.0352,0.9988,0.1828,0.3456,0.9414,0.0,0.0,0,1.0,8,0,8,0.0,0.0,0.0
119.752,2111,18.9,0.0173,1.0,0.171,0.4027,0.9358,0.0,0.0,0,1.0,7,0,8,0.0,0.0,0.0
119.816,2112,18.9,0.0143,1.0,0.0304,0.1427,0.857,0.0,0.0,0,1.0,6,0,8,0.0,0.0,0.0
119.871,2113,18.9,0.332,0.7611,0.0,-0.6151,0.8253,0.0,0.0,0,1.0,8,0,8,0.0,0.0,0.0
119.932,2114,18.9,0.4516,0.63,0.0273,-0.6403,0.7821,0.0,0.0,0,1.0,9,0,8,0.0,0.0,0.0
119.986,2115,18.9,0.4083,0.8613,0.0,-0.6301,0.9522,0.0,0.0,0,1.0,10,0,8,0.0,0.0,0.0
120.035,2116,18.9,0.4945,1.0,0.015,-0.6057,1.0,-0.7,0.0,0,1.0,8,0,8,0.035,0.0,0.014
120.083,2117,18.9,0.6862,0.667,0.0345,-0.7201,0.9445,-0.7,0.0,0,1.0,6,0,8,0.035,0.0,0.014
120.134,2118,18.9,0.7953,0.7107,0.0026,-0.799,1.0,-0.1129,0.0,0,1.0,6,0,8,0.0056,0.0,0.0023
120.184,2119,18.9,1.0,0.3838,0.0327,-0.9108,0.8824,-0.2027,0.0,0,1.0,7,0,8,0.0101,0.0,0.0041
120.234,2120,18.9,1.0,0.4285,0.0,-0.948,0.92,-0.2027,0.0,0,1.0,7,0,8,0.0101,0.0,0.0041
120.289,2121,18.9,0.9759,0.3034,0.0039,-0.9935,0.8013,-0.1876,0.0,0,1.0,11,0,8,0.0094,0.0,0.0038
120.348,2122,18.9,0.889,0.3549,0.0414,-0.8819,0.7959,-0.1876,0.0,0,1.0,11,0,8,0.0094,0.0,0.0038
120.402,2123,18.9,0.92,0.3193,0.0457,-0.8975,0.7834,-0.1876,0.0,0,1.0,9,0,8,0.0094,0.0,0.0038
120.465,2124,18.9,0.4662,0.3939,0.2651,-0.2491,0.5919,-0.1876,0.0,0,1.0,12,0,8,0.0094,0.0,0.0038
120.518,2125,18.9,0.0022,0.4686,0.5177,0.7949,0.6835,-0.2099,0.0,0,1.0,10,0,8,0.0105,0.0,0.0042
120.568,2126,18.9,0.0024,0.5558,0.4289,0.7189,0.7071,0.0045,0.0,0,1.0,7,0,8,0.0002,0.0,0.0001
120.618,2127,18.9,0.4409,0.4032,0.2788,-0.2024,0.5856,0.0045,0.0,0,1.0,12,0,8,0.0002,0.0,0.0001
120.675,2128,18.9,0.1021,0.7216,0.1883,0.1786,0.7116,-0.7,0.0,0,1.0,8,0,8,0.035,0.0,0.014
120.729,2129,18.9,0.0518,0.4779,0.4758,0.6436,0.6679,0.0,0.0,0,1.0,8,0,8,0.0,0.0,0.0
120.786,2130,18.9,0.0006,0.8448,0.2801,0.567,0.8665,-0.1129,0.0,0,1.0,9,0,8,0.0056,0.0,0.0023
120.846,2131,18.1,0.2876,0.764,0.0662,-0.3916,0.8028,0.0,0.0,0,1.0,11,0,8,0.0,0.0,0.0
120.9,2132,18.1,0.3993,0.6918,0.0191,-0.6148,0.8047,0.0,0.0,0,1.0,11,0,8,0.0,0.0,0.0
120.947,2133,18.1,0.2304,0.9231,0.0686,-0.3061,0.9044,0.0,0.0,0,1.0,15,0,8,0.0,0.0,0.0
120.999,2134,18.1,0.446,0.6783,0.0202,-0.6414,0.8195,0.0,0.0,0,1.0,13,0,8,0.0,0.0,0.0
121.049,2135,18.1,0.2345,0.8568,0.0547,-0.3556,0.851,-0.1967,0.0,0,1.0,14,0,8,0.0098,0.0,0.0039
121.101,2136,18.1,0.0589,1.0,0.1396,0.2029,0.9182,-0.1967,0.0,0,1.0,10,0,8,0.0098,0.0,0.0039
121.151,2137,18.1,0.1298,0.8166,0.1722,0.5805,0.7824,0.0,0.0,0,1.0,15,0,8,0.0,0.0,0.0
121.198,2138,18.1,0.1412,0.8046,0.1791,0.0709,0.7761,0.0,0.0,0,1.0,19,0,8,0.0,0.0,0.0
121.252,2139,18.1,0.1348,0.7569,0.2228,0.155,0.7606,0.0,0.0,0,1.0,12,0,8,0.0,0.0,0.0
121.311,2140,18.1,0.1338,0.8249,0.1704,0.0706,0.7884,0.0,0.0,0,1.0,8,0,8,0.0,0.0,0.0
121.372,2141,18.1,0.2944,0.7884,0.0517,-0.432,0.8271,0.0,0.0,0,1.0,17,0,8,0.0,0.0,0.0
121.426,2142,18.1,0.0673,1.0,0.1811,0.2414,0.9414,0.0,0.0,0,1.0,17,0,8,0.0,0.0,0.0
121.487,2143,18.1,0.0202,1.0,0.2936,0.4885,1.0,0.0,0.0,0,1.0,19,0,8,0.0,0.0,0.0
121.544,2144,18.1,0.2126,0.6684,0.1826,-0.0511,0.6806,0.0,0.0,0,1.0,23,0,8,0.0,0.0,0.0
121.606,2145,18.1,0.2095,0.4611,0.3807,0.2412,0.6006,0.0,0.0,0,1.0,17,0,8,0.0,0.0,0.0
121.664,2146,18.1,0.0206,0.7296,0.2942,0.5329,0.7776,-0.3477,0.0,0,1.0,19,0,8,0.0174,0.0,0.007
121.723,2147,18.1,0.1427,0.7278,0.1112,-0.0717,0.6913,0.0,0.0,0,1.0,19,0,8,0.0,0.0,0.0
121.78,2148,18.1,0.659,0.3982,0.0,-0.8836,0.7035,0.0,0.0,0,1.0,17,0,8,0.0,0.0,0.0
121.841,2149,18.1,0.2562,0.8634,0.1589,-0.1483,0.8688,0.0,0.0,0,1.0,14,0,8,0.0,0.0,0.0
121.905,2150,18.1,0.2522,0.8253,0.0146,-0.5032,0.8345,-0.0737,0.0,0,1.0,9,0,8,0.0037,0.0,0.0015
121.962,2151,18.1,0.1242,0.9386,0.0826,-0.1028,0.858,0.0,0.0,0,1.0,21,0,8,0.0,0.0,0.0
122.024,2152,18.1,0.3688,0.6354,0.0206,-0.6073,0.7402,0.0,0.0,0,1.0,28,0,8,0.0,0.0,0.0
122.082,2153,18.1,0.1735,0.668,0.1425,-0.0619,0.6583,-0.7,0.0,0,1.0,17,0,8,0.035,0.0,0.014
122.143,2154,18.1,0.185,0.681,0.1496,-0.0672,0.6756,0.0,0.0,0,1.0,14,0,8,0.0,0.0,0.0
122.192,2155,18.1,0.129,0.9986,0.0614,-0.1755,0.9111,0.0,0.0,0,1.0,11,0,8,0.0,0.0,0.0
122.24,2156,18.1,0.1637,0.8512,0.0759,-0.1996,0.8067,0.0,0.0,0,1.0,12,0,8,0.0,0.0,0.0
122.294,2157,18.1,0.0979,0.7617,0.1776,0.1687,0.7393,0.0,0.0,0,1.0,13,0,8,0.0,0.0,0.0
122.353,2158,18.1,0.2456,0.9785,0.0862,-0.2751,0.9595,0.0,0.0,0,1.0,20,0,8,0.0,0.0,0.0
122.409,2159,18.1,0.2784,0.946,0.0411,-0.4249,0.9505,0.0,0.0,0,1.0,14,0,8,0.0,0.0,0.0
122.461,2160,18.1,0.4781,0.4921,0.254,-0.2639,0.6811,0.0,0.0,0,1.0,17,0,8,0.0,0.0,0.0
122.52,2161,17.9,0.0063,0.5573,0.4795,0.7318,0.7367,0.0,0.0,0,1.0,15,0,8,0.0,0.0,0.0
122.581,2162,17.9,0.4261,0.8967,0.1377,-0.35,0.9918,-0.1129,0.0,0,1.0,23,0,8,0.0056,0.0,0.0023
122.637,2163,17.9,0.0884,0.4279,0.4578,0.562,0.6158,-0.7,0.0,0,1.0,18,1,8,0.035,0.0,0.014
122.699,2164,17.9,0.4993,0.4682,0.2537,-0.2863,0.6728,-0.7,0.0,0,1.0,17,1,8,0.035,0.0,0.014
122.755,2165,17.9,0.2854,0.7993,0.1824,-0.1475,0.8312,-0.1129,0.0,0,1.0,17,1,8,0.0056,0.0,0.0023
122.813,2166,17.9,0.3774,0.9108,0.0448,-0.4931,0.9765,-0.1363,0.0,0,1.0,15,1,8,0.0068,0.0,0.0027
122.872,2167,17.9,0.1544,1.0,0.0805,-0.1634,0.9264,-0.7,0.0,0,1.0,19,1,8,0.035,0.0,0.014
122.927,2168,17.9,0.5718,0.5724,0.0608,-0.6471,0.801,0.0,0.0,0,1.0,20,1,8,0.0,0.0,0.0
122.984,2169,17.9,0.1252,0.6698,0.5236,0.5591,0.8558,0.0915,0.0,0,1.0,13,1,8,0.0046,0.0,0.0018
123.034,2170,17.9,0.2527,0.6765,0.4742,0.2422,0.8338,0.0915,0.0,0,1.0,14,1,8,0.0046,0.0,0.0018
123.087,2171,17.9,0.0,0.5047,0.8057,0.8765,0.8752,0.0045,0.0,0,1.0,12,1,8,0.0002,0.0,0.0001
123.143,2172,17.9,0.1748,0.7517,0.417,0.2989,0.865,0.0045,0.0,0,1.0,12,1,8,0.0002,0.0,0.0001
123.202,2173,17.9,0.2807,0.5688,0.3732,0.1145,0.6868,0.0045,0.0,0,1.0,14,1,8,0.0002,0.0,0.0001
123.27,2174,17.9,0.2082,0.3442,0.4853,-0.0731,0.5609,-0.0961,0.0,0,1.0,15,1,8,0.0048,0.0,0.0019
123.328,2175,17.9,0.1236,0.9433,0.3338,0.2915,0.9793,-0.1363,0.0,0,1.0,19,1,8,0.0068,0.0,0.0027
123.386,2176,17.9,0.2108,0.569,0.2782,0.1032,0.6338,0.0,0.0,0,1.0,10,1,8,0.0,0.0,0.0
123.445,2177,17.9,0.2793,0.5828,0.2946,0.0207,0.6545,-0.4651,0.0,0,1.0,9,1,8,0.0233,0.0,0.0093
123.507,2178,17.9,0.482,0.5475,0.0,-0.7533,0.7298,-0.4651,0.0,0,1.0,9,1,8,0.0233,0.0,0.0093
123.561,2179,17.9,0.6681,0.4327,0.0,-0.6753,0.7376,0.0045,0.0,0,1.0,9,1,8,0.0002,0.0,0.0001
123.617,2180,17.9,0.3576,0.8483,0.0589,-0.4566,0.9128,-0.1129,0.0,0,1.0,8,1,8,0.0056,0.0,0.0023
123.672,2181,17.9,0.2424,0.6722,0.2096,-0.0506,0.7004,-0.7,0.0,0,1.0,6,1,8,0.035,0.0,0.014
123.732,2182,17.9,0.2696,0.9727,0.0138,-0.4961,0.9681,0.0,0.0,0,1.0,7,1,8,0.0,0.0,0.0
123.79,2183,17.9,0.5667,0.7466,0.0953,-0.5374,0.9445,0.0,0.0,0,1.0,9,1,8,0.0,0.0,0.0
123.842,2184,17.9,0.2935,0.8389,0.0258,-0.496,0.869,0.0,0.0,0,1.0,12,1,8,0.0,0.0,0.0
123.892,2185,17.9,0.2113,0.8885,0.0529,-0.3315,0.8647,0.0915,0.0,0,1.0,5,1,8,0.0046,0.0,0.0018
123.943,2186,17.9,0.1834,0.9119,0.0471,-0.3131,0.8687,0.0,0.0,0,1.0,5,1,8,0.0,0.0,0.0
123.995,2187,17.9,0.4485,0.4671,0.0,-0.7715,0.6435,0.0,0.0,0,1.0,3,1,8,0.0,0.0,0.0
124.041,2188,17.9,0.4243,0.0175,0.0,-1.0,0.2523,0.0,0.0,0,1.0,1,1,8,0.0,0.0,0.0
124.09,2189,17.9,0.4026,0.5049,0.0,-0.7326,0.6496,-0.7,0.0,0,1.0,3,1,8,0.035,0.0,0.014
124.142,2190,17.9,0.3836,0.7248,0.0,-0.6507,0.8236,-0.7,0.0,0,1.0,6,1,8,0.035,0.0,0.014
124.195,2191,17.8,0.2169,0.3428,0.0,-0.6855,0.4095,-0.7,0.0,0,1.0,1,1,8,0.035,0.0,0.014
124.258,2192,17.8,0.4382,0.5769,0.0,-0.7226,0.73,0.0,0.0,0,1.0,4,1,8,0.0,0.0,0.0
124.319,2193,17.8,0.6099,0.4261,0.0,-0.8545,0.6995,-0.4651,0.0,0,1.0,5,1,8,0.0233,0.0,0.0093
124.377,2194,17.8,0.5449,0.5163,0.0,-0.7913,0.7388,-0.1876,0.0,0,1.0,5,1,8,0.0094,0.0,0.0038
124.435,2195,17.8,0.3202,0.7249,0.0504,-0.469,0.7883,-0.1876,0.0,0,1.0,9,1,8,0.0094,0.0,0.0038
124.484,2196,17.8,0.8354,0.2441,0.0,-1.0,0.6729,0.0915,0.0,0,1.0,7,1,8,0.0046,0.0,0.0018
124.534,2197,17.8,0.4524,0.408,0.2107,-0.3207,0.5961,-0.1876,0.0,0,1.0,8,1,8,0.0094,0.0,0.0038
124.585,2198,17.8,0.6794,0.3903,0.0,-0.8935,0.7083,-0.1876,0.0,0,1.0,5,1,8,0.0094,0.0,0.0038
124.634,2199,17.8,0.7549,0.1421,0.0,-1.0,0.5421,0.0915,0.0,0,1.0,3,1,8,0.0046,0.0,0.0018
124.695,2200,17.8,0.6719,0.4241,0.0,-0.875,0.7325,-0.2471,0.0,0,1.0,7,1,8,0.0124,0.0,0.0049
124.762,2201,17.8,0.6303,0.6946,0.0002,-0.7591,0.9365,-0.2471,0.0,0,1.0,8,1,8,0.0124,0.0,0.0049
124.82,2202,17.8,0.2346,0.7267,0.0471,-0.3958,0.7418,-0.0737,0.0,0,1.0,9,1,8,0.0037,0.0,0.0015
124.881,2203,17.8,0.0,0.402,0.0462,0.4466,0.3636,-0.0737,0.0,0,1.0,1,1,8,0.0037,0.0,0.0015
124.935,2204,17.8,0.5179,0.8238,0.0042,-0.6748,0.982,0.0,0.0,0,1.0,5,1,8,0.0,0.0,0.0
124.985,2205,17.8,0.0056,0.6924,0.3093,0.6003,0.7548,0.0915,0.0,0,1.0,5,1,8,0.0046,0.0,0.0018
125.034,2206,17.8,0.4626,0.6436,0.0835,-0.5176,0.7997,0.0915,0.0,0,1.0,10,1,8,0.0046,0.0,0.0018
125.087,2207,17.8,0.0,0.562,0.2994,0.6519,0.6397,0.0,0.0,0,1.0,3,1,8,0.0,0.0,0.0
125.141,2208,17.8,0.0,0.6273,0.215,0.5744,0.6473,0.0,0.0,0,1.0,3,1,8,0.0,0.0,0.0
125.193,2209,17.8,0.0584,0.7923,0.0916,0.1094,0.7169,0.0,0.0,0,1.0,4,1,8,0.0,0.0,0.0
125.243,2210,17.8,0.2096,0.713,0.1612,-0.0845,0.7163,0.0,0.0,0,1.0,5,1,8,0.0,0.0,0.0
125.303,2211,17.8,0.0187,0.7466,0.2253,0.4798,0.7533,0.0,0.0,0,1.0,4,1,8,0.0,0.0,0.0
125.36,2212,17.8,0.0555,0.9949,0.081,0.0862,0.8811,0.0,0.0,0,1.0,5,1,8,0.0,0.0,0.0
125.413,2213,17.8,0.2492,0.621,0.0689,-0.3652,0.6612,0.0,0.0,0,1.0,6,1,8,0.0,0.0,0.0
125.473,2214,17.8,0.0693,0.7597,0.1851,0.2598,0.7418,0.0,0.0,0,1.0,8,1,8,0.0,0.0,0.0
125.526,2215,17.8,0.1349,0.7021,0.1562,0.0443,0.6772,0.0,0.0,0,1.0,5,1,8,0.0,0.0,0.0
125.581,2216,17.8,0.32,0.6797,0.0058,-0.6097,0.7502,0.0,0.0,0,1.0,5,1,8,0.0,0.0,0.0
125.637,2217,17.8,0.3429,0.847,0.0035,-0.5916,0.9035,0.0,0.0,0,1.0,6,1,8,0.0,0.0,0.0
125.695,2218,17.8,0.0304,1.0,0.053,0.1148,0.8697,0.0,0.0,0,1.0,8,1,8,0.0,0.0,0.0
125.754,2219,17.8,0.2047,0.6124,0.0269,-0.4532,0.6291,0.0,0.0,0,1.0,3,1,8,0.0,0.0,0.0
125.811,2220,17.8,0.091,0.5831,0.2173,0.2665,0.6115,0.0,0.0,0,1.0,3,1,8,0.0,0.0,0.0
125.869,2221,18.0,0.0861,0.6364,0.1477,0.1542,0.6173,0.0,0.0,0,1.0,3,1,8,0.0,0.0,0.0
125.925,2222,18.0,0.3568,0.6619,0.0901,-0.4168,0.7558,0.0,0.0,0,1.0,4,1,8,0.0,0.0,0.0
125.975,2223,18.0,0.4992,0.6124,0.279,-0.2348,0.794,-0.7,0.0,0,1.0,4,1,8,0.035,0.0,0.014
126.026,2224,18.0,0.3549,0.8104,0.0985,-0.374,0.8795,-0.7,0.0,0,1.0,3,1,8,0.035,0.0,0.014
126.078,2225,18.0,0.5124,0.7324,0.026,-0.6468,0.9021,-0.2009,0.0,0,1.0,4,1,8,0.01,0.0,0.004
126.133,2226,18.0,0.7483,0.7289,0.0999,-0.6205,1.0,-0.0835,0.0,0,1.0,10,1,8,0.0042,0.0,0.0017
126.181,2227,18.0,0.4828,0.5502,0.1876,-0.3616,0.7326,-0.0835,0.0,0,1.0,3,1,8,0.0042,0.0,0.0017
126.232,2228,18.0,0.3493,0.7113,0.0271,-0.5571,0.7931,-0.2122,0.0,0,1.0,2,1,8,0.0106,0.0,0.0042
126.29,2229,18.0,0.0,0.7916,0.1885,0.5216,0.7705,0.0,0.0,0,1.0,3,1,8,0.0,0.0,0.0
126.351,2230,18.0,0.6555,0.695,0.0,-0.7677,0.9508,0.0,0.0,0,1.0,8,1,8,0.0,0.0,0.0
126.412,2231,18.0,0.501,0.5132,0.1073,-0.5278,0.7116,0.0,0.0,0,1.0,6,1,8,0.0,0.0,0.0
126.477,2232,18.0,0.1069,0.5456,0.3878,0.4313,0.6755,-0.0737,0.0,0,1.0,10,1,8,0.0037,0.0,0.0015
126.542,2233,18.0,0.3239,0.6796,0.0359,-0.521,0.7522,0.0,0.0,0,1.0,11,1,8,0.0,0.0,0.0
126.592,2234,18.0,0.5652,0.6961,0.1037,-0.5325,0.9012,0.0,0.0,0,1.0,8,1,8,0.0,0.0,0.0
126.647,2235,18.0,0.4105,0.4791,0.1244,-0.4296,0.6324,0.0915,0.0,0,1.0,14,1,8,0.0046,0.0,0.0018
126.708,2236,18.0,0.5373,0.551,0.2932,-0.2542,0.7637,0.0915,0.0,0,1.0,16,1,8,0.0046,0.0,0.0018
126.767,2237,18.0,0.2508,0.4307,0.6192,0.3903,0.7086,-0.7,0.0,0,1.0,13,1,8,0.035,0.0,0.014
126.822,2238,18.0,0.1463,0.4607,0.5974,0.5331,0.7216,-0.2564,0.0,0,1.0,5,1,8,0.0128,0.0,0.0051
126.883,2239,18.0,0.4859,0.365,0.3412,-0.1649,0.5787,-0.0835,0.0,0,1.0,8,1,8,0.0042,0.0,0.0017
126.943,2240,18.0,0.0749,0.7926,0.3048,0.3828,0.8365,-0.0835,0.0,0,1.0,10,1,8,0.0042,0.0,0.0017
126.992,2241,18.0,0.1333,0.2354,0.7314,0.7057,0.6073,-0.2156,0.0,0,1.0,8,1,8,0.0108,0.0,0.0043
127.043,2242,18.0,0.2366,0.4431,0.3447,0.1555,0.5653,-0.1967,0.0,0,1.0,6,1,8,0.0098,0.0,0.0039
127.095,2243,18.0,0.247,0.5015,0.5429,0.3273,0.7252,-0.1967,0.0,0,1.0,10,1,8,0.0098,0.0,0.0039
127.158,2244,18.0,0.5523,0.5605,0.2824,-0.2789,0.7801,-0.1716,0.0,0,1.0,7,1,8,0.0086,0.0,0.0034
127.21,2245,18.0,0.0644,0.5883,0.5729,0.6358,0.815,-0.2303,0.0,0,1.0,15,1,8,0.0115,0.0,0.0046
127.274,2246,18.0,0.4071,0.5395,0.0973,-0.4704,0.6812,0.0915,0.0,0,1.0,5,1,8,0.0046,0.0,0.0018
127.329,2247,18.0,0.1525,0.6687,0.5322,0.4353,0.8598,0.0915,0.0,0,1.0,9,1,8,0.0046,0.0,0.0018
127.385,2248,18.0,0.2006,0.4104,0.5815,0.4436,0.6703,-0.7,0.0,0,1.0,15,1,8,0.035,0.0,0.014
127.445,2249,18.0,0.1262,0.4014,0.7314,0.6579,0.7467,-0.0737,0.0,0,1.0,12,1,8,0.0037,0.0,0.0015
127.504,2250,18.0,0.4254,0.3847,0.2513,-0.2304,0.5613,-0.1967,0.0,0,1.0,13,1,8,0.0098,0.0,0.0039
127.559,2251,17.7,0.4335,0.3099,0.3199,-0.1441,0.5031,-0.1967,0.0,0,1.0,10,1,8,0.0098,0.0,0.0039
127.611,2252,17.7,0.6219,0.6101,0.0082,-0.7664,0.8608,-0.152,0.0,1,1.0,17,1,8,0.0076,1.0,0.003
127.671,2253,17.7,0.3187,0.5857,0.4735,0.1648,0.7572,-0.1876,0.0,1,1.0,20,2,8,0.0094,0.8,0.0038
127.73,2254,17.7,0.5454,0.5918,0.2533,-0.3081,0.8025,-0.0737,0.0,1,1.0,7,2,8,0.0037,0.8,0.0015
127.788,2255,17.7,0.3757,0.4965,0.1351,-0.3703,0.6274,-0.0737,0.0,1,1.0,8,2,8,0.0037,0.8,0.0015
127.84,2256,17.7,0.6474,0.8377,0.0064,-0.714,1.0,-0.2099,0.0,1,1.0,12,2,8,0.0105,0.8,0.0042
127.893,2257,17.7,0.5356,0.6253,0.0359,-0.6654,0.8252,-0.0737,0.0,1,1.0,9,2,8,0.0037,0.8,0.0015
127.941,2258,17.7,0.0007,1.0,0.12,0.5136,0.9072,-0.0737,0.0,1,1.0,6,2,8,0.0037,0.8,0.0015
127.989,2259,17.7,0.8465,0.4042,0.0597,-0.8169,0.8136,0.0915,0.0,1,1.0,4,2,8,0.0046,0.8,0.0018
128.04,2260,17.7,0.0,0.7979,0.1709,0.5082,0.7659,-0.2099,0.0,1,1.0,4,2,8,0.0105,0.8,0.0042
128.094,2261,17.7,0.0,0.3606,0.113,0.5604,0.3662,-0.2099,0.0,1,1.0,1,2,8,0.0105,0.8,0.0042
128.141,2262,17.7,0.3025,0.9224,0.0847,-0.1514,0.9442,0.0,0.0,1,1.0,9,2,8,0.0,0.8,0.0
128.194,2263,17.7,0.0,0.5281,0.3567,0.6987,0.6434,0.0,0.0,1,1.0,4,2,8,0.0,0.8,0.0
128.253,2264,17.7,0.2113,0.6628,0.083,-0.2694,0.675,-0.7,0.0,0,1.0,4,2,8,0.035,0.8,0.014
128.313,2265,17.7,0.1753,0.8192,0.3799,0.2577,0.9009,0.0,0.0,0,1.0,10,2,8,0.0,0.0,0.0
128.369,2266,17.7,0.1581,0.7604,0.4474,0.35,0.8893,0.0,0.0,0,1.0,8,2,8,0.0,0.0,0.0
128.43,2267,17.7,0.2913,0.6308,0.4717,0.1939,0.794,-0.1876,0.0,0,1.0,11,2,8,0.0094,0.0,0.0038
128.494,2268,17.7,0.1999,0.7679,0.4291,0.269,0.8853,-0.1235,0.0,0,1.0,17,2,8,0.0062,0.0,0.0025
128.551,2269,17.7,0.169,0.7523,0.3421,0.237,0.8235,-0.2068,0.0,0,1.0,10,2,8,0.0103,0.0,0.0041
128.603,2270,17.7,0.0899,0.7288,0.5084,0.5166,0.8968,-0.4182,0.0,0,1.0,10,2,8,0.0209,0.0,0.0084
128.662,2271,17.7,0.0592,0.5535,0.663,0.6986,0.8362,-0.4182,0.0,0,1.0,11,2,8,0.0209,0.0,0.0084
128.72,2272,17.7,0.107,0.5714,0.5699,0.5578,0.7991,-0.152,0.0,0,1.0,8,2,8,0.0076,0.0,0.003
128.778,2273,17.7,0.1456,0.6742,0.4912,0.4167,0.8414,0.0915,0.0,0,1.0,9,2,8,0.0046,0.0,0.0018
128.837,2274,17.7,0.3526,0.9653,0.0882,-0.3739,1.0,-0.1129,0.0,0,1.0,9,2,8,0.0056,0.0,0.0023
128.899,2275,17.7,0.4464,0.8355,0.215,-0.2558,0.9518,-0.1129,0.0,0,1.0,15,2,8,0.0056,0.0,0.0023
128.952,2276,17.7,0.4232,0.6809,0.2332,-0.2236,0.8089,-0.7,0.0,0,1.0,15,2,8,0.035,0.0,0.014
129.0,2277,17.7,0.1844,0.775,0.4829,0.335,0.9214,-0.7,0.0,0,1.0,15,2,8,0.035,0.0,0.014
129.054,2278,17.7,0.4157,0.9304,0.2619,-0.1621,1.0,-0.7,0.0,0,1.0,10,2,8,0.035,0.0,0.014
129.115,2279,17.7,0.4449,0.7911,0.2709,-0.1844,0.9137,-0.0961,0.0,0,1.0,16,2,8,0.0048,0.0,0.0019
129.166,2280,17.7,0.1509,0.8836,0.0709,-0.1907,0.8268,-0.0894,0.0,0,1.0,9,2,8,0.0045,0.0,0.0018
129.217,2281,18.1,0.0886,0.8474,0.1213,0.082,0.7797,0.0,0.0,0,1.0,8,2,8,0.0,0.0,0.0
129.268,2282,18.1,0.4289,0.776,0.0497,-0.539,0.892,0.0,0.0,0,1.0,8,2,8,0.0,0.0,0.0
129.328,2283,18.1,0.0102,0.9985,0.214,0.4671,0.9586,0.0,0.0,0,1.0,11,2,8,0.0,0.0,0.0
129.387,2284,18.1,0.5937,0.9463,0.0373,-0.6137,1.0,-0.7,0.0,0,1.0,15,2,8,0.035,0.0,0.014
129.443,2285,18.1,0.4432,0.9218,0.0513,-0.5178,1.0,0.0915,0.0,0,1.0,16,2,8,0.0046,0.0,0.0018
129.497,2286,18.1,0.5586,0.8926,0.0218,-0.6392,1.0,-0.1967,0.0,0,1.0,21,2,8,0.0098,0.0,0.0039
129.549,2287,18.1,0.6148,0.8963,0.0,-0.7018,1.0,-0.1967,0.0,0,1.0,16,2,8,0.0098,0.0,0.0039
129.601,2288,18.1,0.5838,0.659,0.0,-0.7546,0.8805,0.0915,0.0,0,1.0,18,2,8,0.0046,0.0,0.0018
129.653,2289,18.1,0.2412,0.6278,0.3981,0.1923,0.7502,0.0915,0.0,0,1.0,14,2,8,0.0046,0.0,0.0018
129.714,2290,18.1,0.0,0.6506,0.3389,0.6477,0.7363,0.0915,0.0,0,1.0,9,2,8,0.0046,0.0,0.0018
129.771,2291,18.1,0.0,0.6379,0.3577,0.6618,0.7361,-0.2122,0.0,0,1.0,9,2,8,0.0106,0.0,0.0042
129.825,2292,18.1,0.0442,0.7112,0.2896,0.462,0.7596,0.0,0.0,0,1.0,8,2,8,0.0,0.0,0.0
129.877,2293,18.1,0.0,0.8806,0.2114,0.5226,0.8581,0.0,0.0,0,1.0,9,2,8,0.0,0.0,0.0
129.933,2294,18.1,0.0,0.7977,0.3439,0.6131,0.8627,0.0,0.0,0,1.0,9,2,8,0.0,0.0,0.0
129.983,2295,18.1,0.2142,0.6965,0.4417,0.2661,0.8324,0.0,0.0,0,1.0,9,2,8,0.0,0.0,0.0
130.032,2296,18.1,0.0354,0.8686,0.4202,0.5481,0.965,0.0,0.0,0,1.0,12,2,8,0.0,0.0,0.0
130.088,2297,18.1,0.0667,0.7806,0.4997,0.5452,0.9355,-0.7,0.0,0,1.0,19,2,8,0.035,0.0,0.014
130.144,2298,18.1,0.463,0.5752,0.1067,-0.4867,0.7425,-0.1967,0.0,0,1.0,16,2,8,0.0098,0.0,0.0039
130.206,2299,18.1,0.0401,0.8838,0.2794,0.4366,0.8988,-0.1967,0.0,0,1.0,11,2,8,0.0098,0.0,0.0039
130.261,2300,18.1,0.5338,0.4882,0.1506,-0.476,0.709,-0.1129,0.0,0,1.0,13,2,8,0.0056,0.0,0.0023
130.32,2301,18.1,0.0696,0.8088,0.2921,0.3812,0.843,0.0915,0.0,0,1.0,9,2,8,0.0046,0.0,0.0018
130.379,2302,18.1,0.0624,0.7406,0.2246,0.336,0.7479,0.0,0.0,0,1.0,9,2,8,0.0,0.0,0.0
130.435,2303,18.1,0.127,0.7703,0.1058,-0.0505,0.7182,0.0,0.0,0,1.0,9,2,8,0.0,0.0,0.0
130.505,2304,18.1,0.1215,0.9762,0.0524,-0.1933,0.888,0.0,0.0,0,1.0,12,2,8,0.0,0.0,0.0
130.565,2305,18.1,0.2393,0.8298,0.0017,-0.5414,0.8311,0.0,0.0,0,1.0,11,2,8,0.0,0.0,0.0
130.623,2306,18.1,0.3975,0.7004,0.0,-0.6641,0.8109,0.0,0.0,0,1.0,13,2,8,0.0,0.0,0.0
130.682,2307,18.1,0.1672,0.9706,0.013,-0.4209,0.909,0.0,0.0,0,1.0,25,2,8,0.0,0.0,0.0
130.748,2308,18.1,0.2529,0.9148,0.0128,-0.4961,0.9101,0.0,0.0,0,1.0,22,2,8,0.0,0.0,0.0
130.802,2309,18.1,0.1294,1.0,0.0119,-0.3857,0.9124,0.0,0.0,0,1.0,14,2,8,0.0,0.0,0.0
130.856,2310,18.1,0.2529,0.8194,0.0206,-0.4842,0.8299,0.0,0.0,0,1.0,12,2,8,0.0,0.0,0.0
130.911,2311,17.7,0.2921,0.814,0.0416,-0.4535,0.8473,0.0,0.0,0,1.0,11,2,8,0.0,0.0,0.0
130.971,2312,17.7,0.4722,0.5566,0.0647,-0.5862,0.732,0.0,0.0,0,1.0,10,2,8,0.0,0.0,0.0
131.024,2313,17.7,0.0737,0.7184,0.2347,0.3196,0.7349,0.0,0.0,0,1.0,11,2,8,0.0,0.0,0.0
131.077,2314,17.7,0.3425,0.6208,0.2143,-0.1743,1.0,0.0,0.0,0,1.6,6,0,9,0.0,0.0,0.0
131.134,2315,17.7,0.1183,0.7653,0.1515,0.0714,1.0,0.1784,0.0,0,1.56,9,0,9,0.0089,0.0,0.0036
131.184,2316,17.7,0.0492,0.6925,0.2839,0.4458,1.0,0.0,0.0,0,1.52,10,0,9,0.0,0.0,0.0
131.233,2317,17.7,0.0203,0.5793,0.3817,0.6329,1.0,0.0,0.0,0,1.48,6,0,9,0.0,0.0,0.0
131.288,2318,17.7,0.2674,0.851,0.0613,-0.3724,1.0,0.0,0.0,0,1.44,10,0,9,0.0,0.0,0.0
131.344,2319,17.7,0.2742,0.7766,0.0885,-0.3213,1.0,0.0,0.0,0,1.4,11,0,9,0.0,0.0,0.0
131.401,2320,17.7,0.2539,0.7976,0.0998,-0.2694,1.0,0.0,0.0,0,1.36,7,0,9,0.0,0.0,0.0
131.449,2321,17.7,0.4394,0.3977,0.2174,-0.2985,0.7658,0.0,0.0,0,1.32,5,0,9,0.0,0.0,0.0
131.504,2322,17.7,0.185,0.7066,0.1374,-0.0921,0.8924,0.0,0.0,0,1.28,5,0,9,0.0,0.0,0.0
131.56,2323,17.7,0.4909,0.6025,0.0127,-0.7051,0.9684,-0.4651,0.0,0,1.24,9,0,9,0.0233,0.0,0.0093
131.61,2324,17.7,0.0358,0.5601,0.265,0.4979,0.7427,-0.1129,0.0,0,1.2,4,0,9,0.0056,0.0,0.0023
131.67,2325,17.7,0.4758,0.6297,0.1658,-0.3788,0.9227,0.0,0.0,0,1.16,4,0,9,0.0,0.0,0.0
131.732,2326,17.7,0.1838,0.5571,0.0,-0.5684,0.6394,0.0,0.0,0,1.12,2,0,9,0.0,0.0,0.0
131.789,2327,17.7,0.3042,0.744,0.0,-0.6037,0.8589,-0.2027,0.0,0,1.08,5,0,9,0.0101,0.0,0.0041
131.84,2328,17.7,0.2366,0.7096,0.0,-0.3282,0.7577,0.0,0.0,0,1.04,3,0,9,0.0,0.0,0.0
131.892,2329,17.7,0.4814,0.6141,0.0451,-0.6197,0.7854,0.0,0.0,0,1.0,7,0,9,0.0,0.0,0.0
131.943,2330,17.7,0.5972,0.7494,0.1188,-0.5148,0.9639,0.0,0.0,0,1.0,9,0,9,0.0,0.0,0.0
131.991,2331,17.7,0.3994,0.7274,0.1241,-0.3741,0.8347,-0.1129,0.0,0,1.0,11,0,9,0.0056,0.0,0.0023
132.041,2332,17.7,0.3379,0.9868,0.0,-0.5743,1.0,-0.7,0.0,0,1.0,11,0,9,0.035,0.0,0.014
132.103,2333,17.7,0.1531,0.5426,0.3172,0.2617,0.6334,-0.7,0.0,0,1.0,10,0,9,0.035,0.0,0.014
132.159,2334,17.7,0.2287,0.5523,0.5074,0.318,0.7481,0.0,0.0,0,1.0,12,0,9,0.0,0.0,0.0
132.224,2335,17.7,0.3036,0.5249,0.3299,0.034,0.6256,0.0,0.0,0,1.0,11,0,9,0.0,0.0,0.0
132.284,2336,17.7,0.4376,0.3691,0.2909,-0.1849,0.5552,0.1784,0.0,0,1.0,15,0,9,0.0089,0.0,0.0036
132.343,2337,17.7,0.4573,0.6339,0.2908,-0.1813,0.7885,-0.2596,0.0,0,1.0,11,0,9,0.013,0.0,0.0052
132.394,2338,17.7,0.4612,0.8086,0.1663,-0.3416,0.9375,-0.2596,0.0,0,1.0,13,0,9,0.013,0.0,0.0052
132.452,2339,17.7,0.0319,0.7462,0.3128,0.5096,0.802,-0.1363,0.0,0,1.0,13,0,9,0.0068,0.0,0.0027
132.511,2340,17.7,0.0592,0.7227,0.3245,0.4504,0.7888,0.0,0.0,0,1.0,15,0,9,0.0,0.0,0.0
132.57,2341,18.1,0.4664,0.3188,0.3215,-0.1761,0.5289,0.0,0.0,0,1.0,14,0,9,0.0,0.0,0.0
132.629,2342,18.1,0.1037,0.7584,0.2808,0.296,1.0,-0.1716,0.0,0,1.6,14,0,10,0.0086,0.0,0.0034
132.691,2343,18.1,0.0582,0.5481,0.5155,0.6293,1.0,0.0,0.0,0,1.56,15,0,10,0.0,0.0,0.0
132.757,2344,18.1,0.117,0.4462,0.4624,0.4975,0.9633,-0.0835,0.0,0,1.52,14,0,10,0.0042,0.0,0.0017
132.809,2345,18.1,0.1354,0.475,0.4154,0.4124,0.9348,-0.0835,0.0,0,1.48,13,0,10,0.0042,0.0,0.0017
132.867,2346,18.1,0.5101,0.3789,0.2156,-0.3701,0.8697,0.0045,0.0,0,1.44,16,0,10,0.0002,0.0,0.0001
132.927,2347,18.1,0.0977,0.5352,0.3654,0.4334,0.9159,-0.1275,0.0,0,1.4,5,0,10,0.0064,0.0,0.0026
132.985,2348,18.1,0.0,0.3435,0.392,0.8077,0.691,-0.1275,0.0,0,1.36,2,0,10,0.0064,0.0,0.0026
133.03,2349,18.1,0.0816,0.5494,0.3442,0.4483,0.8636,-0.7,0.0,0,1.32,4,0,10,0.035,0.0,0.014
133.08,2350,18.1,0.0,0.5671,0.3895,0.702,0.889,0.0,0.0,0,1.28,4,0,10,0.0,0.0,0.0
133.132,2351,18.1,0.149,0.9332,0.0858,-0.1423,1.0,0.0,0.0,0,1.24,5,0,10,0.0,0.0,0.0
133.185,2352,18.1,0.3278,0.6283,0.1031,-0.366,0.8536,0.0,0.0,0,1.2,9,0,10,0.0,0.0,0.0
133.231,2353,18.1,0.4212,0.4513,0.0595,-0.597,0.7134,0.0,0.0,0,1.16,4,0,10,0.0,0.0,0.0
133.286,2354,18.1,0.4881,0.4173,0.0263,-0.7396,0.6987,-0.7,0.0,0,1.12,3,0,10,0.035,0.0,0.014
133.346,2355,18.1,0.0,0.3939,0.3045,0.7263,0.5416,-0.1129,0.0,0,1.08,2,0,10,0.0056,0.0,0.0023
133.401,2356,18.1,0.0,0.8633,0.1345,0.4732,0.8325,0.0,0.0,0,1.04,4,0,10,0.0,0.0,0.0
133.452,2357,18.1,0.5816,0.6544,0.0391,-0.6721,0.8754,0.0,0.0,0,1.0,7,0,10,0.0,0.0,0.0
133.513,2358,18.1,0.0263,0.8588,0.1379,0.3362,0.7986,0.0915,0.0,0,1.0,3,0,10,0.0046,0.0,0.0018
133.567,2359,18.1,0.0313,1.0,0.1092,0.2569,0.9011,0.0,0.0,0,1.0,6,0,10,0.0,0.0,0.0
133.616,2360,18.1,0.0994,0.8748,0.1318,0.0749,0.8086,0.0,0.0,0,1.0,7,0,10,0.0,0.0,0.0
133.668,2361,18.1,0.2443,1.0,0.0394,-0.394,0.9768,0.0,0.0,0,1.0,16,0,10,0.0,0.0,0.0
133.723,2362,18.1,0.0587,0.9686,0.2254,0.323,0.9399,0.0,0.0,0,1.0,5,0,10,0.0,0.0,0.0
133.785,2363,18.1,0.7027,0.3426,0.0,-0.9247,0.6813,0.0,0.0,0,1.0,9,0,10,0.0,0.0,0.0
133.845,2364,18.1,0.034,0.6272,0.3424,0.5531,0.7186,0.0,0.0,0,1.0,7,0,10,0.0,0.0,0.0
133.904,2365,18.1,0.3329,0.5173,0.1172,-0.3597,0.621,0.0,0.0,0,1.0,6,0,10,0.0,0.0,0.0
133.962,2366,18.1,0.1841,0.5403,0.2775,0.1511,0.6093,0.0,0.0,0,1.0,6,0,10,0.0,0.0,0.0
134.014,2367,18.1,0.3285,0.5034,0.133,-0.3226,0.6068,0.0045,0.0,0,1.0,5,0,10,0.0002,0.0,0.0001
134.065,2368,18.1,0.328,0.5055,0.1376,-0.3119,0.6083,0.0045,0.0,0,1.0,6,0,10,0.0002,0.0,0.0001
134.116,2369,18.1,0.4308,0.3354,0.1933,-0.3449,0.523,0.0,0.0,0,1.0,6,0,10,0.0,0.0,0.0
134.167,2370,18.1,0.1332,0.4654,0.5437,0.5202,0.6954,-0.1876,0.0,0,1.0,4,0,10,0.0094,0.0,0.0038
134.218,2371,18.1,0.0,0.0,0.0,0.0,0.3,-0.1876,0.0,0,1.0,0,0,10,0.0094,0.0,0.0038
134.276,2372,18.1,0.6033,0.6826,0.0,-0.5128,0.9112,0.0045,0.0,0,1.0,3,0,10,0.0002,0.0,0.0001
134.328,2373,18.1,0.4762,0.8119,0.0,-0.6705,0.9486,0.0045,0.0,0,1.0,4,0,10,0.0002,0.0,0.0001
134.383,2374,18.1,0.2914,0.6285,0.1355,-0.2556,0.6911,-0.1129,0.0,0,1.0,4,0,10,0.0056,0.0,0.0023
134.431,2375,18.1,0.1301,0.6098,0.1649,0.0748,0.6046,-0.1129,0.0,0,1.0,4,0,10,0.0056,0.0,0.0023
134.483,2376,18.1,0.659,0.7344,0.0655,-0.6367,0.986,0.0,0.0,0,1.0,7,0,10,0.0,0.0,0.0
134.542,2377,18.1,0.0,0.8355,0.5999,0.711,1.0,-0.0737,0.0,0,1.0,6,0,10,0.0037,0.0,0.0015
134.591,2378,18.1,0.0,0.5564,0.8266,0.862,0.9303,-0.0737,0.0,0,1.0,7,0,10,0.0037,0.0,0.0015
134.644,2379,18.1,0.1798,0.4321,0.6653,0.5262,0.7356,0.0915,0.0,0,1.0,7,0,10,0.0046,0.0,0.0018
134.706,2380,18.1,0.0,0.3881,0.7558,0.915,0.7493,-0.2196,0.0,0,1.0,3,0,10,0.011,0.0,0.0044
134.761,2381,18.1,0.0,0.3776,0.6487,0.8909,0.6805,-0.1967,0.0,0,1.0,2,0,10,0.0098,0.0,0.0039
134.823,2382,18.1,0.3171,0.7698,0.3835,0.0721,0.8614,-0.1967,0.0,0,1.0,6,0,10,0.0098,0.0,0.0039
134.878,2383,18.1,0.5363,0.8237,0.2278,-0.3086,0.9922,0.0045,0.0,0,1.0,6,0,10,0.0002,0.0,0.0001
134.935,2384,18.1,0.0,0.4075,0.8979,0.9378,0.8451,-0.1876,0.0,0,1.0,4,0,10,0.0094,0.0,0.0038
134.983,2385,18.1,0.0,0.4538,0.7863,0.8926,0.8215,-0.1876,0.0,0,1.0,4,0,10,0.0094,0.0,0.0038
135.035,2386,18.1,0.4066,0.8708,0.3357,-0.0714,0.9592,-0.2393,0.0,0,1.0,6,0,10,0.012,0.0,0.0048
135.086,2387,18.1,0.436,0.7008,0.3749,-0.0611,0.8328,-0.2855,0.0,0,1.0,9,0,10,0.0143,0.0,0.0057
135.149,2388,18.1,0.0,0.4173,0.9532,0.9442,0.8843,-0.2855,0.0,0,1.0,5,0,10,0.0143,0.0,0.0057
135.2,2389,18.1,0.0053,0.5969,0.8112,0.8343,0.9557,-0.0369,0.0,0,1.0,6,0,10,0.0018,0.0,0.0007
135.25,2390,18.1,0.0,0.6509,0.7732,0.8161,0.9798,0.0045,0.0,0,1.0,8,0,10,0.0002,0.0,0.0001
135.304,2391,18.1,0.0,0.4142,0.9839,0.9511,0.8989,0.0045,0.0,0,1.0,5,0,10,0.0002,0.0,0.0001
135.359,2392,18.1,0.0,0.7585,0.5389,0.7089,0.9389,-0.1967,0.0,0,1.0,19,0,10,0.0098,0.0,0.0039
135.409,2393,18.1,0.0,0.4159,1.0,0.9533,0.9094,0.0045,0.0,0,1.0,11,0,10,0.0002,0.0,0.0001
135.459,2394,18.1,0.0,0.55,0.7644,0.8485,1.0,0.0045,0.0,0,1.6,12,0,11,0.0002,0.0,0.0001
135.511,2395,18.1,0.004,0.5841,0.8773,0.8573,1.0,0.0607,0.0,0,1.56,14,0,11,0.003,0.0,0.0012
135.57,2396,18.1,0.0074,0.6098,0.8509,0.8365,1.0,-0.2393,0.0,0,1.52,14,0,11,0.012,0.0,0.0048
135.625,2397,18.1,0.0,0.3599,0.8204,0.9439,1.0,-0.2393,0.0,0,1.48,15,0,11,0.012,0.0,0.0048
135.673,2398,18.1,0.1303,0.4865,0.5682,0.5361,1.0,-0.2393,0.0,0,1.44,15,0,11,0.012,0.0,0.0048
135.73,2399,18.1,0.1279,0.9806,0.2569,0.2,1.0,0.0045,0.0,0,1.4,24,0,11,0.0002,0.0,0.0001
135.785,2400,18.1,0.0828,1.0,0.1825,0.2016,1.0,0.0,0.0,0,1.36,19,0,11,0.0,0.0,0.0
135.84,2401,18.5,0.0868,1.0,0.1714,0.1745,1.0,0.0,0.0,0,1.32,22,0,11,0.0,0.0,0.0
135.893,2402,18.5,0.099,0.8814,0.3135,0.3264,1.0,0.0,0.0,0,1.28,22,0,11,0.0,0.0,0.0
135.949,2403,18.5,0.1589,0.8982,0.2189,0.0967,1.0,0.0,0.0,0,1.24,22,0,11,0.0,0.0,0.0
135.998,2404,18.5,0.0961,0.9154,0.2964,0.3124,1.0,0.0,0.0,0,1.2,23,0,11,0.0,0.0,0.0
136.047,2405,18.5,0.1187,0.9095,0.2817,0.251,1.0,0.0,0.0,0,1.16,26,0,11,0.0,0.0,0.0
136.1,2406,18.5,0.0684,0.976,0.2763,0.3493,1.0,0.0,0.0,0,1.12,28,0,11,0.0,0.0,0.0
136.158,2407,18.5,0.0921,0.9125,0.3266,0.3496,1.0,0.0,0.0,0,1.08,25,0,11,0.0,0.0,0.0
136.207,2408,18.5,0.1329,0.8903,0.301,0.2462,0.9531,0.0,0.0,0,1.04,27,0,11,0.0,0.0,0.0
136.257,2409,18.5,0.1014,1.0,0.1914,0.1692,0.9472,0.0,0.0,0,1.0,27,0,11,0.0,0.0,0.0
136.318,2410,18.5,0.0799,0.9119,0.3259,0.375,0.9485,0.0,0.0,0,1.0,18,0,11,0.0,0.0,0.0
136.374,2411,18.5,0.0003,1.0,0.198,0.4973,0.9509,0.0,0.0,0,1.0,14,0,11,0.0,0.0,0.0
136.424,2412,18.5,0.0084,1.0,0.1907,0.4572,0.9468,0.0,0.0,0,1.0,12,0,11,0.0,0.0,0.0
136.474,2413,18.5,0.0293,0.9016,0.3282,0.5003,0.9411,0.0,0.0,0,1.0,10,0,11,0.0,0.0,0.0
136.525,2414,18.5,0.0,0.9281,0.3249,0.5778,0.9616,0.0,0.0,0,1.0,11,0,11,0.0,0.0,0.0
136.575,2415,18.5,0.0533,0.8935,0.276,0.3963,0.9051,0.0,0.0,0,1.0,7,0,11,0.0,0.0,0.0
136.626,2416,18.5,0.0533,0.9039,0.2322,0.3518,0.8893,0.0,0.0,0,1.0,8,0,11,0.0,0.0,0.0
136.677,2417,18.5,0.097,0.997,0.1209,0.0561,0.9052,0.0,0.0,0,1.0,8,0,11,0.0,0.0,0.0
136.744,2418,18.5,0.5862,0.4766,0.0538,-0.7,0.7286,0.0,0.0,0,1.0,10,0,11,0.0,0.0,0.0
136.803,2419,18.5,0.5237,0.6062,0.0255,-0.6888,0.8025,0.0,0.0,0,1.0,11,0,11,0.0,0.0,0.0
136.856,2420,18.5,0.5987,0.4543,0.0581,-0.7051,0.7169,0.0915,0.0,0,1.0,9,0,11,0.0046,0.0,0.0018
136.911,2421,18.5,0.0533,1.0,0.0409,-0.0571,0.8699,0.0915,0.0,0,1.0,8,0,11,0.0046,0.0,0.0018
136.976,2422,18.5,0.1186,1.0,0.0402,-0.2345,0.9064,0.0,0.0,0,1.0,7,0,11,0.0,0.0,0.0
137.023,2423,18.5,0.1079,1.0,0.0383,-0.2225,0.9004,0.0,0.0,0,1.0,8,0,11,0.0,0.0,0.0
137.075,2424,18.5,0.1876,0.7611,0.0704,-0.2601,0.7444,0.0,0.0,0,1.0,8,0,11,0.0,0.0,0.0
137.125,2425,18.5,0.0533,0.8194,0.1369,0.2276,0.765,0.0,0.0,0,1.0,6,0,11,0.0,0.0,0.0
137.172,2426,18.5,0.1824,0.4949,0.3,0.1887,0.5837,0.0,0.0,0,1.0,5,0,11,0.0,0.0,0.0
137.225,2427,18.5,0.1769,0.7305,0.194,0.0295,0.7223,0.0,0.0,0,1.0,5,0,11,0.0,0.0,0.0
137.274,2428,18.5,0.097,0.7135,0.1945,0.2019,0.7082,0.0,0.0,0,1.0,8,0,11,0.0,0.0,0.0
137.324,2429,18.5,0.1395,0.8364,0.0638,-0.1952,0.7807,0.0,0.0,0,1.0,8,0,11,0.0,0.0,0.0
137.373,2430,18.5,0.237,1.0,0.0515,-0.3525,0.9727,0.0,0.0,0,1.0,9,0,11,0.0,0.0,0.0
137.426,2431,18.9,0.1763,0.7716,0.1248,-0.2627,0.7469,0.0,0.0,0,1.0,6,0,11,0.0,0.0,0.0
137.48,2432,18.9,0.0,0.6328,0.2258,0.5809,0.658,0.0,0.0,0,1.0,3,0,11,0.0,0.0,0.0
137.534,2433,18.9,0.0002,1.0,0.1859,0.4905,0.9441,0.0,0.0,0,1.0,6,0,11,0.0,0.0,0.0
137.582,2434,18.9,0.0,0.7255,0.3646,0.641,0.8137,0.0,0.0,0,1.0,9,0,11,0.0,0.0,0.0
137.635,2435,18.9,0.225,1.0,0.075,-0.2769,0.966,-0.7,0.0,0,1.0,8,0,11,0.035,0.0,0.014
137.692,2436,18.9,0.7967,0.3375,0.0344,-0.8781,0.7297,0.0,0.0,0,1.0,7,0,11,0.0,0.0,0.0
137.753,2437,18.9,0.8928,0.3106,0.0,-0.9832,0.7609,-0.2027,0.0,0,1.0,12,0,11,0.0101,0.0,0.0041
137.811,2438,18.9,0.6574,0.4335,0.0666,-0.7224,0.7323,-0.2027,0.0,0,1.0,21,0,11,0.0101,0.0,0.0041
137.866,2439,18.9,0.6637,0.4075,0.0696,-0.7292,0.714,-0.1876,0.0,0,1.0,19,0,11,0.0094,0.0,0.0038
137.919,2440,18.9,0.0,0.6327,0.4431,0.706,0.7796,-0.0737,0.0,0,1.0,14,0,11,0.0037,0.0,0.0015
137.974,2441,18.9,0.0648,0.5992,0.5289,0.6082,0.7995,-0.0737,0.0,0,1.0,14,0,11,0.0037,0.0,0.0015
138.024,2442,18.9,0.1157,0.5847,0.3679,0.3861,0.6972,-0.2303,0.0,0,1.0,14,0,11,0.0115,0.0,0.0046
138.078,2443,18.9,0.0,0.6246,0.4528,0.713,0.7782,-0.7,0.0,0,1.0,14,0,11,0.035,0.0,0.014
138.137,2444,18.9,0.0,0.6387,0.4387,0.702,0.7822,-0.7,0.0,0,1.0,14,0,11,0.035,0.0,0.014
138.191,2445,18.9,0.0,0.8954,0.2488,0.5426,0.8915,-0.1129,0.0,0,1.0,16,0,11,0.0056,0.0,0.0023
138.247,2446,18.9,0.3813,0.6914,0.1393,-0.3351,0.7943,0.0,0.0,0,1.0,14,0,11,0.0,0.0,0.0
138.305,2447,18.9,0.1997,0.7893,0.412,0.2522,0.8937,0.1784,0.0,0,1.0,11,0,11,0.0089,0.0,0.0036
138.362,2448,18.9,0.2324,0.9338,0.0855,-0.265,0.9145,0.0045,0.0,0,1.0,13,0,11,0.0002,0.0,0.0001
138.418,2449,18.9,0.3966,0.7667,0.0873,-0.4378,0.8662,0.0045,0.0,0,1.0,16,0,11,0.0002,0.0,0.0001
138.479,2450,18.9,0.828,0.4461,0.0,-0.9059,0.8384,0.0,0.0,0,1.0,14,0,11,0.0,0.0,0.0
138.533,2451,18.9,0.8431,0.4234,0.0,-0.9192,0.8278,-0.7,0.0,0,1.0,22,0,11,0.035,0.0,0.014
138.583,2452,18.9,0.7107,0.4824,0.0,-0.8604,0.8032,-0.1876,0.0,0,1.0,17,0,11,0.0094,0.0,0.0038
138.636,2453,18.9,0.4023,0.8047,0.0276,-0.5689,0.9012,-0.1876,0.0,0,1.0,20,0,11,0.0094,0.0,0.0038
138.697,2454,18.9,0.5855,0.3957,0.1471,-0.5419,0.6602,-0.0737,0.0,0,1.0,17,0,11,0.0037,0.0,0.0015
138.765,2455,18.9,0.1927,0.7475,0.2324,0.062,0.7581,0.0915,0.0,0,1.0,14,0,11,0.0046,0.0,0.0018
138.817,2456,18.9,0.1225,0.9536,0.1454,0.0465,0.8824,0.0,0.0,0,1.0,16,0,11,0.0,0.0,0.0
138.864,2457,18.9,0.2261,0.7202,0.2233,-0.0043,0.7316,0.0,0.0,0,1.0,15,0,11,0.0,0.0,0.0
138.917,2458,18.9,0.2364,0.7001,0.2412,0.007,0.7232,0.0,0.0,0,1.0,12,0,11,0.0,0.0,0.0
138.975,2459,18.9,0.138,0.9605,0.1601,0.0416,0.8965,0.0,0.0,0,1.0,14,0,11,0.0,0.0,0.0
139.021,2460,18.9,0.1532,0.9544,0.1496,-0.0067,0.8875,0.0,0.0,0,1.0,18,0,11,0.0,0.0,0.0
139.081,2461,18.2,0.2418,0.6978,0.2472,0.0078,0.7246,0.0,0.0,0,1.0,18,0,11,0.0,0.0,0.0
139.149,2462,18.2,0.0603,0.6262,0.4399,0.5562,0.7724,0.0,0.0,0,1.0,17,0,11,0.0,0.0,0.0
139.198,2463,18.2,0.0,0.9213,0.3945,0.6118,0.9948,0.0,0.0,0,1.0,24,0,11,0.0,0.0,0.0
139.248,2464,18.2,0.0181,0.9159,0.3785,0.5577,0.9813,-0.4651,0.0,0,1.0,19,0,11,0.0233,0.0,0.0093
139.299,2465,18.2,0.0,1.0,0.2706,0.5389,0.9915,0.0,0.0,0,1.0,17,0,11,0.0,0.0,0.0
139.361,2466,18.2,0.0,0.9313,0.3572,0.5929,0.9823,0.0,0.0,0,1.0,12,0,11,0.0,0.0,0.0
139.419,2467,18.2,0.0293,0.9433,0.2874,0.4653,0.9533,0.0,0.0,0,1.0,10,0,11,0.0,0.0,0.0
139.475,2468,18.2,0.0293,0.9198,0.288,0.469,0.9339,-0.7,0.0,0,1.0,10,0,11,0.035,0.0,0.014
139.526,2469,18.2,0.0293,0.7043,0.3499,0.5528,0.7876,0.0,0.0,0,1.0,9,0,11,0.0,0.0,0.0
139.586,2470,18.2,0.097,0.9838,0.0726,-0.0695,0.8807,0.0,0.0,0,1.0,7,0,11,0.0,0.0,0.0
139.646,2471,18.2,0.1763,0.665,0.1498,-0.0517,0.6573,0.0,0.0,0,1.0,6,0,11,0.0,0.0,0.0
139.708,2472,18.2,0.1763,0.6704,0.1487,-0.054,0.6619,0.0,0.0,0,1.0,5,0,11,0.0,0.0,0.0
139.773,2473,18.2,0.0533,0.8823,0.1103,0.1712,0.8029,0.0,0.0,0,1.0,9,0,11,0.0,0.0,0.0
139.826,2474,18.2,0.5661,0.5173,0.0652,-0.6519,0.7516,0.0,0.0,0,1.0,10,0,11,0.0,0.0,0.0
139.873,2475,18.2,0.5314,0.6236,0.0237,-0.691,0.8214,0.0,0.0,0,1.0,9,0,11,0.0,0.0,0.0
139.924,2476,18.2,0.9147,0.2713,0.0173,-0.9732,0.7401,0.0915,0.0,0,1.0,10,0,11,0.0046,0.0,0.0018
139.975,2477,18.2,0.0832,0.9627,0.0791,-0.0123,0.8553,0.0915,0.0,0,1.0,10,0,11,0.0046,0.0,0.0018
140.031,2478,18.2,0.0442,1.0,0.0446,0.0019,0.865,-0.1876,0.0,0,1.0,10,0,11,0.0094,0.0,0.0038
140.082,2479,18.2,0.0399,1.0,0.0466,0.0334,0.8661,0.0,0.0,0,1.0,15,0,11,0.0,0.0,0.0
140.132,2480,18.2,0.0504,1.0,0.0478,-0.0116,0.8682,0.0,0.0,0,1.0,12,0,11,0.0,0.0,0.0
140.182,2481,18.2,0.1311,1.0,0.0418,-0.2499,0.9134,0.0,0.0,0,1.0,8,0,11,0.0,0.0,0.0
140.234,2482,18.2,0.061,1.0,0.0498,-0.0447,0.8741,0.0,0.0,0,1.0,7,0,11,0.0,0.0,0.0
140.283,2483,18.2,0.097,0.9147,0.0752,-0.0625,0.8226,0.0,0.0,0,1.0,8,1,11,0.0,0.0,0.0
140.334,2484,18.2,0.1207,0.9058,0.0795,-0.1055,0.8285,0.0,0.0,0,1.0,10,1,11,0.0,0.0,0.0
140.384,2485,18.2,0.1763,0.6622,0.1621,-0.0271,0.655,0.0,0.0,0,1.0,6,1,11,0.0,0.0,0.0
140.438,2486,18.2,0.097,0.8973,0.1087,0.0294,0.8146,0.0,0.0,0,1.0,7,1,11,0.0,0.0,0.0
140.497,2487,18.2,0.1763,0.6835,0.1445,-0.0624,0.6728,0.0,0.0,0,1.0,5,1,11,0.0,0.0,0.0
140.552,2488,18.2,0.0276,1.0,0.0393,0.0721,0.862,0.0,0.0,0,1.0,11,1,11,0.0,0.0,0.0
140.609,2489,18.2,0.0612,0.8259,0.1418,0.2088,0.7732,0.0,0.0,0,1.0,10,1,11,0.0,0.0,0.0
140.656,2490,18.2,0.097,0.793,0.1152,0.0461,0.7306,0.0,0.0,0,1.0,7,1,11,0.0,0.0,0.0
140.714,2491,18.4,0.097,0.735,0.1832,0.4862,0.72,0.0,0.0,0,1.0,7,1,11,0.0,0.0,0.0
140.77,2492,18.4,0.1171,0.7496,0.1437,0.0589,0.7101,0.0,0.0,0,1.0,8,1,11,0.0,0.0,0.0
140.823,2493,18.4,0.1763,0.5737,0.2049,0.0521,0.5967,0.0,0.0,0,1.0,4,1,11,0.0,0.0,0.0
140.873,2494,18.4,0.2313,0.7692,0.049,-0.38,0.7757,0.0,0.0,0,1.0,6,1,11,0.0,0.0,0.0
140.924,2495,18.4,0.2074,0.8949,0.0187,-0.442,0.8678,0.0,0.0,0,1.0,7,1,11,0.0,0.0,0.0
140.973,2496,18.4,0.8133,0.3865,0.01,-0.9091,0.7801,0.0,0.0,0,1.0,10,1,11,0.0,0.0,0.0
141.024,2497,18.4,0.8192,0.3451,0.006,-0.9384,0.7487,-0.2156,0.0,0,1.0,11,1,11,0.0108,0.0,0.0043
141.075,2498,18.4,0.7276,0.4219,0.0,-0.8917,0.7619,-0.2156,0.0,0,1.0,13,1,11,0.0108,0.0,0.0043
141.124,2499,18.4,0.5263,0.5241,0.0952,-0.5657,0.7349,-0.1876,0.0,0,1.0,18,1,11,0.0094,0.0,0.0038
141.181,2500,18.4,0.0025,0.8037,0.3048,0.5826,0.8458,-0.1876,0.0,0,1.0,17,1,11,0.0094,0.0,0.0038
141.239,2501,18.4,0.0,0.7741,0.3354,0.6139,0.838,0.0915,0.0,0,1.0,17,1,11,0.0046,0.0,0.0018
141.306,2502,18.4,0.0,0.9316,0.2259,0.524,0.909,0.0,0.0,0,1.0,19,1,11,0.0,0.0,0.0
141.371,2503,18.4,0.0,0.6916,0.3845,0.6601,0.7963,0.0,0.0,0,1.0,14,1,11,0.0,0.0,0.0
141.426,2504,18.4,0.2005,0.9235,0.0711,-0.2625,0.888,-0.3477,0.0,0,1.0,11,1,11,0.0174,0.0,0.007
141.486,2505,18.4,0.1812,1.0,0.0605,-0.2615,0.9415,0.0,0.0,0,1.0,9,1,11,0.0,0.0,0.0
141.543,2506,18.4,0.3,0.8775,0.048,-0.4335,0.9051,0.0,0.0,0,1.0,11,1,11,0.0,0.0,0.0
141.606,2507,18.4,0.39,0.7141,0.0189,-0.6042,0.8182,0.0,0.0,0,1.0,9,1,11,0.0,0.0,0.0
141.656,2508,18.4,0.3424,0.671,0.0958,-0.3893,0.7554,0.0,0.0,0,1.0,11,1,11,0.0,0.0,0.0
141.713,2509,18.4,0.8024,0.6184,0.0562,-0.6383,0.9688,0.0,0.0,0,1.0,11,1,11,0.0,0.0,0.0
141.771,2510,18.4,0.1841,0.8776,0.1916,0.0122,0.8445,-0.1275,0.0,0,1.0,8,1,11,0.0064,0.0,0.0026
141.825,2511,18.4,0.243,0.8302,0.1298,-0.1884,0.8334,0.0,0.0,0,1.0,13,1,11,0.0,0.0,0.0
141.873,2512,18.4,0.1279,0.9534,0.1376,0.0199,0.8779,0.0,0.0,0,1.0,14,1,11,0.0,0.0,0.0
141.926,2513,18.4,0.1563,0.9471,0.1235,-0.0648,0.8831,0.0,0.0,0,1.0,11,1,11,0.0,0.0,0.0
141.973,2514,18.4,0.1413,0.9685,0.2017,0.102,0.9264,0.0,0.0,0,1.0,19,1,11,0.0,0.0,0.0
142.023,2515,18.4,0.0177,1.0,0.237,0.4566,0.9727,0.0,0.0,0,1.0,21,1,11,0.0,0.0,0.0
142.074,2516,18.4,0.1809,0.978,0.1706,-0.017,0.9228,0.0,0.0,0,1.0,23,1,11,0.0,0.0,0.0
142.127,2517,18.4,0.1878,0.8926,0.2252,0.0566,0.8759,0.0,0.0,0,1.0,19,1,11,0.0,0.0,0.0
142.183,2518,18.4,0.1627,0.9427,0.1176,-0.0888,0.883,0.0,0.0,0,1.0,17,1,11,0.0,0.0,0.0
142.234,2519,18.4,0.3376,0.6413,0.1941,-0.1999,0.7278,0.0,0.0,0,1.0,12,1,11,0.0,0.0,0.0
142.285,2520,18.4,0.1596,0.8915,0.2555,0.1448,0.892,0.0,0.0,0,1.0,14,1,11,0.0,0.0,0.0
142.348,2521,18.4,0.1552,1.0,0.1342,-0.0398,0.9269,0.0,0.0,0,1.0,12,1,11,0.0,0.0,0.0
142.403,2522,18.4,0.1829,0.891,0.2406,0.0859,0.8831,0.0,0.0,0,1.0,16,1,11,0.0,0.0,0.0
142.459,2523,18.4,0.0338,1.0,0.1764,0.3431,0.9388,-0.7,0.0,0,1.0,14,1,11,0.035,0.0,0.014
142.508,2524,18.4,0.02,0.907,0.3476,0.5367,0.9566,0.0,0.0,0,1.0,11,1,11,0.0,0.0,0.0
142.568,2525,18.4,0.0,0.9138,0.3555,0.6097,0.9666,0.0,0.0,0,1.0,7,1,11,0.0,0.0,0.0
142.617,2526,18.4,0.0293,0.9031,0.326,0.4986,0.9411,0.0,0.0,0,1.0,12,1,11,0.0,0.0,0.0
142.675,2527,18.4,0.0293,0.9042,0.3075,0.4855,0.9317,-0.7,0.0,0,1.0,10,1,11,0.035,0.0,0.014
142.731,2528,18.4,0.0293,0.9059,0.2965,0.4774,0.927,0.0,0.0,0,1.0,10,1,11,0.0,0.0,0.0
142.788,2529,18.4,0.097,0.8715,0.2093,0.2122,0.8493,0.0,0.0,0,1.0,7,1,11,0.0,0.0,0.0
142.844,2530,18.4,0.3059,0.7548,0.1378,-0.2542,0.8053,0.0,0.0,0,1.0,8,1,11,0.0,0.0,0.0
142.902,2531,18.4,0.0533,0.8994,0.2143,0.3323,0.8755,0.0,0.0,0,1.0,9,1,11,0.0,0.0,0.0
142.961,2532,18.4,0.4055,0.7085,0.1082,-0.4128,0.8222,0.0,0.0,0,1.0,8,1,11,0.0,0.0,0.0
143.014,2533,18.4,0.6248,0.6236,0.0483,-0.6819,0.8737,0.0,0.0,0,1.0,11,1,11,0.0,0.0,0.0
143.064,2534,18.4,0.6552,0.5373,0.078,-0.665,0.8183,-0.7,0.0,0,1.0,12,1,11,0.035,0.0,0.014
143.117,2535,18.4,0.524,0.6671,0.0801,-0.5579,0.8538,-0.0737,0.0,0,1.0,11,1,11,0.0037,0.0,0.0015
143.164,2536,18.4,0.4393,0.6923,0.1184,-0.4228,0.8276,-0.0737,0.0,0,1.0,9,1,11,0.0037,0.0,0.0015
143.217,2537,18.4,0.097,0.8724,0.2048,0.2057,0.8475,-0.4651,0.0,0,1.0,10,1,11,0.0233,0.0,0.0093
143.268,2538,18.4,0.097,0.8702,0.2149,0.2199,0.8514,0.0,0.0,0,1.0,9,1,11,0.0,0.0,0.0
143.337,2539,18.4,0.031,1.0,0.1932,0.3718,0.9482,0.0,0.0,0,1.0,10,1,11,0.0,0.0,0.0
143.398,2540,18.4,0.0533,0.8956,0.2711,0.3916,0.9041,0.0,0.0,0,1.0,9,1,11,0.0,0.0,0.0
143.449,2541,18.4,0.0533,0.8949,0.2696,0.3902,0.9027,0.0,0.0,0,1.0,6,1,11,0.0,0.0,0.0
143.502,2542,18.4,0.1763,0.7124,0.14,-0.0711,0.6972,0.0,0.0,0,1.0,6,1,11,0.0,0.0,0.0
143.562,2543,18.4,0.0533,1.0,0.089,0.1165,0.8899,0.0,0.0,0,1.0,8,1,11,0.0,0.0,0.0
143.618,2544,18.4,0.097,0.826,0.1139,0.0425,0.7576,0.0,0.0,0,1.0,8,1,11,0.0,0.0,0.0
143.667,2545,18.4,0.0577,0.9723,0.3493,0.4355,1.0,0.0,0.0,0,1.0,10,1,11,0.0,0.0,0.0
143.722,2546,18.4,0.1629,0.8029,0.0701,-0.2188,0.7657,0.0,0.0,0,1.0,10,1,11,0.0,0.0,0.0
143.777,2547,18.4,0.1763,0.7238,0.1201,-0.1146,0.7067,0.0,0.0,0,1.0,6,1,11,0.0,0.0,0.0
143.832,2548,18.4,0.097,0.8746,0.0916,-0.0145,0.7889,0.0,0.0,0,1.0,8,1,11,0.0,0.0,0.0
143.883,2549,18.4,0.1863,0.7232,0.0973,-0.1871,0.7118,0.0,0.0,0,1.0,8,1,11,0.0,0.0,0.0
143.936,2550,18.4,0.1763,0.7133,0.1183,-0.1193,0.6979,0.0,0.0,0,1.0,6,1,11,0.0,0.0,0.0
143.989,2551,18.2,0.097,0.9639,0.0619,-0.1058,0.864,0.0,0.0,0,1.0,10,1,11,0.0,0.0,0.0
144.041,2552,18.2,0.6189,0.4979,0.0342,-0.7491,0.7649,0.0,0.0,0,1.0,7,1,11,0.0,0.0,0.0
144.104,2553,18.2,0.3934,0.8471,0.0027,-0.6191,0.9319,-0.1876,0.0,0,1.0,10,1,11,0.0094,0.0,0.0038
144.163,2554,18.2,0.0788,1.0,0.0118,-0.3175,0.8841,-0.1876,0.0,0,1.0,12,1,11,0.0094,0.0,0.0038
144.216,2555,18.2,0.0553,1.0,0.0062,-0.3266,0.871,-0.7,0.0,0,1.0,17,1,11,0.035,0.0,0.014
144.264,2556,18.2,0.1099,1.0,0.0251,-0.2891,0.9015,0.0,0.0,0,1.0,12,1,11,0.0,0.0,0.0
144.32,2557,18.2,0.3213,0.6981,0.1115,-0.3303,0.7663,0.0,0.0,0,1.0,9,1,11,0.0,0.0,0.0
144.377,2558,18.2,0.0533,0.8983,0.2308,0.3509,0.8838,0.0,0.0,0,1.0,9,1,11,0.0,0.0,0.0
144.424,2559,18.2,0.0796,0.7117,0.3112,0.3897,0.7721,0.0,0.0,0,1.0,14,1,11,0.0,0.0,0.0
144.475,2560,18.2,0.2019,0.7427,0.2207,0.0296,0.7475,0.0,0.0,0,1.0,16,1,11,0.0,0.0,0.0
144.528,2561,18.2,0.1119,1.0,0.1149,0.0068,0.9044,0.0,0.0,0,1.0,17,1,11,0.0,0.0,0.0
144.583,2562,18.2,0.2145,0.7409,0.2114,-0.0047,0.7425,0.0,0.0,0,1.0,18,1,11,0.0,0.0,0.0
144.633,2563,18.2,0.1276,1.0,0.1143,-0.0287,0.9115,0.0,0.0,0,1.0,15,1,11,0.0,0.0,0.0
144.686,2564,18.2,0.143,0.9202,0.2141,0.1185,0.8929,0.0,0.0,0,1.0,15,1,11,0.0,0.0,0.0
144.748,2565,18.2,0.1373,0.9259,0.2197,0.1372,0.9008,0.0,0.0,0,1.0,16,1,11,0.0,0.0,0.0
144.802,2566,18.2,0.0707,0.8882,0.2837,0.3604,0.905,0.0,0.0,0,1.0,19,1,11,0.0,0.0,0.0
144.85,2567,18.2,0.1428,0.9665,0.1784,0.0631,0.9117,0.0,0.0,0,1.0,15,1,11,0.0,0.0,0.0
144.902,2568,18.2,0.0398,1.0,0.1323,0.26,0.9141,0.0,0.0,0,1.0,12,1,11,0.0,0.0,0.0
144.949,2569,18.2,0.0417,1.0,0.1201,0.231,0.9072,0.0,0.0,0,1.0,12,1,11,0.0,0.0,0.0
144.999,2570,18.2,0.0798,0.9883,0.2013,0.236,0.9429,0.0,0.0,0,1.0,13,1,11,0.0,0.0,0.0
145.049,2571,18.2,0.0894,1.0,0.1393,0.1126,0.918,0.0,0.0,0,1.0,11,1,11,0.0,0.0,0.0
145.102,2572,18.2,0.042,1.0,0.134,0.2538,0.915,0.0,0.0,0,1.0,14,1,11,0.0,0.0,0.0
145.159,2573,18.2,0.0936,0.9411,0.0829,-0.0299,0.8429,0.0,0.0,0,1.0,13,2,11,0.0,0.0,0.0
145.212,2574,18.2,0.3847,0.5996,0.0266,-0.6108,0.7191,0.0,0.0,1,1.0,8,2,11,0.0,1.0,0.0
145.268,2575,18.2,0.097,0.8066,0.1401,0.1001,0.756,0.0,0.0,1,1.0,5,2,11,0.0,0.8,0.0
145.328,2576,18.2,0.7789,0.4408,0.0228,-0.8506,0.8065,-0.4651,0.0,1,1.0,10,2,11,0.0233,0.8,0.0093
145.387,2577,18.2,0.0915,1.0,0.1014,0.0254,0.8968,-0.2303,0.0,1,1.0,15,2,11,0.0115,0.8,0.0046
145.447,2578,18.2,0.3463,0.7491,0.1234,-0.3245,0.8232,0.0,0.0,1,1.0,19,2,11,0.0,0.8,0.0
145.502,2579,18.2,0.3744,0.7164,0.13,-0.3426,0.8115,0.0,0.0,1,1.0,13,2,11,0.0,0.8,0.0
145.56,2580,18.2,0.8756,0.586,0.0557,-0.7709,1.0,0.0,0.0,1,1.6,16,0,12,0.0,0.8,0.0
145.617,2581,18.5,0.8339,0.6097,0.0688,-0.7301,1.0,-0.3477,0.0,1,1.56,11,0,12,0.0174,0.8,0.007
145.666,2582,18.5,1.0,0.4238,0.0131,-0.7039,1.0,-0.2303,0.0,1,1.52,15,0,12,0.0115,0.8,0.0046
145.718,2583,18.5,0.145,1.0,0.1021,-0.0914,1.0,-0.2303,0.0,1,1.48,10,0,12,0.0115,0.8,0.0046
145.776,2584,18.5,0.8279,0.545,0.0472,-0.7829,1.0,-0.1876,0.0,1,1.44,6,0,12,0.0094,0.8,0.0038
145.829,2585,18.5,0.6974,0.7541,0.0362,-0.6978,1.0,-0.1876,0.0,1,1.4,11,0,12,0.0094,0.8,0.0038
145.882,2586,18.5,0.7488,0.4676,0.0579,-0.7638,1.0,-0.1876,0.0,0,1.36,7,0,12,0.0094,0.8,0.0038
145.932,2587,18.5,0.72,0.5054,0.0622,-0.7319,1.0,-0.0737,0.0,0,1.32,7,0,12,0.0037,0.0,0.0015
145.982,2588,18.5,0.8318,0.5253,0.0888,-0.7222,1.0,0.0045,0.0,0,1.28,6,0,12,0.0002,0.0,0.0001
146.032,2589,18.5,0.8221,0.6201,0.0697,-0.7217,1.0,0.0045,0.0,0,1.24,8,0,12,0.0002,0.0,0.0001
146.081,2590,18.5,0.7697,0.6466,0.1134,-0.6911,1.0,-0.2722,0.0,0,1.2,10,0,12,0.0136,0.0,0.0054
146.138,2591,18.5,0.7121,0.7409,0.0925,-0.614,1.0,-0.2722,0.0,0,1.16,11,0,12,0.0136,0.0,0.0054
146.191,2592,18.5,0.7415,0.657,0.1436,-0.5689,1.0,-0.2122,0.0,0,1.12,10,0,12,0.0106,0.0,0.0042
146.241,2593,18.5,0.7112,0.6769,0.1685,-0.515,1.0,-0.2471,0.0,0,1.08,11,0,12,0.0124,0.0,0.0049
146.292,2594,18.5,0.7309,0.6669,0.164,-0.533,1.0,-0.2471,0.0,0,1.04,18,0,12,0.0124,0.0,0.0049
146.342,2595,18.5,0.6485,0.786,0.1531,-0.4846,1.0,-0.2441,0.0,0,1.0,24,0,12,0.0122,0.0,0.0049
146.394,2596,18.5,0.6907,0.6875,0.2039,-0.4543,0.9642,-0.2974,0.0,0,1.0,27,0,12,0.0149,0.0,0.0059
146.45,2597,18.5,0.7405,0.6912,0.1724,-0.5215,0.9953,-0.2974,0.0,0,1.0,23,0,12,0.0149,0.0,0.0059
146.51,2598,18.5,0.694,0.6837,0.2396,-0.4113,0.9629,-0.2405,0.0,0,1.0,22,0,12,0.012,0.0,0.0048
146.57,2599,18.5,0.0864,1.0,0.3381,0.3619,1.0,-0.1198,0.0,0,1.0,23,0,12,0.006,0.0,0.0024
146.625,2600,18.5,0.1714,0.8159,0.4711,0.3405,0.9492,0.0,0.0,0,1.0,25,0,12,0.0,0.0,0.0
146.678,2601,18.5,0.0952,0.9,0.4755,0.4571,1.0,0.0,0.0,0,1.0,25,0,12,0.0,0.0,0.0
146.745,2602,18.5,0.1728,0.8175,0.4695,0.337,0.9496,-0.2664,0.0,0,1.0,24,0,12,0.0133,0.0,0.0053
146.805,2603,18.5,0.141,0.8359,0.4747,0.3882,0.968,0.0045,0.0,0,1.0,23,0,12,0.0002,0.0,0.0001
146.856,2604,18.5,0.163,0.8365,0.4468,0.3323,0.9529,-0.1129,0.0,0,1.0,20,0,12,0.0056,0.0,0.0023
146.909,2605,18.5,0.1731,0.8323,0.4212,0.2964,0.935,-0.1129,0.0,0,1.0,24,0,12,0.0056,0.0,0.0023
146.957,2606,18.5,0.6506,0.7296,0.2318,-0.389,0.9772,-0.1198,0.0,0,1.0,30,0,12,0.006,0.0,0.0024
147.007,2607,18.5,0.744,0.692,0.1669,-0.5305,0.9979,-0.0961,0.0,0,1.0,23,0,12,0.0048,0.0,0.0019
147.056,2608,18.5,0.7039,0.8308,0.1266,-0.5421,1.0,-0.0961,0.0,0,1.6,25,0,13,0.0048,0.0,0.0019
147.109,2609,18.5,0.7158,0.8181,0.1288,-0.5468,1.0,-0.1198,0.0,0,1.56,25,0,13,0.006,0.0,0.0024
147.161,2610,18.5,0.7399,0.6912,0.1765,-0.5157,1.0,-0.1198,0.0,0,1.52,26,0,13,0.006,0.0,0.0024
147.218,2611,18.7,0.4531,0.9704,0.1857,0.0471,1.0,-0.2664,0.0,0,1.48,24,0,13,0.0133,0.0,0.0053
147.276,2612,18.7,0.082,1.0,0.3411,0.3734,1.0,-0.1967,0.0,0,1.44,26,0,13,0.0098,0.0,0.0039
147.336,2613,18.7,0.0319,1.0,0.3686,0.5047,1.0,0.0,0.0,0,1.4,23,0,13,0.0,0.0,0.0
147.392,2614,18.7,0.1701,0.8266,0.4492,0.3245,1.0,-0.7,0.0,0,1.36,25,0,13,0.035,0.0,0.014
147.442,2615,18.7,0.3676,0.7975,0.3169,-0.0554,1.0,-0.7,0.0,0,1.32,24,0,13,0.035,0.0,0.014
147.5,2616,18.7,0.1714,0.9011,0.3512,0.2299,1.0,-0.1716,0.0,0,1.28,26,0,13,0.0086,0.0,0.0034
147.563,2617,18.7,0.7124,0.8216,0.1357,-0.3615,1.0,-0.1363,0.0,0,1.24,24,0,13,0.0068,0.0,0.0027
147.618,2618,18.7,0.7451,0.6865,0.1787,-0.5162,1.0,-0.2664,0.0,0,1.2,25,0,13,0.0133,0.0,0.0053
147.677,2619,18.7,0.7012,0.676,0.2323,-0.4255,1.0,-0.2664,0.0,0,1.16,27,0,13,0.0133,0.0,0.0053
147.742,2620,18.7,0.401,0.9694,0.2364,-0.179,1.0,-0.2596,0.0,0,1.12,25,0,13,0.013,0.0,0.0052
147.803,2621,18.7,0.1629,0.8355,0.4357,0.3239,1.0,-0.1967,0.0,0,1.08,27,0,13,0.0098,0.0,0.0039
147.86,2622,18.7,0.1051,0.8498,0.4838,0.4526,1.0,-0.1363,0.0,0,1.04,23,0,13,0.0068,0.0,0.0027
147.916,2623,18.7,0.0,0.8667,0.545,0.6843,1.0,-0.1363,0.0,0,1.0,20,0,13,0.0068,0.0,0.0027
147.979,2624,18.7,0.1638,0.823,0.4423,0.3292,0.9391,0.0045,0.0,0,1.0,27,0,13,0.0002,0.0,0.0001
148.033,2625,18.7,0.3412,0.4348,0.4486,0.1226,0.6164,0.0045,0.0,0,1.0,22,0,13,0.0002,0.0,0.0001
148.084,2626,18.7,0.6595,0.5378,0.2759,-0.3664,0.8211,-0.1833,0.0,0,1.0,23,0,13,0.0092,0.0,0.0037
148.148,2627,18.7,0.8076,0.5385,0.156,-0.6078,0.9046,-0.1833,0.0,0,1.0,24,0,13,0.0092,0.0,0.0037
148.211,2628,18.7,0.7491,0.5097,0.2326,-0.4803,0.8476,-0.2491,0.0,0,1.0,22,0,13,0.0125,0.0,0.005
148.268,2629,18.7,0.7434,0.503,0.2512,-0.4543,0.8389,-0.1833,0.0,0,1.0,24,0,13,0.0092,0.0,0.0037
148.319,2630,18.7,0.2183,0.8352,0.3018,0.1095,0.8706,-0.1833,0.0,0,1.0,23,0,13,0.0092,0.0,0.0037
148.379,2631,18.7,0.2129,0.503,0.5043,0.3468,0.7049,-0.1851,0.0,0,1.0,22,0,13,0.0093,0.0,0.0037
148.433,2632,18.7,0.2897,0.4962,0.4581,0.1949,0.6734,-0.1716,0.0,0,1.0,25,0,13,0.0086,0.0,0.0034
148.485,2633,18.7,0.0631,0.9514,0.2497,0.3388,0.939,-0.2393,0.0,0,1.0,20,0,13,0.012,0.0,0.0048
148.538,2634,18.7,0.1939,1.0,0.1541,-0.066,0.9486,-0.2393,0.0,0,1.0,25,0,13,0.012,0.0,0.0048
148.594,2635,18.7,0.2025,0.5941,0.4472,0.3008,0.7495,0.0,0.0,0,1.0,24,0,13,0.0,0.0,0.0
148.649,2636,18.7,0.2155,0.5344,0.4564,0.2969,1.0,-0.0737,0.0,0,1.6,22,0,14,0.0037,0.0,0.0015
148.702,2637,18.7,0.2627,0.5378,0.4271,0.1983,1.0,-0.0737,0.0,0,1.56,24,0,14,0.0037,0.0,0.0015
148.763,2638,18.7,0.5604,0.875,0.109,-0.4884,1.0,-0.0737,0.0,0,1.52,26,0,14,0.0037,0.0,0.0015
148.818,2639,18.7,0.1797,0.9039,0.1509,-0.0509,1.0,0.0915,0.0,0,1.48,22,0,14,0.0046,0.0,0.0018
148.862,2640,18.7,0.3623,0.5556,0.274,-0.1122,0.9641,0.0,0.0,0,1.44,20,0,14,0.0,0.0,0.0
148.917,2641,17.6,0.1883,0.5541,0.4468,0.3291,1.0,0.0,0.0,0,1.4,21,0,14,0.0,0.0,0.0
148.965,2642,17.6,0.3142,0.6187,0.2668,-0.0626,0.9461,-0.2596,0.0,0,1.36,22,0,14,0.013,0.0,0.0052
149.018,2643,17.6,0.3159,0.613,0.2714,-0.0583,0.9132,-0.1363,0.0,0,1.32,22,0,14,0.0068,0.0,0.0027
149.064,2644,17.6,0.1826,0.5837,0.4177,0.3078,0.927,-0.1363,0.0,0,1.28,20,0,14,0.0068,0.0,0.0027
149.117,2645,17.6,0.0,0.6252,0.5114,0.7379,1.0,-0.1363,0.0,0,1.24,22,0,14,0.0068,0.0,0.0027
149.17,2646,17.6,0.0,0.6274,0.5031,0.7338,0.9704,-0.0835,0.0,0,1.2,20,0,14,0.0042,0.0,0.0017
149.227,2647,17.6,0.3434,0.6217,0.227,-0.1555,0.8289,-0.0835,0.0,0,1.16,21,0,14,0.0042,0.0,0.0017
149.283,2648,17.6,0.0344,0.9006,0.2371,0.414,0.996,-0.1967,0.0,0,1.12,16,0,14,0.0098,0.0,0.0039
149.332,2649,17.6,0.1194,0.6323,0.3456,0.3483,0.7827,0.0,0.0,0,1.08,13,0,14,0.0,0.0,0.0
149.393,2650,17.6,0.097,0.5753,0.4183,0.472,0.7462,0.0,0.0,0,1.04,6,0,14,0.0,0.0,0.0
149.45,2651,17.6,0.0293,0.9328,0.2134,0.4045,0.9031,-0.7,0.0,0,1.0,10,0,14,0.035,0.0,0.014
149.501,2652,17.6,0.0293,1.0,0.1597,0.3404,0.9294,-0.7,0.0,0,1.0,7,0,14,0.035,0.0,0.014
149.56,2653,17.6,0.1763,0.67,0.2629,0.1366,0.71,0.0,0.0,0,1.0,4,0,14,0.0,0.0,0.0
149.617,2654,17.6,0.06,0.9965,0.0554,-0.0182,0.8707,-0.1363,0.0,0,1.0,9,0,14,0.0068,0.0,0.0027
149.67,2655,17.6,0.1763,0.6806,0.1411,-0.0696,0.6704,0.0,0.0,0,1.0,7,0,14,0.0,0.0,0.0
149.733,2656,17.6,0.7922,0.3565,0.0091,-0.92,0.743,0.0,0.0,0,1.0,15,0,14,0.0,0.0,0.0
149.792,2657,17.6,0.486,0.6848,0.0339,-0.6283,0.8474,-0.2441,0.0,0,1.0,13,0,14,0.0122,0.0,0.0049
149.839,2658,17.6,0.5441,0.6224,0.0475,-0.7544,0.8275,-0.2441,0.0,0,1.0,14,0,14,0.0122,0.0,0.0049
149.89,2659,17.6,0.5623,0.6256,0.0246,-0.674,0.8404,-0.1129,0.0,0,1.0,11,0,14,0.0056,0.0,0.0023
149.945,2660,17.6,0.1296,0.8488,0.0748,-0.1404,0.7856,0.0045,0.0,0,1.0,10,0,14,0.0002,0.0,0.0001
150.002,2661,17.6,0.0321,1.0,0.0557,0.115,0.8712,0.0,0.0,0,1.0,10,0,14,0.0,0.0,0.0
150.055,2662,17.6,0.0713,1.0,0.0314,-0.1701,0.8799,0.0,0.0,0,1.0,10,0,14,0.0,0.0,0.0
150.11,2663,17.6,0.4094,0.6008,0.0333,-0.6086,0.7339,0.0,0.0,0,1.0,6,0,14,0.0,0.0,0.0
150.16,2664,17.6,0.2246,0.6855,0.1381,-0.1552,0.7016,-0.7,0.0,0,1.0,7,0,14,0.035,0.0,0.014
150.221,2665,17.6,0.0408,1.0,0.1206,0.2359,0.9076,0.0,0.0,0,1.0,13,0,14,0.0,0.0,0.0
150.275,2666,17.6,0.0034,1.0,0.204,0.4878,0.9543,0.0,0.0,0,1.0,10,0,14,0.0,0.0,0.0
150.326,2667,17.6,0.0,1.0,0.2091,0.5053,0.9571,0.0,0.0,0,1.0,12,0,14,0.0,0.0,0.0
150.375,2668,17.6,0.0102,1.0,0.1749,0.437,0.9379,0.0,0.0,0,1.0,10,0,14,0.0,0.0,0.0
150.426,2669,17.6,0.0533,0.9707,0.1196,0.1865,0.8823,0.0,0.0,0,1.0,8,0,14,0.0,0.0,0.0
150.473,2670,17.6,0.097,0.8976,0.1199,0.0553,0.8211,0.0,0.0,0,1.0,7,0,14,0.0,0.0,0.0
150.528,2671,18.6,0.0,1.0,0.1173,0.4482,0.9057,0.0,0.0,0,1.0,11,0,14,0.0,0.0,0.0
150.589,2672,18.6,0.0533,1.0,0.0725,0.0691,0.8806,0.0,0.0,0,1.0,10,0,14,0.0,0.0,0.0
150.643,2673,18.6,0.566,0.5745,0.0672,-0.6305,0.7995,0.0,0.0,0,1.0,9,0,14,0.0,0.0,0.0
150.702,2674,18.6,0.5191,0.5889,0.0659,-0.6031,0.7854,0.0,0.0,0,1.0,10,0,14,0.0,0.0,0.0
150.762,2675,18.6,0.5989,0.5647,0.0646,-0.6554,0.8098,0.0915,0.0,0,1.0,8,0,14,0.0046,0.0,0.0018
150.816,2676,18.6,0.0533,0.9173,0.2099,0.3255,0.8881,0.0915,0.0,0,1.0,6,0,14,0.0046,0.0,0.0018
150.867,2677,18.6,0.0533,0.9418,0.1883,0.2968,0.8965,0.0915,0.0,0,1.0,8,0,14,0.0046,0.0,0.0018
150.914,2678,18.6,0.097,0.911,0.177,0.1619,0.8644,0.0,0.0,0,1.0,6,0,14,0.0,0.0,0.0
150.967,2679,18.6,0.097,0.9132,0.176,0.1602,0.8657,0.0,0.0,0,1.0,6,0,14,0.0,0.0,0.0
151.013,2680,18.6,0.097,0.7946,0.1463,0.1128,0.7494,0.0,0.0,0,1.0,7,0,14,0.0,0.0,0.0
151.068,2681,18.6,0.097,0.8075,0.1474,0.1146,0.7608,0.0,0.0,0,1.0,6,0,14,0.0,0.0,0.0
151.127,2682,18.6,0.0736,1.0,0.0415,-0.1243,0.8812,0.0,0.0,0,1.0,9,0,14,0.0,0.0,0.0
151.184,2683,18.6,0.1843,0.7735,0.068,-0.2612,0.7529,0.0,0.0,0,1.0,8,0,14,0.0,0.0,0.0
151.233,2684,18.6,0.2119,1.0,0.0536,-0.3197,0.9586,0.0,0.0,0,1.0,11,0,14,0.0,0.0,0.0
151.295,2685,18.6,0.1763,0.7099,0.1228,-0.1089,0.695,0.0,0.0,0,1.0,8,0,14,0.0,0.0,0.0
151.36,2686,18.6,0.1146,0.9405,0.061,-0.1502,0.8542,0.0,0.0,0,1.0,11,0,14,0.0,0.0,0.0
151.419,2687,18.6,0.0684,1.0,0.0966,0.0819,0.8941,0.0,0.0,0,1.0,8,0,14,0.0,0.0,0.0
151.477,2688,18.6,0.2173,0.685,0.2232,0.0092,0.7004,0.0,0.0,0,1.0,8,0,14,0.0,0.0,0.0
151.533,2689,18.6,0.2924,0.7392,0.1493,-0.2185,0.7847,0.0,0.0,0,1.0,9,0,14,0.0,0.0,0.0
151.583,2690,18.6,0.2367,0.7433,0.1946,-0.0653,0.7569,0.0,0.0,0,1.0,11,0,14,0.0,0.0,0.0
151.634,2691,18.6,0.2249,0.7389,0.2105,-0.0222,0.7466,0.0,0.0,0,1.0,15,0,14,0.0,0.0,0.0
151.693,2692,18.6,0.0293,0.6676,0.3878,0.4693,0.7779,0.0,0.0,0,1.0,16,0,14,0.0,0.0,0.0
151.757,2693,18.6,0.1308,0.9084,0.2296,0.1641,0.8917,0.0,0.0,0,1.0,13,0,14,0.0,0.0,0.0
151.816,2694,18.6,0.0,1.0,0.2321,0.5182,0.97,0.0,0.0,0,1.0,13,0,14,0.0,0.0,0.0
151.869,2695,18.6,0.0293,0.9413,0.2107,0.401,0.9087,0.0,0.0,0,1.0,9,0,14,0.0,0.0,0.0
151.922,2696,18.6,0.097,0.6424,0.2788,0.3242,0.6957,0.0,0.0,0,1.0,7,0,14,0.0,0.0,0.0
151.973,2697,18.6,0.097,0.8785,0.1979,0.1955,0.8488,0.0,0.0,0,1.0,9,0,14,0.0,0.0,0.0
152.025,2698,18.6,0.0533,0.9006,0.2205,0.6041,0.88,0.0,0.0,0,1.0,7,0,14,0.0,0.0,0.0
152.073,2699,18.6,0.4234,0.7136,0.0963,-0.4494,0.8365,0.0,0.0,0,1.0,11,0,14,0.0,0.0,0.0
152.124,2700,18.6,0.4415,0.7275,0.0821,-0.4885,0.8583,-0.7,0.0,0,1.0,14,0,14,0.035,0.0,0.014
152.176,2701,18.2,0.7189,0.4889,0.0,-0.86,0.8133,-0.7,0.0,0,1.0,14,0,14,0.035,0.0,0.014
152.232,2702,18.2,0.3569,0.7823,0.0917,-0.3938,0.857,-0.1967,0.0,0,1.0,16,0,14,0.0098,0.0,0.0039
152.289,2703,18.2,0.2774,0.7543,0.3538,0.0899,0.8318,-0.7,0.0,0,1.0,19,0,14,0.035,0.0,0.014
152.344,2704,18.2,0.7398,0.3662,0.0369,-0.8425,0.7219,-0.2303,0.0,0,1.0,21,0,14,0.0115,0.0,0.0046
152.401,2705,18.2,0.779,0.3009,0.0631,-0.8321,0.689,-0.2303,0.0,0,1.0,20,0,14,0.0115,0.0,0.0046
152.451,2706,18.2,0.2346,0.8035,0.1475,-0.1437,0.8063,-0.2122,0.0,0,1.0,17,0,14,0.0106,0.0,0.0042
152.499,2707,18.2,0.1987,0.7576,0.2159,0.0273,0.7573,0.0,0.0,0,1.0,16,0,14,0.0,0.0,0.0
152.555,2708,18.2,0.2107,0.7402,0.224,0.0206,0.7472,0.0,0.0,0,1.0,16,0,14,0.0,0.0,0.0
152.609,2709,18.2,0.2272,0.7182,0.2336,0.0096,0.7341,0.0,0.0,0,1.0,11,0,14,0.0,0.0,0.0
152.668,2710,18.2,0.2374,0.8429,0.1418,-0.1565,0.841,0.0,0.0,0,1.0,12,0,14,0.0,0.0,0.0
152.732,2711,18.2,0.1475,0.6911,0.2974,0.2321,0.747,0.0,0.0,0,1.0,12,0,14,0.0,0.0,0.0
152.789,2712,18.2,0.0293,0.9906,0.2634,0.441,0.9796,0.0,0.0,0,1.0,11,0,14,0.0,0.0,0.0
152.845,2713,18.2,0.0232,0.9753,0.2778,0.4721,0.9748,0.0,0.0,0,1.0,12,0,14,0.0,0.0,0.0
152.898,2714,18.2,0.0171,0.9504,0.3017,0.5098,0.9673,0.0,0.0,0,1.0,12,0,14,0.0,0.0,0.0
152.952,2715,18.2,0.0293,0.8887,0.3223,0.8901,0.927,0.0,0.0,0,1.0,10,0,14,0.0,0.0,0.0
153.011,2716,18.2,0.0,0.7249,0.3597,0.6386,0.8103,0.0,0.0,0,1.0,13,0,14,0.0,0.0,0.0
153.065,2717,18.2,0.0354,0.7264,0.2584,0.457,0.7549,-0.7,0.0,0,1.0,9,0,14,0.035,0.0,0.014
153.118,2718,18.2,0.097,0.8805,0.1529,0.1221,0.8252,-0.7,0.0,0,1.0,6,0,14,0.035,0.0,0.014
153.167,2719,18.2,0.1178,0.7547,0.1808,0.1262,0.7352,0.0,0.0,0,1.0,8,0,14,0.0,0.0,0.0
153.218,2720,18.2,0.7965,0.353,0.0043,-0.9329,0.7426,0.0,0.0,0,1.0,10,0,14,0.0,0.0,0.0
153.268,2721,18.2,0.8497,0.3508,0.0051,-0.9441,0.7706,0.0,0.0,0,1.0,11,0,14,0.0,0.0,0.0
153.331,2722,18.2,0.7402,0.4836,0.0256,-0.8163,0.8207,-0.2027,0.0,0,1.0,12,0,14,0.0101,0.0,0.0041
153.386,2723,18.2,0.5048,0.6652,0.0374,-0.6354,0.8415,-0.1876,0.0,0,1.0,11,0,14,0.0094,0.0,0.0038
153.449,2724,18.2,0.5955,0.4466,0.0496,-0.7247,0.7086,0.0045,0.0,0,1.0,10,0,14,0.0002,0.0,0.0001
153.503,2725,18.2,0.5838,0.5036,0.0488,-0.7,0.7499,0.0045,0.0,0,1.0,8,1,14,0.0002,0.0,0.0001
153.561,2726,18.2,0.6004,0.3628,0.1099,-0.6325,0.6409,0.0915,0.0,0,1.0,8,1,14,0.0046,0.0,0.0018
153.617,2727,18.2,0.2429,0.7132,0.1972,-0.0707,0.7351,0.0915,0.0,0,1.0,12,1,14,0.0046,0.0,0.0018
153.666,2728,18.2,0.2226,0.8826,0.1086,-0.2028,0.866,-0.7,0.0,0,1.0,19,1,14,0.035,0.0,0.014
153.722,2729,18.2,0.065,0.6426,0.3775,0.6526,0.7512,-0.7,0.0,0,1.0,14,1,14,0.035,0.0,0.014
153.779,2730,18.2,0.2133,0.8655,0.1179,-0.1707,0.8465,0.0,0.0,0,1.0,17,1,14,0.0,0.0,0.0
153.831,2731,18.1,0.2372,0.8257,0.1289,-0.1829,0.8264,0.0,0.0,0,1.0,12,1,14,0.0,0.0,0.0
153.88,2732,18.1,0.7347,0.5607,0.0693,-0.7075,0.8824,0.0,0.0,0,1.0,11,1,14,0.0,0.0,0.0
153.939,2733,18.1,0.1562,1.0,0.0699,-0.1965,0.9275,0.0,0.0,0,1.0,13,1,14,0.0,0.0,0.0
153.992,2734,18.1,0.14,0.9123,0.2437,0.1646,0.9028,-0.2471,0.0,0,1.0,10,1,14,0.0124,0.0,0.0049
154.039,2735,18.1,0.094,1.0,0.183,0.1743,0.9425,0.0,0.0,0,1.0,18,1,14,0.0,0.0,0.0
154.091,2736,18.1,0.0436,1.0,0.243,0.3805,0.9761,0.0,0.0,0,1.0,15,1,14,0.0,0.0,0.0
154.142,2737,18.1,0.0305,1.0,0.2429,0.4199,0.976,0.0,0.0,0,1.0,14,1,14,0.0,0.0,0.0
154.193,2738,18.1,0.0,1.0,0.2719,0.5396,0.9923,0.0,0.0,0,1.0,11,1,14,0.0,0.0,0.0
154.25,2739,18.1,0.0,0.932,0.3398,0.5844,0.9731,0.0,0.0,0,1.0,11,1,14,0.0,0.0,0.0
154.3,2740,18.1,0.0293,0.9069,0.3145,0.4901,0.9379,0.0,0.0,0,1.0,11,1,14,0.0,0.0,0.0
154.35,2741,18.1,0.0533,0.9012,0.2716,0.3914,0.9091,0.0,0.0,0,1.0,9,1,14,0.0,0.0,0.0
154.41,2742,18.1,0.0725,0.8209,0.1521,0.1915,0.7747,0.0,0.0,0,1.0,10,1,14,0.0,0.0,0.0
154.468,2743,18.1,0.1878,0.7174,0.1003,-0.1824,0.7077,0.0,0.0,0,1.0,11,1,14,0.0,0.0,0.0
154.525,2744,18.1,0.0543,0.9649,0.3801,0.4656,1.0,0.0,0.0,0,1.0,9,1,14,0.0,0.0,0.0
154.577,2745,18.1,0.097,0.8239,0.0916,-0.0147,0.7464,0.0,0.0,0,1.0,11,1,14,0.0,0.0,0.0
154.632,2746,18.1,0.097,0.9835,0.1076,0.0262,0.8864,0.0,0.0,0,1.0,11,1,14,0.0,0.0,0.0
154.684,2747,18.1,0.8046,0.4283,0.0051,-0.8979,0.8104,0.0,0.0,0,1.0,15,1,14,0.0,0.0,0.0
154.737,2748,18.1,0.6396,0.6482,0.0,-0.7772,0.9027,0.0,0.0,0,1.0,17,1,14,0.0,0.0,0.0
154.795,2749,18.1,0.7656,0.5357,0.0105,-0.8338,0.8787,-0.2156,0.0,0,1.0,17,1,14,0.0108,0.0,0.0043
154.847,2750,18.1,0.6647,0.6176,0.0247,-0.7455,0.8911,-0.2122,0.0,0,1.0,18,1,14,0.0106,0.0,0.0042
154.898,2751,18.1,0.7156,0.5416,0.0,-0.8381,0.8557,-0.2122,0.0,0,1.0,20,1,14,0.0106,0.0,0.0042
154.946,2752,18.1,0.4301,0.703,0.1133,-0.4234,0.8314,-0.0737,0.0,0,1.0,18,1,14,0.0037,0.0,0.0015
154.996,2753,18.1,0.7533,0.352,0.0378,-0.8515,0.7175,-0.7,0.0,0,1.0,18,1,14,0.035,0.0,0.014
155.047,2754,18.1,0.4417,0.6413,0.1019,-0.4658,0.786,-0.7,0.0,0,1.0,18,1,14,0.035,0.0,0.014
155.098,2755,18.1,0.2128,0.8641,0.1275,-0.1498,0.845,-0.2122,0.0,0,1.0,18,1,14,0.0106,0.0,0.0042
155.147,2756,18.1,0.1903,0.7377,0.2351,0.0702,0.7513,0.0,0.0,0,1.0,13,1,14,0.0,0.0,0.0
155.199,2757,18.1,0.2448,0.7176,0.2078,-0.056,0.7399,0.0,0.0,0,1.0,14,1,14,0.0,0.0,0.0
155.247,2758,18.1,0.0347,0.9291,0.2297,0.4028,0.9091,0.0,0.0,0,1.0,16,1,14,0.0,0.0,0.0
155.301,2759,18.1,0.239,0.6819,0.3133,0.0989,0.7482,0.0,0.0,0,1.0,13,1,14,0.0,0.0,0.0
155.362,2760,18.1,0.1608,0.9396,0.1514,-0.0172,0.8793,-0.7,0.0,0,1.0,14,1,14,0.035,0.0,0.014
155.419,2761,19.0,0.1618,0.8948,0.2521,0.1366,0.8928,0.0,0.0,0,1.0,13,1,14,0.0,0.0,0.0
155.476,2762,19.0,0.0977,0.8749,0.3128,0.3293,0.9101,0.0,0.0,0,1.0,12,1,14,0.0,0.0,0.0
155.534,2763,19.0,0.0658,0.67,0.3767,0.4876,0.7738,0.0045,0.0,0,1.0,10,1,14,0.0002,0.0,0.0001
155.591,2764,19.0,0.0533,0.7478,0.3252,0.4613,0.8103,0.0,0.0,0,1.0,8,1,14,0.0,0.0,0.0
155.642,2765,19.0,0.0293,0.7768,0.3163,0.5136,0.8297,0.0,0.0,0,1.0,10,1,14,0.0,0.0,0.0
155.692,2766,19.0,0.0293,0.9592,0.2707,0.4506,0.9573,0.0,0.0,0,1.0,11,1,14,0.0,0.0,0.0
155.748,2767,19.0,0.0293,0.9587,0.2479,0.4324,0.9441,0.0,0.0,0,1.0,9,1,14,0.0,0.0,0.0
155.802,2768,19.0,0.0293,0.9537,0.2103,0.3993,0.9189,0.0,0.0,0,1.0,6,1,14,0.0,0.0,0.0
155.858,2769,19.0,0.097,0.8635,0.1762,0.1629,0.824,0.0,0.0,0,1.0,4,1,14,0.0,0.0,0.0
155.907,2770,19.0,0.6917,0.4282,0.0318,-0.8097,0.7471,0.0,0.0,0,1.0,12,1,14,0.0,0.0,0.0
155.957,2771,19.0,0.7331,0.4909,0.0261,-0.8104,0.8229,0.0,0.0,0,1.0,12,1,14,0.0,0.0,0.0
156.017,2772,19.0,0.7823,0.4803,0.0048,-0.8709,0.8416,-0.0737,0.0,0,1.0,14,1,14,0.0037,0.0,0.0015
156.066,2773,19.0,0.7919,0.4537,0.005,-0.884,0.8246,-0.2122,0.0,0,1.0,11,1,14,0.0106,0.0,0.0042
156.117,2774,19.0,0.631,0.5818,0.0566,-0.6808,0.8421,-0.2122,0.0,0,1.0,10,1,14,0.0106,0.0,0.0042
156.176,2775,19.0,0.4914,0.6888,0.0952,-0.5042,0.8538,-0.2441,0.0,0,1.0,8,1,14,0.0122,0.0,0.0049
156.234,2776,19.0,0.2674,0.7993,0.1502,-0.1818,0.8212,0.0045,0.0,0,1.0,10,1,14,0.0002,0.0,0.0001
156.282,2777,19.0,0.0293,0.9471,0.2155,0.405,0.9162,0.0,0.0,0,1.0,10,1,14,0.0,0.0,0.0
156.334,2778,19.0,0.0293,0.9506,0.252,0.4367,0.9396,0.0,0.0,0,1.0,9,1,14,0.0,0.0,0.0
156.384,2779,19.0,0.0,0.9354,0.2893,0.5584,0.9477,0.0,0.0,0,1.0,10,1,14,0.0,0.0,0.0
156.435,2780,19.0,0.0293,0.9563,0.2488,0.4334,0.9426,0.0,0.0,0,1.0,9,1,14,0.0,0.0,0.0
156.492,2781,19.0,0.0603,0.9335,0.193,0.2824,0.8922,0.0,0.0,0,1.0,7,1,14,0.0,0.0,0.0
156.55,2782,19.0,0.0533,0.9969,0.1519,0.2418,0.9225,0.0,0.0,0,1.0,7,1,14,0.0,0.0,0.0
156.601,2783,19.0,0.5829,0.6071,0.0602,-0.6439,0.8364,0.0,0.0,0,1.0,9,1,14,0.0,0.0,0.0
156.647,2784,19.0,0.6519,0.5312,0.0347,-0.7494,0.8113,0.0,0.0,0,1.0,12,1,14,0.0,0.0,0.0
156.699,2785,19.0,0.8017,0.4512,0.006,-0.8855,0.8279,-0.0737,0.0,0,1.0,15,1,14,0.0037,0.0,0.0015
156.752,2786,19.0,0.5953,0.6236,0.0474,-0.6704,0.8572,-0.0737,0.0,0,1.0,9,1,14,0.0037,0.0,0.0015
156.807,2787,19.0,0.6352,0.5412,0.0529,-0.7026,0.8103,-0.2303,0.0,0,1.0,8,1,14,0.0115,0.0,0.0046
156.856,2788,19.0,0.097,0.8574,0.2119,0.2167,0.8389,-0.0737,0.0,0,1.0,7,1,14,0.0037,0.0,0.0015
156.907,2789,19.0,0.0533,0.8871,0.2403,0.3623,0.8797,0.0,0.0,0,1.0,7,1,14,0.0,0.0,0.0
156.956,2790,19.0,0.097,0.8359,0.2446,0.2609,0.8391,0.0,0.0,0,1.0,6,1,14,0.0,0.0,0.0
157.006,2791,18.8,0.0533,0.997,0.1667,0.2637,0.9308,0.0,0.0,0,1.0,7,1,14,0.0,0.0,0.0
157.055,2792,18.8,0.2008,0.7775,0.1604,-0.0701,0.7656,0.0,0.0,0,1.0,4,1,14,0.0,0.0,0.0
157.111,2793,18.8,0.1111,0.9298,0.1546,0.0894,0.8676,0.0,0.0,0,1.0,6,1,14,0.0,0.0,0.0
157.17,2794,18.8,0.0293,0.992,0.1877,0.3727,0.9384,0.0,0.0,0,1.0,6,1,14,0.0,0.0,0.0
157.225,2795,18.8,0.2021,0.8256,0.1394,-0.1112,0.8067,0.0,0.0,0,1.0,5,1,14,0.0,0.0,0.0
157.273,2796,18.8,0.1583,1.0,0.1777,0.0331,0.9395,0.0,0.0,0,1.0,10,1,14,0.0,0.0,0.0
157.327,2797,18.8,0.3089,0.7178,0.1469,-0.2439,0.7759,0.0,0.0,0,1.0,7,1,14,0.0,0.0,0.0
157.389,2798,18.8,0.5891,0.4973,0.0347,-0.7352,0.7476,0.0,0.0,0,1.0,9,1,14,0.0,0.0,0.0
157.442,2799,18.8,0.5475,0.55,0.047,-0.6704,0.7686,0.0,0.0,0,1.0,10,1,14,0.0,0.0,0.0
157.491,2800,18.8,0.1763,0.7587,0.1182,-0.1175,0.736,0.0915,0.0,0,1.0,9,1,14,0.0046,0.0,0.0018
157.543,2801,18.8,0.0,1.0,0.0884,0.4282,0.8895,0.0915,0.0,0,1.0,13,1,14,0.0046,0.0,0.0018
157.601,2802,18.8,0.097,0.7281,0.2019,0.2121,0.7246,0.0,0.0,0,1.0,9,1,14,0.0,0.0,0.0
157.658,2803,18.8,0.0533,1.0,0.0634,0.0387,0.8755,0.0,0.0,0,1.0,10,1,14,0.0,0.0,0.0
157.708,2804,18.8,0.3004,0.8325,0.0298,-0.4906,0.8676,0.0,0.0,0,1.0,7,1,14,0.0,0.0,0.0
157.76,2805,18.8,0.5067,0.4793,0.0746,-0.6098,0.6863,0.0,0.0,0,1.0,6,1,14,0.0,0.0,0.0
157.815,2806,18.8,0.1418,0.9952,0.1027,-0.0841,0.9154,0.0045,0.0,0,1.0,10,1,14,0.0002,0.0,0.0001
157.862,2807,18.8,0.0352,1.0,0.1044,0.2294,0.8984,0.0045,0.0,0,1.0,9,1,14,0.0002,0.0,0.0001
157.913,2808,18.8,0.0293,1.0,0.1593,0.3399,0.9292,0.0,0.0,0,1.0,9,1,14,0.0,0.0,0.0
157.968,2809,18.8,0.0578,1.0,0.1121,0.1541,0.9028,0.0,0.0,0,1.0,10,1,14,0.0,0.0,0.0
158.025,2810,18.8,0.1898,0.6293,0.2096,0.034,0.646,0.0,0.0,0,1.0,8,1,14,0.0,0.0,0.0
158.072,2811,18.8,0.1821,0.8326,0.1175,-0.1256,0.8013,0.0,0.0,0,1.0,10,1,14,0.0,0.0,0.0
158.124,2812,18.8,0.0632,1.0,0.062,-0.0045,0.8754,0.0,0.0,0,1.0,9,1,14,0.0,0.0,0.0
158.179,2813,18.8,0.1441,0.9456,0.0774,-0.1565,0.875,0.0,0.0,0,1.0,10,1,14,0.0,0.0,0.0
158.237,2814,18.8,0.2438,0.8806,0.0511,-0.3729,0.8763,0.0,0.0,0,1.0,12,1,14,0.0,0.0,0.0
158.291,2815,18.8,0.1707,0.9476,0.0521,-0.2766,0.8916,0.0,0.0,0,1.0,10,2,14,0.0,0.0,0.0
158.343,2816,18.8,0.097,0.8479,0.167,0.1484,0.8058,0.0,0.0,1,1.0,8,2,14,0.0,1.0,0.0
158.394,2817,18.8,0.1046,0.9133,0.0982,-0.0162,0.8257,0.0,0.0,1,1.0,9,2,14,0.0,0.8,0.0
158.448,2818,18.8,0.0737,1.0,0.062,-0.0397,0.8813,0.0,0.0,1,1.0,7,2,14,0.0,0.8,0.0
158.5,2819,18.8,0.0883,0.9801,0.1509,0.1374,0.9078,0.0,0.0,1,1.0,8,2,14,0.0,0.8,0.0
158.548,2820,18.8,0.0533,0.8807,0.22,0.3408,0.863,0.0,0.0,1,1.0,8,2,14,0.0,0.8,0.0
158.601,2821,18.8,0.0533,0.8732,0.2356,0.3588,0.8655,0.0,0.0,1,1.0,10,2,14,0.0,0.8,0.0
158.658,2822,18.8,0.0056,0.8418,0.3193,0.5736,0.886,0.0,0.0,1,1.0,9,2,14,0.0,0.8,0.0
158.708,2823,18.8,0.0333,0.6443,0.4451,0.4291,0.7904,0.0,0.0,1,1.0,13,2,14,0.0,0.8,0.0
158.773,2824,18.8,0.063,0.744,0.3521,0.4602,0.8222,-0.2303,0.0,1,1.0,21,2,14,0.0115,0.8,0.0046
158.821,2825,18.8,0.0,0.6304,0.5194,0.7394,0.8204,0.0,0.0,1,1.0,22,2,14,0.0,0.8,0.0
158.874,2826,18.8,0.0061,0.7135,0.4663,0.6768,0.8604,0.0,0.0,1,1.0,21,2,14,0.0,0.8,0.0
158.922,2827,18.8,0.0185,0.5918,0.5553,0.7236,0.8081,0.0045,0.0,1,1.0,21,2,14,0.0002,0.8,0.0001
158.979,2828,18.8,0.0138,0.5349,0.6233,0.7813,0.7984,0.0045,0.0,0,1.0,22,2,14,0.0002,0.8,0.0001
159.032,2829,18.8,0.1727,0.6225,0.4623,0.3576,0.7818,0.0045,0.0,0,1.0,24,2,14,0.0002,0.0,0.0001
159.08,2830,18.8,0.1805,0.5864,0.4912,0.3739,0.7676,-0.1716,0.0,0,1.0,23,2,14,0.0086,0.0,0.0034
159.132,2831,18.8,0.1779,0.5837,0.4934,0.3804,0.7666,0.0045,0.0,0,1.0,27,2,14,0.0002,0.0,0.0001
159.189,2832,18.8,0.1812,0.5966,0.4788,0.3613,0.7693,0.0045,0.0,0,1.0,29,2,14,0.0002,0.0,0.0001
159.248,2833,18.8,0.0686,0.9561,0.4105,0.457,1.0,0.0045,0.0,0,1.0,25,2,14,0.0002,0.0,0.0001
159.298,2834,18.8,0.074,0.9616,0.394,0.4342,1.0,0.0045,0.0,0,1.0,25,2,14,0.0002,0.0,0.0001
159.349,2835,18.8,0.1075,1.0,0.2711,0.2552,0.9918,0.0,0.0,0,1.0,25,2,14,0.0,0.0,0.0
159.403,2836,18.8,0.2074,0.9865,0.2123,0.0071,0.9475,0.0,0.0,0,1.0,28,2,14,0.0,0.0,0.0
159.458,2837,18.8,0.1197,1.0,0.189,0.1253,0.9458,0.0,0.0,0,1.0,23,2,14,0.0,0.0,0.0
159.51,2838,18.8,0.0227,0.9467,0.2297,0.4403,0.9239,0.0,0.0,0,1.0,25,2,14,0.0,0.0,0.0
159.568,2839,18.8,0.0413,0.994,0.1932,0.3371,0.9431,0.0,0.0,0,1.0,26,2,14,0.0,0.0,0.0
159.624,2840,18.8,0.068,0.7654,0.3084,0.4067,0.8156,0.0,0.0,0,1.0,21,2,14,0.0,0.0,0.0
159.677,2841,18.8,0.0466,0.808,0.2849,0.4345,0.8383,0.0,0.0,0,1.0,13,2,14,0.0,0.0,0.0
159.738,2842,18.8,0.0393,0.796,0.2942,0.4647,0.8334,0.0,0.0,0,1.0,11,2,14,0.0,0.0,0.0
159.794,2843,18.8,0.0293,0.8141,0.1805,0.3833,0.7849,0.0,0.0,0,1.0,9,2,14,0.0,0.0,0.0
159.848,2844,18.8,0.1431,0.9841,0.0185,-0.484,0.9067,0.0,0.0,0,1.0,9,2,14,0.0,0.0,0.0
159.896,2845,18.8,0.0773,0.96,0.0777,0.0009,0.8499,0.0,0.0,0,1.0,7,2,14,0.0,0.0,0.0
159.948,2846,18.8,0.0757,0.8574,0.3645,0.4232,0.9243,0.0,0.0,0,1.0,9,2,14,0.0,0.0,0.0
160.003,2847,18.8,0.3435,0.5915,0.0753,-0.4535,0.6892,0.0,0.0,0,1.0,9,2,14,0.0,0.0,0.0
160.054,2848,18.8,0.1469,0.8363,0.0475,-0.2651,0.7848,-0.7,0.0,0,1.0,7,2,14,0.035,0.0,0.014
160.107,2849,18.8,0.1528,0.935,0.0166,-0.3929,0.8709,0.0,0.0,0,1.0,7,2,14,0.0,0.0,0.0
160.158,2850,18.8,0.097,0.9288,0.086,-0.0298,0.8345,0.0,0.0,0,1.0,7,2,14,0.0,0.0,0.0
160.208,2851,18.6,0.065,0.9962,0.0609,-0.0147,0.8732,0.0,0.0,0,1.0,11,2,14,0.0,0.0,0.0
160.258,2852,18.6,0.1763,0.7132,0.1218,-0.111,0.6979,0.0,0.0,0,1.0,9,2,14,0.0,0.0,0.0
160.318,2853,18.6,0.0533,0.9288,0.1452,0.235,0.8615,0.0,0.0,0,1.0,10,2,14,0.0,0.0,0.0
160.379,2854,18.6,0.1763,0.701,0.1413,-0.0686,0.6876,0.0,0.0,0,1.0,7,2,14,0.0,0.0,0.0
160.432,2855,18.6,0.1763,0.6943,0.1333,-0.0861,0.682,0.0,0.0,0,1.0,8,2,14,0.0,0.0,0.0
160.482,2856,18.6,0.097,0.7464,0.1702,0.1593,0.7223,0.0,0.0,0,1.0,11,2,14,0.0,0.0,0.0
160.533,2857,18.6,0.097,0.8186,0.1219,0.0611,0.7558,0.0,0.0,0,1.0,9,2,14,0.0,0.0,0.0
160.584,2858,18.6,0.0637,1.0,0.0853,0.0681,0.8878,0.0,0.0,0,1.0,8,2,14,0.0,0.0,0.0
160.642,2859,18.6,0.097,0.7053,0.2349,0.2613,0.7239,0.0,0.0,0,1.0,6,2,14,0.0,0.0,0.0
160.691,2860,18.6,0.1083,0.8546,0.1234,0.0352,0.787,0.0,0.0,0,1.0,11,2,14,0.0,0.0,0.0
160.746,2861,18.6,0.3319,0.5573,0.1048,-0.3791,0.654,0.0,0.0,0,1.0,6,2,14,0.0,0.0,0.0
160.806,2862,18.6,0.1763,0.6179,0.2125,0.0636,0.638,0.0,0.0,0,1.0,7,2,14,0.0,0.0,0.0
160.856,2863,18.6,0.3206,0.5452,0.1145,-0.3471,0.6375,0.0,0.0,0,1.0,7,2,14,0.0,0.0,0.0
160.907,2864,18.6,0.1763,0.6306,0.2611,0.1365,0.6759,0.0,0.0,0,1.0,7,2,14,0.0,0.0,0.0
160.959,2865,18.6,0.2842,1.0,0.0152,-0.4972,0.9992,-0.1363,0.0,0,1.0,8,2,14,0.0068,0.0,0.0027
161.006,2866,18.6,0.2739,1.0,0.0542,-0.3802,0.9934,-0.1363,0.0,0,1.0,11,2,14,0.0068,0.0,0.0027
161.057,2867,18.6,0.3052,0.7359,0.1153,-0.3004,0.7891,0.0,0.0,0,1.0,8,2,14,0.0,0.0,0.0
161.106,2868,18.6,0.3453,0.6605,0.1418,-0.2994,0.7482,0.0,0.0,0,1.0,9,2,14,0.0,0.0,0.0
161.16,2869,18.6,0.2403,0.7164,0.2119,-0.043,0.7363,0.0,0.0,0,1.0,12,2,14,0.0,0.0,0.0
161.217,2870,18.6,0.8202,0.5003,0.1081,-0.6949,0.8796,0.0,0.0,0,1.0,17,2,14,0.0,0.0,0.0
161.264,2871,18.6,0.8266,0.4688,0.1209,-0.6867,0.8566,0.0,0.0,0,1.0,16,2,14,0.0,0.0,0.0
161.318,2872,18.6,0.2126,0.7032,0.2534,0.0607,0.7326,-0.2825,0.0,0,1.0,25,2,14,0.0141,0.0,0.0056
161.382,2873,18.6,0.2111,0.693,0.2651,0.0796,0.7306,-0.2825,0.0,0,1.0,27,2,14,0.0141,0.0,0.0056
161.444,2874,18.6,0.1887,0.7447,0.2535,0.0986,0.7675,0.0,0.0,0,1.0,28,2,14,0.0,0.0,0.0
161.503,2875,18.6,0.0086,0.6686,0.4805,0.6898,0.8307,-0.7,0.0,0,1.0,30,2,14,0.035,0.0,0.014
161.56,2876,18.6,0.086,0.5756,0.4999,0.5536,0.7634,-0.1129,0.0,0,1.0,27,2,14,0.0056,0.0,0.0023
161.618,2877,18.6,0.0999,0.5728,0.498,0.5255,0.76,-0.1967,0.0,0,1.0,26,2,14,0.0098,0.0,0.0039
161.677,2878,18.6,0.1267,0.9399,0.1725,0.0862,0.8861,-0.1967,0.0,0,1.0,26,2,14,0.0098,0.0,0.0039
161.737,2879,18.6,0.1009,0.6888,0.3933,0.4206,0.7988,-0.1967,0.0,0,1.0,26,2,14,0.0098,0.0,0.0039
161.797,2880,18.6,0.1649,1.0,0.0983,-0.1354,0.9324,0.0,0.0,0,1.0,29,2,14,0.0,0.0,0.0
161.848,2881,18.3,0.2037,0.9059,0.1086,-0.1752,0.875,0.0,0.0,0,1.0,25,2,14,0.0,0.0,0.0
161.897,2882,18.3,0.3304,0.6699,0.1937,-0.1901,0.7478,0.0,0.0,0,1.0,21,2,14,0.0,0.0,0.0
161.948,2883,18.3,0.2298,0.6947,0.254,0.0353,0.7258,0.0,0.0,0,1.0,18,2,14,0.0,0.0,0.0
161.999,2884,18.3,0.2434,0.6963,0.2377,-0.0083,0.7212,0.0,0.0,0,1.0,17,2,14,0.0,0.0,0.0
162.046,2885,18.3,0.2723,0.6755,0.2307,-0.0593,0.7199,0.0,0.0,0,1.0,19,2,14,0.0,0.0,0.0
162.104,2886,18.3,0.2432,0.7015,0.2425,-0.001,0.7255,0.0,0.0,0,1.0,16,2,14,0.0,0.0,0.0
162.158,2887,18.3,0.254,0.7897,0.1675,-0.1339,0.8056,-0.7,0.0,0,1.0,17,2,14,0.035,0.0,0.014
162.208,2888,18.3,0.1367,0.6397,0.3679,0.3346,0.7434,0.0,0.0,0,1.0,14,2,14,0.0,0.0,0.0
162.26,2889,18.3,0.0191,0.8845,0.3753,0.5592,0.9532,0.0,0.0,0,1.0,15,2,14,0.0,0.0,0.0
162.32,2890,18.3,0.0081,0.9232,0.3537,0.5699,0.9736,-0.7,0.0,0,1.0,11,2,14,0.035,0.0,0.014
162.376,2891,18.3,0.0037,1.0,0.2377,0.5073,0.9731,-0.7,0.0,0,1.0,9,2,14,0.035,0.0,0.014
162.436,2892,18.3,0.0,0.9354,0.3295,0.5788,0.9702,0.0,0.0,0,1.0,11,2,14,0.0,0.0,0.0
162.496,2893,18.3,0.0533,0.898,0.2771,0.3968,0.9096,0.0,0.0,0,1.0,8,2,14,0.0,0.0,0.0
162.55,2894,18.3,0.2188,1.0,0.1091,-0.1899,0.9626,0.0,0.0,0,1.0,9,2,14,0.0,0.0,0.0
162.601,2895,18.3,0.2262,1.0,0.089,-0.2443,0.9667,0.0,0.0,0,1.0,8,2,14,0.0,0.0,0.0
162.658,2896,18.3,0.2549,1.0,0.0474,-0.381,0.9827,0.0,0.0,0,1.0,10,2,14,0.0,0.0,0.0
162.708,2897,18.3,0.1763,0.715,0.1099,-0.1392,0.6994,0.0,0.0,0,1.0,11,2,14,0.0,0.0,0.0
162.759,2898,18.3,0.0533,1.0,0.0371,-0.0772,0.8699,0.0,0.0,0,1.0,12,2,14,0.0,0.0,0.0
162.809,2899,18.3,0.097,0.948,0.0754,-0.0613,0.8506,0.0,0.0,0,1.0,9,2,14,0.0,0.0,0.0
162.863,2900,18.3,0.0533,0.9906,0.0681,0.0549,0.8702,0.0,0.0,0,1.0,11,2,14,0.0,0.0,0.0
162.914,2901,18.3,0.6225,0.4405,0.0608,-0.7158,0.7186,0.0,0.0,0,1.0,11,2,14,0.0,0.0,0.0
162.963,2902,18.3,0.5419,0.5581,0.035,-0.6914,0.7723,-0.1876,0.0,0,1.0,12,2,14,0.0094,0.0,0.0038
163.015,2903,18.3,0.1133,0.9256,0.0769,-0.0961,0.8409,-0.1876,0.0,0,1.0,8,2,14,0.0094,0.0,0.0038
163.064,2904,18.3,0.1763,0.8624,0.0637,-0.2546,0.8232,0.0915,0.0,0,1.0,9,2,14,0.0046,0.0,0.0018
163.117,2905,18.3,0.0666,0.9628,0.0903,0.0723,0.8594,0.0,0.0,0,1.0,12,3,14,0.0,0.0,0.0
163.165,2906,18.3,0.1239,0.9674,0.0691,-0.1419,0.882,0.0,0.0,0,1.0,9,3,14,0.0,0.0,0.0
163.219,2907,18.3,0.1389,1.0,0.0428,-0.2588,0.9178,0.0,0.0,0,1.0,8,3,14,0.0,0.0,0.0
163.275,2908,18.3,0.177,0.7366,0.137,-0.0778,0.7179,0.0,0.0,0,1.0,9,3,14,0.0,0.0,0.0
163.322,2909,18.3,0.1207,0.6667,0.2384,0.2145,0.6935,0.0,0.0,0,1.0,6,3,14,0.0,0.0,0.0
163.376,2910,18.3,0.1181,0.6382,0.327,0.3309,0.7192,0.0,0.0,0,1.0,7,3,14,0.0,0.0,0.0
163.434,2911,19.0,0.097,0.6028,0.3765,0.4307,0.7172,0.0,0.0,0,1.0,8,3,14,0.0,0.0,0.0
163.495,2912,19.0,0.0533,0.6643,0.3576,0.5043,0.7583,0.0,0.0,0,1.0,7,3,14,0.0,0.0,0.0
163.554,2913,19.0,0.097,0.8591,0.2279,0.2379,0.8493,-0.7,0.0,0,1.0,6,3,14,0.035,0.0,0.014
163.61,2914,19.0,0.097,0.8782,0.2028,0.2026,0.8512,-0.7,0.0,0,1.0,6,3,14,0.035,0.0,0.014
163.665,2915,19.0,0.0653,1.0,0.1454,0.1924,0.9214,0.0,0.0,0,1.0,9,3,14,0.0,0.0,0.0
163.717,2916,19.0,0.097,0.8699,0.2058,0.2074,0.846,0.0,0.0,0,1.0,7,3,14,0.0,0.0,0.0
163.778,2917,19.0,0.1682,0.9401,0.1238,-0.0851,0.8839,0.0,0.0,0,1.0,11,3,14,0.0,0.0,0.0
163.828,2918,19.0,0.0533,1.0,0.1428,0.2271,0.92,0.0,0.0,0,1.0,8,3,14,0.0,0.0,0.0
163.881,2919,19.0,0.0582,1.0,0.1425,0.2101,0.9198,0.0,0.0,0,1.0,11,3,14,0.0,0.0,0.0
163.931,2920,19.0,0.0583,0.9764,0.1073,0.1425,0.8803,0.0,0.0,0,1.0,11,3,14,0.0,0.0,0.0
163.981,2921,19.0,0.1114,0.7967,0.1063,-0.0127,0.7316,0.0,0.0,0,1.0,10,3,14,0.0,0.0,0.0
164.029,2922,19.0,0.097,0.9403,0.0864,-0.0287,0.8442,0.0,0.0,0,1.0,6,3,14,0.0,0.0,0.0
164.084,2923,19.0,0.0551,1.0,0.0473,-0.0332,0.8709,0.0,0.0,0,1.0,12,3,14,0.0,0.0,0.0
164.129,2924,19.0,0.1031,0.9387,0.0715,-0.089,0.8462,0.0,0.0,0,1.0,8,3,14,0.0,0.0,0.0
164.182,2925,19.0,0.0479,1.0,0.0663,0.072,0.8771,0.0,0.0,0,1.0,9,3,14,0.0,0.0,0.0
164.233,2926,19.0,0.179,0.8631,0.0359,-0.3512,0.8252,0.0,0.0,0,1.0,9,3,14,0.0,0.0,0.0
164.284,2927,19.0,0.1763,0.6669,0.1563,-0.0385,0.659,0.0,0.0,0,1.0,5,3,14,0.0,0.0,0.0
164.341,2928,19.0,0.1962,0.7082,0.0997,-0.198,0.7047,0.0,0.0,0,1.0,5,3,14,0.0,0.0,0.0
164.398,2929,19.0,0.3206,0.5935,0.0799,-0.4197,0.678,0.0,0.0,0,1.0,6,3,14,0.0,0.0,0.0
164.456,2930,19.0,0.1763,0.6105,0.2132,0.065,0.6322,0.0,0.0,0,1.0,8,3,14,0.0,0.0,0.0
164.517,2931,19.0,0.0,0.8123,0.2636,0.5658,0.83,0.0,0.0,0,1.0,8,3,14,0.0,0.0,0.0
164.594,2932,19.0,0.2112,0.7728,0.0595,-0.3237,0.7674,0.0,0.0,0,1.0,7,3,14,0.0,0.0,0.0
164.66,2933,19.0,0.0465,0.584,0.3758,0.5556,0.701,0.0,0.0,0,1.0,5,3,14,0.0,0.0,0.0
164.723,2934,19.0,0.011,0.8775,0.2412,0.4997,0.8722,0.0,0.0,0,1.0,5,3,14,0.0,0.0,0.0
164.79,2935,19.0,0.6434,0.4815,0.0047,-0.8298,0.7647,0.0,0.0,0,1.0,9,3,14,0.0,0.0,0.0
164.844,2936,19.0,0.7132,0.5252,0.0,-0.8437,0.8406,0.0,0.0,0,1.0,15,3,14,0.0,0.0,0.0
164.904,2937,19.0,0.6471,0.5908,0.0,-0.7991,0.8586,-0.0737,0.0,0,1.0,16,3,14,0.0037,0.0,0.0015
164.97,2938,19.0,0.382,0.7563,0.0975,-0.407,0.8492,-0.0737,0.0,0,1.0,20,3,14,0.0037,0.0,0.0015
165.026,2939,19.0,0.3517,0.8613,0.0322,-0.5152,0.9204,-0.4651,0.0,0,1.0,25,3,14,0.0233,0.0,0.0093
165.09,2940,19.0,0.3406,0.5292,0.2258,-0.1611,0.6353,-0.7,0.0,0,1.0,26,3,14,0.035,0.0,0.014
165.156,2941,17.5,0.3031,0.4813,0.294,-0.0126,0.5741,-0.7,0.0,0,1.0,27,3,14,0.035,0.0,0.014
165.221,2942,17.5,0.1114,0.5841,0.3641,0.3917,0.6945,0.0045,0.0,0,1.0,22,3,14,0.0002,0.0,0.0001
165.279,2943,17.5,0.108,0.5834,0.3672,0.402,0.6957,0.0,0.0,0,1.0,18,3,14,0.0,0.0,0.0
165.334,2944,17.5,0.0604,0.6921,0.3346,0.4617,0.7688,-0.7,0.0,0,1.0,25,3,14,0.035,0.0,0.014
165.385,2945,17.5,0.1197,0.5958,0.3398,0.3476,0.6908,0.0,0.0,0,1.0,23,3,14,0.0,0.0,0.0
165.453,2946,17.5,0.0712,0.9819,0.1264,0.1398,0.8956,0.0,0.0,0,1.0,22,3,14,0.0,0.0,0.0
165.513,2947,17.5,0.8418,0.5189,0.0136,-0.8548,0.9073,0.0,0.0,0,1.0,14,3,14,0.0,0.0,0.0
165.569,2948,17.5,0.3806,0.7386,0.0327,-0.5567,0.8336,0.0,0.0,0,1.0,15,3,14,0.0,0.0,0.0
165.628,2949,17.5,0.412,0.682,0.1037,-0.4314,0.8036,-0.1876,0.0,0,1.0,13,3,14,0.0094,0.0,0.0038
165.697,2950,17.5,0.2669,0.7626,0.1817,-0.1274,0.79,-0.7,0.0,0,1.0,11,3,14,0.035,0.0,0.014
165.753,2951,17.5,0.0,1.0,0.2337,0.5191,0.9709,-0.4358,0.0,0,1.0,13,3,14,0.0218,0.0,0.0087
165.815,2952,17.5,0.0,1.0,0.2311,0.5177,0.9694,-0.4358,0.0,0,1.0,10,3,14,0.0218,0.0,0.0087
165.882,2953,17.5,0.14,0.9156,0.2075,0.115,0.8853,0.0,0.0,0,1.0,12,3,14,0.0,0.0,0.0
165.946,2954,17.5,0.384,0.8029,0.1032,-0.3902,0.8895,0.0,0.0,0,1.0,5,3,14,0.0,0.0,0.0
166.005,2955,17.5,0.3402,0.8933,0.066,-0.4201,0.9409,-0.4651,0.0,0,1.0,11,3,14,0.0233,0.0,0.0093
166.06,2956,17.5,0.3463,1.0,0.0326,-0.4892,1.0,0.0,0.0,0,1.0,8,3,14,0.0,0.0,0.0
166.121,2957,17.5,0.3924,0.7365,0.0243,-0.5863,0.8384,0.0,0.0,0,1.0,10,3,14,0.0,0.0,0.0
166.181,2958,17.5,0.1421,1.0,0.0993,-0.0929,0.9196,0.0,0.0,0,1.0,11,3,14,0.0,0.0,0.0
166.245,2959,17.5,0.2766,0.6962,0.2038,-0.1066,0.7398,-0.7,0.0,0,1.0,10,3,14,0.035,0.0,0.014
166.302,2960,17.5,0.2172,0.4851,0.3228,0.157,0.5883,0.0,0.0,0,1.0,4,3,14,0.0,0.0,0.0
166.361,2961,17.5,0.2656,0.6782,0.2292,-0.0526,0.7184,-0.4651,0.0,0,1.0,17,3,14,0.0233,0.0,0.0093
166.42,2962,17.5,0.2725,0.6776,0.2252,-0.0681,0.7218,0.0,0.0,0,1.0,20,3,14,0.0,0.0,0.0
166.477,2963,17.5,0.2747,0.7083,0.2096,-0.0943,0.7488,-0.7,0.0,0,1.0,16,3,14,0.035,0.0,0.014
166.536,2964,17.5,0.183,0.9375,0.0971,-0.1698,0.89,-0.7,0.0,0,1.0,18,3,14,0.035,0.0,0.014
166.596,2965,17.5,0.1525,0.9,0.2577,0.1598,0.9003,-0.4651,0.0,0,1.0,26,3,14,0.0233,0.0,0.0093
166.658,2966,17.5,0.3233,0.6391,0.2076,-0.1614,0.7179,0.0,0.0,0,1.0,21,3,14,0.0,0.0,0.0
166.713,2967,17.5,0.2979,0.648,0.2345,-0.0881,0.7112,0.1784,0.0,0,1.0,20,3,14,0.0089,0.0,0.0036
166.767,2968,17.5,0.281,0.6578,0.2345,-0.0657,0.7099,-0.7,0.0,0,1.0,25,3,14,0.035,0.0,0.014
166.825,2969,17.5,0.1526,0.8923,0.2736,0.7659,0.9028,-0.7,0.0,0,1.0,16,3,14,0.035,0.0,0.014
166.874,2970,17.5,0.0246,1.0,0.1979,0.3994,0.9508,-0.7,0.0,0,1.0,19,3,14,0.035,0.0,0.014
166.923,2971,16.8,0.0189,0.9114,0.3644,0.5487,0.9697,0.0,0.0,0,1.0,19,3,14,0.0,0.0,0.0
166.976,2972,16.8,0.0,0.9364,0.3539,0.5904,0.9848,-0.7,0.0,0,1.0,15,3,14,0.035,0.0,0.014
167.034,2973,16.8,0.0533,0.9055,0.3132,0.4268,0.936,-0.7,0.0,0,1.0,11,3,14,0.035,0.0,0.014
167.083,2974,16.8,0.0,0.9552,0.3006,0.5611,0.9707,-0.7,0.0,0,1.0,10,3,14,0.035,0.0,0.014
167.132,2975,16.8,0.0,0.7677,0.3279,0.6114,0.8285,0.0,0.0,0,1.0,11,3,14,0.0,0.0,0.0
167.186,2976,16.8,0.024,1.0,0.0719,0.2168,0.8803,0.0,0.0,0,1.0,10,3,14,0.0,0.0,0.0
167.244,2977,16.8,0.097,0.8525,0.1024,0.0142,0.7734,0.0,0.0,0,1.0,7,3,14,0.0,0.0,0.0
167.303,2978,16.8,0.1621,0.9036,0.0395,-0.3122,0.8498,0.0,0.0,0,1.0,8,3,14,0.0,0.0,0.0
167.358,2979,16.8,0.0533,0.878,0.1079,0.1658,0.7979,0.0,0.0,0,1.0,9,3,14,0.0,0.0,0.0
167.412,2980,16.8,0.1223,0.8776,0.0682,-0.1449,0.8057,0.0,0.0,0,1.0,6,3,14,0.0,0.0,0.0
167.476,2981,16.8,0.2725,1.0,0.0384,-0.4211,0.9926,0.0,0.0,0,1.0,8,3,14,0.0,0.0,0.0
167.55,2982,16.8,0.1763,0.6638,0.1596,-0.0321,0.6564,0.0,0.0,0,1.0,5,3,14,0.0,0.0,0.0
167.615,2983,16.8,0.1763,0.5675,0.2662,0.1478,0.6258,0.0,0.0,0,1.0,6,3,14,0.0,0.0,0.0
167.67,2984,16.8,0.0533,0.9819,0.0718,0.0672,0.8651,-0.1363,0.0,0,1.0,8,3,14,0.0068,0.0,0.0027
167.74,2985,16.8,0.2181,1.0,0.0999,-0.209,0.9621,0.0,0.0,0,1.0,10,3,14,0.0,0.0,0.0
167.798,2986,16.8,0.6891,0.3815,0.0246,-0.8448,0.7063,0.0,0.0,0,1.0,8,3,14,0.0,0.0,0.0
167.849,2987,16.8,0.6056,0.5795,0.0,-0.7893,0.8259,-0.0737,0.0,0,1.0,9,3,14,0.0037,0.0,0.0015
167.906,2988,16.8,0.8122,0.3186,0.0391,-0.882,0.7225,-0.0737,0.0,0,1.0,13,3,14,0.0037,0.0,0.0015
167.97,2989,16.8,0.288,0.8015,0.1087,-0.2885,0.8346,0.0045,0.0,0,1.0,16,3,14,0.0002,0.0,0.0001
168.031,2990,16.8,0.2138,0.7502,0.2132,-0.001,0.7499,0.0,0.0,0,1.0,15,3,14,0.0,0.0,0.0
168.087,2991,16.8,0.2213,0.7249,0.3006,0.1081,0.7773,0.0,0.0,0,1.0,12,3,14,0.0,0.0,0.0
168.14,2992,16.8,0.2106,0.7251,0.2421,0.0475,0.7446,-0.2303,0.0,0,1.0,15,3,14,0.0115,0.0,0.0046
168.192,2993,16.8,0.2318,0.7171,0.2294,-0.0037,0.7322,-0.2303,0.0,0,1.0,13,3,14,0.0115,0.0,0.0046
168.25,2994,16.8,0.2697,0.6835,0.2263,-0.0624,0.7252,0.0,0.0,0,1.0,12,3,14,0.0,0.0,0.0
168.308,2995,16.8,0.2364,0.756,0.1981,-0.0588,0.7674,0.0,0.0,0,1.0,13,4,14,0.0,0.0,0.0
168.358,2996,16.8,0.142,0.9468,0.178,0.0644,0.895,0.0,0.0,0,1.0,16,4,14,0.0,0.0,0.0
168.412,2997,16.8,0.0763,0.927,0.2215,0.2752,0.9028,0.0,0.0,0,1.0,17,4,14,0.0,0.0,0.0
168.466,2998,16.8,0.0114,1.0,0.2785,0.5058,0.996,0.0,0.0,0,1.0,21,4,14,0.0,0.0,0.0
168.516,2999,16.8,0.0195,0.8929,0.37,0.5536,0.9572,0.0,0.0,0,1.0,12,4,14,0.0,0.0,0.0
168.564,3000,16.8,0.0,0.9078,0.3716,0.604,0.9706,-0.7,0.0,0,1.0,9,4,14,0.035,0.0,0.014
168.622,3001,17.7,0.0,0.9171,0.3497,0.5919,0.9662,-0.7,0.0,0,1.0,9,4,14,0.035,0.0,0.014
168.678,3002,17.7,0.0293,0.9061,0.308,0.4856,0.9337,-0.7,0.0,0,1.0,10,4,14,0.035,0.0,0.014
168.738,3003,17.7,0.0293,0.9051,0.2926,0.4746,0.9241,0.0,0.0,0,1.0,10,4,14,0.0,0.0,0.0
168.79,3004,17.7,0.0533,1.0,0.1518,0.2414,0.925,0.0,0.0,0,1.0,7,4,14,0.0,0.0,0.0
168.841,3005,17.7,0.097,0.8782,0.186,0.1776,0.8418,0.0,0.0,0,1.0,8,4,14,0.0,0.0,0.0
168.893,3006,17.7,0.0323,1.0,0.1024,0.239,0.8973,0.0,0.0,0,1.0,9,4,14,0.0,0.0,0.0
168.95,3007,17.7,0.6118,0.4492,0.0689,-0.6907,0.7199,0.0,0.0,0,1.0,8,4,14,0.0,0.0,0.0
169.012,3008,17.7,0.5781,0.4556,0.0942,-0.6195,0.7064,-0.1363,0.0,1,1.0,7,4,14,0.0068,1.0,0.0027
169.068,3009,17.7,0.6153,0.4704,0.0575,-0.7082,0.7397,0.0915,0.0,1,1.0,7,4,14,0.0046,0.8,0.0018
169.129,3010,17.7,0.3211,0.8294,0.0806,-0.3796,0.8766,0.0915,0.0,1,1.0,9,4,14,0.0046,0.8,0.0018
169.183,3011,17.7,0.3139,0.7316,0.1611,-0.2221,0.7904,-0.1876,0.0,1,1.0,8,4,14,0.0094,0.8,0.0038
169.234,3012,17.7,0.3706,0.404,0.1895,-0.2741,0.5469,0.0,0.0,1,1.0,6,4,14,0.0,0.8,0.0
169.284,3013,17.7,0.5899,0.3777,0.1836,-0.4856,0.6476,0.1039,0.0,1,1.0,10,4,14,0.0052,0.8,0.0021
169.331,3014,17.7,0.2348,0.5334,0.2985,0.0932,0.6152,0.1039,0.0,1,1.0,7,4,14,0.0052,0.8,0.0021
169.383,3015,17.7,0.1964,0.7223,0.2325,0.0566,0.7369,-0.7,0.0,1,1.0,11,4,14,0.035,0.8,0.014
169.435,3016,17.7,0.2267,0.7874,0.1839,-0.0675,0.7884,-0.7,0.0,1,1.0,12,4,14,0.035,0.8,0.014
169.494,3017,17.7,0.1932,0.8649,0.1593,-0.0579,0.8347,0.0,0.0,1,1.0,14,4,14,0.0,0.8,0.0
169.548,3018,17.7,0.0833,0.9614,0.1869,0.2087,0.9122,0.0,0.0,1,1.0,18,4,14,0.0,0.8,0.0
169.598,3019,17.7,0.2106,0.6795,0.2998,0.1259,0.7387,0.0,0.0,1,1.0,23,4,14,0.0,0.8,0.0
169.662,3020,17.7,0.0408,0.9124,0.385,0.5069,0.982,-0.2303,0.0,0,1.0,27,4,14,0.0115,0.8,0.0046
169.721,3021,17.7,0.2287,0.698,0.2922,0.0877,0.7499,-0.3477,0.0,0,1.0,26,4,14,0.0174,0.0,0.007
169.775,3022,17.7,0.1176,0.6195,0.4705,0.4615,0.7839,-0.3477,0.0,0,1.0,25,4,14,0.0174,0.0,0.007
169.833,3023,17.7,0.1112,0.5177,0.7048,0.6358,0.8295,-0.7,0.0,0,1.0,26,4,14,0.035,0.0,0.014
169.881,3024,17.7,0.1216,0.5313,0.7171,0.6206,0.8479,-0.1967,0.0,0,1.0,26,4,14,0.0098,0.0,0.0039
169.932,3025,17.7,0.1286,0.607,0.6653,0.5651,0.8825,-0.1967,0.0,0,1.0,23,4,14,0.0098,0.0,0.0039
169.984,3026,17.7,0.1485,0.6043,0.645,0.5236,0.8688,-0.1967,0.0,0,1.0,23,4,14,0.0098,0.0,0.0039
170.035,3027,17.7,0.1811,0.5442,0.4583,0.3529,0.7138,-0.2303,0.0,0,1.0,26,4,14,0.0115,0.0,0.0046
170.094,3028,17.7,0.1625,0.8895,0.1923,0.0504,0.8548,-0.2303,0.0,0,1.0,25,4,14,0.0115,0.0,0.0046
170.149,3029,17.7,0.0,0.9517,0.3924,0.6052,1.0,0.0045,0.0,0,1.0,27,4,14,0.0002,0.0,0.0001
170.197,3030,17.7,0.0032,1.0,0.2967,0.542,1.0,0.0,0.0,0,1.0,23,4,14,0.0,0.0,0.0
170.259,3031,18.4,0.0,1.0,0.2863,0.5469,1.0,0.0,0.0,0,1.0,16,4,14,0.0,0.0,0.0
170.318,3032,18.4,0.0,1.0,0.26,0.5333,0.9856,0.0,0.0,0,1.0,10,4,14,0.0,0.0,0.0
170.376,3033,18.4,0.0,1.0,0.2406,0.5229,0.9748,0.0,0.0,0,1.0,13,4,14,0.0,0.0,0.0
170.425,3034,18.4,0.0,0.928,0.3127,0.5717,0.9546,0.0,0.0,0,1.0,9,4,14,0.0,0.0,0.0
170.475,3035,18.4,0.0533,1.0,0.1613,0.2557,0.9303,0.0,0.0,0,1.0,6,4,14,0.0,0.0,0.0
170.525,3036,18.4,0.0533,1.0,0.1535,0.244,0.9259,0.0,0.0,0,1.0,8,4,14,0.0,0.0,0.0
170.573,3037,18.4,0.0863,1.0,0.0853,-0.003,0.8883,0.0,0.0,0,1.0,8,4,14,0.0,0.0,0.0
170.627,3038,18.4,0.5658,0.6218,0.0178,-0.7198,0.8391,0.0,0.0,0,1.0,12,4,14,0.0,0.0,0.0
170.684,3039,18.4,0.8138,0.4198,0.0,-0.9141,0.8084,0.0045,0.0,0,1.0,10,4,14,0.0002,0.0,0.0001
170.745,3040,18.4,0.7643,0.4503,0.0086,-0.8709,0.8062,-0.2156,0.0,0,1.0,13,4,14,0.0108,0.0,0.0043
170.799,3041,18.4,0.6772,0.5109,0.0106,-0.8159,0.8084,-0.2156,0.0,0,1.0,12,4,14,0.0108,0.0,0.0043
170.856,3042,18.4,0.7496,0.4752,0.0067,-0.8604,0.8189,-0.2471,0.0,0,1.0,13,4,14,0.0124,0.0,0.0049
170.908,3043,18.4,0.4273,0.8092,0.0447,-0.5427,0.919,-0.2471,0.0,0,1.0,13,4,14,0.0124,0.0,0.0049
170.959,3044,18.4,0.3516,0.7527,0.1334,-0.31,0.8291,-0.2471,0.0,0,1.0,14,4,14,0.0124,0.0,0.0049
171.024,3045,18.4,0.273,0.8127,0.0972,-0.2959,0.8356,-0.7,0.0,0,1.0,13,4,14,0.035,0.0,0.014
171.085,3046,18.4,0.1175,0.9668,0.1924,0.1363,0.9198,0.0,0.0,0,1.0,18,4,14,0.0,0.0,0.0
171.14,3047,18.4,0.2157,0.7319,0.2255,0.015,0.7411,0.0,0.0,0,1.0,15,4,14,0.0,0.0,0.0
171.19,3048,18.4,0.2505,0.7491,0.1816,-0.1064,0.7695,0.0,0.0,0,1.0,13,4,14,0.0,0.0,0.0
171.244,3049,18.4,0.2812,0.6581,0.2103,-0.1037,0.7102,0.0,0.0,0,1.0,13,4,14,0.0,0.0,0.0
171.299,3050,18.4,0.7314,0.5893,0.0794,-0.6806,0.9045,-0.2303,0.0,0,1.0,15,4,14,0.0115,0.0,0.0046
171.351,3051,18.4,0.1268,0.8762,0.2876,0.2444,0.8971,-0.4651,0.0,0,1.0,15,4,14,0.0233,0.0,0.0093
171.411,3052,18.4,0.1366,1.0,0.1354,-0.0024,0.9165,0.0,0.0,0,1.0,16,4,14,0.0,0.0,0.0
171.466,3053,18.4,0.1483,0.9321,0.1571,0.0163,0.8709,0.0,0.0,0,1.0,18,4,14,0.0,0.0,0.0
171.52,3054,18.4,0.0612,0.6116,0.4405,0.5583,0.7604,0.0,0.0,0,1.0,17,4,14,0.0,0.0,0.0
171.578,3055,18.4,0.2775,0.6716,0.2492,-0.0391,0.7195,0.0,0.0,0,1.0,17,4,14,0.0,0.0,0.0
171.634,3056,18.4,0.1581,0.62,0.3671,0.2964,0.7263,-0.2303,0.0,0,1.0,18,4,14,0.0115,0.0,0.0046
171.691,3057,18.4,0.0,1.0,0.2892,0.5485,1.0,-0.2303,0.0,0,1.0,12,4,14,0.0115,0.0,0.0046
171.747,3058,18.4,0.0055,0.7064,0.4052,0.6508,0.8203,0.0,0.0,0,1.0,11,4,14,0.0,0.0,0.0
171.797,3059,18.4,0.0396,0.6944,0.3781,0.5473,0.795,0.0,0.0,0,1.0,10,4,14,0.0,0.0,0.0
171.848,3060,18.4,0.0404,1.0,0.1515,0.2866,0.9248,-0.7,0.0,0,1.0,13,4,14,0.035,0.0,0.014
171.897,3061,18.2,0.0132,0.9677,0.2573,0.4905,0.9569,0.0,0.0,0,1.0,9,4,14,0.0,0.0,0.0
171.949,3062,18.2,0.0727,0.9744,0.1524,0.1833,0.9038,0.0,0.0,0,1.0,7,4,14,0.0,0.0,0.0
171.998,3063,18.2,0.0736,0.8714,0.0853,0.2372,0.7798,0.0,0.0,0,1.0,10,4,14,0.0,0.0,0.0
172.049,3064,18.2,0.1763,0.6974,0.1262,-0.1017,0.6845,0.0,0.0,0,1.0,7,4,14,0.0,0.0,0.0
172.101,3065,18.2,0.2027,0.7629,0.0657,-0.2952,0.7543,0.0,0.0,0,1.0,8,4,14,0.0,0.0,0.0
172.158,3066,18.2,0.5955,0.4906,0.0535,-0.7003,0.7456,0.0,0.0,0,1.0,9,4,14,0.0,0.0,0.0
172.207,3067,18.2,0.097,0.8043,0.1058,0.0229,0.7349,0.0915,0.0,0,1.0,8,4,14,0.0046,0.0,0.0018
172.268,3068,18.2,0.097,0.7957,0.1113,0.0367,0.7307,0.0,0.0,0,1.0,8,4,14,0.0,0.0,0.0
172.325,3069,18.2,0.1763,0.6959,0.1305,-0.0922,0.6833,0.0,0.0,0,1.0,8,4,14,0.0,0.0,0.0
172.374,3070,18.2,0.3448,0.7362,0.1454,-0.283,0.8114,0.0,0.0,0,1.0,7,4,14,0.0,0.0,0.0
172.428,3071,18.2,0.1983,0.9502,0.1109,-0.16,0.9092,0.0,0.0,0,1.0,9,4,14,0.0,0.0,0.0
172.482,3072,18.2,0.0293,0.9524,0.1424,0.3215,0.8797,0.0,0.0,0,1.0,7,4,14,0.0,0.0,0.0
172.534,3073,18.2,0.0293,0.9058,0.2516,0.4422,0.9018,0.0,0.0,0,1.0,9,4,14,0.0,0.0,0.0
172.583,3074,18.2,0.0533,0.7034,0.268,0.4164,0.7409,0.0,0.0,0,1.0,7,4,14,0.0,0.0,0.0
172.633,3075,18.2,0.0564,0.9409,0.1345,0.2053,0.8657,0.0,0.0,0,1.0,7,4,14,0.0,0.0,0.0
172.694,3076,18.2,0.2337,1.0,0.1896,-0.0637,0.9709,0.0,0.0,0,1.0,15,4,14,0.0,0.0,0.0
172.751,3077,18.2,0.3032,0.8533,0.0872,-0.345,0.8865,0.0,0.0,0,1.0,8,4,14,0.0,0.0,0.0
172.796,3078,18.2,0.5355,0.5254,0.07,-0.6225,0.7412,0.0,0.0,0,1.0,10,4,14,0.0,0.0,0.0
172.849,3079,18.2,0.3007,0.9356,0.0322,-0.4681,0.9543,0.0,0.0,0,1.0,9,4,14,0.0,0.0,0.0
172.903,3080,18.2,0.097,1.0,0.0466,-0.1634,0.8943,0.0915,0.0,0,1.0,8,4,14,0.0046,0.0,0.0018
172.96,3081,18.2,0.0748,1.0,0.0417,-0.3301,0.8819,0.0,0.0,0,1.0,10,4,14,0.0,0.0,0.0
173.021,3082,18.2,0.0084,0.9937,0.1981,0.4634,0.9456,0.0,0.0,0,1.0,11,4,14,0.0,0.0,0.0
173.08,3083,18.2,0.0,1.0,0.1496,0.4693,0.9238,0.0,0.0,0,1.0,13,4,14,0.0,0.0,0.0
173.142,3084,18.2,0.0194,1.0,0.1243,0.3401,0.9096,0.0,0.0,0,1.0,16,4,14,0.0,0.0,0.0
173.197,3085,18.2,0.0132,1.0,0.1085,0.353,0.9007,0.0,0.0,0,1.0,14,5,14,0.0,0.0,0.0
173.253,3086,18.2,0.0293,1.0,0.1591,0.3396,0.9291,0.0,0.0,0,1.0,9,5,14,0.0,0.0,0.0
173.311,3087,18.2,0.282,0.8716,0.0425,-0.4338,0.89,0.0,0.0,0,1.0,9,5,14,0.0,0.0,0.0
173.365,3088,18.2,0.209,1.0,0.0074,-0.4747,0.957,0.0,0.0,0,1.0,12,5,14,0.0,0.0,0.0
173.417,3089,18.2,0.667,0.6202,0.0123,-0.7701,0.8944,0.0,0.0,0,1.0,12,5,14,0.0,0.0,0.0
173.475,3090,18.2,0.8407,0.4247,0.0074,-0.9037,0.8276,-0.0737,0.0,0,1.0,12,5,14,0.0037,0.0,0.0015
173.526,3091,18.4,0.4076,0.8933,0.0095,-0.5987,0.9786,-0.0737,0.0,0,1.0,11,5,14,0.0037,0.0,0.0015
173.574,3092,18.4,0.5587,0.6446,0.0277,-0.6883,0.8543,-0.1876,0.0,0,1.0,12,5,14,0.0094,0.0,0.0038
173.63,3093,18.4,0.027,1.0,0.0874,0.2354,0.889,0.0915,0.0,0,1.0,11,5,14,0.0046,0.0,0.0018
173.683,3094,18.4,0.0928,1.0,0.1004,0.0195,0.8962,0.0,0.0,0,1.0,13,5,14,0.0,0.0,0.0
173.738,3095,18.4,0.0067,1.0,0.1071,0.3932,0.9,0.0,0.0,0,1.0,13,5,14,0.0,0.0,0.0
173.787,3096,18.4,0.0236,1.0,0.1131,0.3016,0.9034,0.0,0.0,0,1.0,14,5,14,0.0,0.0,0.0
173.841,3097,18.4,0.014,1.0,0.1817,0.4262,0.9417,0.0,0.0,0,1.0,13,5,14,0.0,0.0,0.0
173.889,3098,18.4,0.0242,1.0,0.1103,0.2944,0.9018,0.0,0.0,0,1.0,13,5,14,0.0,0.0,0.0
173.941,3099,18.4,0.0124,1.0,0.1148,0.3662,0.9043,0.0,0.0,0,1.0,14,5,14,0.0,0.0,0.0
173.993,3100,18.4,0.0127,1.0,0.0707,0.2957,0.8796,0.0,0.0,0,1.0,12,5,14,0.0,0.0,0.0
174.051,3101,18.4,0.0053,1.0,0.0352,0.2894,0.8597,0.0,0.0,0,1.0,14,5,14,0.0,0.0,0.0
174.111,3102,18.4,0.546,0.6595,0.0204,-0.6942,0.8597,0.0,0.0,0,1.0,16,5,14,0.0,0.0,0.0
174.166,3103,18.4,0.2441,1.0,0.0305,-0.4207,0.9767,0.0,0.0,0,1.0,14,5,14,0.0,0.0,0.0
174.214,3104,18.4,0.2442,1.0,0.0084,-0.4943,0.9767,0.0,0.0,0,1.0,18,5,14,0.0,0.0,0.0
174.275,3105,18.4,0.2083,1.0,0.0107,-0.4608,0.9567,0.0,0.0,0,1.0,12,5,14,0.0,0.0,0.0
174.324,3106,18.4,0.4908,0.6097,0.0668,-0.5789,0.787,0.0,0.0,0,1.0,9,5,14,0.0,0.0,0.0
174.375,3107,18.4,0.0533,0.9084,0.1006,0.1478,0.8193,0.0,0.0,0,1.0,12,5,14,0.0,0.0,0.0
174.426,3108,18.4,0.097,0.8508,0.1164,0.0481,0.7799,0.0045,0.0,0,1.0,8,5,14,0.0002,0.0,0.0001
174.484,3109,18.4,0.0,1.0,0.0819,0.4236,0.8858,0.0,0.0,0,1.0,11,5,14,0.0,0.0,0.0
174.543,3110,18.4,0.041,1.0,0.059,0.0784,0.873,0.0,0.0,0,1.0,13,5,14,0.0,0.0,0.0
174.598,3111,18.4,0.0533,0.9171,0.1065,0.1612,0.83,0.0,0.0,0,1.0,11,5,14,0.0,0.0,0.0
174.657,3112,18.4,0.1609,1.0,0.0744,-0.1912,0.9301,0.0,0.0,0,1.0,12,5,14,0.0,0.0,0.0
174.71,3113,18.4,0.312,0.814,0.1223,-0.2849,0.8585,0.0,0.0,0,1.0,9,5,14,0.0,0.0,0.0
174.765,3114,18.4,0.4929,0.664,0.0992,-0.5026,0.8337,0.0,0.0,0,1.0,11,5,14,0.0,0.0,0.0
174.815,3115,18.4,0.2872,0.8243,0.1465,-0.2108,0.8532,0.1039,0.0,0,1.0,11,5,14,0.0052,0.0,0.0021
174.873,3116,18.4,0.2237,1.0,0.1113,-0.1915,0.9653,0.0,0.0,0,1.0,11,5,14,0.0,0.0,0.0
174.923,3117,18.4,0.2242,1.0,0.1127,-0.1893,0.9656,0.0,0.0,0,1.0,10,5,14,0.0,0.0,0.0
174.975,3118,18.4,0.0293,0.8311,0.5164,0.6185,0.9873,0.0,0.0,0,1.0,12,5,14,0.0,0.0,0.0
175.029,3119,18.4,0.097,0.8686,0.2157,0.2211,0.8504,0.0045,0.0,0,1.0,7,5,14,0.0002,0.0,0.0001
175.083,3120,18.4,0.0576,1.0,0.1481,0.2214,0.923,0.0,0.0,0,1.0,10,5,14,0.0,0.0,0.0
175.141,3121,18.7,0.1964,1.0,0.2523,0.0774,0.9813,0.0,0.0,0,1.0,9,5,14,0.0,0.0,0.0
175.192,3122,18.7,0.2186,1.0,0.105,-0.1984,0.9624,0.0,0.0,0,1.0,9,5,14,0.0,0.0,0.0
175.253,3123,18.7,0.2167,1.0,0.1033,-0.1997,0.9613,-0.7,0.0,0,1.0,11,5,14,0.035,0.0,0.014
175.312,3124,18.7,0.1876,0.8243,0.1526,-0.0624,0.7975,0.0,0.0,0,1.0,8,5,14,0.0,0.0,0.0
175.366,3125,18.7,0.1763,0.8336,0.1539,-0.0406,0.799,0.0,0.0,0,1.0,8,5,14,0.0,0.0,0.0
175.415,3126,18.7,0.1763,0.7006,0.1303,-0.0925,0.6872,0.0,0.0,0,1.0,7,5,14,0.0,0.0,0.0
175.476,3127,18.7,0.0645,1.0,0.0578,-0.0249,0.8761,0.0,0.0,0,1.0,10,5,14,0.0,0.0,0.0
175.533,3128,18.7,0.0725,0.9352,0.0913,0.0559,0.8368,0.0,0.0,0,1.0,8,5,14,0.0,0.0,0.0
175.582,3129,18.7,0.0533,0.7977,0.1793,0.2976,0.7705,0.0,0.0,0,1.0,9,5,14,0.0,0.0,0.0
175.637,3130,18.7,0.097,0.7323,0.2033,0.214,0.729,0.0,0.0,0,1.0,10,5,14,0.0,0.0,0.0
175.693,3131,18.7,0.3206,0.5669,0.1083,-0.3572,0.6557,0.0,0.0,0,1.0,7,5,14,0.0,0.0,0.0
175.753,3132,18.7,0.1016,0.7615,0.1712,0.1483,0.7355,0.0,0.0,0,1.0,9,5,14,0.0,0.0,0.0
175.806,3133,18.7,0.4271,0.6697,0.1203,-0.4135,0.8017,0.0,0.0,0,1.0,11,5,14,0.0,0.0,0.0
175.857,3134,18.7,0.5832,0.6323,0.0674,-0.6231,0.8577,0.0,0.0,0,1.0,11,5,14,0.0,0.0,0.0
175.906,3135,18.7,0.9218,0.3009,0.0,-0.9933,0.769,-0.7,0.0,0,1.0,11,5,14,0.035,0.0,0.014
175.959,3136,18.7,0.8578,0.2896,0.0354,-0.9155,0.7237,-0.1876,0.0,0,1.0,14,5,14,0.0094,0.0,0.0038
176.012,3137,18.7,0.1869,0.8271,0.1506,-0.0649,0.7994,-0.1876,0.0,0,1.0,21,5,14,0.0094,0.0,0.0038
176.067,3138,18.7,0.0199,0.6908,0.3784,0.5139,0.7921,-0.1876,0.0,0,1.0,15,5,14,0.0094,0.0,0.0038
176.118,3139,18.7,0.1659,0.7572,0.2438,0.1245,0.7726,0.0,0.0,0,1.0,16,5,14,0.0,0.0,0.0
176.176,3140,18.7,0.2297,0.7356,0.1918,-0.0599,0.7465,0.0,0.0,0,1.0,16,5,14,0.0,0.0,0.0
176.226,3141,18.7,0.2319,0.7337,0.1921,-0.0626,0.7461,0.0045,0.0,0,1.0,16,5,14,0.0002,0.0,0.0001
176.286,3142,18.7,0.2402,0.7276,0.1922,-0.0747,0.7456,0.0,0.0,0,1.0,15,5,14,0.0,0.0,0.0
176.342,3143,18.7,0.12,0.5961,0.3619,0.3691,0.7034,-0.7,0.0,0,1.0,13,5,14,0.035,0.0,0.014
176.393,3144,18.7,0.2031,0.795,0.1877,-0.0252,0.7816,-0.7,0.0,0,1.0,15,5,14,0.035,0.0,0.014
176.45,3145,18.7,0.2136,0.736,0.23,0.0251,0.747,-0.7,0.0,0,1.0,14,5,14,0.035,0.0,0.014
176.509,3146,18.7,0.1162,0.6783,0.3273,0.3294,0.7531,0.0,0.0,0,1.0,15,5,14,0.0,0.0,0.0
176.558,3147,18.7,0.0533,0.6466,0.3865,0.5303,0.7596,0.0,0.0,0,1.0,12,5,14,0.0,0.0,0.0
176.609,3148,18.7,0.0293,0.9215,0.1949,0.3872,0.8832,0.0,0.0,0,1.0,10,5,14,0.0,0.0,0.0
176.657,3149,18.7,0.0533,0.6533,0.3622,0.5103,0.7517,-0.3477,0.0,0,1.0,7,5,14,0.0174,0.0,0.007
176.708,3150,18.7,0.1763,0.6368,0.2125,0.0631,0.6539,-0.7,0.0,0,1.0,8,5,14,0.035,0.0,0.014
176.757,3151,18.5,0.1647,0.7959,0.0925,-0.1587,0.7608,0.0,0.0,0,1.0,9,5,14,0.0,0.0,0.0
176.804,3152,18.5,0.5666,0.4937,0.0496,-0.6933,0.732,0.0,0.0,0,1.0,8,5,14,0.0,0.0,0.0
176.854,3153,18.5,0.2881,0.6672,0.0877,-0.3533,0.7217,0.0,0.0,0,1.0,8,5,14,0.0,0.0,0.0
176.907,3154,18.5,0.1763,0.8029,0.1654,-0.0196,0.7731,0.0,0.0,0,1.0,8,5,14,0.0,0.0,0.0
176.957,3155,18.5,0.0533,1.0,0.1367,0.2168,0.9166,0.0,0.0,0,1.0,9,5,14,0.0,0.0,0.0
177.006,3156,18.5,0.097,0.8755,0.1911,0.1856,0.8424,0.0,0.0,0,1.0,7,5,14,0.0,0.0,0.0
177.058,3157,18.5,0.097,0.753,0.1721,0.1622,0.7289,0.0,0.0,0,1.0,8,5,14,0.0,0.0,0.0
177.107,3158,18.5,0.1763,0.5722,0.2299,0.0934,0.6094,0.0,0.0,0,1.0,4,5,14,0.0,0.0,0.0
177.159,3159,18.5,0.1763,0.578,0.2669,0.148,0.6349,0.0,0.0,0,1.0,5,5,14,0.0,0.0,0.0
177.207,3160,18.5,0.0533,1.0,0.141,0.224,0.919,0.0,0.0,0,1.0,7,5,14,0.0,0.0,0.0
177.256,3161,18.5,0.1085,0.8787,0.185,0.1486,0.8417,-0.1363,0.0,0,1.0,8,5,14,0.0068,0.0,0.0027
177.309,3162,18.5,0.097,0.7263,0.2043,0.216,0.7245,0.0,0.0,0,1.0,7,5,14,0.0,0.0,0.0
177.37,3163,18.5,0.0533,0.9347,0.2024,0.3151,0.8985,0.0,0.0,0,1.0,7,5,14,0.0,0.0,0.0
177.429,3164,18.5,0.097,0.8741,0.1963,0.1934,0.8442,0.0,0.0,0,1.0,7,5,14,0.0,0.0,0.0
177.487,3165,18.5,0.0533,0.903,0.415,0.4996,0.9909,0.0,0.0,0,1.0,8,5,14,0.0,0.0,0.0
177.545,3166,18.5,0.1763,0.7099,0.119,-0.1178,0.6951,0.0,0.0,0,1.0,7,5,14,0.0,0.0,0.0
177.598,3167,18.5,0.097,0.9234,0.0536,-0.1375,0.83,-0.7,0.0,0,1.0,9,5,14,0.035,0.0,0.014
177.652,3168,18.5,0.5255,0.6125,0.0221,-0.6955,0.8087,0.0,0.0,0,1.0,10,5,14,0.0,0.0,0.0
177.708,3169,18.5,0.5585,0.5129,0.0485,-0.6849,0.7436,0.0915,0.0,0,1.0,11,5,14,0.0046,0.0,0.0018
177.759,3170,18.5,0.0533,1.0,0.0644,0.0421,0.8761,0.0915,0.0,0,1.0,10,5,14,0.0046,0.0,0.0018
177.805,3171,18.5,0.1763,0.7382,0.1635,-0.0236,0.7188,0.0915,0.0,0,1.0,6,5,14,0.0046,0.0,0.0018
177.858,3172,18.5,0.1892,0.8368,0.0608,-0.2841,0.8089,0.0,0.0,0,1.0,9,5,14,0.0,0.0,0.0
177.908,3173,18.5,0.2313,0.7587,0.0238,-0.4646,0.7668,0.0,0.0,0,1.0,8,5,14,0.0,0.0,0.0
177.958,3174,18.5,0.1899,0.8696,0.0148,-0.4448,0.8368,0.0,0.0,0,1.0,9,5,14,0.0,0.0,0.0
178.018,3175,18.5,0.1163,0.8538,0.0387,-0.2449,0.7823,0.0,0.0,0,1.0,8,6,14,0.0,0.0,0.0
178.077,3176,18.5,0.3727,0.6991,0.0281,-0.5727,0.796,0.0,0.0,0,1.0,9,6,14,0.0,0.0,0.0
178.136,3177,18.5,0.2063,0.9921,0.0178,-0.4332,0.9489,0.0,0.0,0,1.0,8,6,14,0.0,0.0,0.0
178.196,3178,18.5,0.0951,1.0,0.0897,-0.0143,0.8932,0.0,0.0,0,1.0,11,6,14,0.0,0.0,0.0
178.251,3179,18.5,0.1122,0.8949,0.2476,0.2262,0.8904,0.0,0.0,0,1.0,13,6,14,0.0,0.0,0.0
178.307,3180,18.5,0.1708,0.9107,0.2222,0.0802,0.8894,0.0,0.0,0,1.0,17,6,14,0.0,0.0,0.0
178.358,3181,18.8,0.1683,0.9135,0.2264,0.0902,0.8941,0.0,0.0,0,1.0,18,6,14,0.0,0.0,0.0
178.41,3182,18.8,0.1895,0.899,0.2149,0.039,0.8755,0.0,0.0,0,1.0,21,6,14,0.0,0.0,0.0
178.467,3183,18.8,0.1903,0.9054,0.2155,0.0385,0.8812,0.0,0.0,0,1.0,21,6,14,0.0,0.0,0.0
178.528,3184,18.8,0.1889,0.9696,0.1697,-0.0313,0.9202,0.0,0.0,0,1.0,27,6,14,0.0,0.0,0.0
178.584,3185,18.8,0.1977,0.8989,0.2143,0.025,0.8751,0.0,0.0,0,1.0,26,6,14,0.0,0.0,0.0
178.645,3186,18.8,0.0186,0.9276,0.35,0.5385,0.9752,0.0,0.0,0,1.0,18,6,14,0.0,0.0,0.0
178.701,3187,18.8,0.0065,1.0,0.3044,0.5359,1.0,0.0,0.0,0,1.0,21,6,14,0.0,0.0,0.0
178.759,3188,18.8,0.0065,1.0,0.3044,0.5359,1.0,0.0,0.0,0,1.0,21,6,14,0.0,0.0,0.0
178.805,3189,18.8,0.0065,1.0,0.3044,0.5359,1.0,0.0,0.0,0,1.0,21,6,14,0.0,0.0,0.0
178.856,3190,18.8,0.0118,0.8226,0.3367,0.5687,0.8795,0.0,0.0,0,1.0,20,6,14,0.0,0.0,0.0
178.908,3191,18.8,0.0118,0.8226,0.3367,0.5687,0.8795,0.0,0.0,0,1.0,20,6,14,0.0,0.0,0.0
178.96,3192,18.8,0.0118,0.8226,0.3367,0.5687,0.8795,0.0,0.0,0,1.0,19,6,14,0.0,0.0,0.0
179.018,3193,18.8,0.0065,0.8637,0.3039,0.5578,0.8957,0.0,0.0,0,1.0,19,6,14,0.0,0.0,0.0
179.075,3194,18.8,0.0065,0.8641,0.3081,0.5601,0.8984,0.0,0.0,0,1.0,18,6,14,0.0,0.0,0.0
179.123,3195,18.8,0.0251,0.8675,0.2808,0.4841,0.8859,0.0,0.0,0,1.0,17,6,14,0.0,0.0,0.0
179.176,3196,18.8,0.0065,0.859,0.3093,0.5618,0.8948,0.0,0.0,0,1.0,17,6,14,0.0,0.0,0.0
179.225,3197,18.8,0.0251,0.8675,0.2808,0.4841,0.8859,0.0,0.0,0,1.0,17,6,14,0.0,0.0,0.0
179.285,3198,18.8,0.0651,1.0,0.0338,-0.1377,0.8765,0.0,0.0,0,1.0,12,6,14,0.0,0.0,0.0
179.343,3199,18.8,0.0358,0.856,0.2808,0.454,0.8763,0.0,0.0,0,1.0,7,6,14,0.0,0.0,0.0
179.4,3200,18.8,0.0411,1.0,0.062,0.0887,0.8747,0.0,0.0,1,1.0,13,6,14,0.0,1.0,0.0
179.456,3201,18.8,0.2128,1.0,0.0435,-0.3511,0.9592,0.0,0.0,1,1.0,5,6,14,0.0,0.8,0.0
179.511,3202,18.8,0.097,0.6078,0.4343,0.4774,0.7538,0.0,0.0,1,1.0,4,6,14,0.0,0.8,0.0
179.566,3203,18.8,0.3324,0.7902,0.0746,-0.4089,0.8499,-0.2303,0.0,1,1.0,4,6,14,0.0115,0.8,0.0046
179.616,3204,18.8,0.367,0.6311,0.1943,-0.2325,0.7356,0.0,0.0,1,1.0,5,6,14,0.0,0.8,0.0
179.664,3205,18.8,0.1763,0.6292,0.1377,-0.0786,0.6273,0.0,0.0,1,1.0,3,6,14,0.0,0.8,0.0
179.716,3206,18.8,0.3629,0.6565,0.0757,-0.4559,0.7547,0.0,0.0,1,1.0,4,6,14,0.0,0.8,0.0
179.771,3207,18.8,0.1768,0.6287,0.1377,-0.0795,0.6271,-0.7,0.0,1,1.0,3,6,14,0.035,0.8,0.014
179.823,3208,18.8,0.304,0.601,0.1357,-0.2737,0.6751,0.0,0.0,1,1.0,3,6,14,0.0,0.8,0.0
179.872,3209,18.8,0.204,0.5812,0.0046,-0.5563,0.6024,0.0,0.0,1,1.0,2,6,14,0.0,0.8,0.0
179.923,3210,18.8,0.0,0.5513,0.2467,0.6196,0.6013,0.0,0.0,1,1.0,2,6,14,0.0,0.8,0.0
179.973,3211,18.6,0.0,0.5486,0.2568,0.6278,0.6046,0.0,0.0,1,1.0,2,6,14,0.0,0.8,0.0
180.025,3212,18.6,0.0,0.5513,0.2467,0.6196,0.6013,0.0,0.0,0,1.0,2,6,14,0.0,0.8,0.0
180.074,3213,18.6,0.0,0.5446,0.0046,0.1105,0.46,0.0,0.0,0,1.0,1,6,14,0.0,0.0,0.0
180.132,3214,18.6,0.0,0.5513,0.2467,0.6196,0.6013,0.0,0.0,0,1.0,2,6,14,0.0,0.0,0.0
180.181,3215,18.6,0.0,0.5446,0.0046,0.367,0.46,0.0,0.0,0,1.0,1,6,14,0.0,0.0,0.0
180.232,3216,18.6,0.0,0.5446,0.0046,0.367,0.46,0.0,0.0,0,1.0,1,6,14,0.0,0.0,0.0
180.291,3217,18.6,0.0,0.5446,0.0046,0.367,0.46,0.0,0.0,0,1.0,1,6,14,0.0,0.0,0.0
180.34,3218,18.6,0.0,0.5446,0.0046,0.367,0.46,0.0,0.0,0,1.0,1,6,14,0.0,0.0,0.0
180.389,3219,18.6,0.0,0.5446,0.0046,0.367,0.46,0.0,0.0,0,1.0,1,6,14,0.0,0.0,0.0
180.442,3220,18.6,0.0,0.5446,0.0046,0.367,0.46,0.0,0.0,0,1.0,1,6,14,0.0,0.0,0.0
180.502,3221,18.6,0.0,0.5446,0.0046,0.367,0.46,0.0,0.0,0,1.0,1,6,14,0.0,0.0,0.0
180.556,3222,18.6,0.0,0.5446,0.0046,0.367,0.46,0.0,0.0,0,1.0,1,6,14,0.0,0.0,0.0
180.604,3223,18.6,0.0,0.5446,0.0046,0.367,0.46,0.0,0.0,0,1.0,1,6,14,0.0,0.0,0.0
180.657,3224,18.6,0.0,0.5446,0.0046,0.367,0.46,0.0,0.0,0,1.0,1,6,14,0.0,0.0,0.0
180.706,3225,18.6,0.0,0.5446,0.0046,0.367,0.46,0.0,0.0,0,1.0,1,6,14,0.0,0.0,0.0
180.754,3226,18.6,0.0,0.5446,0.0046,0.367,0.46,0.0,0.0,0,1.0,1,6,14,0.0,0.0,0.0
180.804,3227,18.6,0.0,0.5446,0.0046,0.367,0.46,0.0,0.0,0,1.0,1,6,14,0.0,0.0,0.0
180.856,3228,18.6,0.0,0.5446,0.0046,0.367,0.46,0.0,0.0,0,1.0,1,6,14,0.0,0.0,0.0
180.909,3229,18.6,0.0,0.5446,0.0046,0.367,0.46,0.0,0.0,0,1.0,1,6,14,0.0,0.0,0.0
180.966,3230,18.6,0.0,0.5446,0.0046,0.367,0.46,0.0,0.0,0,1.0,1,6,14,0.0,0.0,0.0
181.015,3231,18.6,0.0,0.5446,0.0046,0.367,0.46,0.0,0.0,0,1.0,1,6,14,0.0,0.0,0.0
181.065,3232,18.6,0.0,0.5446,0.0046,0.367,0.46,0.0,0.0,0,1.0,1,6,14,0.0,0.0,0.0
181.118,3233,18.6,0.0,0.5446,0.0046,0.367,0.46,0.0,0.0,0,1.0,1,6,14,0.0,0.0,0.0
181.177,3234,18.6,0.0,0.5446,0.0046,0.367,0.46,0.0,0.0,0,1.0,1,6,14,0.0,0.0,0.0
181.231,3235,18.6,0.0,0.5446,0.0046,0.367,0.46,0.0,0.0,0,1.0,1,6,14,0.0,0.0,0.0
181.287,3236,18.6,0.0,0.5446,0.0046,0.367,0.46,0.0,0.0,0,1.0,1,6,14,0.0,0.0,0.0
181.351,3237,18.6,0.0,0.5446,0.0046,0.367,0.46,0.0,0.0,0,1.0,1,6,14,0.0,0.0,0.0
181.413,3238,18.6,0.0,0.5446,0.0046,0.367,0.46,0.0,0.0,0,1.0,1,6,14,0.0,0.0,0.0
181.475,3239,18.6,0.0,0.5446,0.0046,0.367,0.46,0.0,0.0,0,1.0,1,6,14,0.0,0.0,0.0
181.528,3240,18.6,0.0,0.5446,0.0046,0.367,0.46,0.0,0.0,0,1.0,1,6,14,0.0,0.0,0.0
