timestamp,frame,fps,left,center,right,x,magnitude,fw_bias,visual_bias,escape_active,dopamine,items,skip_focus,collected,reward_rate,escape_rate,orient_rate
6.407,1,0.0,0.002,0.8073,0.2973,1.0,0.8446,0.0,0.0,0,1.0,7,0,0,0.0,0.0,0.0
6.576,2,0.0,0.5615,0.6831,0.0117,-1.0,0.8882,0.0,0.0,0,1.0,17,0,0,0.0,0.0,0.0
6.639,3,0.0,0.2144,0.8578,0.0317,-1.0,0.8406,0.0,0.0,0,1.0,10,0,0,0.0,0.0,0.0
6.691,4,0.0,0.1936,0.8965,0.0292,-1.0,0.8615,0.0,0.0,0,1.0,11,0,0,0.0,0.0,0.0
6.749,5,0.0,0.0914,1.0,0.007,-1.0,0.8912,0.0,0.0,0,1.0,12,0,0,0.0,0.0,0.0
6.8,6,0.0,0.6169,0.7175,0.0129,-1.0,0.9482,0.0,0.0,0,1.0,17,0,0,0.0,0.0,0.0
6.851,7,0.0,0.0352,1.0,0.0446,0.2126,0.865,0.0,0.0,0,1.0,11,0,0,0.0,0.0,0.0
6.913,8,0.0,0.1701,0.8193,0.0758,-0.6904,0.7835,-0.1876,0.0,0,1.0,18,0,0,0.0094,0.0,0.0038
6.967,9,0.0,0.0591,0.9983,0.0353,-0.4555,0.8717,0.0,0.0,0,1.0,37,0,0,0.0,0.0,0.0
7.03,10,0.0,0.023,0.845,0.195,1.0,0.8191,0.0,0.0,0,1.0,50,0,0,0.0,0.0,0.0
7.457,19,0.0,0.6364,0.6583,0.1574,-1.0,0.9093,0.0,0.0,0,1.0,57,0,0,0.0,0.0,0.0
7.529,20,0.0,0.1555,0.8312,0.1483,-0.0431,0.7853,0.0,0.0,0,1.0,41,0,0,0.0,0.0,0.0
7.587,21,0.0,0.4118,0.7413,0.0,-1.0,0.8533,-0.1716,0.0,0,1.0,25,0,0,0.0086,0.0,0.0034
7.642,22,0.0,0.3854,0.7516,0.0,-1.0,0.8472,-0.7,0.0,0,1.0,28,0,0,0.035,0.0,0.014
7.694,23,0.0,0.8506,0.4115,0.0603,-1.0,0.822,-0.4651,0.0,0,1.0,24,0,0,0.0233,0.0,0.0093
7.751,24,0.0,0.8494,0.1592,0.1448,-1.0,0.6094,-0.4651,0.0,0,1.0,24,0,0,0.0233,0.0,0.0093
7.806,25,0.0,0.7268,0.2488,0.1634,-1.0,0.616,-0.2099,0.0,0,1.0,18,0,0,0.0105,0.0,0.0042
7.859,26,0.0,0.4924,0.2663,0.3618,-0.2752,0.4994,-0.2441,0.0,0,1.0,16,0,0,0.0122,0.0,0.0049
7.92,27,0.0,0.7516,0.5428,0.1196,-1.0,0.8769,-0.2441,0.0,0,1.0,15,0,0,0.0122,0.0,0.0049
7.974,28,0.0,0.9253,0.5013,0.0278,-1.0,0.9393,-0.2773,0.0,0,1.0,12,0,0,0.0139,0.0,0.0055
8.029,29,0.0,0.9225,0.5139,0.0255,-1.0,0.9482,-0.1876,0.0,0,1.0,11,0,0,0.0094,0.0,0.0038
8.086,30,0.0,0.8734,0.5312,0.0682,-1.0,0.9353,-0.1876,0.0,0,1.0,13,0,0,0.0094,0.0,0.0038
8.146,31,4.1,0.8735,0.4641,0.1301,-1.0,0.879,-0.1876,0.0,0,1.0,14,0,0,0.0094,0.0,0.0038
8.205,32,4.1,0.7122,0.4471,0.3483,-0.6176,1.0,-0.287,0.0,0,1.6,15,0,1,0.0143,0.0,0.0057
8.264,33,4.1,0.7112,0.5283,0.2327,-0.9125,1.0,-0.287,0.0,0,1.56,20,0,1,0.0143,0.0,0.0057
8.323,34,4.1,0.6796,0.5971,0.2276,-0.8969,1.0,-0.2454,0.0,0,1.52,11,0,1,0.0123,0.0,0.0049
8.4,35,4.1,0.6806,0.5425,0.2925,-0.7179,1.0,-0.1464,0.0,0,1.48,11,0,1,0.0073,0.0,0.0029
8.462,36,4.1,0.6797,0.4914,0.3519,-0.5719,1.0,-0.1876,0.0,0,1.44,10,0,1,0.0094,0.0,0.0038
8.525,37,4.1,0.6797,0.4264,0.4036,-0.4588,1.0,-0.1876,0.0,0,1.4,11,0,1,0.0094,0.0,0.0038
8.587,38,4.1,0.4229,0.4442,0.279,-0.3691,0.8295,-0.2227,0.0,0,1.36,8,0,1,0.0111,0.0,0.0045
8.641,39,4.1,0.4226,0.3173,0.3894,-0.0736,0.6642,-0.1876,0.0,0,1.32,8,0,1,0.0094,0.0,0.0038
8.692,40,4.1,0.0,0.4324,0.6244,1.0,0.9125,-0.7,0.0,0,1.28,12,0,1,0.035,0.0,0.014
8.742,41,4.1,0.016,0.7156,0.3191,1.0,0.967,-0.7,0.0,0,1.24,12,0,1,0.035,0.0,0.014
8.79,42,4.1,0.1514,0.6573,0.2663,0.4951,0.8415,-0.2303,0.0,0,1.2,10,0,1,0.0115,0.0,0.0046
8.846,43,4.1,0.1101,0.7301,0.2406,0.6698,0.8678,0.0,0.0,0,1.16,15,0,1,0.0,0.0,0.0
8.906,44,4.1,0.2354,0.8375,0.0614,-1.0,0.9355,0.0,0.0,0,1.12,19,0,1,0.0,0.0,0.0
8.964,45,4.1,0.2462,0.8959,0.0461,-1.0,0.9616,0.0,0.0,0,1.08,19,0,1,0.0,0.0,0.0
9.017,46,4.1,0.3941,0.8442,0.0227,-1.0,0.967,0.0,0.0,0,1.04,20,0,1,0.0,0.0,0.0
9.081,47,4.1,0.4907,0.7966,0.0173,-1.0,0.9439,-0.7,0.0,0,1.0,19,0,1,0.035,0.0,0.014
9.135,48,4.1,0.54,0.5464,0.0584,-1.0,0.7614,-0.1129,0.0,0,1.0,16,0,1,0.0056,0.0,0.0023
9.195,49,4.1,0.5043,0.5421,0.0924,-1.0,0.7378,0.0915,0.0,0,1.0,15,0,1,0.0046,0.0,0.0018
9.259,50,4.1,0.5512,0.8425,0.0281,-1.0,1.0,-0.0835,0.0,0,1.0,12,0,1,0.0042,0.0,0.0017
9.32,51,4.1,0.3178,0.5939,0.1739,-0.5266,0.6768,-0.0835,0.0,0,1.0,10,0,1,0.0042,0.0,0.0017
9.378,52,4.1,0.3016,0.587,0.1893,-0.4116,0.662,0.0915,0.0,0,1.0,9,0,1,0.0046,0.0,0.0018
9.438,53,4.1,0.5928,0.8049,0.0365,-1.0,1.0,0.1784,0.0,0,1.0,9,0,1,0.0089,0.0,0.0036
9.503,54,4.1,0.5851,0.8767,0.0219,-1.0,1.0,0.0915,0.0,0,1.0,19,0,1,0.0046,0.0,0.0018
9.562,55,4.1,0.285,0.7045,0.0978,-0.8801,0.7514,0.0915,0.0,0,1.0,20,0,1,0.0046,0.0,0.0018
9.623,56,4.1,0.2463,1.0,0.0915,-0.8249,0.9779,0.0915,0.0,0,1.0,17,0,1,0.0046,0.0,0.0018
9.674,57,4.1,0.4618,0.9412,0.0,-1.0,1.0,0.0,0.0,0,1.0,20,0,1,0.0,0.0,0.0
9.726,58,4.1,0.5468,0.4843,0.041,-1.0,0.713,-0.1129,0.0,0,1.0,7,0,1,0.0056,0.0,0.0023
9.782,59,4.1,0.3083,1.0,0.0,-1.0,1.0,0.0915,0.0,0,1.0,22,0,1,0.0046,0.0,0.0018
9.831,60,4.1,0.5647,0.523,0.0358,-1.0,0.7556,0.0915,0.0,0,1.0,10,0,1,0.0046,0.0,0.0018
9.884,61,17.2,0.1396,1.0,0.0374,-1.0,0.9182,0.0,0.0,0,1.0,16,0,1,0.0,0.0,0.0
9.943,62,17.2,0.0592,1.0,0.1847,0.9266,0.9435,0.0,0.0,0,1.0,24,0,1,0.0,0.0,0.0
9.999,63,17.2,0.061,0.6249,0.4748,1.0,0.7908,0.0,0.0,0,1.0,21,0,1,0.0,0.0,0.0
10.05,64,17.2,0.2262,0.315,0.579,0.7887,0.5888,-0.1129,0.0,0,1.0,24,0,1,0.0056,0.0,0.0023
10.103,65,17.2,0.042,0.767,0.3378,1.0,1.0,-0.1129,0.0,0,1.6,17,0,2,0.0056,0.0,0.0023
10.162,66,17.2,0.4491,0.5405,0.1858,-0.7465,1.0,-0.2471,0.0,0,1.56,17,0,2,0.0124,0.0,0.0049
10.22,67,17.2,0.458,0.358,0.3385,-0.2701,0.8469,-0.1967,0.0,0,1.52,19,0,2,0.0098,0.0,0.0039
10.278,68,17.2,0.2429,0.7925,0.3143,0.2307,1.0,-0.2303,0.0,0,1.48,21,0,2,0.0115,0.0,0.0046
10.338,69,17.2,0.261,0.551,0.3439,0.2466,0.9438,-0.2303,0.0,0,1.44,28,0,2,0.0115,0.0,0.0046
10.395,70,17.2,0.2672,0.7158,0.1992,-0.2624,1.0,0.0915,0.0,0,1.4,29,0,2,0.0046,0.0,0.0018
10.456,71,17.2,0.0804,0.842,0.2362,0.8859,1.0,-0.4651,0.0,0,1.36,24,0,2,0.0233,0.0,0.0093
10.526,72,17.2,0.4429,0.527,0.1915,-0.7131,0.9117,0.0,0.0,0,1.32,19,0,2,0.0,0.0,0.0
10.585,73,17.2,0.5571,0.5585,0.0671,-1.0,0.9998,-0.0961,0.0,0,1.28,18,0,2,0.0048,0.0,0.0019
10.642,74,17.2,0.8132,0.5782,0.0324,-1.0,1.0,0.0915,0.0,0,1.24,17,0,2,0.0046,0.0,0.0018
10.689,75,17.2,0.3105,0.801,0.0501,-1.0,1.0,0.0915,0.0,0,1.2,11,0,2,0.0046,0.0,0.0018
10.741,76,17.2,1.0,0.4183,0.0,-1.0,1.0,-0.2156,0.0,0,1.16,17,0,2,0.0108,0.0,0.0043
10.793,77,17.2,1.0,0.493,0.0,-1.0,1.0,-0.1876,0.0,0,1.12,19,0,2,0.0094,0.0,0.0038
10.853,78,17.2,0.8006,0.7061,0.013,-1.0,1.0,-0.1876,0.0,0,1.08,12,0,2,0.0094,0.0,0.0038
10.906,79,17.2,0.8199,0.7214,0.0234,-1.0,1.0,-0.1876,0.0,0,1.04,19,0,2,0.0094,0.0,0.0038
10.97,80,17.2,0.8941,0.7264,0.0073,-1.0,1.0,-0.1876,0.0,0,1.0,11,0,2,0.0094,0.0,0.0038
11.025,81,17.2,0.2876,0.8922,0.0793,-1.0,0.9105,-0.1876,0.0,0,1.0,10,0,2,0.0094,0.0,0.0038
11.087,82,17.2,0.3479,0.848,0.0159,-1.0,0.9072,-0.1876,0.0,0,1.0,9,0,2,0.0094,0.0,0.0038
11.144,83,17.2,0.1484,1.0,0.0,-1.0,0.9231,0.0,0.0,0,1.0,10,0,2,0.0,0.0,0.0
11.206,84,17.2,0.1296,1.0,0.0,-1.0,0.9126,0.0,0.0,0,1.0,10,0,2,0.0,0.0,0.0
11.26,85,17.2,0.2243,0.7975,0.057,-1.0,0.7955,0.0,0.0,0,1.0,16,0,2,0.0,0.0,0.0
11.329,86,17.2,0.0581,0.8099,0.5109,1.0,0.9664,0.0,0.0,0,1.0,15,0,2,0.0,0.0,0.0
11.391,87,17.2,0.0302,0.8561,0.2337,1.0,0.85,-0.0835,0.0,0,1.0,14,0,2,0.0042,0.0,0.0017
11.461,88,17.2,0.0718,0.6307,0.5631,1.0,0.8451,0.0,0.0,0,1.0,11,0,2,0.0,0.0,0.0
11.525,89,17.2,0.1453,0.6469,0.4685,0.9476,0.8058,0.0045,0.0,0,1.0,12,0,2,0.0002,0.0,0.0001
11.587,90,17.2,0.0636,0.7029,0.328,1.0,0.7741,-0.0961,0.0,0,1.0,15,0,2,0.0048,0.0,0.0019
11.644,91,17.1,0.2926,0.9737,0.0799,-1.0,0.9817,0.0,0.0,0,1.0,15,0,2,0.0,0.0,0.0
11.701,92,17.1,0.2634,0.9975,0.1384,-0.56,0.9854,0.0,0.0,0,1.0,17,0,2,0.0,0.0,0.0
11.761,93,17.1,0.1114,0.7393,0.2525,0.6981,0.7624,0.0,0.0,0,1.0,13,0,2,0.0,0.0,0.0
11.819,94,17.1,0.2448,0.7028,0.128,-0.564,0.7274,0.0,0.0,0,1.0,15,0,2,0.0,0.0,0.0
11.879,95,17.1,0.0327,0.8164,0.4834,1.0,0.9565,0.0,0.0,0,1.0,16,0,2,0.0,0.0,0.0
11.937,96,17.1,0.1395,0.7419,0.4734,0.9807,0.8883,-0.1129,0.0,0,1.0,13,0,2,0.0056,0.0,0.0023
11.99,97,17.1,0.0794,0.8312,0.4207,1.0,0.9338,0.0045,0.0,0,1.0,11,0,2,0.0002,0.0,0.0001
12.041,98,17.1,0.1994,0.6253,0.2317,0.1348,0.655,0.0045,0.0,0,1.0,7,0,2,0.0002,0.0,0.0001
12.093,99,17.1,0.2798,0.8323,0.0213,-1.0,0.8558,-0.7,0.0,0,1.0,4,0,2,0.035,0.0,0.014
12.155,100,17.1,0.593,0.4522,0.0,-1.0,0.712,0.0,0.0,0,1.0,7,0,2,0.0,0.0,0.0
12.211,101,17.1,0.5483,0.3129,0.0948,-1.0,0.5699,0.0915,0.0,0,1.0,12,0,2,0.0046,0.0,0.0018
12.269,102,17.1,0.3246,0.1497,0.0,-1.0,0.3075,0.0915,0.0,0,1.0,1,0,2,0.0046,0.0,0.0018
12.329,103,17.1,0.2604,0.7968,0.0087,-1.0,0.8151,0.0915,0.0,0,1.0,4,0,2,0.0046,0.0,0.0018
12.384,104,17.1,0.4871,0.4583,0.0,-1.0,0.6577,0.0,0.0,0,1.0,3,0,2,0.0,0.0,0.0
12.443,105,17.1,0.3262,0.1504,0.0,-1.0,0.309,-0.1129,0.0,0,1.0,1,0,2,0.0056,0.0,0.0023
12.504,106,17.1,0.3124,0.2658,0.1392,-0.6903,0.3982,0.0,0.0,0,1.0,2,0,2,0.0,0.0,0.0
12.567,107,17.1,0.3279,0.3114,0.0786,-1.0,0.4452,0.0,0.0,0,1.0,2,0,2,0.0,0.0,0.0
12.63,108,17.1,0.3282,0.1514,0.0,-1.0,0.3109,0.0,0.0,0,1.0,1,0,2,0.0,0.0,0.0
12.68,109,17.1,0.3278,0.1512,0.0,-1.0,0.3106,0.0,0.0,0,1.0,1,0,2,0.0,0.0,0.0
12.735,110,17.1,0.3272,0.1509,0.0,-1.0,0.31,0.0,0.0,0,1.0,1,0,2,0.0,0.0,0.0
12.792,111,17.1,0.3273,0.1509,0.0,-1.0,0.31,0.0,0.0,0,1.0,1,0,2,0.0,0.0,0.0
12.842,112,17.1,0.1803,0.6155,0.0399,-1.0,0.618,0.0,0.0,0,1.0,2,0,2,0.0,0.0,0.0
12.894,113,17.1,0.3268,0.1507,0.0,-1.0,0.3096,0.0,0.0,0,1.0,1,0,2,0.0,0.0,0.0
12.947,114,17.1,0.3271,0.1509,0.0,-1.0,0.3099,0.0,0.0,0,1.0,1,0,2,0.0,0.0,0.0
12.998,115,17.1,0.3167,0.1461,0.0,-1.0,0.3,0.0,0.0,0,1.0,1,0,2,0.0,0.0,0.0
13.049,116,17.1,0.3273,0.1509,0.0,-1.0,0.3101,0.0,0.0,0,1.0,1,0,2,0.0,0.0,0.0
13.1,117,17.1,0.3279,0.7622,0.0282,-1.0,0.8239,0.0,0.0,0,1.0,15,0,2,0.0,0.0,0.0
13.159,118,17.1,0.1341,0.9786,0.0331,-1.0,0.8971,0.0,0.0,0,1.0,17,0,2,0.0,0.0,0.0
13.219,119,17.1,0.3016,0.8144,0.0,-1.0,0.853,0.0,0.0,0,1.0,14,0,2,0.0,0.0,0.0
13.276,120,17.1,0.1637,1.0,0.025,-1.0,0.9317,0.0,0.0,0,1.0,17,0,2,0.0,0.0,0.0
13.339,121,17.8,0.1862,1.0,0.0012,-1.0,0.9442,0.0,0.0,0,1.0,16,0,2,0.0,0.0,0.0
13.397,122,17.8,0.2,0.9439,0.0474,-1.0,0.9049,0.0,0.0,0,1.0,24,0,2,0.0,0.0,0.0
13.453,123,17.8,0.1397,1.0,0.0315,-1.0,0.9182,0.0,0.0,0,1.0,17,0,2,0.0,0.0,0.0
13.512,124,17.8,0.1803,1.0,0.0,-1.0,0.9409,0.0,0.0,0,1.0,16,0,2,0.0,0.0,0.0
13.572,125,17.8,0.2374,1.0,0.0,-1.0,0.9729,0.0,0.0,0,1.0,16,0,2,0.0,0.0,0.0
13.624,126,17.8,0.3776,0.784,0.0,-1.0,0.87,0.0,0.0,0,1.0,18,0,2,0.0,0.0,0.0
13.672,127,17.8,0.1838,0.9121,0.0823,-0.6868,0.8691,0.0,0.0,0,1.0,20,0,2,0.0,0.0,0.0
13.728,128,17.8,0.082,0.9844,0.4376,1.0,1.0,0.0,0.0,0,1.0,28,0,2,0.0,0.0,0.0
13.781,129,17.8,0.0415,1.0,0.4516,1.0,1.0,-0.4651,0.0,0,1.0,23,0,2,0.0233,0.0,0.0093
13.833,130,17.8,0.0428,1.0,0.4477,1.0,1.0,-0.4651,0.0,0,1.0,24,0,2,0.0233,0.0,0.0093
13.882,131,17.8,0.0453,1.0,0.4465,1.0,1.0,-0.1129,0.0,0,1.0,20,0,2,0.0056,0.0,0.0023
13.934,132,17.8,0.0449,0.7732,0.5874,1.0,0.9784,-0.2303,0.0,0,1.0,27,0,2,0.0115,0.0,0.0046
14.0,133,17.8,0.0838,1.0,0.0709,-0.1503,0.8869,0.0915,0.0,0,1.0,27,0,2,0.0046,0.0,0.0018
14.06,134,17.8,0.011,0.9426,0.4647,1.0,1.0,0.0,0.0,0,1.0,27,0,2,0.0,0.0,0.0
14.121,135,17.8,0.1737,1.0,0.0412,-1.0,0.9372,0.0,0.0,0,1.0,19,0,2,0.0,0.0,0.0
14.184,136,17.8,0.2996,0.9834,0.0301,-1.0,0.9938,-0.1129,0.0,0,1.0,11,0,2,0.0056,0.0,0.0023
14.243,137,17.8,0.1892,1.0,0.0481,-1.0,0.9459,0.0,0.0,0,1.0,11,0,2,0.0,0.0,0.0
14.302,138,17.8,0.1834,1.0,0.0438,-1.0,0.9427,0.0,0.0,0,1.0,10,0,2,0.0,0.0,0.0
14.36,139,17.8,0.2432,1.0,0.0312,-1.0,0.9762,0.0,0.0,0,1.0,7,0,2,0.0,0.0,0.0
14.421,140,17.8,0.045,0.9058,0.5732,1.0,1.0,0.0,0.0,0,1.0,14,0,2,0.0,0.0,0.0
14.479,141,17.8,0.2027,1.0,0.026,-1.0,0.9535,0.0915,0.0,0,1.0,12,0,2,0.0046,0.0,0.0018
14.547,142,17.8,0.0414,0.9114,0.5761,1.0,1.0,0.0,0.0,0,1.0,14,0,2,0.0,0.0,0.0
14.605,143,17.8,0.0971,0.9025,0.4809,1.0,1.0,0.0915,0.0,0,1.0,15,0,2,0.0046,0.0,0.0018
14.658,144,17.8,0.5084,0.851,0.2414,-0.641,0.9995,0.0915,0.0,0,1.0,15,0,2,0.0046,0.0,0.0018
14.72,145,17.8,0.1488,1.0,0.1291,-0.1279,0.9233,-0.1129,0.0,0,1.0,12,0,2,0.0056,0.0,0.0023
14.785,146,17.8,0.114,0.9114,0.4531,1.0,1.0,-0.1363,0.0,0,1.0,14,0,2,0.0068,0.0,0.0027
14.831,147,17.8,0.1022,0.9391,0.4376,1.0,1.0,0.0045,0.0,0,1.0,10,0,2,0.0002,0.0,0.0001
14.887,148,17.8,0.1823,1.0,0.0503,-1.0,0.9421,0.0045,0.0,0,1.0,9,0,2,0.0002,0.0,0.0001
14.941,149,17.8,0.2118,1.0,0.0376,-1.0,0.9586,-0.2303,0.0,0,1.0,5,0,2,0.0115,0.0,0.0046
14.992,150,17.8,0.0976,0.9295,0.4565,1.0,1.0,0.0,0.0,0,1.0,12,0,2,0.0,0.0,0.0
15.042,151,17.5,0.1974,1.0,0.0214,-1.0,0.9505,-0.1129,0.0,0,1.0,9,0,2,0.0056,0.0,0.0023
15.091,152,17.5,0.2856,1.0,0.0361,-1.0,1.0,-0.1129,0.0,0,1.0,10,0,2,0.0056,0.0,0.0023
15.146,153,17.5,0.2917,0.9924,0.0357,-1.0,0.997,0.0,0.0,0,1.0,10,0,2,0.0,0.0,0.0
15.205,154,17.5,0.0719,0.9104,0.5124,1.0,1.0,0.0,0.0,0,1.0,14,1,2,0.0,0.0,0.0
15.26,155,17.5,0.1901,1.0,0.0172,-1.0,0.9464,-0.0835,0.0,0,1.0,6,1,2,0.0042,0.0,0.0017
15.322,156,17.5,0.1128,1.0,0.1122,-0.0054,0.9032,0.0,0.0,0,1.0,10,1,2,0.0,0.0,0.0
15.378,157,17.5,0.0732,0.6631,0.6475,1.0,0.9196,0.0,0.0,0,1.0,9,1,2,0.0,0.0,0.0
15.435,158,17.5,0.0601,0.7495,0.5801,1.0,0.9544,0.0045,0.0,0,1.0,8,1,2,0.0002,0.0,0.0001
15.496,159,17.5,0.0755,0.9767,0.0115,-1.0,0.8627,0.0045,0.0,0,1.0,2,1,2,0.0002,0.0,0.0001
15.555,160,17.5,0.2113,1.0,0.0513,-1.0,0.9583,0.0915,0.0,0,1.0,8,1,2,0.0046,0.0,0.0018
15.608,161,17.5,0.0755,0.9645,0.0222,-0.9829,0.8525,0.0,0.0,0,1.0,2,1,2,0.0,0.0,0.0
15.656,162,17.5,0.1935,1.0,0.0155,-1.0,0.9483,0.0,0.0,0,1.0,7,1,2,0.0,0.0,0.0
15.706,163,17.5,0.33,0.8946,0.0196,-1.0,0.9362,0.0,0.0,0,1.0,9,1,2,0.0,0.0,0.0
15.762,164,17.5,0.0798,0.7311,0.644,1.0,0.9748,0.0,0.0,0,1.0,8,1,2,0.0,0.0,0.0
15.82,165,17.5,0.1021,0.9446,0.4296,1.0,1.0,0.0,0.0,0,1.0,6,1,2,0.0,0.0,0.0
15.882,166,17.5,0.112,0.938,0.4351,1.0,1.0,-0.7,0.0,0,1.0,8,1,2,0.035,0.0,0.014
15.94,167,17.5,0.0568,0.9261,0.5017,1.0,1.0,-0.2303,0.0,0,1.0,9,1,2,0.0115,0.0,0.0046
15.991,168,17.5,0.1134,0.9286,0.4391,1.0,1.0,-0.1967,0.0,0,1.0,7,1,2,0.0098,0.0,0.0039
16.043,169,17.5,0.4939,0.4667,0.0,-1.0,0.6686,-0.1967,0.0,0,1.0,6,1,2,0.0098,0.0,0.0039
16.106,170,17.5,0.2023,1.0,0.0269,-1.0,0.9533,-0.2303,0.0,0,1.0,7,1,2,0.0115,0.0,0.0046
16.162,171,17.5,0.1875,1.0,0.0487,-1.0,0.945,0.0,0.0,0,1.0,6,1,2,0.0,0.0,0.0
16.225,172,17.5,0.4108,0.4099,0.0106,-1.0,0.5744,0.0,0.0,0,1.0,3,1,2,0.0,0.0,0.0
16.28,173,17.5,0.1647,1.0,0.0319,-1.0,0.9322,-0.7,0.0,0,1.0,6,1,2,0.035,0.0,0.014
16.336,174,17.5,0.1716,1.0,0.0542,-0.9364,0.9361,0.0,0.0,0,1.0,6,1,2,0.0,0.0,0.0
16.393,175,17.5,0.1747,1.0,0.0453,-1.0,0.9378,0.0,0.0,0,1.0,8,1,2,0.0,0.0,0.0
16.453,176,17.5,0.078,1.0,0.3288,1.0,1.0,0.0,0.0,0,1.0,8,1,2,0.0,0.0,0.0
16.519,177,17.5,0.0238,1.0,0.2369,1.0,0.9726,0.0,0.0,0,1.0,8,1,2,0.0,0.0,0.0
16.581,178,17.5,0.0567,0.9576,0.4849,1.0,1.0,0.0,0.0,0,1.0,8,1,2,0.0,0.0,0.0
16.633,179,17.5,0.1005,0.6126,0.7122,1.0,0.9134,0.0,0.0,0,1.0,8,1,2,0.0,0.0,0.0
16.681,180,17.5,0.1139,0.5906,0.6841,1.0,0.8792,-0.158,0.0,0,1.0,8,1,2,0.0079,0.0,0.0032
16.743,181,17.8,0.2513,0.7842,0.0317,-1.0,0.7994,-0.158,0.0,0,1.0,7,1,2,0.0079,0.0,0.0032
16.802,182,17.8,0.2702,0.9135,0.0052,-1.0,0.9186,-0.1967,0.0,0,1.0,7,1,2,0.0098,0.0,0.0039
16.867,183,17.8,0.1461,1.0,0.0,-1.0,0.9218,0.0,0.0,0,1.0,7,1,2,0.0,0.0,0.0
16.923,184,17.8,0.1912,1.0,0.0302,-1.0,0.9471,0.0,0.0,0,1.0,8,1,2,0.0,0.0,0.0
16.974,185,17.8,0.2883,0.9689,0.0699,-1.0,0.9753,0.0,0.0,0,1.0,9,1,2,0.0,0.0,0.0
17.025,186,17.8,0.1588,1.0,0.2479,0.3941,0.9788,0.0,0.0,0,1.0,12,1,2,0.0,0.0,0.0
17.089,187,17.8,0.3417,1.0,0.0,-1.0,1.0,0.0,0.0,0,1.0,5,1,2,0.0,0.0,0.0
17.147,188,17.8,0.285,1.0,0.0,-1.0,0.9996,0.0,0.0,0,1.0,10,1,2,0.0,0.0,0.0
17.202,189,17.8,0.2935,1.0,0.0,-1.0,1.0,0.0,0.0,0,1.0,12,1,2,0.0,0.0,0.0
17.26,190,17.8,0.2109,1.0,0.2355,0.0992,0.9719,0.0,0.0,0,1.0,13,1,2,0.0,0.0,0.0
17.32,191,17.8,0.3218,1.0,0.0,-1.0,1.0,0.0,0.0,0,1.0,10,1,2,0.0,0.0,0.0
17.378,192,17.8,0.2517,1.0,0.0083,-1.0,0.9809,0.0,0.0,0,1.0,13,1,2,0.0,0.0,0.0
17.436,193,17.8,0.2613,1.0,0.0132,-1.0,0.9863,0.0,0.0,0,1.0,9,1,2,0.0,0.0,0.0
17.496,194,17.8,0.4468,0.5834,0.0054,-1.0,0.7402,0.0,0.0,0,1.0,7,1,2,0.0,0.0,0.0
17.559,195,17.8,0.1602,0.8083,0.4303,0.8232,0.92,0.0,0.0,0,1.0,8,1,2,0.0,0.0,0.0
17.621,196,17.8,0.3433,0.432,0.1947,-0.4973,0.5551,-0.152,0.0,0,1.0,6,1,2,0.0076,0.0,0.003
17.68,197,17.8,0.0,0.6255,0.2405,1.0,0.6601,0.0,0.0,0,1.0,4,1,2,0.0,0.0,0.0
17.733,198,17.8,0.2146,0.9187,0.227,0.0505,0.8988,0.0,0.0,0,1.0,6,1,2,0.0,0.0,0.0
17.795,199,17.8,0.0753,1.0,0.1681,0.6863,0.9341,0.0,0.0,0,1.0,5,1,2,0.0,0.0,0.0
17.849,200,17.8,0.3016,0.9779,0.1088,-0.8457,0.9903,0.0,0.0,0,1.0,8,1,2,0.0,0.0,0.0
17.902,201,17.8,0.0752,0.9712,0.1673,0.6831,0.9095,0.0,0.0,0,1.0,5,1,2,0.0,0.0,0.0
17.964,202,17.8,0.2599,0.834,0.037,-1.0,0.8461,0.0,0.0,0,1.0,3,1,2,0.0,0.0,0.0
18.015,203,17.8,0.2614,1.0,0.0516,-1.0,0.9864,0.0,0.0,0,1.0,9,1,2,0.0,0.0,0.0
18.065,204,17.8,0.3103,1.0,0.0096,-1.0,1.0,0.0,0.0,0,1.0,6,1,2,0.0,0.0,0.0
18.117,205,17.8,0.3186,1.0,0.0828,-1.0,1.0,0.0,0.0,0,1.0,9,1,2,0.0,0.0,0.0
18.178,206,17.8,0.0751,0.787,0.248,0.9629,0.7999,0.0,0.0,0,1.0,3,1,2,0.0,0.0,0.0
18.237,207,17.8,0.1767,0.965,0.2109,0.1588,0.9287,0.0,0.0,0,1.0,6,1,2,0.0,0.0,0.0
18.292,208,17.8,0.0754,0.951,0.3112,1.0,0.9731,0.0,0.0,0,1.0,5,1,2,0.0,0.0,0.0
18.348,209,17.8,0.2597,0.8373,0.1516,-0.473,0.8488,0.0,0.0,0,1.0,5,1,2,0.0,0.0,0.0
18.4,210,17.8,0.274,0.9153,0.0808,-0.9798,0.9223,0.0,0.0,0,1.0,5,1,2,0.0,0.0,0.0
18.453,211,17.4,0.2598,0.8359,0.1552,-0.4537,0.8476,0.0,0.0,0,1.0,5,1,2,0.0,0.0,0.0
18.513,212,17.4,0.3273,1.0,0.0347,-1.0,1.0,0.0,0.0,0,1.0,6,1,2,0.0,0.0,0.0
18.571,213,17.4,0.2993,0.909,0.0665,-1.0,0.9312,0.0,0.0,0,1.0,7,1,2,0.0,0.0,0.0
18.627,214,17.4,0.1691,0.7585,0.5031,0.8944,0.9188,0.0,0.0,0,1.0,7,1,2,0.0,0.0,0.0
18.682,215,17.4,0.418,0.782,0.0578,-1.0,0.891,-0.1967,0.0,0,1.0,6,1,2,0.0098,0.0,0.0039
18.732,216,17.4,0.2995,0.8395,0.1042,-0.871,0.8729,-0.1967,0.0,0,1.0,6,1,2,0.0098,0.0,0.0039
18.785,217,17.4,0.1426,0.7581,0.5296,1.0,0.9334,-0.7,0.0,0,1.0,9,1,2,0.035,0.0,0.014
18.842,218,17.4,0.4105,0.3879,0.4744,0.13,0.5915,0.0045,0.0,0,1.0,8,1,2,0.0002,0.0,0.0001
18.888,219,17.4,0.4036,0.3699,0.5136,0.2159,0.5983,-0.2491,0.0,0,1.0,7,1,2,0.0125,0.0,0.005
18.948,220,17.4,0.2908,0.7051,0.1948,-0.356,0.7551,-0.2491,0.0,0,1.0,4,1,2,0.0125,0.0,0.005
19.004,221,17.4,0.5828,0.7408,0.2539,-0.7076,0.9486,-0.2393,0.0,0,1.0,9,1,2,0.012,0.0,0.0048
19.061,222,17.4,0.2503,0.7253,0.4632,0.5371,0.8687,-0.2156,0.0,0,1.0,6,1,2,0.0108,0.0,0.0043
19.132,223,17.4,0.1452,0.84,0.4621,0.9394,0.9644,-0.2156,0.0,0,1.0,8,1,2,0.0108,0.0,0.0043
19.206,224,17.4,0.1667,0.8187,0.4596,0.8419,0.9451,-0.152,0.0,0,1.0,5,1,2,0.0076,0.0,0.003
19.258,225,17.4,0.2904,0.6949,0.4597,0.4064,0.8411,-0.1967,0.0,0,1.0,7,1,2,0.0098,0.0,0.0039
19.311,226,17.4,0.5858,0.7059,0.0,-1.0,0.921,-0.2393,0.0,0,1.0,8,1,2,0.012,0.0,0.0048
19.371,227,17.4,0.7408,0.7574,0.0,-1.0,1.0,-0.2393,0.0,0,1.0,9,1,2,0.012,0.0,0.0048
19.431,228,17.4,0.5764,0.7157,0.0,-1.0,0.9239,0.0915,0.0,0,1.0,9,1,2,0.0046,0.0,0.0018
19.483,229,17.4,0.5383,0.748,0.0,-1.0,0.9297,0.0915,0.0,0,1.0,7,1,2,0.0046,0.0,0.0018
19.541,230,17.4,0.1968,0.721,0.3992,0.6113,0.8292,0.0915,0.0,0,1.0,11,1,2,0.0046,0.0,0.0018
19.606,231,17.4,0.218,1.0,0.0169,-1.0,0.9621,0.0915,0.0,0,1.0,15,1,2,0.0046,0.0,0.0018
19.667,232,17.4,0.3994,0.9568,0.0,-1.0,1.0,0.0045,0.0,0,1.0,18,1,2,0.0002,0.0,0.0001
19.716,233,17.4,0.6351,0.7008,0.0,-1.0,0.9443,0.0,0.0,0,1.0,19,1,2,0.0,0.0,0.0
19.77,234,17.4,0.6618,0.8581,0.0,-1.0,1.0,-0.0737,0.0,0,1.0,17,1,2,0.0037,0.0,0.0015
19.823,235,17.4,0.6314,0.796,0.0,-1.0,1.0,-0.0737,0.0,0,1.0,16,1,2,0.0037,0.0,0.0015
19.875,236,17.4,0.8451,0.2871,0.0,-1.0,0.7145,-0.0737,0.0,0,1.0,14,1,2,0.0037,0.0,0.0015
19.923,237,17.4,0.5253,0.8834,0.0,-1.0,1.0,-0.1876,0.0,0,1.0,22,1,2,0.0094,0.0,0.0038
19.976,238,17.4,0.4685,0.8128,0.0,-1.0,0.9452,-0.1876,0.0,0,1.0,17,1,2,0.0094,0.0,0.0038
20.033,239,17.4,0.3709,0.8376,0.0,-1.0,0.9113,0.0915,0.0,0,1.0,18,1,2,0.0046,0.0,0.0018
20.083,240,17.4,0.3843,0.9054,0.0,-1.0,0.9758,-0.7,0.0,0,1.0,17,1,2,0.035,0.0,0.014
20.145,241,17.8,0.3877,0.7887,0.0,-1.0,0.8797,-0.4651,0.0,0,1.0,17,1,2,0.0233,0.0,0.0093
20.206,242,17.8,0.3243,0.849,0.0,-1.0,0.8947,-0.7,0.0,0,1.0,15,1,2,0.035,0.0,0.014
20.261,243,17.8,0.4936,0.6658,0.0,-1.0,0.8357,-0.7,0.0,0,1.0,14,1,2,0.035,0.0,0.014
20.321,244,17.8,0.4729,0.6917,0.0,-1.0,0.8459,0.0,0.0,0,1.0,16,2,2,0.0,0.0,0.0
20.381,245,17.8,0.1865,0.7785,0.3346,0.5114,0.8413,-0.1129,0.0,1,1.0,15,2,2,0.0056,1.0,0.0023
20.436,246,17.8,0.1126,0.8876,0.4082,1.0,0.9742,0.0,0.0,1,1.0,15,2,2,0.0,0.8,0.0
20.497,247,17.8,0.1373,0.8177,0.4593,0.9714,0.9441,-0.7,0.0,1,1.0,20,2,2,0.035,0.8,0.014
20.559,248,17.8,0.148,0.7507,0.4797,0.9512,0.8992,0.0045,0.0,1,1.0,19,2,2,0.0002,0.8,0.0001
20.623,249,17.8,0.3507,0.8384,0.0178,-1.0,0.9006,0.0045,0.0,1,1.0,11,2,2,0.0002,0.8,0.0001
20.675,250,17.8,0.4502,0.7661,0.0,-1.0,0.8956,-0.0961,0.0,1,1.0,6,2,2,0.0048,0.8,0.0019
20.722,251,17.8,0.4231,0.768,0.0138,-1.0,0.8821,-0.1129,0.0,1,1.0,5,2,2,0.0056,0.8,0.0023
20.774,252,17.8,0.2268,0.7192,0.1624,-0.2978,0.7312,-0.1129,0.0,1,1.0,13,2,2,0.0056,0.8,0.0023
20.834,253,17.8,0.2588,0.9232,0.0078,-1.0,0.9204,-0.7,0.0,1,1.0,16,2,2,0.035,0.8,0.014
20.892,254,17.8,0.3922,0.7787,0.0116,-1.0,0.8737,0.0,0.0,0,1.0,18,2,2,0.0,0.8,0.0
20.956,255,17.8,0.3548,0.7005,0.0177,-1.0,0.7872,-0.7,0.0,0,1.0,22,2,2,0.035,0.0,0.014
21.282,256,17.8,0.3279,0.1512,0.0,-1.0,0.3107,-0.7,0.0,0,1.0,1,2,2,0.035,0.0,0.014
21.331,257,17.8,0.33,0.1522,0.0,-1.0,0.3127,-0.7,0.0,0,1.0,1,2,2,0.035,0.0,0.014
21.381,258,17.8,0.3272,0.1509,0.0,-1.0,0.31,0.0,0.0,0,1.0,1,2,2,0.0,0.0,0.0
21.431,259,17.8,0.4842,0.516,0.0,-1.0,0.7046,0.0,0.0,0,1.0,2,2,2,0.0,0.0,0.0
21.485,260,17.8,0.4541,0.6803,0.0,-1.0,0.8258,0.0,0.0,0,1.0,20,2,2,0.0,0.0,0.0
21.544,261,17.8,0.415,0.6962,0.0403,-1.0,0.8172,-0.1129,0.0,0,1.0,19,2,2,0.0056,0.0,0.0023
21.603,262,17.8,0.4077,0.7516,0.0,-1.0,0.8597,-0.7,0.0,0,1.0,15,2,2,0.035,0.0,0.014
21.67,263,17.8,0.2062,0.8752,0.0374,-1.0,0.8506,-0.7,0.0,0,1.0,21,2,2,0.035,0.0,0.014
21.727,264,17.8,0.7085,0.6944,0.0139,-1.0,0.9801,0.0,0.0,0,1.0,22,2,2,0.0,0.0,0.0
21.783,265,17.8,0.7352,0.6394,0.0275,-1.0,0.9488,-0.0737,0.0,0,1.0,30,2,2,0.0037,0.0,0.0015
21.834,266,17.8,0.7363,0.5623,0.0998,-1.0,0.8847,-0.0737,0.0,0,1.0,24,2,2,0.0037,0.0,0.0015
21.89,267,17.8,0.8667,0.3506,0.119,-1.0,0.7798,-0.2122,0.0,0,1.0,19,2,2,0.0106,0.0,0.0042
21.945,268,17.8,0.1846,0.5024,0.3565,0.5721,0.6217,-0.2825,0.0,0,1.0,24,2,2,0.0141,0.0,0.0056
22.0,269,17.8,0.7011,0.4413,0.2065,-0.9809,0.7633,0.0045,0.0,0,1.0,28,2,2,0.0002,0.0,0.0001
22.056,270,17.8,0.0,0.1437,0.8078,1.0,0.5731,0.0045,0.0,0,1.0,7,2,2,0.0002,0.0,0.0001
22.11,271,15.2,0.3241,0.3165,0.3271,0.0084,0.4491,-0.2405,0.0,0,1.0,6,2,2,0.012,0.0,0.0048
22.164,272,15.2,0.1846,0.4028,0.4796,0.7996,0.6069,0.0,0.0,0,1.0,25,2,2,0.0,0.0,0.0
22.219,273,15.2,0.3673,0.5122,0.1141,-0.9469,0.636,0.0,0.0,0,1.0,6,2,2,0.0,0.0,0.0
22.284,274,15.2,0.0981,0.6624,0.4048,1.0,0.7831,-0.0961,0.0,0,1.0,23,2,2,0.0048,0.0,0.0019
22.344,275,15.2,0.1015,0.6472,0.4631,1.0,0.803,-0.7,0.0,0,1.0,25,2,2,0.035,0.0,0.014
22.403,276,15.2,0.1005,0.6321,0.4386,1.0,0.7766,-0.1129,0.0,0,1.0,32,2,2,0.0056,0.0,0.0023
22.464,277,15.2,0.0322,0.739,0.403,1.0,0.8465,-0.2303,0.0,0,1.0,30,2,2,0.0115,0.0,0.0046
22.523,278,15.2,0.0987,0.6042,0.3915,1.0,0.7268,-0.7,0.0,0,1.0,37,2,2,0.035,0.0,0.014
22.579,279,15.2,0.1862,0.4217,0.483,0.7984,0.6247,0.0,0.0,0,1.0,44,2,2,0.0,0.0,0.0
22.642,280,15.2,0.2932,0.725,0.0939,-0.9268,0.7732,0.0,0.0,0,1.0,40,2,2,0.0,0.0,0.0
22.703,281,15.2,0.1194,0.7897,0.468,1.0,0.9255,-0.0961,0.0,0,1.0,33,2,2,0.0048,0.0,0.0019
22.765,282,15.2,0.2239,0.7664,0.1674,-0.2603,0.7692,0.0045,0.0,0,1.0,24,2,2,0.0002,0.0,0.0001
22.817,283,15.2,0.1986,0.8725,0.1142,-0.4857,0.8441,0.0,0.0,0,1.0,19,2,2,0.0,0.0,0.0
22.874,284,15.2,0.2538,0.8447,0.0371,-1.0,0.8517,0.0,0.0,0,1.0,19,2,2,0.0,0.0,0.0
22.931,285,15.2,0.2711,0.7252,0.1571,-0.479,0.761,0.0,0.0,0,1.0,12,2,2,0.0,0.0,0.0
22.985,286,15.2,0.1628,0.7486,0.1667,0.0215,0.7222,0.0,0.0,0,1.0,12,2,2,0.0,0.0,0.0
23.049,287,15.2,0.3068,0.771,0.0455,-1.0,0.8195,0.0,0.0,0,1.0,9,2,2,0.0,0.0,0.0
23.113,288,15.2,0.234,0.787,0.1042,-0.6911,0.7921,0.0,0.0,0,1.0,7,2,2,0.0,0.0,0.0
23.17,289,15.2,0.3168,0.9852,0.0481,-1.0,1.0,0.0,0.0,0,1.0,8,2,2,0.0,0.0,0.0
23.235,290,15.2,0.4283,1.0,0.0,-1.0,1.0,0.0,0.0,0,1.0,11,2,2,0.0,0.0,0.0
23.3,291,15.2,0.2112,1.0,0.2562,0.1736,0.9835,-0.7,0.0,0,1.0,15,2,2,0.035,0.0,0.014
23.368,292,15.2,0.3282,1.0,0.1417,-0.7146,1.0,-0.7,0.0,0,1.0,12,2,2,0.035,0.0,0.014
23.434,293,15.2,0.2703,1.0,0.2602,-0.0341,0.9913,0.0,0.0,0,1.0,8,2,2,0.0,0.0,0.0
23.501,294,15.2,0.2702,1.0,0.0147,-1.0,0.9913,0.0,0.0,0,1.0,6,2,2,0.0,0.0,0.0
23.563,295,15.2,0.1923,0.9514,0.0928,-0.6277,0.9069,0.0,0.0,0,1.0,4,2,2,0.0,0.0,0.0
23.626,296,15.2,0.2385,1.0,0.1556,-0.3785,0.9736,0.0,0.0,0,1.0,7,2,2,0.0,0.0,0.0
23.689,297,15.2,0.1447,1.0,0.1272,-0.1156,0.921,0.0,0.0,0,1.0,6,2,2,0.0,0.0,0.0
23.741,298,15.2,0.0767,0.468,0.4803,1.0,0.6621,0.0,0.0,0,1.0,5,2,2,0.0,0.0,0.0
23.791,299,15.2,0.115,1.0,0.1521,0.2499,0.9252,-0.1129,0.0,0,1.0,7,2,2,0.0056,0.0,0.0023
23.844,300,15.2,0.1035,1.0,0.0703,-0.3439,0.8979,0.0,0.0,0,1.0,4,2,2,0.0,0.0,0.0
24.197,301,16.8,0.0282,1.0,0.1308,1.0,0.9133,0.0,0.0,0,1.0,3,2,2,0.0,0.0,0.0
24.255,302,16.8,0.2277,0.9075,0.1376,-0.4438,0.8898,0.0,0.0,0,1.0,3,2,2,0.0,0.0,0.0
24.309,303,16.8,0.3276,0.6703,0.0,-1.0,0.7465,0.0,0.0,0,1.0,3,2,2,0.0,0.0,0.0
24.356,304,16.8,0.3329,1.0,0.0,-1.0,1.0,0.0,0.0,0,1.6,4,0,3,0.0,0.0,0.0
24.413,305,16.8,0.4264,0.8486,0.0,-1.0,1.0,0.0,0.0,0,1.56,4,0,3,0.0,0.0,0.0
24.466,306,16.8,0.6057,0.3647,0.0,-1.0,0.9813,0.0,0.0,0,1.52,5,0,3,0.0,0.0,0.0
24.524,307,16.8,0.3687,0.7286,0.0,-1.0,1.0,0.0045,0.0,0,1.48,3,0,3,0.0002,0.0,0.0001
24.576,308,16.8,0.2476,0.6964,0.0901,-0.8395,1.0,-0.7,0.0,0,1.44,6,0,3,0.035,0.0,0.014
24.638,309,16.8,0.4054,0.7093,0.0106,-1.0,1.0,0.0,0.0,0,1.4,5,0,3,0.0,0.0,0.0
24.691,310,16.8,0.511,0.5603,0.0183,-1.0,1.0,0.0,0.0,0,1.36,8,0,3,0.0,0.0,0.0
24.747,311,16.8,0.4797,0.4785,0.0,-1.0,0.8852,-0.7,0.0,0,1.32,4,0,3,0.035,0.0,0.014
24.807,312,16.8,0.4453,0.4434,0.0,-1.0,0.796,-0.1129,0.0,0,1.28,3,0,3,0.0056,0.0,0.0023
24.856,313,16.8,0.5307,0.3764,0.0,-1.0,0.7606,-0.1129,0.0,0,1.24,3,0,3,0.0056,0.0,0.0023
24.908,314,16.8,0.5261,0.7327,0.0,-1.0,1.0,-0.1129,0.0,0,1.2,3,0,3,0.0056,0.0,0.0023
24.956,315,16.8,0.5868,0.7957,0.0316,-1.0,1.0,0.0915,0.0,0,1.16,5,0,3,0.0046,0.0,0.0018
25.011,316,16.8,0.1885,0.8576,0.0826,-0.7031,0.925,0.0915,0.0,0,1.12,7,0,3,0.0046,0.0,0.0018
25.071,317,16.8,0.1048,0.8988,0.1086,0.0328,0.8811,0.0,0.0,0,1.08,6,0,3,0.0,0.0,0.0
25.127,318,16.8,0.3262,0.9095,0.0,-1.0,0.9846,0.0,0.0,0,1.04,6,0,3,0.0,0.0,0.0
25.188,319,16.8,0.3425,0.8663,0.0,-1.0,0.9195,0.0,0.0,0,1.0,7,0,3,0.0,0.0,0.0
25.243,320,16.8,0.4632,0.5362,0.0,-1.0,0.7098,0.0,0.0,0,1.0,6,0,3,0.0,0.0,0.0
25.308,321,16.8,0.388,0.6347,0.0,-1.0,0.7505,0.0,0.0,0,1.0,8,0,3,0.0,0.0,0.0
25.376,322,16.8,0.2393,0.7925,0.0548,-1.0,0.7997,-0.1129,0.0,0,1.0,8,0,3,0.0056,0.0,0.0023
25.442,323,16.8,0.1865,0.9048,0.0343,-1.0,0.8644,0.0,0.0,0,1.0,6,0,3,0.0,0.0,0.0
25.511,324,16.8,0.2691,0.8105,0.0,-1.0,0.8315,0.0,0.0,0,1.0,8,0,3,0.0,0.0,0.0
25.573,325,16.8,0.1602,1.0,0.0,-1.0,0.9297,0.0,0.0,0,1.0,10,0,3,0.0,0.0,0.0
25.628,326,16.8,0.4689,0.4795,0.0,-1.0,0.6654,0.0,0.0,0,1.0,5,0,3,0.0,0.0,0.0
25.687,327,16.8,0.047,1.0,0.0553,0.1452,0.871,-0.1129,0.0,0,1.0,10,0,3,0.0056,0.0,0.0023
25.744,328,16.8,0.0385,1.0,0.0244,-0.404,0.8615,0.0,0.0,0,1.0,11,0,3,0.0,0.0,0.0
25.803,329,16.8,0.0072,1.0,0.039,1.0,0.8618,0.0,0.0,0,1.0,15,0,3,0.0,0.0,0.0
25.861,330,16.8,0.0196,1.0,0.0321,0.4359,0.858,0.0,0.0,0,1.0,16,0,3,0.0,0.0,0.0
25.923,331,14.9,0.134,0.9241,0.0369,-1.0,0.8513,0.0,0.0,0,1.0,7,0,3,0.0,0.0,0.0
25.984,332,14.9,0.4491,0.471,0.0,-1.0,0.6471,0.0,0.0,0,1.0,4,0,3,0.0,0.0,0.0
26.042,333,14.9,0.2375,0.7587,0.044,-1.0,0.7703,0.0,0.0,0,1.0,7,0,3,0.0,0.0,0.0
26.088,334,14.9,0.4634,0.5038,0.0,-1.0,0.6827,-0.1129,0.0,0,1.0,6,0,3,0.0056,0.0,0.0023
26.142,335,14.9,0.4435,0.5168,0.0,-1.0,0.6824,-0.1129,0.0,0,1.0,6,0,3,0.0056,0.0,0.0023
26.203,336,14.9,0.4009,0.5681,0.0,-1.0,0.7017,-0.1129,0.0,0,1.0,7,0,3,0.0056,0.0,0.0023
26.258,337,14.9,0.3686,0.6737,0.0,-1.0,0.7723,-0.1129,0.0,0,1.0,6,0,3,0.0056,0.0,0.0023
26.307,338,14.9,0.2621,0.7069,0.0089,-1.0,0.7406,-0.7,0.0,0,1.0,12,0,3,0.035,0.0,0.014
26.357,339,14.9,0.2989,0.7684,0.0,-1.0,0.8128,0.0,0.0,0,1.0,8,0,3,0.0,0.0,0.0
26.412,340,14.9,0.2464,0.6032,0.1705,-0.3276,0.6447,0.0,0.0,0,1.0,8,0,3,0.0,0.0,0.0
26.478,341,14.9,0.2033,0.5791,0.2508,0.1881,0.6269,0.0,0.0,0,1.0,12,0,3,0.0,0.0,0.0
26.54,342,14.9,0.1864,0.8411,0.0197,-1.0,0.8109,0.0045,0.0,0,1.0,16,0,3,0.0002,0.0,0.0001
26.596,343,14.9,0.128,0.6468,0.1975,0.3846,0.654,0.0,0.0,0,1.0,12,0,3,0.0,0.0,0.0
26.664,344,14.9,0.1757,0.7969,0.0625,-0.8554,0.7678,0.0,0.0,0,1.0,19,0,3,0.0,0.0,0.0
26.719,345,14.9,0.1838,0.7921,0.0037,-1.0,0.7683,0.0,0.0,0,1.0,18,0,3,0.0,0.0,0.0
26.775,346,14.9,0.2176,0.8157,0.0054,-1.0,0.8071,0.0,0.0,0,1.0,17,0,3,0.0,0.0,0.0
26.835,347,14.9,0.2175,0.8325,0.0,-1.0,0.8211,0.0,0.0,0,1.0,16,0,3,0.0,0.0,0.0
26.895,348,14.9,0.3749,0.6176,0.0,-1.0,0.7287,0.0,0.0,0,1.0,12,0,3,0.0,0.0,0.0
26.95,349,14.9,0.1202,0.9135,0.0461,-0.8019,0.8347,0.0,0.0,0,1.0,21,0,3,0.0,0.0,0.0
27.005,350,14.9,0.0908,0.8003,0.4721,1.0,0.9366,0.0,0.0,0,1.0,14,0,3,0.0,0.0,0.0
27.061,351,14.9,0.2408,0.7221,0.0788,-0.9123,0.7414,-0.1129,0.0,0,1.0,24,0,3,0.0056,0.0,0.0023
27.122,352,14.9,0.1034,0.7632,0.162,0.3978,0.7318,0.0,0.0,0,1.0,17,0,3,0.0,0.0,0.0
27.179,353,14.9,0.0564,0.9715,0.0527,-0.0609,0.8477,0.0,0.0,0,1.0,23,0,3,0.0,0.0,0.0
27.237,354,14.9,0.2676,0.8635,0.0,-1.0,0.8752,0.0,0.0,0,1.0,21,0,3,0.0,0.0,0.0
27.293,355,14.9,0.3308,0.8088,0.0,-1.0,0.8647,0.0,0.0,0,1.0,22,0,3,0.0,0.0,0.0
27.349,356,14.9,0.3912,0.7679,0.0,-1.0,0.8641,0.0,0.0,0,1.0,18,0,3,0.0,0.0,0.0
27.406,357,14.9,0.2365,0.5403,0.4265,0.516,0.6927,-0.7,0.0,0,1.0,18,0,3,0.035,0.0,0.014
27.464,358,14.9,0.3536,0.7797,0.0374,-1.0,0.8529,-0.3477,0.0,0,1.0,15,0,3,0.0174,0.0,0.007
27.529,359,14.9,0.0153,0.5939,0.3752,1.0,0.709,-0.7,0.0,0,1.0,9,0,3,0.035,0.0,0.014
27.589,360,14.9,0.0,0.6057,0.3732,1.0,0.7178,0.0,0.0,0,1.0,7,0,3,0.0,0.0,0.0
27.646,361,17.4,0.0199,0.7917,0.2299,1.0,0.7938,0.0,0.0,0,1.0,7,0,3,0.0,0.0,0.0
27.704,362,17.4,0.0,0.5309,0.4633,1.0,0.7054,0.0,0.0,0,1.0,7,0,3,0.0,0.0,0.0
27.762,363,17.4,0.0026,0.6309,0.3419,1.0,0.7214,-0.1129,0.0,0,1.0,8,0,3,0.0056,0.0,0.0023
27.82,364,17.4,0.0,0.6193,0.3637,1.0,0.7239,0.0,0.0,0,1.0,10,0,3,0.0,0.0,0.0
27.876,365,17.4,0.0,0.8397,0.24,1.0,0.8397,-0.7,0.0,0,1.0,11,0,3,0.035,0.0,0.014
27.935,366,17.4,0.0114,0.6649,0.2724,1.0,0.711,0.0,0.0,0,1.0,7,0,3,0.0,0.0,0.0
27.991,367,17.4,0.0679,0.7108,0.1747,0.7921,0.6949,0.0,0.0,0,1.0,10,0,3,0.0,0.0,0.0
28.039,368,17.4,0.1593,0.5622,0.2786,0.4905,0.6282,0.0,0.0,0,1.0,8,0,3,0.0,0.0,0.0
28.093,369,17.4,0.4007,0.4224,0.1628,-0.7598,0.5792,-0.4651,0.0,0,1.0,9,0,3,0.0233,0.0,0.0093
28.153,370,17.4,0.2797,0.6467,0.1568,-0.5071,0.6999,-0.1363,0.0,0,1.0,6,0,3,0.0068,0.0,0.0027
28.218,371,17.4,0.2484,0.6567,0.3306,0.2554,0.7368,-0.1363,0.0,0,1.0,12,0,3,0.0068,0.0,0.0027
28.276,372,17.4,0.3693,0.6132,0.2097,-0.4963,0.7219,0.0045,0.0,0,1.0,13,0,3,0.0002,0.0,0.0001
28.335,373,17.4,0.1859,0.6603,0.1637,-0.114,0.6587,0.0045,0.0,0,1.0,10,0,3,0.0002,0.0,0.0001
28.393,374,17.4,0.2448,0.7787,0.2302,-0.055,0.7912,0.0,0.0,0,1.0,16,0,3,0.0,0.0,0.0
28.455,375,17.4,0.0915,0.3867,0.4938,1.0,0.6014,0.0,0.0,0,1.0,12,0,3,0.0,0.0,0.0
28.518,376,17.4,0.217,0.5218,0.2307,0.0552,0.5675,0.0045,0.0,0,1.0,13,0,3,0.0002,0.0,0.0001
28.588,377,17.4,0.3338,0.6031,0.0621,-1.0,0.6935,0.0,0.0,0,1.0,10,0,3,0.0,0.0,0.0
28.648,378,17.4,0.1828,0.8112,0.0456,-1.0,0.7838,0.0,0.0,0,1.0,13,0,3,0.0,0.0,0.0
28.699,379,17.4,0.1667,0.8031,0.0644,-0.7971,0.7679,0.0,0.0,0,1.0,15,0,3,0.0,0.0,0.0
28.749,380,17.4,0.118,0.7676,0.1299,0.0863,0.7176,0.0,0.0,0,1.0,14,0,3,0.0,0.0,0.0
28.803,381,17.4,0.1833,0.5741,0.2402,0.2418,0.6167,0.0,0.0,0,1.0,11,0,3,0.0,0.0,0.0
28.861,382,17.4,0.0906,0.7598,0.1688,0.5423,0.7328,-0.7,0.0,0,1.0,15,0,3,0.035,0.0,0.014
28.918,383,17.4,0.0945,0.7379,0.2254,0.7365,0.7461,-0.7,0.0,0,1.0,13,0,3,0.035,0.0,0.014
28.976,384,17.4,0.0878,0.8049,0.1502,0.4725,0.7603,0.0,0.0,0,1.0,16,0,3,0.0,0.0,0.0
29.027,385,17.4,0.1821,0.5926,0.2268,0.1966,0.6248,0.0,0.0,0,1.0,15,0,3,0.0,0.0,0.0
29.086,386,17.4,0.0132,0.7147,0.5902,1.0,0.9308,0.0,0.0,0,1.0,16,0,3,0.0,0.0,0.0
29.146,387,17.4,0.2391,0.7002,0.0773,-0.9204,0.722,0.0915,0.0,0,1.0,18,0,3,0.0046,0.0,0.0018
29.204,388,17.4,0.0,0.5165,0.6352,1.0,0.7896,0.0,0.0,0,1.0,15,0,3,0.0,0.0,0.0
29.259,389,17.4,0.0307,0.7855,0.1798,1.0,0.7605,0.0,0.0,0,1.0,14,0,3,0.0,0.0,0.0
29.308,390,17.4,0.0182,1.0,0.2382,1.0,0.9734,0.0045,0.0,0,1.0,17,0,3,0.0002,0.0,0.0001
29.372,391,17.5,0.3827,0.5474,0.0905,-1.0,0.6741,0.0,0.0,0,1.0,17,0,3,0.0,0.0,0.0
29.435,392,17.5,0.0842,0.4253,0.6586,1.0,0.7261,-0.4651,0.0,0,1.0,18,0,3,0.0233,0.0,0.0093
29.495,393,17.5,0.0546,0.4912,0.6197,1.0,0.7597,-0.0737,0.0,0,1.0,16,1,3,0.0037,0.0,0.0015
29.558,394,17.5,0.0881,0.5165,0.6442,1.0,0.7946,-0.1716,0.0,0,1.0,17,1,3,0.0086,0.0,0.0034
29.629,395,17.5,0.255,1.0,0.0545,-1.0,0.9828,-0.0737,0.0,0,1.0,20,1,3,0.0037,0.0,0.0015
29.692,396,17.5,0.0596,0.5176,0.6675,1.0,0.8086,-0.0737,0.0,0,1.0,21,1,3,0.0037,0.0,0.0015
29.75,397,17.5,0.3161,0.6856,0.0,-1.0,0.753,0.0,0.0,0,1.0,12,1,3,0.0,0.0,0.0
29.799,398,17.5,0.3543,0.6368,0.0,-1.0,0.7333,0.0045,0.0,0,1.0,14,1,3,0.0002,0.0,0.0001
29.852,399,17.5,0.0311,0.663,0.6034,1.0,0.8948,-0.7,0.0,0,1.0,16,1,3,0.035,0.0,0.014
29.907,400,17.5,0.0868,0.5936,0.4015,1.0,0.7235,-0.7,0.0,0,1.0,14,1,3,0.035,0.0,0.014
29.96,401,17.5,0.1449,1.0,0.0916,-0.4057,0.9212,0.0045,0.0,0,1.0,19,1,3,0.0002,0.0,0.0001
30.02,402,17.5,0.1022,0.4734,0.7178,1.0,0.7996,0.0,0.0,0,1.0,19,1,3,0.0,0.0,0.0
30.077,403,17.5,0.4365,0.5233,0.0165,-1.0,0.6841,-0.158,0.0,0,1.0,14,1,3,0.0079,0.0,0.0032
30.14,404,17.5,0.2045,0.8888,0.0401,-1.0,0.8611,-0.4651,0.0,0,1.0,13,1,3,0.0233,0.0,0.0093
30.196,405,17.5,0.2095,0.6549,0.1402,-0.3568,0.6675,0.0,0.0,0,1.0,12,1,3,0.0,0.0,0.0
30.258,406,17.5,0.1969,0.459,0.6184,0.9307,0.7319,0.0,0.0,0,1.0,11,1,3,0.0,0.0,0.0
30.309,407,17.5,0.0307,0.4653,0.8234,1.0,0.852,0.0,0.0,0,1.0,18,1,3,0.0,0.0,0.0
30.37,408,17.5,0.0212,0.6872,0.6788,1.0,0.9574,-0.2393,0.0,0,1.0,15,1,3,0.012,0.0,0.0048
30.432,409,17.5,0.0111,0.4435,0.8476,1.0,0.8472,0.0045,0.0,0,1.0,13,1,3,0.0002,0.0,0.0001
30.491,410,17.5,0.0227,0.4562,0.7873,1.0,0.8241,-0.2393,0.0,0,1.0,10,1,3,0.012,0.0,0.0048
30.556,411,17.5,0.0152,0.5501,0.3455,1.0,0.6556,-0.2393,0.0,0,1.0,4,1,3,0.012,0.0,0.0048
30.613,412,17.5,0.06,0.6009,0.6384,1.0,0.8623,-0.1464,0.0,0,1.0,8,1,3,0.0073,0.0,0.0029
30.679,413,17.5,0.095,0.5466,0.688,1.0,0.8444,0.0045,0.0,0,1.0,11,1,3,0.0002,0.0,0.0001
30.742,414,17.5,0.3597,0.6758,0.0,-1.0,0.7691,-0.0659,0.0,0,1.0,10,1,3,0.0033,0.0,0.0013
30.793,415,17.5,0.3518,0.6468,0.0358,-1.0,0.7403,-0.0659,0.0,0,1.0,16,1,3,0.0033,0.0,0.0013
30.856,416,17.5,0.4266,0.6478,0.0,-1.0,0.7831,-0.7,0.0,0,1.0,7,1,3,0.035,0.0,0.014
30.906,417,17.5,0.4425,0.643,0.0,-1.0,0.7879,-0.7,0.0,0,1.0,13,1,3,0.035,0.0,0.014
30.958,418,17.5,0.0938,0.5982,0.6669,1.0,0.876,-0.1129,0.0,0,1.0,11,1,3,0.0056,0.0,0.0023
31.007,419,17.5,0.1986,0.7448,0.4251,0.6535,0.8637,-0.1129,0.0,0,1.0,14,1,3,0.0056,0.0,0.0023
31.07,420,17.5,0.1363,0.7832,0.4331,0.9384,0.9004,-0.1235,0.0,0,1.0,15,1,3,0.0062,0.0,0.0025
31.126,421,17.0,0.2175,0.8291,0.446,0.6199,0.9462,-0.0835,0.0,0,1.0,21,1,3,0.0042,0.0,0.0017
31.186,422,17.0,0.3371,0.6933,0.0288,-1.0,0.7711,0.0915,0.0,0,1.0,11,1,3,0.0046,0.0,0.0018
31.243,423,17.0,0.6287,0.346,0.0506,-1.0,0.6427,0.0,0.0,0,1.0,16,1,3,0.0,0.0,0.0
31.304,424,17.0,0.1795,0.5329,0.4509,0.7751,0.7002,0.0,0.0,0,1.0,12,1,3,0.0,0.0,0.0
31.362,425,17.0,0.4188,0.5004,0.1978,-0.645,0.6549,-0.1876,0.0,0,1.0,15,1,3,0.0094,0.0,0.0038
31.419,426,17.0,0.4845,0.7619,0.0022,-1.0,0.9113,-0.0835,0.0,0,1.0,14,1,3,0.0042,0.0,0.0017
31.48,427,17.0,0.2596,0.6043,0.4455,0.4746,0.7571,-0.1129,0.0,0,1.0,14,1,3,0.0056,0.0,0.0023
31.543,428,17.0,0.4587,0.6587,0.0,-1.0,0.8101,-0.1363,0.0,0,1.0,13,1,3,0.0068,0.0,0.0027
31.606,429,17.0,0.262,0.7786,0.157,-0.4513,0.8008,-0.1967,0.0,0,1.0,18,1,3,0.0098,0.0,0.0039
31.663,430,17.0,0.3437,0.7057,0.0165,-1.0,0.7852,-0.1967,0.0,0,1.0,10,1,3,0.0098,0.0,0.0039
31.718,431,17.0,0.2928,0.7294,0.0439,-1.0,0.7766,-0.4651,0.0,0,1.0,15,1,3,0.0233,0.0,0.0093
31.781,432,17.0,0.1237,0.7905,0.0806,-0.3795,0.7333,0.0,0.0,0,1.0,7,1,3,0.0,0.0,0.0
31.839,433,17.0,0.5586,0.7232,0.0357,-1.0,0.9203,0.0,0.0,0,1.0,13,1,3,0.0,0.0,0.0
31.896,434,17.0,0.1203,0.4599,0.4363,1.0,0.6307,0.0915,0.0,0,1.0,8,1,3,0.0046,0.0,0.0018
31.953,435,17.0,0.3714,0.4622,0.1272,-0.8815,0.5962,0.0915,0.0,0,1.0,8,1,3,0.0046,0.0,0.0018
32.013,436,17.0,0.0066,0.5963,0.4012,1.0,0.7256,-0.2303,0.0,0,1.0,11,1,3,0.0115,0.0,0.0046
32.07,437,17.0,0.2996,0.6457,0.0208,-1.0,0.7101,-0.7,0.0,0,1.0,6,1,3,0.035,0.0,0.014
32.132,438,17.0,0.0342,0.7365,0.2544,1.0,0.7611,0.0,0.0,0,1.0,14,1,3,0.0,0.0,0.0
32.185,439,17.0,0.214,0.5832,0.1712,-0.1999,0.6097,0.0,0.0,0,1.0,5,1,3,0.0,0.0,0.0
32.247,440,17.0,0.1852,0.6102,0.1965,0.053,0.6226,0.0,0.0,0,1.0,7,1,3,0.0,0.0,0.0
32.3,441,17.0,0.399,0.6041,0.0151,-1.0,0.7309,0.0,0.0,0,1.0,11,1,3,0.0,0.0,0.0
32.351,442,17.0,0.1855,0.8011,0.1002,-0.5375,1.0,0.0,0.0,0,1.6,9,0,4,0.0,0.0,0.0
32.414,443,17.0,0.5077,0.6134,0.1335,-1.0,1.0,-0.7,0.0,0,1.56,14,0,4,0.035,0.0,0.014
32.473,444,17.0,0.0387,0.6277,0.3112,1.0,1.0,0.0,0.0,0,1.52,8,0,4,0.0,0.0,0.0
32.529,445,17.0,0.2802,0.2417,0.4798,0.4726,0.6981,-0.0737,0.0,0,1.48,14,0,4,0.0037,0.0,0.0015
32.589,446,17.0,0.0,0.6789,0.3097,1.0,1.0,-0.2564,0.0,0,1.44,10,0,4,0.0128,0.0,0.0051
32.65,447,17.0,0.1519,0.6391,0.2166,0.3157,0.9214,0.0,0.0,0,1.4,8,0,4,0.0,0.0,0.0
32.71,448,17.0,0.2186,0.7636,0.0633,-0.9916,1.0,0.0,0.0,0,1.36,14,0,4,0.0,0.0,0.0
32.777,449,17.0,0.2215,0.6533,0.2173,-0.0169,0.8881,0.0,0.0,0,1.32,13,0,4,0.0,0.0,0.0
32.839,450,17.0,0.4559,0.6855,0.05,-1.0,1.0,0.0,0.0,0,1.28,13,0,4,0.0,0.0,0.0
32.892,451,17.0,0.2979,0.7805,0.0261,-1.0,1.0,0.0,0.0,0,1.24,9,0,4,0.0,0.0,0.0
32.941,452,17.0,0.2974,0.739,0.0702,-1.0,0.9448,0.0,0.0,0,1.2,7,0,4,0.0,0.0,0.0
32.99,453,17.0,0.2297,0.5435,0.2182,-0.0462,0.6788,0.0,0.0,0,1.16,7,0,4,0.0,0.0,0.0
33.043,454,17.0,0.4039,0.5061,0.1144,-1.0,0.7295,0.0,0.0,0,1.12,3,0,4,0.0,0.0,0.0
33.1,455,17.0,0.4185,0.6869,0.086,-1.0,0.8763,0.0,0.0,0,1.08,13,0,4,0.0,0.0,0.0
33.151,456,17.0,0.5191,0.6849,0.0003,-1.0,0.9007,-0.7,0.0,0,1.04,19,0,4,0.035,0.0,0.014
33.21,457,17.0,0.0668,0.8555,0.14,0.637,0.7971,0.0915,0.0,0,1.0,13,0,4,0.0046,0.0,0.0018
33.268,458,17.0,0.0581,0.8353,0.1822,0.9291,0.8037,0.0,0.0,0,1.0,19,0,4,0.0,0.0,0.0
33.327,459,17.0,0.3538,0.7382,0.0834,-1.0,0.8182,0.0,0.0,0,1.0,16,0,4,0.0,0.0,0.0
33.389,460,17.0,0.0459,1.0,0.118,0.7916,0.9061,0.0,0.0,0,1.0,14,0,4,0.0,0.0,0.0
33.448,461,17.0,0.1714,0.6113,0.2323,0.2714,0.6436,-0.7,0.0,0,1.0,11,0,4,0.035,0.0,0.014
33.518,462,17.0,0.1046,1.0,0.0359,-0.8803,0.8986,0.0,0.0,0,1.0,16,0,4,0.0,0.0,0.0
33.581,463,17.0,0.4437,0.176,0.4151,-0.0599,0.3963,0.0,0.0,0,1.0,13,0,4,0.0,0.0,0.0
33.646,464,17.0,0.1261,1.0,0.1162,-0.0736,0.9106,-0.2099,0.0,0,1.0,13,0,4,0.0105,0.0,0.0042
33.705,465,17.0,0.3064,0.5502,0.2328,-0.2458,0.6338,0.0,0.0,0,1.0,15,0,4,0.0,0.0,0.0
33.761,466,17.0,0.586,0.5459,0.0314,-1.0,0.7867,-0.7,0.0,0,1.0,17,0,4,0.035,0.0,0.014
33.82,467,17.0,0.2621,0.9761,0.0383,-1.0,0.9667,-0.7,0.0,0,1.0,14,0,4,0.035,0.0,0.014
33.88,468,17.0,0.2205,0.8712,0.0709,-0.9237,0.8553,0.0915,0.0,0,1.0,8,0,4,0.0046,0.0,0.0018
33.949,469,17.0,0.0761,0.8961,0.177,0.7176,0.8518,0.0,0.0,0,1.0,7,0,4,0.0,0.0,0.0
34.011,470,17.0,0.0404,0.9764,0.0733,0.5206,0.8612,0.0,0.0,0,1.0,4,0,4,0.0,0.0,0.0
34.07,471,17.0,0.0675,0.8366,0.2351,0.9967,0.8344,0.0,0.0,0,1.0,10,0,4,0.0,0.0,0.0
34.125,472,17.0,0.1414,0.6427,0.347,0.7575,0.7342,0.0,0.0,0,1.0,10,0,4,0.0,0.0,0.0
34.19,473,17.0,0.456,0.3667,0.3018,-0.3664,0.5634,-0.7,0.0,0,1.0,9,0,4,0.035,0.0,0.014
34.247,474,17.0,0.4784,0.7607,0.0211,-1.0,0.9069,-0.1876,0.0,0,1.0,14,0,4,0.0094,0.0,0.0038
34.304,475,17.0,0.1734,0.5369,0.6668,1.0,0.8244,-0.1876,0.0,0,1.0,12,0,4,0.0094,0.0,0.0038
34.36,476,17.0,0.1837,0.8076,0.1725,-0.0566,0.7812,-0.1129,0.0,0,1.0,10,0,4,0.0056,0.0,0.0023
34.42,477,17.0,0.0901,0.4369,0.5718,1.0,0.6872,0.0,0.0,0,1.0,8,0,4,0.0,0.0,0.0
34.482,478,17.0,0.1159,0.9223,0.2012,0.4842,0.8874,0.0915,0.0,0,1.0,9,0,4,0.0046,0.0,0.0018
34.551,479,17.0,0.043,0.611,0.5728,1.0,0.834,0.0,0.0,0,1.0,10,0,4,0.0,0.0,0.0
34.615,480,17.0,0.0435,0.5838,0.7682,1.0,0.9206,0.0915,0.0,0,1.0,5,0,4,0.0046,0.0,0.0018
34.685,481,16.9,0.0,0.5573,0.7979,1.0,0.9149,-0.1967,0.0,0,1.0,6,0,4,0.0098,0.0,0.0039
34.756,482,16.9,0.062,0.7936,0.6248,1.0,1.0,-0.1967,0.0,0,1.0,9,0,4,0.0098,0.0,0.0039
34.81,483,16.9,0.1639,0.8411,0.5792,1.0,1.0,-0.1363,0.0,0,1.0,14,0,4,0.0068,0.0,0.0027
34.872,484,16.9,0.1599,0.6597,0.6975,1.0,0.9447,-0.1363,0.0,0,1.0,13,0,4,0.0068,0.0,0.0027
34.928,485,16.9,0.1507,0.6968,0.6727,1.0,0.962,-0.2491,0.0,0,1.0,8,0,4,0.0125,0.0,0.005
34.985,486,16.9,0.0616,0.7901,0.6342,1.0,1.0,-0.2491,0.0,0,1.0,5,0,4,0.0125,0.0,0.005
35.046,487,16.9,0.0,0.8125,0.6759,1.0,1.0,-0.2303,0.0,0,1.0,5,0,4,0.0115,0.0,0.0046
35.102,488,16.9,0.3786,0.8148,0.3571,-0.0527,0.8965,0.0045,0.0,0,1.0,10,0,4,0.0002,0.0,0.0001
35.162,489,16.9,0.6656,0.5787,0.3517,-0.5555,0.8588,-0.4651,0.0,0,1.0,14,0,4,0.0233,0.0,0.0093
35.219,490,16.9,0.6551,0.6494,0.3425,-0.5641,0.9124,-0.4651,0.0,0,1.0,13,0,4,0.0233,0.0,0.0093
35.28,491,16.9,0.4917,0.7587,0.33,-0.3541,0.9127,-0.2,0.0,0,1.0,10,0,4,0.01,0.0,0.004
35.336,492,16.9,0.3374,0.4662,0.5464,0.4256,0.6976,-0.2303,0.0,0,1.0,6,0,4,0.0115,0.0,0.0046
35.398,493,16.9,0.4073,0.4154,0.5577,0.2805,0.6612,-0.2491,0.0,0,1.0,8,0,4,0.0125,0.0,0.005
35.463,494,16.9,0.1233,0.3454,0.7559,1.0,1.0,-0.2491,0.0,0,1.6,9,0,5,0.0125,0.0,0.005
35.524,495,16.9,0.1772,0.5786,0.5709,0.9472,1.0,-0.2405,0.0,0,1.56,6,0,5,0.012,0.0,0.0048
35.589,496,16.9,0.1917,0.5305,0.508,0.8137,1.0,-0.1198,0.0,0,1.52,6,0,5,0.006,0.0,0.0024
35.65,497,16.9,0.1749,0.9314,0.29,0.4457,1.0,-0.2303,0.0,0,1.48,6,0,5,0.0115,0.0,0.0046
35.708,498,16.9,0.341,1.0,0.0,-1.0,1.0,0.0,0.0,0,1.44,6,0,5,0.0,0.0,0.0
35.754,499,16.9,0.5097,0.9487,0.0,-1.0,1.0,0.0,0.0,0,1.4,5,0,5,0.0,0.0,0.0
35.804,500,16.9,0.1493,1.0,0.0368,-1.0,1.0,0.0,0.0,0,1.36,5,0,5,0.0,0.0,0.0
35.861,501,16.9,0.5464,0.4913,0.0681,-1.0,0.9486,0.0,0.0,0,1.32,4,0,5,0.0,0.0,0.0
35.913,502,16.9,0.4219,0.8982,0.0,-1.0,1.0,0.0915,0.0,0,1.28,4,0,5,0.0046,0.0,0.0018
35.963,503,16.9,0.279,0.7128,0.0,-1.0,0.9362,0.0915,0.0,0,1.24,3,0,5,0.0046,0.0,0.0018
36.018,504,16.9,0.706,0.8249,0.0114,-1.0,1.0,-0.7,0.0,0,1.2,8,0,5,0.035,0.0,0.014
36.08,505,16.9,0.1443,0.8925,0.2676,0.539,1.0,-0.0737,0.0,0,1.16,4,0,5,0.0037,0.0,0.0015
36.137,506,16.9,0.7661,0.6377,0.101,-1.0,1.0,0.0,0.0,0,1.12,5,0,5,0.0,0.0,0.0
36.191,507,16.9,0.1532,1.0,0.2153,0.3034,1.0,0.0,0.0,0,1.08,5,0,5,0.0,0.0,0.0
36.241,508,16.9,0.3063,0.8291,0.2038,-0.3618,0.9027,-0.2471,0.0,0,1.04,4,0,5,0.0124,0.0,0.0049
36.3,509,16.9,0.3325,0.2866,0.1273,-0.8031,0.427,0.1784,0.0,0,1.0,2,0,5,0.0089,0.0,0.0036
36.353,510,16.9,0.1829,0.6879,0.3043,0.4487,0.7483,0.0,0.0,0,1.0,3,0,5,0.0,0.0,0.0
36.412,511,17.3,0.6456,0.5749,0.3762,-0.4747,0.8445,0.0,0.0,0,1.0,4,0,5,0.0,0.0,0.0
36.472,512,17.3,0.0985,0.4911,0.7491,1.0,0.8321,0.0,0.0,0,1.0,3,0,5,0.0,0.0,0.0
36.529,513,17.3,0.7528,0.4725,0.4369,-0.4779,0.8185,-0.1967,0.0,0,1.0,5,0,5,0.0098,0.0,0.0039
36.584,514,17.3,0.8669,0.3718,0.0695,-1.0,0.7978,-0.2303,0.0,0,1.0,4,0,5,0.0115,0.0,0.0046
36.648,515,17.3,0.691,0.8025,0.0259,-1.0,1.0,-0.2303,0.0,0,1.0,4,0,5,0.0115,0.0,0.0046
36.709,516,17.3,0.8198,0.5538,0.0,-1.0,0.9243,-0.2303,0.0,0,1.0,3,0,5,0.0115,0.0,0.0046
36.755,517,17.3,0.8189,0.7917,0.0,-1.0,1.0,-0.1876,0.0,0,1.0,5,0,5,0.0094,0.0,0.0038
36.805,518,17.3,0.0424,1.0,0.0,-1.0,0.8637,-0.1876,0.0,0,1.0,2,0,5,0.0094,0.0,0.0038
36.859,519,17.3,0.0199,1.0,0.0,-1.0,0.8511,-0.1876,0.0,0,1.0,2,0,5,0.0094,0.0,0.0038
36.919,520,17.3,0.3355,0.3086,0.1026,-0.9565,0.4471,-0.1876,0.0,0,1.0,2,0,5,0.0094,0.0,0.0038
36.977,521,17.3,0.4424,0.1541,0.0,-1.0,0.3771,0.0,0.0,0,1.0,1,0,5,0.0,0.0,0.0
37.031,522,17.3,0.4424,0.1541,0.0,-1.0,0.6035,0.0,0.0,0,1.6,1,0,6,0.0,0.0,0.0
37.081,523,17.3,0.4424,0.1541,0.0,-1.0,0.5884,-0.1129,0.0,0,1.56,1,0,6,0.0056,0.0,0.0023
37.131,524,17.3,0.05,0.5019,0.0,-1.0,0.6834,-0.1129,0.0,0,1.52,1,0,6,0.0056,0.0,0.0023
37.182,525,17.3,0.0484,0.4797,0.0,-1.0,0.6365,-0.1129,0.0,0,1.48,1,0,6,0.0056,0.0,0.0023
37.229,526,17.3,0.0144,0.5401,0.0,-1.0,0.6649,-0.1129,0.0,0,1.44,1,0,6,0.0056,0.0,0.0023
37.283,527,17.3,0.3355,0.154,0.0,-1.0,0.4441,0.0,0.0,0,1.4,1,0,6,0.0,0.0,0.0
37.332,528,17.3,0.5708,0.5837,0.0,-1.0,1.0,0.0,0.0,0,1.36,3,0,6,0.0,0.0,0.0
37.385,529,17.3,0.3454,0.861,0.0107,-1.0,1.0,0.0045,0.0,0,1.32,3,0,6,0.0002,0.0,0.0001
37.44,530,17.3,0.3068,0.7356,0.0116,-1.0,1.0,0.0045,0.0,0,1.28,3,0,6,0.0002,0.0,0.0001
37.501,531,17.3,0.1943,0.6057,0.0104,-1.0,0.7658,0.0,0.0,0,1.24,2,0,6,0.0,0.0,0.0
37.561,532,17.3,0.0,0.0,0.0,0.0,0.3,0.0,0.0,0,1.2,0,0,6,0.0,0.0,0.0
37.619,533,17.3,0.0018,0.57,0.0,-1.0,0.5566,0.0,0.0,0,1.16,1,0,6,0.0,0.0,0.0
37.677,534,17.3,0.0608,0.5113,0.0,-1.0,0.5191,0.0,0.0,0,1.12,1,0,6,0.0,0.0,0.0
37.732,535,17.3,0.0,0.0,0.0,0.0,0.3,0.0,0.0,0,1.08,0,0,6,0.0,0.0,0.0
37.784,536,17.3,0.5939,0.5303,0.0,-1.0,0.8092,0.0,0.0,0,1.04,3,0,6,0.0,0.0,0.0
37.831,537,17.3,0.4275,0.5532,0.0,-1.0,0.704,0.0,0.0,0,1.0,4,0,6,0.0,0.0,0.0
37.886,538,17.3,0.3105,0.7799,0.0,-1.0,0.829,0.0915,0.0,0,1.0,5,0,6,0.0046,0.0,0.0018
37.944,539,17.3,0.4192,0.7395,0.0022,-1.0,0.856,0.0,0.0,0,1.0,5,0,6,0.0,0.0,0.0
37.998,540,17.3,0.3021,0.8045,0.0,-1.0,0.845,-0.7,0.0,0,1.0,5,0,6,0.035,0.0,0.014
38.048,541,18.2,0.451,0.6363,0.0,-1.0,0.7871,-0.7,0.0,0,1.0,5,0,6,0.035,0.0,0.014
38.104,542,18.2,0.266,0.87,0.0,-1.0,0.8798,0.0,0.0,0,1.0,5,0,6,0.0,0.0,0.0
38.156,543,18.2,0.2183,0.9543,0.0,-1.0,0.9238,0.0,0.0,0,1.0,7,0,6,0.0,0.0,0.0
38.211,544,18.2,0.483,0.8795,0.0,-1.0,1.0,0.0,0.0,0,1.0,11,0,6,0.0,0.0,0.0
38.269,545,18.2,0.3925,0.9742,0.0196,-1.0,1.0,-0.1129,0.0,0,1.0,11,0,6,0.0056,0.0,0.0023
38.322,546,18.2,0.3908,0.9823,0.0348,-1.0,1.0,-0.1129,0.0,0,1.0,10,0,6,0.0056,0.0,0.0023
38.373,547,18.2,0.6423,0.8789,0.0395,-1.0,1.0,-0.7,0.0,0,1.0,8,0,6,0.035,0.0,0.014
38.428,548,18.2,0.3402,0.9666,0.0807,-1.0,1.0,-0.0737,0.0,0,1.0,6,0,6,0.0037,0.0,0.0015
38.484,549,18.2,0.3006,1.0,0.1164,-0.7953,1.0,-0.0737,0.0,0,1.0,7,0,6,0.0037,0.0,0.0015
38.548,550,18.2,0.2733,1.0,0.0,-1.0,0.9931,0.0,0.0,0,1.0,11,0,6,0.0,0.0,0.0
38.606,551,18.2,0.1584,1.0,0.0,-1.0,0.9287,0.0,0.0,0,1.0,10,0,6,0.0,0.0,0.0
38.673,552,18.2,0.241,1.0,0.0179,-1.0,0.975,0.0,0.0,0,1.0,9,0,6,0.0,0.0,0.0
38.723,553,18.2,0.0902,1.0,0.2255,0.7716,0.9663,0.0,0.0,0,1.0,8,0,6,0.0,0.0,0.0
38.774,554,18.2,0.0713,0.9966,0.3447,1.0,1.0,0.0,0.0,0,1.0,9,0,6,0.0,0.0,0.0
38.825,555,18.2,0.182,0.9133,0.1927,0.0517,0.8751,0.0,0.0,0,1.0,8,0,6,0.0,0.0,0.0
38.875,556,18.2,0.1812,0.9319,0.1831,0.0096,0.8854,0.0,0.0,0,1.0,6,0,6,0.0,0.0,0.0
38.934,557,18.2,0.1867,0.9131,0.1594,-0.1423,0.8715,0.0,0.0,0,1.0,4,0,6,0.0,0.0,0.0
38.984,558,18.2,0.0719,0.8498,0.4365,1.0,0.9583,0.0,0.0,0,1.0,7,0,6,0.0,0.0,0.0
39.038,559,18.2,0.2142,0.7548,0.1094,-0.5825,0.754,-0.4651,0.0,0,1.0,7,0,6,0.0233,0.0,0.0093
39.089,560,18.2,0.3961,0.466,0.1648,-0.7421,0.6133,-0.4651,0.0,0,1.0,5,0,6,0.0233,0.0,0.0093
39.142,561,18.2,0.4861,0.5206,0.0021,-1.0,0.7095,0.0,0.0,0,1.0,4,0,6,0.0,0.0,0.0
39.201,562,18.2,0.2593,0.7992,0.0409,-1.0,0.8165,-0.1129,0.0,0,1.0,5,0,6,0.0056,0.0,0.0023
39.251,563,18.2,0.4408,0.4853,0.011,-1.0,0.6545,0.0,0.0,0,1.0,3,0,6,0.0,0.0,0.0
39.306,564,18.2,0.3273,0.7799,0.0057,-1.0,0.8384,-0.1129,0.0,0,1.0,5,0,6,0.0056,0.0,0.0023
39.36,565,18.2,0.4194,0.7519,0.0,-1.0,0.8665,-0.1129,0.0,0,1.0,7,0,6,0.0056,0.0,0.0023
39.42,566,18.2,0.7154,0.4452,0.0,-1.0,0.7746,0.0,0.0,0,1.0,9,0,6,0.0,0.0,0.0
39.478,567,18.2,0.2287,0.8292,0.0243,-1.0,0.8246,-0.0737,0.0,0,1.0,4,0,6,0.0037,0.0,0.0015
39.54,568,18.2,0.3985,0.7504,0.0199,-1.0,0.8535,0.0,0.0,0,1.0,7,0,6,0.0,0.0,0.0
39.595,569,18.2,0.5848,0.6165,0.0062,-1.0,0.8453,-0.7,0.0,0,1.0,6,0,6,0.035,0.0,0.014
39.654,570,18.2,0.544,0.6128,0.04,-1.0,0.8194,-0.7,0.0,0,1.0,5,0,6,0.035,0.0,0.014
39.716,571,18.1,0.6773,0.5452,0.0,-1.0,0.8373,0.0915,0.0,0,1.0,8,0,6,0.0046,0.0,0.0018
39.771,572,18.1,0.6016,0.5868,0.0329,-1.0,0.8298,-0.0737,0.0,0,1.0,7,0,6,0.0037,0.0,0.0015
39.823,573,18.1,0.5692,0.6022,0.0554,-1.0,0.8246,0.0915,0.0,0,1.0,6,0,6,0.0046,0.0,0.0018
39.882,574,18.1,0.0373,0.9523,0.1871,1.0,1.0,0.0915,0.0,0,1.6,9,0,7,0.0046,0.0,0.0018
39.932,575,18.1,0.0167,0.9901,0.1539,1.0,1.0,0.0045,0.0,0,1.56,8,0,7,0.0002,0.0,0.0001
39.987,576,18.1,0.251,0.8177,0.0653,-1.0,1.0,0.0,0.0,0,1.52,11,0,7,0.0,0.0,0.0
40.04,577,18.1,0.3869,0.7348,0.0289,-1.0,1.0,0.0,0.0,0,1.48,12,0,7,0.0,0.0,0.0
40.091,578,18.1,0.3008,0.8652,0.004,-1.0,1.0,0.0,0.0,0,1.44,10,0,7,0.0,0.0,0.0
40.14,579,18.1,0.4748,0.6333,0.0042,-1.0,1.0,-0.7,0.0,0,1.4,9,0,7,0.035,0.0,0.014
40.19,580,18.1,0.4721,0.5262,0.0386,-1.0,0.9607,-0.1129,0.0,0,1.36,10,0,7,0.0056,0.0,0.0023
40.24,581,18.1,0.4085,0.3768,0.2471,-0.4434,0.7198,-0.1129,0.0,0,1.32,10,0,7,0.0056,0.0,0.0023
40.306,582,18.1,0.3568,0.6386,0.0658,-1.0,0.9424,-0.1129,0.0,0,1.28,12,0,7,0.0056,0.0,0.0023
40.363,583,18.1,0.5,0.8274,0.0458,-1.0,1.0,-0.0961,0.0,0,1.24,14,0,7,0.0048,0.0,0.0019
40.417,584,18.1,0.3576,0.4824,0.1912,-0.5456,0.7265,-0.1967,0.0,0,1.2,7,0,7,0.0098,0.0,0.0039
40.483,585,18.1,0.8148,0.479,0.0333,-1.0,0.996,0.0045,0.0,0,1.16,8,0,7,0.0002,0.0,0.0001
40.551,586,18.1,0.1245,0.4375,0.7619,1.0,0.8895,0.0045,0.0,0,1.12,15,0,7,0.0002,0.0,0.0001
40.613,587,18.1,0.1882,0.5916,0.557,0.8908,0.8736,-0.2156,0.0,0,1.08,16,0,7,0.0108,0.0,0.0043
40.673,588,18.1,0.0943,0.4242,0.8244,1.0,0.8507,-0.1967,0.0,0,1.04,13,0,7,0.0098,0.0,0.0039
40.729,589,18.1,0.0357,0.6438,0.7118,1.0,0.9394,-0.2303,0.0,0,1.0,16,0,7,0.0115,0.0,0.0046
40.783,590,18.1,0.3112,0.4722,0.599,0.5691,0.7321,-0.1235,0.0,0,1.0,12,0,7,0.0062,0.0,0.0025
40.834,591,18.1,0.3844,0.428,0.5846,0.3719,0.687,-0.1235,0.0,0,1.0,17,0,7,0.0062,0.0,0.0025
40.893,592,18.1,0.2849,0.4055,0.7042,0.7629,0.7349,-0.2068,0.0,0,1.0,20,0,7,0.0103,0.0,0.0041
40.949,593,18.1,0.4201,0.4841,0.5597,0.2564,0.72,-0.2722,0.0,0,1.0,17,0,7,0.0136,0.0,0.0054
40.999,594,18.1,0.2847,0.4781,0.6181,0.6647,0.7477,-0.2722,0.0,0,1.0,15,0,7,0.0136,0.0,0.0054
41.05,595,18.1,0.6774,0.6557,0.0504,-1.0,0.9301,-0.1927,0.0,0,1.0,16,0,7,0.0096,0.0,0.0039
41.101,596,18.1,0.1337,0.882,0.1155,-0.1316,0.8158,-0.0737,0.0,0,1.0,13,0,7,0.0037,0.0,0.0015
41.163,597,18.1,0.3615,0.7553,0.0235,-1.0,0.8369,-0.0737,0.0,0,1.0,18,0,7,0.0037,0.0,0.0015
41.216,598,18.1,0.6177,0.7511,0.0789,-1.0,0.9768,0.0,0.0,0,1.0,13,0,7,0.0,0.0,0.0
41.287,599,18.1,0.5999,0.7448,0.0417,-1.0,0.9616,-0.7,0.0,0,1.0,14,0,7,0.035,0.0,0.014
41.343,600,18.1,0.8784,0.5817,0.068,-1.0,0.9805,-0.1876,0.0,0,1.0,18,0,7,0.0094,0.0,0.0038
41.405,601,17.8,0.8207,0.5153,0.3251,-0.7786,0.8924,-0.2303,0.0,0,1.0,21,0,7,0.0115,0.0,0.0046
41.469,602,17.8,0.4076,0.4371,0.6067,0.3534,0.7069,-0.2499,0.0,0,1.0,14,0,7,0.0125,0.0,0.005
41.532,603,17.8,0.2346,0.4215,0.5414,0.7117,0.6572,-0.2499,0.0,0,1.0,9,0,7,0.0125,0.0,0.005
41.588,604,17.8,0.2721,0.3763,0.7521,0.8436,0.7373,-0.2393,0.0,0,1.0,12,0,7,0.012,0.0,0.0048
41.646,605,17.8,0.2632,0.3628,0.5685,0.6607,0.6231,-0.2393,0.0,0,1.0,8,0,7,0.012,0.0,0.0048
41.703,606,17.8,0.1937,0.3063,0.625,0.9484,0.6073,-0.2303,0.0,0,1.0,8,0,7,0.0115,0.0,0.0046
41.758,607,17.8,0.2345,0.3965,0.6135,0.8044,0.6766,-0.2303,0.0,0,1.0,14,0,7,0.0115,0.0,0.0046
41.808,608,17.8,0.2037,0.4256,0.5086,0.7704,0.6423,-0.1129,0.0,0,1.0,9,0,7,0.0056,0.0,0.0023
41.866,609,17.8,0.5987,0.5084,0.3374,-0.5025,0.7624,-0.2122,0.0,0,1.0,12,0,7,0.0106,0.0,0.0042
41.921,610,17.8,0.2873,0.4017,0.6637,0.7124,0.7091,-0.2122,0.0,0,1.0,9,0,7,0.0106,0.0,0.0042
41.98,611,17.8,0.2089,0.3771,0.6278,0.9012,0.6683,-0.2664,0.0,0,1.0,6,0,7,0.0133,0.0,0.0053
42.033,612,17.8,0.3888,0.3898,0.6235,0.4173,0.6766,-0.1716,0.0,0,1.0,9,0,7,0.0086,0.0,0.0034
42.091,613,17.8,0.1515,0.7823,0.4104,0.8294,1.0,-0.1716,0.0,0,1.6,8,0,8,0.0086,0.0,0.0034
42.151,614,17.8,0.1506,0.366,0.6376,1.0,1.0,-0.2627,0.0,0,1.56,6,0,8,0.0131,0.0,0.0053
42.213,615,17.8,0.2523,0.594,0.1405,-0.5124,0.9732,-0.3477,0.0,0,1.52,4,0,8,0.0174,0.0,0.007
42.265,616,17.8,0.2332,0.4513,0.3565,0.3763,0.8565,0.0,0.0,0,1.48,5,0,8,0.0,0.0,0.0
42.326,617,17.8,0.0121,0.4033,0.444,1.0,0.8458,-0.0961,0.0,0,1.44,3,0,8,0.0048,0.0,0.0019
42.387,618,17.8,0.0172,0.8131,0.3536,1.0,1.0,-0.2303,0.0,0,1.4,7,0,8,0.0115,0.0,0.0046
42.449,619,17.8,0.1486,0.3387,0.4671,0.9313,0.7427,-0.2303,0.0,0,1.36,3,0,8,0.0115,0.0,0.0046
42.515,620,17.8,0.0,0.2385,0.73,1.0,0.8041,-0.7,0.0,0,1.32,2,0,8,0.035,0.0,0.014
42.57,621,17.8,0.41,0.6612,0.3336,-0.1851,1.0,0.0045,0.0,0,1.28,6,0,8,0.0002,0.0,0.0001
42.629,622,17.8,0.5768,0.7132,0.322,-0.5104,1.0,-0.2596,0.0,0,1.24,7,0,8,0.013,0.0,0.0052
42.691,623,17.8,0.0132,0.6814,0.6693,1.0,1.0,-0.2596,0.0,0,1.2,6,0,8,0.013,0.0,0.0052
42.749,624,17.8,0.4103,0.6781,0.3234,-0.2131,0.9272,-0.2209,0.0,0,1.16,5,0,8,0.011,0.0,0.0044
42.8,625,17.8,0.2648,0.4069,0.5803,0.672,0.7468,0.0045,0.0,0,1.12,4,0,8,0.0002,0.0,0.0001
42.848,626,17.8,0.2303,0.386,0.6309,0.8375,0.7317,0.0045,0.0,0,1.08,6,0,8,0.0002,0.0,0.0001
42.902,627,17.8,0.5343,0.5822,0.3084,-0.4824,0.8198,-0.1833,0.0,0,1.04,6,0,8,0.0092,0.0,0.0037
42.955,628,17.8,0.4159,0.5915,0.3681,-0.1097,0.7298,-0.2027,0.0,0,1.0,6,0,8,0.0101,0.0,0.0041
43.008,629,17.8,0.2306,0.3904,0.4288,0.5411,0.5681,-0.2596,0.0,0,1.0,5,0,8,0.013,0.0,0.0052
43.059,630,17.8,0.3773,0.6947,0.3197,-0.1487,0.7948,-0.2596,0.0,0,1.0,6,0,8,0.013,0.0,0.0052
43.118,631,17.5,0.2459,0.5442,0.3517,0.3186,0.6541,-0.4651,0.0,0,1.0,6,0,8,0.0233,0.0,0.0093
43.175,632,17.5,0.4447,0.6182,0.0,-1.0,0.7683,0.0045,0.0,0,1.0,2,0,8,0.0002,0.0,0.0001
43.223,633,17.5,0.1686,0.6493,0.1611,-0.0411,0.6398,-0.1129,0.0,0,1.0,5,0,8,0.0056,0.0,0.0023
43.278,634,17.5,0.574,0.6469,0.0279,-1.0,0.8648,-0.1129,0.0,0,1.0,6,0,8,0.0056,0.0,0.0023
43.334,635,17.5,0.2307,0.5842,0.162,-0.3148,0.6199,0.0,0.0,0,1.0,5,0,8,0.0,0.0,0.0
43.391,636,17.5,0.163,0.891,0.0282,-1.0,0.8398,0.0,0.0,0,1.0,4,0,8,0.0,0.0,0.0
43.443,637,17.5,0.0278,0.456,0.6077,1.0,0.7233,0.0,0.0,0,1.0,6,0,8,0.0,0.0,0.0
43.509,638,17.5,0.3958,0.518,0.1093,-1.0,0.6568,0.0,0.0,0,1.0,3,0,8,0.0,0.0,0.0
43.574,639,17.5,0.0,0.43,0.2406,1.0,0.4959,0.0915,0.0,0,1.0,2,0,8,0.0046,0.0,0.0018
43.627,640,17.5,0.0,0.3447,0.5241,1.0,0.5831,-0.7,0.0,0,1.0,2,0,8,0.035,0.0,0.014
43.697,641,17.5,0.0656,0.453,0.3421,1.0,0.5721,0.0045,0.0,0,1.0,3,0,8,0.0002,0.0,0.0001
43.751,642,17.5,0.0,0.4183,0.2411,1.0,0.4864,0.0,0.0,0,1.0,2,0,8,0.0,0.0,0.0
43.807,643,17.5,0.0,0.5948,0.6283,1.0,0.8515,0.0,0.0,0,1.0,5,0,8,0.0,0.0,0.0
43.862,644,17.5,0.5319,0.5732,0.3496,-0.3722,0.7794,0.0,0.0,0,1.0,5,0,8,0.0,0.0,0.0
43.922,645,17.5,0.0118,0.3382,0.5217,1.0,0.5763,-0.2303,0.0,0,1.0,2,0,8,0.0115,0.0,0.0046
43.98,646,17.5,0.2087,0.4492,0.2044,-0.0187,0.4942,-0.2209,0.0,0,1.0,3,0,8,0.011,0.0,0.0044
44.039,647,17.5,0.0543,0.2362,0.6543,1.0,0.5648,0.0,0.0,0,1.0,4,0,8,0.0,0.0,0.0
44.096,648,17.5,0.0188,0.6021,0.2799,1.0,0.6625,0.0045,0.0,0,1.0,3,0,8,0.0002,0.0,0.0001
44.156,649,17.5,0.0,0.389,0.0898,1.0,0.377,0.0,0.0,0,1.0,1,0,8,0.0,0.0,0.0
44.21,650,17.5,0.1063,0.8417,0.1535,0.3273,0.793,0.0,0.0,0,1.0,4,0,8,0.0,0.0,0.0
44.275,651,17.5,0.1823,0.8751,0.0308,-1.0,0.8372,0.0,0.0,0,1.0,6,0,8,0.0,0.0,0.0
44.341,652,17.5,0.2461,0.6897,0.0665,-1.0,0.7172,0.0,0.0,0,1.0,7,0,8,0.0,0.0,0.0
44.395,653,17.5,0.1174,1.0,0.0,-1.0,0.9057,0.0,0.0,0,1.0,9,0,8,0.0,0.0,0.0
44.452,654,17.5,0.0741,1.0,0.0256,-0.876,0.8815,0.0,0.0,0,1.0,6,0,8,0.0,0.0,0.0
44.513,655,17.5,0.0718,0.9636,0.0542,-0.252,0.8497,0.0,0.0,0,1.0,6,0,8,0.0,0.0,0.0
44.577,656,17.5,0.0139,1.0,0.2505,1.0,0.9803,0.0,0.0,0,1.0,10,0,8,0.0,0.0,0.0
44.642,657,17.5,0.0397,1.0,0.2752,1.0,0.9941,0.0,0.0,0,1.0,12,0,8,0.0,0.0,0.0
44.703,658,17.5,0.1128,0.8907,0.036,-0.9288,0.8113,0.0,0.0,0,1.0,7,0,8,0.0,0.0,0.0
44.761,659,17.5,0.0012,1.0,0.3001,1.0,1.0,0.0,0.0,0,1.0,14,0,8,0.0,0.0,0.0
44.817,660,17.5,0.0225,0.9928,0.3498,1.0,1.0,0.0,0.0,0,1.0,12,0,8,0.0,0.0,0.0
44.883,661,17.1,0.0523,0.9267,0.3399,1.0,0.9688,0.0,0.0,0,1.0,9,0,8,0.0,0.0,0.0
44.945,662,17.1,0.1062,1.0,0.0233,-1.0,0.8995,0.0,0.0,0,1.0,13,0,8,0.0,0.0,0.0
45.001,663,17.1,0.1198,0.9999,0.0167,-1.0,0.907,0.0,0.0,0,1.0,14,0,8,0.0,0.0,0.0
45.059,664,17.1,0.1243,0.9864,0.0173,-1.0,0.8981,0.0,0.0,0,1.0,20,0,8,0.0,0.0,0.0
45.12,665,17.1,0.0967,0.7941,0.4719,1.0,0.9313,0.0,0.0,0,1.0,16,0,8,0.0,0.0,0.0
45.176,666,17.1,0.0064,0.8777,0.4837,1.0,1.0,0.0,0.0,0,1.0,11,0,8,0.0,0.0,0.0
45.234,667,17.1,0.0332,0.8725,0.473,1.0,0.9978,0.0045,0.0,0,1.0,14,0,8,0.0002,0.0,0.0001
45.294,668,17.1,0.0931,0.8279,0.4714,1.0,0.9595,-0.1129,0.0,0,1.0,21,0,8,0.0056,0.0,0.0023
45.352,669,17.1,0.1062,0.8328,0.459,1.0,0.9566,0.0045,0.0,0,1.0,21,0,8,0.0002,0.0,0.0001
45.41,670,17.1,0.2533,0.7187,0.4274,0.4603,0.843,-0.1129,0.0,0,1.0,20,0,8,0.0056,0.0,0.0023
45.469,671,17.1,0.2122,0.7928,0.3984,0.5489,0.889,-0.1129,0.0,0,1.0,17,0,8,0.0056,0.0,0.0023
45.531,672,17.1,0.0448,0.9064,0.4389,1.0,1.0,-0.1129,0.0,0,1.0,18,0,8,0.0056,0.0,0.0023
45.588,673,17.1,0.4537,0.7931,0.0237,-1.0,0.9203,-0.7,0.0,0,1.0,16,0,8,0.035,0.0,0.014
45.646,674,17.1,0.3207,0.8644,0.0,-1.0,0.9056,-0.1967,0.0,0,1.0,16,0,8,0.0098,0.0,0.0039
45.703,675,17.1,0.2855,1.0,0.0,-1.0,0.9999,0.0,0.0,0,1.0,16,0,8,0.0,0.0,0.0
45.759,676,17.1,0.2878,1.0,0.021,-1.0,1.0,0.0,0.0,0,1.0,14,0,8,0.0,0.0,0.0
45.817,677,17.1,0.319,0.8901,0.013,-1.0,0.9264,0.0,0.0,0,1.0,14,0,8,0.0,0.0,0.0
45.864,678,17.1,0.3649,1.0,0.0,-1.0,1.0,0.0,0.0,0,1.0,18,0,8,0.0,0.0,0.0
45.917,679,17.1,0.1627,0.9363,0.1391,-0.1407,0.8776,-0.7,0.0,0,1.0,18,0,8,0.035,0.0,0.014
45.966,680,17.1,0.1935,1.0,0.2061,0.057,0.9554,0.0,0.0,0,1.0,19,0,8,0.0,0.0,0.0
46.019,681,17.1,0.5435,0.8014,0.2198,-0.7633,0.9776,0.0,0.0,0,1.0,23,0,8,0.0,0.0,0.0
46.076,682,17.1,0.0756,1.0,0.0189,-1.0,0.8824,0.0,0.0,0,1.0,23,0,8,0.0,0.0,0.0
46.134,683,17.1,0.0974,1.0,0.0017,-1.0,0.8945,0.0,0.0,0,1.0,17,0,8,0.0,0.0,0.0
46.183,684,17.1,0.2396,0.9495,0.0704,-0.9827,0.9318,0.0,0.0,0,1.0,11,0,8,0.0,0.0,0.0
46.233,685,17.1,0.1315,1.0,0.009,-1.0,0.9136,0.0,0.0,0,1.0,12,0,8,0.0,0.0,0.0
46.282,686,17.1,0.5367,0.8913,0.0285,-1.0,1.0,0.0,0.0,0,1.0,16,0,8,0.0,0.0,0.0
46.342,687,17.1,0.4576,0.8322,0.2945,-0.3904,0.9553,0.0,0.0,0,1.0,17,0,8,0.0,0.0,0.0
46.402,688,17.1,0.0402,0.7923,0.5959,1.0,0.9992,-0.0737,0.0,0,1.0,19,0,8,0.0037,0.0,0.0015
46.459,689,17.1,0.0725,0.7387,0.5895,1.0,0.9506,0.0915,0.0,0,1.0,17,0,8,0.0046,0.0,0.0018
46.527,690,17.1,0.4589,0.7541,0.3125,-0.3416,0.8904,0.0915,0.0,0,1.0,17,0,8,0.0046,0.0,0.0018
46.591,691,17.5,0.0072,0.7944,0.5746,1.0,0.989,0.0915,0.0,0,1.0,17,0,8,0.0046,0.0,0.0018
46.652,692,17.5,0.1271,0.7111,0.56,1.0,0.9109,-0.2156,0.0,0,1.0,19,0,8,0.0108,0.0,0.0043
46.715,693,17.5,0.3577,0.9366,0.3052,-0.1423,0.9871,0.0045,0.0,0,1.0,21,0,8,0.0002,0.0,0.0001
46.769,694,17.5,0.0043,0.7885,0.6801,1.0,1.0,-0.2303,0.0,0,1.0,22,0,8,0.0115,0.0,0.0046
46.827,695,17.5,0.032,0.8358,0.5499,1.0,1.0,0.0045,0.0,0,1.0,20,0,8,0.0002,0.0,0.0001
46.885,696,17.5,0.0222,0.8324,0.6259,1.0,1.0,0.0045,0.0,0,1.0,27,0,8,0.0002,0.0,0.0001
46.94,697,17.5,0.0004,0.8697,0.5955,1.0,1.0,0.0045,0.0,0,1.0,17,0,8,0.0002,0.0,0.0001
46.989,698,17.5,0.0012,0.9082,0.5883,1.0,1.0,0.0915,0.0,0,1.0,17,0,8,0.0046,0.0,0.0018
47.046,699,17.5,0.0372,0.9039,0.604,1.0,1.0,0.0915,0.0,0,1.0,12,0,8,0.0046,0.0,0.0018
47.103,700,17.5,0.0264,1.0,0.3921,1.0,1.0,0.0915,0.0,0,1.0,17,0,8,0.0046,0.0,0.0018
47.163,701,17.5,0.0993,1.0,0.106,0.0588,0.8993,0.0,0.0,0,1.0,12,0,8,0.0,0.0,0.0
47.214,702,17.5,0.2223,1.0,0.0426,-1.0,0.9645,0.0,0.0,0,1.0,11,1,8,0.0,0.0,0.0
47.266,703,17.5,0.1493,1.0,0.1474,-0.0112,0.9236,0.0,0.0,0,1.0,8,1,8,0.0,0.0,0.0
47.319,704,17.5,0.296,1.0,0.0174,-1.0,1.0,0.0,0.0,0,1.0,7,1,8,0.0,0.0,0.0
47.376,705,17.5,0.29,1.0,0.0276,-1.0,1.0,0.0,0.0,0,1.0,9,1,8,0.0,0.0,0.0
47.435,706,17.5,0.1605,1.0,0.0402,-1.0,0.9299,0.0,0.0,0,1.0,6,1,8,0.0,0.0,0.0
47.495,707,17.5,0.1229,1.0,0.0774,-0.4091,0.9088,0.0,0.0,0,1.0,9,1,8,0.0,0.0,0.0
47.555,708,17.5,0.0702,1.0,0.1315,0.5473,0.9137,0.0,0.0,0,1.0,7,1,8,0.0,0.0,0.0
47.61,709,17.5,0.0404,1.0,0.176,1.0,0.9386,0.0,0.0,0,1.0,7,1,8,0.0,0.0,0.0
47.668,710,17.5,0.0244,1.0,0.0926,1.0,0.8919,0.0,0.0,0,1.0,9,1,8,0.0,0.0,0.0
47.716,711,17.5,0.1229,1.0,0.1637,0.2565,0.9317,0.0,0.0,0,1.0,8,1,8,0.0,0.0,0.0
47.77,712,17.5,0.0436,1.0,0.1238,0.8617,0.9093,0.0,0.0,0,1.0,17,1,8,0.0,0.0,0.0
47.822,713,17.5,0.076,1.0,0.11,0.3292,0.9016,0.0,0.0,0,1.0,15,1,8,0.0,0.0,0.0
47.879,714,17.5,0.0909,1.0,0.0695,-0.2399,0.8909,0.0,0.0,0,1.0,8,1,8,0.0,0.0,0.0
47.932,715,17.5,0.1191,1.0,0.0263,-1.0,0.9067,0.0,0.0,0,1.0,8,1,8,0.0,0.0,0.0
47.983,716,17.5,0.235,1.0,0.0,-1.0,0.9716,0.0,0.0,0,1.0,8,1,8,0.0,0.0,0.0
48.033,717,17.5,0.2282,1.0,0.0154,-1.0,0.9678,0.0,0.0,0,1.0,8,1,8,0.0,0.0,0.0
48.08,718,17.5,0.1927,1.0,0.0,-1.0,0.9479,0.0,0.0,0,1.0,8,1,8,0.0,0.0,0.0
48.133,719,17.5,0.1801,1.0,0.0301,-1.0,0.9409,0.0,0.0,0,1.0,10,1,8,0.0,0.0,0.0
48.19,720,17.5,0.0833,1.0,0.0538,-0.3875,0.8867,0.0,0.0,0,1.0,8,1,8,0.0,0.0,0.0
48.244,721,18.0,0.078,1.0,0.2122,0.8328,0.9588,0.0,0.0,0,1.0,10,1,8,0.0,0.0,0.0
48.306,722,18.0,0.1431,1.0,0.1291,-0.0923,0.9201,0.0,0.0,0,1.0,9,1,8,0.0,0.0,0.0
48.359,723,18.0,0.0308,1.0,0.2878,1.0,1.0,0.0,0.0,0,1.0,10,1,8,0.0,0.0,0.0
48.419,724,18.0,0.0585,1.0,0.1465,0.772,0.922,0.0,0.0,0,1.0,12,1,8,0.0,0.0,0.0
48.476,725,18.0,0.0824,1.0,0.1408,0.4706,0.9188,0.0,0.0,0,1.0,10,1,8,0.0,0.0,0.0
48.538,726,18.0,0.0939,1.0,0.1353,0.3253,0.9158,0.0,0.0,0,1.0,7,1,8,0.0,0.0,0.0
48.592,727,18.0,0.1782,1.0,0.1517,-0.1447,0.9398,0.0,0.0,0,1.0,8,1,8,0.0,0.0,0.0
48.651,728,18.0,0.3388,0.7866,0.2544,-0.2563,0.8505,0.0,0.0,0,1.0,6,1,8,0.0,0.0,0.0
48.709,729,18.0,0.364,0.9787,0.1367,-0.817,1.0,-0.1876,0.0,0,1.0,6,1,8,0.0094,0.0,0.0038
48.766,730,18.0,0.3272,0.9715,0.1365,-0.74,0.9993,-0.7,0.0,0,1.0,4,1,8,0.035,0.0,0.014
48.821,731,18.0,0.367,1.0,0.0,-1.0,1.0,-0.7,0.0,0,1.0,7,1,8,0.035,0.0,0.014
48.882,732,18.0,0.3119,1.0,0.0405,-1.0,1.0,0.0,0.0,0,1.0,11,1,8,0.0,0.0,0.0
48.94,733,18.0,0.234,1.0,0.0369,-1.0,0.971,0.0,0.0,0,1.0,9,1,8,0.0,0.0,0.0
48.989,734,18.0,0.1448,1.0,0.0,-1.0,0.9211,0.0,0.0,0,1.0,12,1,8,0.0,0.0,0.0
49.041,735,18.0,0.082,1.0,0.0779,-0.0459,0.8859,0.0,0.0,0,1.0,8,1,8,0.0,0.0,0.0
49.089,736,18.0,0.0762,1.0,0.1043,0.2799,0.8984,0.0,0.0,0,1.0,5,1,8,0.0,0.0,0.0
49.144,737,18.0,0.1335,0.9827,0.0,-1.0,0.9002,0.0,0.0,0,1.0,4,1,8,0.0,0.0,0.0
49.203,738,18.0,0.2213,1.0,0.1385,-0.4144,0.9639,0.0,0.0,0,1.0,7,1,8,0.0,0.0,0.0
49.259,739,18.0,0.0395,1.0,0.1684,1.0,0.9343,0.0,0.0,0,1.0,10,1,8,0.0,0.0,0.0
49.318,740,18.0,0.0028,1.0,0.1305,1.0,0.9131,0.0,0.0,0,1.0,4,1,8,0.0,0.0,0.0
49.375,741,18.0,0.0017,1.0,0.1646,1.0,0.9322,0.0,0.0,0,1.0,7,1,8,0.0,0.0,0.0
49.44,742,18.0,0.617,0.7648,0.1705,-1.0,0.988,0.0,0.0,0,1.0,8,1,8,0.0,0.0,0.0
49.501,743,18.0,0.0164,1.0,0.0617,1.0,0.8746,-0.1464,0.0,0,1.0,8,1,8,0.0073,0.0,0.0029
49.561,744,18.0,0.0527,1.0,0.0637,0.1703,0.8757,0.0,0.0,0,1.0,4,1,8,0.0,0.0,0.0
49.619,745,18.0,0.0414,1.0,0.2713,1.0,0.992,0.0,0.0,0,1.0,8,1,8,0.0,0.0,0.0
49.676,746,18.0,0.0459,1.0,0.178,1.0,0.9397,0.0,0.0,0,1.0,10,1,8,0.0,0.0,0.0
49.734,747,18.0,0.2279,1.0,0.0,-1.0,0.9676,0.0,0.0,0,1.0,13,1,8,0.0,0.0,0.0
49.781,748,18.0,0.0646,1.0,0.225,0.9974,0.966,0.0,0.0,0,1.0,12,1,8,0.0,0.0,0.0
49.83,749,18.0,0.0554,1.0,0.1977,1.0,0.9507,0.0,0.0,0,1.0,9,1,8,0.0,0.0,0.0
49.903,750,18.0,0.1452,1.0,0.2063,0.3131,0.9555,0.0,0.0,0,1.0,9,1,8,0.0,0.0,0.0
49.961,751,17.5,0.1137,1.0,0.1134,-0.0026,0.9037,0.0,0.0,0,1.0,11,1,8,0.0,0.0,0.0
50.016,752,17.5,0.2523,1.0,0.0834,-0.9056,0.9813,0.0,0.0,0,1.0,10,1,8,0.0,0.0,0.0
50.064,753,17.5,0.7955,0.8746,0.0235,-1.0,1.0,0.0,0.0,0,1.0,10,1,8,0.0,0.0,0.0
50.119,754,17.5,0.8821,0.7051,0.0749,-1.0,1.0,-0.2027,0.0,0,1.0,8,1,8,0.0101,0.0,0.0041
50.173,755,17.5,0.8442,0.6082,0.1474,-1.0,0.9836,-0.2027,0.0,0,1.0,8,1,8,0.0101,0.0,0.0041
50.222,756,17.5,0.8387,0.8231,0.0,-1.0,1.0,-0.2664,0.0,0,1.6,6,0,9,0.0133,0.0,0.0053
50.275,757,17.5,0.8006,0.8622,0.0,-1.0,1.0,-0.1876,0.0,0,1.56,10,0,9,0.0094,0.0,0.0038
50.338,758,17.5,0.7856,0.8451,0.0457,-1.0,1.0,-0.1876,0.0,0,1.52,13,0,9,0.0094,0.0,0.0038
50.39,759,17.5,0.7619,0.8668,0.0323,-1.0,1.0,-0.2303,0.0,0,1.48,10,0,9,0.0115,0.0,0.0046
50.442,760,17.5,0.1024,1.0,0.1189,0.1346,1.0,-0.2122,0.0,0,1.44,14,0,9,0.0106,0.0,0.0042
50.507,761,17.5,0.2563,0.9514,0.1096,-0.7219,1.0,0.0,0.0,0,1.4,7,0,9,0.0,0.0,0.0
50.561,762,17.5,0.1277,1.0,0.2112,0.4432,1.0,0.0,0.0,0,1.36,10,0,9,0.0,0.0,0.0
50.622,763,17.5,0.5344,0.6796,0.1707,-0.9285,1.0,0.0,0.0,0,1.32,8,0,9,0.0,0.0,0.0
50.676,764,17.5,0.2653,0.8748,0.24,-0.0902,1.0,0.0,0.0,0,1.28,8,0,9,0.0,0.0,0.0
50.731,765,17.5,0.2483,0.9506,0.2003,-0.1927,1.0,-0.1876,0.0,0,1.24,8,0,9,0.0094,0.0,0.0038
50.781,766,17.5,0.2526,0.8185,0.2997,0.1535,1.0,-0.7,0.0,0,1.2,9,0,9,0.035,0.0,0.014
50.831,767,17.5,0.2519,0.9063,0.219,-0.1258,1.0,-0.7,0.0,0,1.16,5,0,9,0.035,0.0,0.014
50.882,768,17.5,0.1613,1.0,0.2334,0.3285,1.0,0.0045,0.0,0,1.12,7,0,9,0.0002,0.0,0.0001
50.95,769,17.5,0.0481,1.0,0.2608,1.0,1.0,0.0,0.0,0,1.08,5,0,9,0.0,0.0,0.0
51.031,770,17.5,0.0882,1.0,0.2197,0.769,1.0,0.0,0.0,0,1.04,5,0,9,0.0,0.0,0.0
51.099,771,17.5,0.052,1.0,0.168,0.9487,0.9341,0.0,0.0,0,1.0,8,0,9,0.0,0.0,0.0
51.16,772,17.5,0.6365,0.7214,0.067,-1.0,0.9624,0.0,0.0,0,1.0,14,0,9,0.0,0.0,0.0
51.213,773,17.5,0.8041,0.8089,0.0231,-1.0,1.0,-0.0737,0.0,0,1.0,13,0,9,0.0037,0.0,0.0015
51.266,774,17.5,0.8009,0.8227,0.01,-1.0,1.0,-0.0737,0.0,0,1.0,10,0,9,0.0037,0.0,0.0015
51.32,775,17.5,0.9748,0.5491,0.0,-1.0,1.0,-0.2156,0.0,0,1.0,10,0,9,0.0108,0.0,0.0043
51.377,776,17.5,0.8872,0.7083,0.0108,-1.0,1.0,-0.1876,0.0,0,1.0,13,0,9,0.0094,0.0,0.0038
51.436,777,17.5,0.9248,0.7086,0.0159,-1.0,1.0,-0.1876,0.0,0,1.0,12,0,9,0.0094,0.0,0.0038
51.496,778,17.5,0.8401,0.7741,0.0537,-1.0,1.0,-0.1876,0.0,0,1.0,13,0,9,0.0094,0.0,0.0038
51.563,779,17.5,0.9227,0.6526,0.0071,-1.0,1.0,-0.1876,0.0,0,1.0,10,0,9,0.0094,0.0,0.0038
51.616,780,17.5,0.7781,0.844,0.0797,-1.0,1.0,-0.1876,0.0,0,1.0,11,0,9,0.0094,0.0,0.0038
51.674,781,17.5,0.3993,0.8545,0.0692,-1.0,0.9414,-0.2974,0.0,0,1.0,9,0,9,0.0149,0.0,0.0059
51.73,782,17.5,0.4169,0.9906,0.0822,-1.0,1.0,-0.2974,0.0,0,1.0,6,0,9,0.0149,0.0,0.0059
51.784,783,17.5,0.4321,1.0,0.0081,-1.0,1.0,-0.7,0.0,0,1.0,5,0,9,0.035,0.0,0.014
51.841,784,17.5,0.4247,1.0,0.0242,-1.0,1.0,-0.4651,0.0,0,1.6,7,0,10,0.0233,0.0,0.0093
51.89,785,17.5,0.4172,1.0,0.0404,-1.0,1.0,-0.7,0.0,0,1.56,11,0,10,0.035,0.0,0.014
51.941,786,17.5,0.3205,0.8835,0.063,-1.0,1.0,-0.7,0.0,0,1.52,16,0,10,0.035,0.0,0.014
51.989,787,17.5,0.2524,1.0,0.0,-1.0,1.0,-0.7,0.0,0,1.48,14,0,10,0.035,0.0,0.014
52.041,788,17.5,0.53,0.5359,0.0,-1.0,1.0,0.0,0.0,0,1.44,18,0,10,0.0,0.0,0.0
52.089,789,17.5,0.8252,0.6809,0.0,-1.0,1.0,0.0,0.0,0,1.4,19,0,10,0.0,0.0,0.0
52.141,790,17.5,0.3592,0.7029,0.3428,-0.0422,1.0,0.0915,0.0,0,1.36,27,0,10,0.0046,0.0,0.0018
52.2,791,17.5,0.344,0.6295,0.074,-1.0,0.9523,-0.1129,0.0,0,1.32,19,0,10,0.0056,0.0,0.0023
52.252,792,17.5,0.3034,0.5589,0.1479,-0.6206,0.8185,0.0,0.0,0,1.28,25,0,10,0.0,0.0,0.0
52.313,793,17.5,0.3636,0.6715,0.4131,0.1147,0.9863,0.0,0.0,0,1.24,38,0,10,0.0,0.0,0.0
52.37,794,17.5,0.2927,0.715,0.4272,0.3365,1.0,0.0,0.0,0,1.2,30,0,10,0.0,0.0,0.0
52.428,795,17.5,0.7357,0.634,0.1563,-1.0,1.0,-0.2303,0.0,0,1.16,25,0,10,0.0115,0.0,0.0046
52.484,796,17.5,0.8744,0.5717,0.0876,-1.0,1.0,-0.1632,0.0,0,1.12,27,0,10,0.0082,0.0,0.0033
52.548,797,17.5,1.0,0.4941,0.0,-1.0,1.0,-0.2209,0.0,0,1.08,28,0,10,0.011,0.0,0.0044
52.62,798,17.5,0.7862,0.5741,0.2644,-0.8939,0.9594,-0.2209,0.0,0,1.04,26,0,10,0.011,0.0,0.0044
52.673,799,17.5,0.9207,0.6275,0.0,-1.0,1.0,-0.1876,0.0,0,1.0,22,0,10,0.0094,0.0,0.0038
52.729,800,17.5,0.9762,0.5839,0.0,-1.0,1.0,-0.1876,0.0,0,1.0,19,0,10,0.0094,0.0,0.0038
52.784,801,17.5,0.9939,0.5681,0.0009,-1.0,1.0,-0.1876,0.0,0,1.0,31,0,10,0.0094,0.0,0.0038
52.837,802,17.5,0.8012,0.7165,0.0,-1.0,1.0,-0.1876,0.0,0,1.0,21,0,10,0.0094,0.0,0.0038
52.89,803,17.5,0.9131,0.5522,0.027,-1.0,0.9752,-0.1876,0.0,0,1.0,21,0,10,0.0094,0.0,0.0038
52.942,804,17.5,0.966,0.4715,0.0577,-1.0,0.937,-0.1876,0.0,0,1.0,30,0,10,0.0094,0.0,0.0038
52.999,805,17.5,0.9624,0.4627,0.0623,-1.0,0.9277,-0.1876,0.0,0,1.0,28,0,10,0.0094,0.0,0.0038
53.052,806,17.5,0.2636,0.9516,0.3396,0.2268,0.9895,-0.2303,0.0,0,1.0,45,0,10,0.0115,0.0,0.0046
53.108,807,17.5,0.444,0.4234,0.5198,0.1416,0.6468,-0.2664,0.0,0,1.0,41,0,10,0.0133,0.0,0.0053
53.172,808,17.5,0.5977,0.5073,0.03,-1.0,0.7608,-0.2664,0.0,0,1.0,26,0,10,0.0133,0.0,0.0053
53.239,809,17.5,0.6462,0.6317,0.1996,-0.9505,0.8926,-0.2141,0.0,0,1.0,24,0,10,0.0107,0.0,0.0043
53.293,810,17.5,0.6926,0.5214,0.2866,-0.7462,0.8258,0.0915,0.0,0,1.0,27,0,10,0.0046,0.0,0.0018
53.356,811,17.9,0.5182,0.5771,0.1665,-0.9246,0.775,-0.2491,0.0,0,1.0,23,0,10,0.0125,0.0,0.005
53.413,812,17.9,0.6758,0.7477,0.0076,-1.0,1.0,-0.2491,0.0,0,1.0,28,0,10,0.0125,0.0,0.005
53.471,813,17.9,0.7624,0.5746,0.1366,-1.0,0.9096,-0.1363,0.0,0,1.0,36,0,10,0.0068,0.0,0.0027
53.533,814,17.9,0.8309,0.7532,0.0326,-1.0,1.0,-0.2471,0.0,0,1.0,35,0,10,0.0124,0.0,0.0049
53.595,815,17.9,0.6218,0.979,0.0382,-1.0,1.0,-0.1876,0.0,0,1.0,32,0,10,0.0094,0.0,0.0038
53.653,816,17.9,0.8871,0.7673,0.0,-1.0,1.0,-0.1876,0.0,0,1.0,36,0,10,0.0094,0.0,0.0038
53.708,817,17.9,0.9552,0.4993,0.0,-1.0,0.9543,-0.1876,0.0,0,1.0,25,0,10,0.0094,0.0,0.0038
53.768,818,17.9,0.8567,0.7488,0.0,-1.0,1.0,-0.1876,0.0,0,1.0,26,0,10,0.0094,0.0,0.0038
53.825,819,17.9,0.7308,0.7718,0.1259,-1.0,1.0,-0.1876,0.0,0,1.0,28,0,10,0.0094,0.0,0.0038
53.887,820,17.9,0.9925,0.4617,0.0,-1.0,0.9436,-0.1876,0.0,0,1.0,22,0,10,0.0094,0.0,0.0038
53.942,821,17.9,0.769,0.6459,0.0182,-1.0,0.9732,-0.2471,0.0,0,1.0,10,0,10,0.0124,0.0,0.0049
54.003,822,17.9,0.7892,0.644,0.031,-1.0,0.9829,-0.1876,0.0,0,1.0,15,0,10,0.0094,0.0,0.0038
54.057,823,17.9,0.7258,0.662,0.0619,-1.0,0.9625,-0.2122,0.0,0,1.0,17,0,10,0.0106,0.0,0.0042
54.108,824,17.9,0.3804,0.7558,0.0161,-1.0,0.8479,-0.2122,0.0,0,1.0,13,0,10,0.0106,0.0,0.0042
54.17,825,17.9,0.7658,0.6725,0.0425,-1.0,0.9938,-0.1716,0.0,0,1.0,10,0,10,0.0086,0.0,0.0034
54.225,826,17.9,0.2141,0.805,0.0878,-0.7532,0.7961,-0.2122,0.0,0,1.0,9,0,10,0.0106,0.0,0.0042
54.275,827,17.9,0.7191,0.5417,0.125,-1.0,0.8577,0.0,0.0,0,1.0,12,0,10,0.0,0.0,0.0
54.33,828,17.9,0.3081,0.8775,0.004,-1.0,0.9096,0.0,0.0,0,1.0,11,0,10,0.0,0.0,0.0
54.389,829,17.9,0.7322,0.7243,0.0197,-1.0,1.0,-0.2664,0.0,0,1.0,15,0,10,0.0133,0.0,0.0053
54.441,830,17.9,0.2712,0.9008,0.0,-1.0,0.9085,-0.2122,0.0,0,1.0,14,0,10,0.0106,0.0,0.0042
54.495,831,17.9,0.4856,0.6338,0.0,-1.0,0.8044,0.0,0.0,0,1.0,13,0,10,0.0,0.0,0.0
54.559,832,17.9,0.553,0.5784,0.0,-1.0,0.7955,0.0,0.0,0,1.0,9,0,10,0.0,0.0,0.0
54.621,833,17.9,0.3335,0.7878,0.0,-1.0,0.8485,-0.1129,0.0,0,1.0,7,0,10,0.0056,0.0,0.0023
54.679,834,17.9,0.6219,0.517,0.0014,-1.0,0.7826,0.0915,0.0,0,1.0,7,0,10,0.0046,0.0,0.0018
54.734,835,17.9,0.7323,0.394,0.0,-1.0,0.741,-0.1876,0.0,0,1.0,8,0,10,0.0094,0.0,0.0038
54.793,836,17.9,0.2705,0.8688,0.0,-1.0,0.8813,-0.2122,0.0,0,1.0,16,0,10,0.0106,0.0,0.0042
54.85,837,17.9,0.7491,0.3768,0.0,-1.0,0.736,-0.2122,0.0,0,1.0,12,0,10,0.0106,0.0,0.0042
54.908,838,17.9,0.5402,0.4298,0.1064,-1.0,0.6636,0.0,0.0,0,1.0,9,0,10,0.0,0.0,0.0
54.958,839,17.9,0.555,0.673,0.0193,-1.0,0.8761,-0.2471,0.0,0,1.0,13,0,10,0.0124,0.0,0.0049
55.017,840,17.9,0.3657,1.0,0.0,-1.0,1.0,0.0915,0.0,0,1.0,17,0,10,0.0046,0.0,0.0018
55.076,841,17.4,0.4396,0.9734,0.0,-1.0,1.0,0.0915,0.0,0,1.0,14,0,10,0.0046,0.0,0.0018
55.143,842,17.4,0.6382,0.9457,0.0,-1.0,1.0,-0.7,0.0,0,1.0,12,0,10,0.035,0.0,0.014
55.2,843,17.4,0.732,0.7934,0.0,-1.0,1.0,-0.4651,0.0,0,1.0,17,0,10,0.0233,0.0,0.0093
55.248,844,17.4,0.7796,0.7404,0.0,-1.0,1.0,-0.2122,0.0,0,1.0,16,0,10,0.0106,0.0,0.0042
55.302,845,17.4,0.7215,0.7209,0.0,-1.0,1.0,-0.2122,0.0,0,1.0,14,0,10,0.0106,0.0,0.0042
55.362,846,17.4,0.922,0.6812,0.0,-1.0,1.0,-0.2122,0.0,0,1.0,18,0,10,0.0106,0.0,0.0042
55.419,847,17.4,0.8741,0.7522,0.0046,-1.0,1.0,-0.1876,0.0,0,1.0,17,0,10,0.0094,0.0,0.0038
55.486,848,17.4,0.778,0.6692,0.0,-1.0,0.9979,-0.1876,0.0,0,1.0,20,0,10,0.0094,0.0,0.0038
55.56,849,17.4,0.8517,0.6856,0.0056,-1.0,1.0,-0.1876,0.0,0,1.0,24,0,10,0.0094,0.0,0.0038
55.634,850,17.4,0.9834,0.5073,0.0,-1.0,0.9769,-0.2303,0.0,0,1.0,16,0,10,0.0115,0.0,0.0046
55.697,851,17.4,1.0,0.4965,0.0,-1.0,0.9771,-0.1876,0.0,0,1.0,19,0,10,0.0094,0.0,0.0038
55.75,852,17.4,0.9372,0.5564,0.0094,-1.0,0.9922,-0.1876,0.0,0,1.0,18,0,10,0.0094,0.0,0.0038
55.811,853,17.4,0.9116,0.7319,0.0,-1.0,1.0,-0.1876,0.0,0,1.0,19,0,10,0.0094,0.0,0.0038
55.87,854,17.4,0.461,0.9894,0.0,-1.0,1.0,-0.1876,0.0,0,1.0,22,0,10,0.0094,0.0,0.0038
55.93,855,17.4,0.3814,1.0,0.0016,-1.0,1.0,-0.1876,0.0,0,1.0,19,0,10,0.0094,0.0,0.0038
55.983,856,17.4,0.3344,1.0,0.0105,-1.0,1.0,-0.4651,0.0,0,1.0,21,0,10,0.0233,0.0,0.0093
56.032,857,17.4,0.1938,1.0,0.0013,-1.0,0.9485,-0.4651,0.0,0,1.0,11,0,10,0.0233,0.0,0.0093
56.08,858,17.4,0.2563,0.9651,0.0029,-1.0,0.9542,0.0,0.0,0,1.0,16,0,10,0.0,0.0,0.0
56.137,859,17.4,0.2089,1.0,0.0087,-1.0,0.957,0.0,0.0,0,1.0,18,0,10,0.0,0.0,0.0
56.195,860,17.4,0.2133,0.9385,0.0223,-1.0,0.9078,0.0,0.0,0,1.0,15,0,10,0.0,0.0,0.0
56.248,861,17.4,0.129,0.9766,0.0699,-0.5348,0.8926,0.0,0.0,0,1.0,13,0,10,0.0,0.0,0.0
56.301,862,17.4,0.0609,0.6247,0.2894,1.0,0.6868,0.0,0.0,0,1.0,16,0,10,0.0,0.0,0.0
56.362,863,17.4,0.1694,0.7223,0.5003,0.8893,0.8869,0.0,0.0,0,1.0,18,0,10,0.0,0.0,0.0
56.415,864,17.4,0.1342,0.7106,0.5331,1.0,0.8954,0.0,0.0,0,1.0,18,0,10,0.0,0.0,0.0
56.476,865,17.4,0.0831,0.6763,0.6484,1.0,0.9312,-0.2303,0.0,0,1.0,16,0,10,0.0115,0.0,0.0046
56.541,866,17.4,0.2744,0.8394,0.0746,-1.0,0.8587,-0.0737,0.0,0,1.0,16,0,10,0.0037,0.0,0.0015
56.604,867,17.4,0.0359,0.7911,0.524,1.0,0.9579,0.0,0.0,0,1.0,17,0,10,0.0,0.0,0.0
56.658,868,17.4,0.045,0.7325,0.5924,1.0,0.947,0.0045,0.0,0,1.0,19,0,10,0.0002,0.0,0.0001
56.707,869,17.4,0.0506,0.7968,0.5084,1.0,0.954,0.0045,0.0,0,1.0,15,0,10,0.0002,0.0,0.0001
56.765,870,17.4,0.0968,0.7987,0.4651,1.0,0.9314,0.0915,0.0,0,1.0,21,0,10,0.0046,0.0,0.0018
56.815,871,17.2,0.7741,0.6081,0.2514,-0.9175,0.9442,0.0045,0.0,0,1.0,19,0,10,0.0002,0.0,0.0001
56.87,872,17.2,0.7819,0.7438,0.001,-1.0,1.0,0.0045,0.0,0,1.0,17,0,10,0.0002,0.0,0.0001
56.921,873,17.2,0.6262,0.7602,0.2491,-0.7756,0.9893,-0.1851,0.0,0,1.0,23,1,10,0.0093,0.0,0.0037
56.975,874,17.2,0.8091,0.7278,0.0051,-1.0,1.0,-0.1309,0.0,0,1.0,19,1,10,0.0065,0.0,0.0026
57.023,875,17.2,0.9058,0.6253,0.0,-1.0,1.0,-0.1309,0.0,0,1.0,18,1,10,0.0065,0.0,0.0026
57.072,876,17.2,0.74,0.7088,0.1356,-1.0,1.0,-0.2156,0.0,0,1.0,21,1,10,0.0108,0.0,0.0043
57.126,877,17.2,0.659,0.7465,0.2119,-0.9241,0.9961,-0.2122,0.0,0,1.0,22,1,10,0.0106,0.0,0.0042
57.183,878,17.2,0.6594,0.7767,0.1709,-1.0,1.0,-0.2122,0.0,0,1.0,21,1,10,0.0106,0.0,0.0042
57.233,879,17.2,0.5799,0.8233,0.0751,-1.0,1.0,-0.1296,0.0,0,1.0,17,1,10,0.0065,0.0,0.0026
57.292,880,17.2,0.7981,0.702,0.0813,-1.0,1.0,0.0915,0.0,0,1.0,21,1,10,0.0046,0.0,0.0018
57.355,881,17.2,0.9622,0.6557,0.0087,-1.0,1.0,-0.2303,0.0,0,1.0,15,1,10,0.0115,0.0,0.0046
57.407,882,17.2,0.939,0.7156,0.0141,-1.0,1.0,-0.2303,0.0,0,1.0,17,1,10,0.0115,0.0,0.0046
57.473,883,17.2,0.9199,0.7426,0.0165,-1.0,1.0,-0.1876,0.0,0,1.0,17,1,10,0.0094,0.0,0.0038
57.541,884,17.2,0.3965,0.7731,0.1823,-0.6663,0.8715,-0.1876,0.0,0,1.0,6,1,10,0.0094,0.0,0.0038
57.601,885,17.2,0.5706,0.6282,0.0,-1.0,0.8473,-0.0737,0.0,0,1.0,9,1,10,0.0037,0.0,0.0015
57.66,886,17.2,0.4087,0.9305,0.0,-1.0,1.0,0.0045,0.0,0,1.0,7,1,10,0.0002,0.0,0.0001
57.717,887,17.2,0.6587,0.2326,0.1938,-0.9815,0.5642,-0.7,0.0,0,1.0,5,1,10,0.035,0.0,0.014
57.768,888,17.2,0.7532,0.2279,0.0,-1.0,0.6132,-0.7,0.0,0,1.0,3,1,10,0.035,0.0,0.014
57.823,889,17.2,0.2355,0.6822,0.1047,-0.6922,0.7049,-0.2303,0.0,0,1.0,4,1,10,0.0115,0.0,0.0046
57.874,890,17.2,0.172,0.2818,0.2783,0.4247,0.3926,0.0,0.0,0,1.0,2,1,10,0.0,0.0,0.0
57.922,891,17.2,0.3071,0.6148,0.4258,0.2916,0.7549,0.0,0.0,0,1.0,4,1,10,0.0,0.0,0.0
57.972,892,17.2,0.2542,0.5957,0.4229,0.4484,0.7372,0.0,0.0,0,1.0,3,1,10,0.0,0.0,0.0
58.026,893,17.2,0.102,0.7029,0.4298,1.0,0.8311,-0.2156,0.0,0,1.0,3,1,10,0.0108,0.0,0.0043
58.081,894,17.2,0.3111,0.6406,0.4433,0.3153,0.7863,-0.7,0.0,0,1.0,5,1,10,0.035,0.0,0.014
58.137,895,17.2,0.3201,0.6331,0.455,0.3132,0.7866,-0.7,0.0,0,1.0,5,1,10,0.035,0.0,0.014
58.192,896,17.2,0.291,0.6488,0.4682,0.4203,0.8072,-0.1967,0.0,0,1.0,7,1,10,0.0098,0.0,0.0039
58.252,897,17.2,0.2833,0.5639,0.5524,0.5796,0.783,-0.1235,0.0,0,1.0,5,1,10,0.0062,0.0,0.0025
58.311,898,17.2,0.4112,0.0436,0.0,-1.0,0.2669,-0.1363,0.0,0,1.0,1,1,10,0.0068,0.0,0.0027
58.37,899,17.2,0.2098,0.7757,0.1372,-0.3766,0.7691,-0.1363,0.0,0,1.0,4,1,10,0.0068,0.0,0.0027
58.426,900,17.2,0.2801,0.879,0.024,-1.0,0.8952,-0.7,0.0,0,1.0,3,1,10,0.035,0.0,0.014
58.488,901,18.1,0.1542,0.9251,0.2786,0.5175,0.9331,0.0,0.0,0,1.0,3,1,10,0.0,0.0,0.0
58.547,902,18.1,0.0736,0.5182,0.1411,0.5657,0.5143,0.0,0.0,0,1.0,2,1,10,0.0,0.0,0.0
58.601,903,18.1,0.0,0.3791,0.6177,1.0,0.6644,0.0,0.0,0,1.0,2,1,10,0.0,0.0,0.0
58.658,904,18.1,0.1825,0.5107,0.5882,0.9475,0.7584,-0.2303,0.0,0,1.0,5,1,10,0.0115,0.0,0.0046
58.702,905,18.1,0.1771,0.424,0.6801,1.0,0.737,-0.2303,0.0,0,1.0,5,1,10,0.0115,0.0,0.0046
58.756,906,18.1,0.0923,0.496,0.7513,1.0,0.8374,-0.2471,0.0,0,1.0,6,1,10,0.0124,0.0,0.0049
58.807,907,18.1,0.3077,0.3425,0.2953,-0.0371,0.46,-0.1967,0.0,0,1.0,5,1,10,0.0098,0.0,0.0039
58.856,908,18.1,0.2579,0.3137,0.0948,-0.8324,0.4079,-0.1967,0.0,0,1.0,2,1,10,0.0098,0.0,0.0039
58.907,909,18.1,0.0,0.7406,0.2175,1.0,0.7439,0.0,0.0,0,1.0,3,1,10,0.0,0.0,0.0
58.958,910,18.1,0.0,0.2576,0.4111,1.0,0.4466,0.0,0.0,0,1.0,2,1,10,0.0,0.0,0.0
59.006,911,18.1,0.0,0.7029,0.2143,1.0,0.7105,-0.7,0.0,0,1.0,3,1,10,0.035,0.0,0.014
59.061,912,18.1,0.3356,0.2738,0.1308,-0.7906,0.4179,-0.7,0.0,0,1.0,2,1,10,0.035,0.0,0.014
59.12,913,18.1,0.4967,0.4761,0.0391,-1.0,0.678,0.0,0.0,0,1.0,8,1,10,0.0,0.0,0.0
59.176,914,18.1,0.2155,0.7577,0.1626,-0.2517,0.7572,0.0,0.0,0,1.0,7,1,10,0.0,0.0,0.0
59.238,915,18.1,0.5927,0.2889,0.0696,-1.0,0.5746,0.0,0.0,0,1.0,4,1,10,0.0,0.0,0.0
59.292,916,18.1,0.3761,0.701,0.0226,-1.0,0.7995,0.0915,0.0,0,1.0,7,1,10,0.0046,0.0,0.0018
59.358,917,18.1,0.3547,0.3809,0.2897,-0.1818,0.5186,0.0,0.0,0,1.0,5,1,10,0.0,0.0,0.0
59.418,918,18.1,0.064,0.6122,0.5857,1.0,0.8422,-0.2441,0.0,0,1.0,4,1,10,0.0122,0.0,0.0049
59.477,919,18.1,0.2238,0.3523,0.503,0.6915,0.5776,-0.2441,0.0,0,1.0,7,1,10,0.0122,0.0,0.0049
59.544,920,18.1,0.2588,0.3105,0.5495,0.6474,0.5685,0.0915,0.0,0,1.0,7,1,10,0.0046,0.0,0.0018
59.61,921,18.1,0.1874,0.4794,0.5829,0.9242,0.7291,-0.1464,0.0,0,1.0,10,1,10,0.0073,0.0,0.0029
59.673,922,18.1,0.1774,0.4481,0.5272,0.8935,0.6716,-0.2122,0.0,0,1.0,5,1,10,0.0106,0.0,0.0042
59.726,923,18.1,0.1834,0.6982,0.3247,0.5005,0.7683,-0.1612,0.0,0,1.0,5,1,10,0.0081,0.0,0.0032
59.781,924,18.1,0.2122,0.4071,0.6709,0.9349,0.7176,-0.1612,0.0,0,1.0,6,1,10,0.0081,0.0,0.0032
59.828,925,18.1,0.1015,0.6564,0.6977,1.0,1.0,0.0,0.0,0,1.6,6,0,11,0.0,0.0,0.0
59.884,926,18.1,0.2178,0.4689,0.6203,0.8646,1.0,-0.158,0.0,0,1.56,6,0,11,0.0079,0.0,0.0032
59.931,927,18.1,0.3354,0.1539,0.0,-1.0,0.4821,-0.158,0.0,0,1.52,1,0,11,0.0079,0.0,0.0032
59.98,928,18.1,0.3355,0.154,0.0,-1.0,0.4694,-0.1198,0.0,0,1.48,1,0,11,0.006,0.0,0.0024
60.032,929,18.1,0.0,0.2237,0.2391,1.0,0.4634,0.0,0.0,0,1.44,1,0,11,0.0,0.0,0.0
60.079,930,18.1,0.0,0.2578,0.7556,1.0,0.8955,0.0,0.0,0,1.4,2,0,11,0.0,0.0,0.0
60.133,931,18.1,0.0,0.2912,0.7287,1.0,0.8876,0.0,0.0,0,1.36,2,0,11,0.0,0.0,0.0
60.179,932,18.1,0.0,0.2462,0.4467,1.0,0.6032,-0.1967,0.0,0,1.32,2,0,11,0.0098,0.0,0.0039
60.23,933,18.1,0.0,0.2398,0.4558,1.0,0.5845,-0.1967,0.0,0,1.28,2,0,11,0.0098,0.0,0.0039
60.281,934,18.1,0.0,0.0319,0.6263,1.0,0.4682,-0.2303,0.0,0,1.24,2,0,11,0.0115,0.0,0.0046
60.331,935,18.1,0.0,0.0556,0.6054,1.0,0.4628,-0.2303,0.0,0,1.2,2,0,11,0.0115,0.0,0.0046
60.383,936,18.1,0.0,0.219,0.7134,1.0,0.6768,0.0045,0.0,0,1.16,5,0,11,0.0002,0.0,0.0001
60.432,937,18.1,0.2103,0.6221,0.1846,-0.1174,0.7172,0.0045,0.0,0,1.12,10,0,11,0.0002,0.0,0.0001
60.482,938,18.1,0.4457,0.5326,0.275,-0.4262,0.7527,0.0,0.0,0,1.08,8,0,11,0.0,0.0,0.0
60.548,939,18.1,0.0773,0.2814,0.5961,1.0,0.593,-0.2664,0.0,0,1.04,7,0,11,0.0133,0.0,0.0053
60.604,940,18.1,0.4493,0.595,0.0882,-1.0,0.7514,0.0915,0.0,0,1.0,10,0,11,0.0046,0.0,0.0018
60.661,941,18.1,0.1887,0.602,0.2043,0.0716,0.6201,0.0915,0.0,0,1.0,9,0,11,0.0046,0.0,0.0018
60.717,942,18.1,0.0,0.2074,0.7211,1.0,0.5781,-0.1967,0.0,0,1.0,9,0,11,0.0098,0.0,0.0039
60.774,943,18.1,0.0504,0.2561,0.6586,1.0,0.5839,-0.1235,0.0,0,1.0,8,0,11,0.0062,0.0,0.0025
60.825,944,18.1,0.0992,0.7083,0.1661,0.4538,0.688,0.0045,0.0,0,1.0,10,0,11,0.0002,0.0,0.0001
60.884,945,18.1,0.1094,0.2981,0.5716,1.0,0.5705,0.0045,0.0,0,1.0,8,0,11,0.0002,0.0,0.0001
60.944,946,18.1,0.1278,0.7067,0.2086,0.4324,0.7105,0.0,0.0,0,1.0,9,0,11,0.0,0.0,0.0
60.999,947,18.1,0.1603,0.7912,0.1569,-0.0194,0.7543,0.0915,0.0,0,1.0,9,0,11,0.0046,0.0,0.0018
61.047,948,18.1,0.0542,0.6439,0.3614,1.0,0.7432,0.0,0.0,0,1.0,10,0,11,0.0,0.0,0.0
61.098,949,18.1,0.1534,0.7359,0.1968,0.2229,0.7284,0.0,0.0,0,1.0,12,0,11,0.0,0.0,0.0
61.166,950,18.1,0.1287,0.6738,0.2773,0.6586,0.7213,-0.7,0.0,0,1.0,13,0,11,0.035,0.0,0.014
61.228,951,18.1,0.2704,0.5699,0.1879,-0.3238,0.6301,0.0,0.0,0,1.0,16,0,11,0.0,0.0,0.0
61.283,952,18.1,0.2023,0.7136,0.1683,-0.1649,0.7127,-0.4651,0.0,0,1.0,16,0,11,0.0233,0.0,0.0093
61.35,953,18.1,0.2226,0.8136,0.0914,-0.7525,0.8081,0.0,0.0,0,1.0,14,0,11,0.0,0.0,0.0
61.41,954,18.1,0.1356,0.4135,0.5491,1.0,0.6549,0.0,0.0,0,1.0,16,0,11,0.0,0.0,0.0
61.471,955,18.1,0.2856,0.5584,0.4995,0.4903,0.7487,0.0045,0.0,0,1.0,13,0,11,0.0002,0.0,0.0001
61.529,956,18.1,0.2985,0.3644,0.5049,0.4624,0.5888,-0.2825,0.0,0,1.0,13,0,11,0.0141,0.0,0.0056
61.586,957,18.1,0.1711,0.4723,0.6846,1.0,0.7801,-0.2825,0.0,0,1.0,13,0,11,0.0141,0.0,0.0056
61.642,958,18.1,0.2351,0.5528,0.5457,0.716,0.77,-0.0395,0.0,0,1.0,15,0,11,0.002,0.0,0.0008
61.699,959,18.1,0.5099,0.5908,0.0358,-1.0,0.7818,-0.1967,0.0,0,1.0,13,0,11,0.0098,0.0,0.0039
61.754,960,18.1,0.6041,0.5351,0.0193,-1.0,0.7877,-0.1967,0.0,0,1.0,9,0,11,0.0098,0.0,0.0039
61.814,961,17.9,0.5261,0.3228,0.2608,-0.6068,0.5657,-0.0835,0.0,0,1.0,10,0,11,0.0042,0.0,0.0017
61.866,962,17.9,0.9013,0.4121,0.0373,-1.0,0.8509,0.0045,0.0,0,1.0,13,0,11,0.0002,0.0,0.0001
61.915,963,17.9,0.3369,0.5972,0.0759,-1.0,0.6903,-0.1876,0.0,0,1.0,10,0,11,0.0094,0.0,0.0038
61.971,964,17.9,0.1423,1.0,0.0518,-0.8391,0.9197,-0.1876,0.0,0,1.0,11,0,11,0.0094,0.0,0.0038
62.023,965,17.9,0.0,1.0,0.1483,1.0,0.923,0.0,0.0,0,1.0,10,0,11,0.0,0.0,0.0
62.073,966,17.9,0.0,0.8019,0.3453,1.0,0.8669,0.0,0.0,0,1.0,9,0,11,0.0,0.0,0.0
62.123,967,17.9,0.0,0.7303,0.2673,1.0,0.7631,0.0,0.0,0,1.0,6,0,11,0.0,0.0,0.0
62.176,968,17.9,0.0695,0.8434,0.5101,1.0,0.9941,0.0,0.0,0,1.0,11,0,11,0.0,0.0,0.0
62.233,969,17.9,0.0098,0.6642,0.3092,1.0,0.731,0.0,0.0,0,1.0,8,0,11,0.0,0.0,0.0
62.292,970,17.9,0.0198,0.7405,0.5428,1.0,0.926,0.0,0.0,0,1.0,10,0,11,0.0,0.0,0.0
62.349,971,17.9,0.0,0.7725,0.3281,1.0,0.8326,0.0045,0.0,0,1.0,12,0,11,0.0002,0.0,0.0001
62.411,972,17.9,0.0022,0.5854,0.7177,1.0,0.8937,0.0,0.0,0,1.0,14,0,11,0.0,0.0,0.0
62.469,973,17.9,0.0,0.6683,0.3326,1.0,0.7476,-0.1235,0.0,0,1.0,10,0,11,0.0062,0.0,0.0025
62.528,974,17.9,0.0228,0.7871,0.5244,1.0,0.9548,-0.1235,0.0,0,1.0,12,0,11,0.0062,0.0,0.0025
62.587,975,17.9,0.0918,0.7754,0.2095,0.703,0.7687,0.0,0.0,0,1.0,9,0,11,0.0,0.0,0.0
62.644,976,17.9,0.009,0.903,0.2376,1.0,0.8916,0.0045,0.0,0,1.0,11,0,11,0.0002,0.0,0.0001
62.699,977,17.9,0.0994,0.7289,0.4237,1.0,0.8496,0.0,0.0,0,1.0,13,0,11,0.0,0.0,0.0
62.754,978,17.9,0.2018,0.7572,0.0382,-1.0,0.749,-0.7,0.0,0,1.0,10,0,11,0.035,0.0,0.014
62.811,979,17.9,0.1925,0.715,0.0736,-0.804,0.7084,0.0,0.0,0,1.0,8,0,11,0.0,0.0,0.0
62.87,980,17.9,0.3525,0.6417,0.0238,-1.0,0.7365,0.0,0.0,0,1.0,19,0,11,0.0,0.0,0.0
62.926,981,17.9,0.1854,0.6725,0.2541,0.2815,0.7072,0.0,0.0,0,1.0,11,0,11,0.0,0.0,0.0
62.985,982,17.9,0.1775,0.6726,0.2427,0.2793,0.7009,0.0045,0.0,0,1.0,10,0,11,0.0002,0.0,0.0001
63.041,983,17.9,0.3981,0.9573,0.0597,-1.0,1.0,-0.4651,0.0,0,1.0,15,0,11,0.0233,0.0,0.0093
63.104,984,17.9,0.0997,0.92,0.1311,0.2448,0.8462,-0.7,0.0,0,1.0,17,0,11,0.035,0.0,0.014
63.16,985,17.9,0.1939,0.7636,0.1554,-0.1981,0.75,0.0,0.0,0,1.0,14,0,11,0.0,0.0,0.0
63.219,986,17.9,0.1124,0.8386,0.2465,0.6725,0.8425,0.0,0.0,0,1.0,19,0,11,0.0,0.0,0.0
63.276,987,17.9,0.1481,0.8902,0.0509,-0.8789,0.8307,0.0,0.0,0,1.0,12,0,11,0.0,0.0,0.0
63.336,988,17.9,0.3236,0.7725,0.0,-1.0,0.8301,0.0,0.0,0,1.0,12,0,11,0.0,0.0,0.0
63.395,989,17.9,0.2357,0.8513,0.0365,-1.0,0.8471,0.0,0.0,0,1.0,13,0,11,0.0,0.0,0.0
63.452,990,17.9,0.1121,0.5482,0.388,0.9928,0.6778,0.0,0.0,0,1.0,16,0,11,0.0,0.0,0.0
63.517,991,17.7,0.1981,0.3915,0.439,0.6805,0.5747,0.0,0.0,0,1.0,12,0,11,0.0,0.0,0.0
63.583,992,17.7,0.1101,1.0,0.1319,0.1617,0.9139,-0.1876,0.0,0,1.0,16,0,11,0.0094,0.0,0.0038
63.644,993,17.7,0.0512,1.0,0.1267,0.7637,0.9109,0.0,0.0,0,1.0,20,0,11,0.0,0.0,0.0
63.701,994,17.7,0.3964,0.6803,0.0429,-1.0,0.7934,0.0,0.0,0,1.0,12,0,11,0.0,0.0,0.0
63.761,995,17.7,0.6761,0.634,0.0118,-1.0,0.9111,-0.7,0.0,0,1.0,18,0,11,0.035,0.0,0.014
63.817,996,17.7,0.6836,0.8691,0.0154,-1.0,1.0,-0.0737,0.0,0,1.0,15,0,11,0.0037,0.0,0.0015
63.877,997,17.7,0.7727,0.7058,0.0,-1.0,1.0,-0.0737,0.0,0,1.0,15,0,11,0.0037,0.0,0.0015
63.937,998,17.7,0.5035,0.8696,0.0738,-1.0,1.0,-0.0737,0.0,0,1.0,10,0,11,0.0037,0.0,0.0015
63.995,999,17.7,0.4025,0.6371,0.1814,-0.6817,0.7606,-0.2471,0.0,0,1.0,12,0,11,0.0124,0.0,0.0049
64.049,1000,17.7,0.1333,1.0,0.0312,-1.0,0.9147,-0.1235,0.0,0,1.0,11,0,11,0.0062,0.0,0.0025
64.098,1001,17.7,0.5977,0.741,0.0,-1.0,0.9571,0.0,0.0,0,1.0,11,0,11,0.0,0.0,0.0
64.151,1002,17.7,0.5084,0.6234,0.0,-1.0,0.8083,0.0,0.0,0,1.0,10,0,11,0.0,0.0,0.0
64.207,1003,17.7,0.3402,0.625,0.0471,-1.0,0.7155,0.0915,0.0,0,1.0,7,0,11,0.0046,0.0,0.0018
64.256,1004,17.7,0.1995,0.82,0.0674,-0.8906,0.8005,0.0,0.0,0,1.0,10,0,11,0.0,0.0,0.0
64.312,1005,17.7,0.0211,0.7775,0.302,1.0,0.8222,0.0,0.0,0,1.0,8,0,11,0.0,0.0,0.0
64.378,1006,17.7,0.0482,0.7177,0.2621,1.0,1.0,0.0,0.0,0,1.6,9,0,12,0.0,0.0,0.0
64.433,1007,17.7,0.0143,0.7015,0.2764,1.0,1.0,0.0,0.0,0,1.56,6,0,12,0.0,0.0,0.0
64.494,1008,17.7,0.0294,0.7938,0.3385,1.0,1.0,0.0,0.0,0,1.52,6,0,12,0.0,0.0,0.0
64.553,1009,17.7,0.0314,0.7425,0.2841,1.0,1.0,0.0,0.0,0,1.48,9,0,12,0.0,0.0,0.0
64.619,1010,17.7,0.1917,0.9108,0.0656,-0.8819,1.0,0.0,0.0,0,1.44,11,0,12,0.0,0.0,0.0
64.675,1011,17.7,0.4594,0.9614,0.0055,-1.0,1.0,0.0,0.0,0,1.4,12,0,12,0.0,0.0,0.0
64.735,1012,17.7,0.0649,0.9647,0.1166,0.5129,1.0,-0.1967,0.0,0,1.36,12,0,12,0.0098,0.0,0.0039
64.795,1013,17.7,0.1487,0.708,0.1741,0.1415,0.9137,0.0,0.0,0,1.32,9,0,12,0.0,0.0,0.0
64.852,1014,17.7,0.0479,0.6364,0.4799,1.0,1.0,0.0,0.0,0,1.28,15,0,12,0.0,0.0,0.0
64.911,1015,17.7,0.3428,0.6699,0.0328,-1.0,0.9358,0.0,0.0,0,1.24,9,0,12,0.0,0.0,0.0
64.97,1016,17.7,0.1975,0.6285,0.2334,0.1499,0.7904,-0.1129,0.0,0,1.2,12,0,12,0.0056,0.0,0.0023
65.024,1017,17.7,0.1982,0.5931,0.2948,0.3527,0.7694,0.0,0.0,0,1.16,9,0,12,0.0,0.0,0.0
65.074,1018,17.7,0.2106,0.5066,0.3361,0.4131,0.6874,-0.2773,0.0,0,1.12,5,0,12,0.0139,0.0,0.0055
65.129,1019,17.7,0.3154,0.7278,0.0354,-1.0,0.851,-0.2773,0.0,0,1.08,10,0,12,0.0139,0.0,0.0055
65.184,1020,17.7,0.2008,0.8284,0.0585,-0.9881,0.8406,-0.2303,0.0,0,1.04,12,0,12,0.0115,0.0,0.0046
65.243,1021,17.3,0.2902,0.815,0.0108,-1.0,0.8471,0.0,0.0,0,1.0,11,0,12,0.0,0.0,0.0
65.299,1022,17.3,0.3472,0.8934,0.0,-1.0,0.9449,0.0,0.0,0,1.0,10,0,12,0.0,0.0,0.0
65.355,1023,17.3,0.3064,0.9245,0.0,-1.0,0.9481,0.0,0.0,0,1.0,9,0,12,0.0,0.0,0.0
65.421,1024,17.3,0.2549,0.3386,0.3971,0.3926,0.5068,0.0,0.0,0,1.0,4,0,12,0.0,0.0,0.0
65.478,1025,17.3,0.1363,0.962,0.0002,-1.0,0.8844,0.0,0.0,0,1.0,8,0,12,0.0,0.0,0.0
65.537,1026,17.3,0.0935,0.9237,0.0575,-0.4287,0.8282,-0.2303,0.0,0,1.0,9,0,12,0.0115,0.0,0.0046
65.595,1027,17.3,0.183,0.6103,0.0072,-1.0,0.6151,0.0,0.0,0,1.0,2,0,12,0.0,0.0,0.0
65.651,1028,17.3,0.5061,0.6032,0.0033,-1.0,0.7901,0.0,0.0,0,1.0,8,0,12,0.0,0.0,0.0
65.706,1029,17.3,0.1611,1.0,0.0109,-1.0,0.9302,0.0045,0.0,0,1.0,7,0,12,0.0002,0.0,0.0001
65.759,1030,17.3,0.1762,0.9809,0.0,-1.0,0.9226,0.0,0.0,0,1.0,10,0,12,0.0,0.0,0.0
65.818,1031,17.3,0.0736,0.7111,0.3046,1.0,0.7679,0.0,0.0,0,1.0,6,0,12,0.0,0.0,0.0
65.883,1032,17.3,0.0821,0.6046,0.3449,1.0,0.701,0.0,0.0,0,1.0,4,0,12,0.0,0.0,0.0
65.933,1033,17.3,0.1275,0.5041,0.284,0.6844,0.5825,0.0,0.0,0,1.0,5,0,12,0.0,0.0,0.0
66.0,1034,17.3,0.4838,0.615,0.0897,-1.0,0.7875,0.0,0.0,0,1.0,7,0,12,0.0,0.0,0.0
66.069,1035,17.3,0.062,0.6158,0.4528,1.0,0.7708,0.0045,0.0,0,1.0,5,0,12,0.0002,0.0,0.0001
66.132,1036,17.3,0.119,0.6559,0.2632,0.6792,0.6984,-0.1129,0.0,0,1.0,5,0,12,0.0056,0.0,0.0023
66.185,1037,17.3,0.0643,0.6745,0.2774,1.0,0.7219,0.0,0.0,0,1.0,7,0,12,0.0,0.0,0.0
66.247,1038,17.3,0.5808,0.4734,0.0766,-1.0,0.7229,0.0,0.0,0,1.0,6,0,12,0.0,0.0,0.0
66.301,1039,17.3,0.1148,0.7358,0.1085,-0.0508,0.6823,0.0915,0.0,0,1.0,7,0,12,0.0046,0.0,0.0018
66.37,1040,17.3,0.109,0.6031,0.25,0.7073,0.6466,0.0,0.0,0,1.0,5,0,12,0.0,0.0,0.0
66.429,1041,17.3,0.3577,0.4993,0.1932,-0.5372,0.6197,0.0,0.0,0,1.0,4,0,12,0.0,0.0,0.0
66.488,1042,17.3,0.5595,0.4081,0.0607,-1.0,0.6561,0.0,0.0,0,1.0,3,0,12,0.0,0.0,0.0
66.546,1043,17.3,0.2564,0.7425,0.1286,-0.5972,0.7673,0.0045,0.0,0,1.0,4,0,12,0.0002,0.0,0.0001
66.606,1044,17.3,0.2549,0.4457,0.3577,0.3019,0.5747,0.0,0.0,0,1.0,6,0,12,0.0,0.0,0.0
66.662,1045,17.3,0.1917,0.5955,0.1112,-0.4788,0.6076,0.0045,0.0,0,1.0,3,0,12,0.0002,0.0,0.0001
66.717,1046,17.3,0.3299,0.1295,0.337,0.0193,0.2976,0.0045,0.0,0,1.0,3,0,12,0.0002,0.0,0.0001
66.763,1047,17.3,0.3301,0.241,0.3653,0.0913,0.407,0.0,0.0,0,1.0,4,0,12,0.0,0.0,0.0
66.825,1048,17.3,0.3307,0.2023,0.3445,0.0368,0.3629,0.0045,0.0,0,1.0,4,0,12,0.0002,0.0,0.0001
66.876,1049,17.3,0.3416,0.6251,0.1057,-0.9492,0.7163,0.0,0.0,0,1.0,5,0,12,0.0,0.0,0.0
66.923,1050,17.3,0.4416,0.3982,0.2714,-0.4296,0.5818,0.0,0.0,0,1.0,7,0,12,0.0,0.0,0.0
66.975,1051,17.3,0.4657,0.4872,0.1964,-0.7319,0.67,0.0,0.0,0,1.0,5,0,12,0.0,0.0,0.0
67.025,1052,17.3,0.672,0.3684,0.0954,-1.0,0.6858,-0.1876,0.0,0,1.0,6,0,12,0.0094,0.0,0.0038
67.076,1053,17.3,0.4164,0.3197,0.3207,-0.2338,0.5017,-0.1876,0.0,0,1.0,4,0,12,0.0094,0.0,0.0038
67.135,1054,17.3,0.178,0.7431,0.296,0.4483,0.7899,-0.1363,0.0,0,1.0,3,0,12,0.0068,0.0,0.0027
67.193,1055,17.3,0.4632,0.9288,0.0468,-1.0,1.0,0.0,0.0,0,1.0,7,0,12,0.0,0.0,0.0
67.253,1056,17.3,0.6519,0.2188,0.2309,-0.8582,0.5489,-0.1129,0.0,0,1.0,6,0,12,0.0056,0.0,0.0023
67.308,1057,17.3,0.7617,0.4087,0.147,-1.0,0.7698,-0.1716,0.0,0,1.0,5,0,12,0.0086,0.0,0.0034
67.356,1058,17.3,0.4033,0.0849,0.0,-1.0,0.2972,-0.1716,0.0,0,1.0,1,0,12,0.0086,0.0,0.0034
67.408,1059,17.3,0.4904,0.4251,0.0895,-1.0,0.6317,-0.1967,0.0,0,1.0,5,0,12,0.0098,0.0,0.0039
67.459,1060,17.3,0.9547,0.3723,0.0833,-1.0,0.8474,-0.1129,0.0,0,1.0,5,0,12,0.0056,0.0,0.0023
67.521,1061,17.3,0.3971,0.3905,0.1324,-0.8996,0.5504,-0.1129,0.0,0,1.0,3,0,12,0.0056,0.0,0.0023
67.582,1062,17.3,0.5874,0.4023,0.0,-1.0,0.6669,-0.2099,0.0,0,1.0,4,0,12,0.0105,0.0,0.0042
67.641,1063,17.3,0.3875,0.5025,0.1011,-1.0,0.6391,-0.7,0.0,0,1.0,4,0,12,0.035,0.0,0.014
67.702,1064,17.3,0.3327,0.5605,0.0,-1.0,0.6571,-0.7,0.0,0,1.0,3,0,12,0.035,0.0,0.014
67.757,1065,17.3,0.1418,0.7251,0.0,-1.0,0.6885,0.0,0.0,0,1.0,3,0,12,0.0,0.0,0.0
67.806,1066,17.3,0.3802,0.9449,0.0037,-1.0,1.0,0.0,0.0,0,1.0,4,0,12,0.0,0.0,0.0
67.859,1067,17.3,0.0207,0.6947,0.0316,0.3764,0.6012,0.0,0.0,0,1.0,2,0,12,0.0,0.0,0.0
67.917,1068,17.3,0.7835,0.6391,0.007,-1.0,0.9756,-0.7,0.0,0,1.0,7,0,12,0.035,0.0,0.014
67.968,1069,17.3,0.4903,0.8606,0.0472,-1.0,0.9975,-0.2122,0.0,0,1.0,6,0,12,0.0106,0.0,0.0042
68.025,1070,17.3,0.5972,0.818,0.0445,-1.0,1.0,0.0045,0.0,0,1.0,8,0,12,0.0002,0.0,0.0001
68.073,1071,17.3,0.0596,0.9488,0.2606,1.0,0.943,0.0045,0.0,0,1.0,6,0,12,0.0002,0.0,0.0001
68.126,1072,17.3,0.2634,0.7826,0.2607,-0.0094,0.8049,0.0915,0.0,0,1.0,7,0,12,0.0046,0.0,0.0018
68.194,1073,17.3,0.1243,0.8755,0.3423,0.8411,0.9271,0.0,0.0,0,1.0,7,0,12,0.0,0.0,0.0
68.254,1074,17.3,0.2425,0.8122,0.3484,0.3226,0.8773,0.0,0.0,0,1.0,6,0,12,0.0,0.0,0.0
68.307,1075,17.3,0.1389,0.733,0.3552,0.7882,0.8146,0.0045,0.0,0,1.0,10,0,12,0.0002,0.0,0.0001
68.359,1076,17.3,0.0139,0.8267,0.385,1.0,0.91,0.0045,0.0,0,1.0,11,0,12,0.0002,0.0,0.0001
68.415,1077,17.3,0.1671,0.7504,0.3058,0.5278,0.8016,-0.7,0.0,0,1.0,8,0,12,0.035,0.0,0.014
68.474,1078,17.3,0.0,0.8504,0.3326,1.0,0.9006,-0.4651,0.0,0,1.0,3,0,12,0.0233,0.0,0.0093
68.536,1079,17.3,0.0921,0.6712,0.2201,0.7378,0.687,0.0,0.0,0,1.0,2,0,12,0.0,0.0,0.0
68.595,1080,17.3,0.3537,1.0,0.1258,-0.8555,1.0,0.0,0.0,0,1.0,6,0,12,0.0,0.0,0.0
68.655,1081,17.9,0.507,1.0,0.0486,-1.0,1.0,-0.7,0.0,0,1.0,4,0,12,0.035,0.0,0.014
68.708,1082,17.9,0.3485,0.6417,0.0088,-1.0,0.7342,-0.0835,0.0,0,1.0,3,0,12,0.0042,0.0,0.0017
68.757,1083,17.9,0.0996,1.0,0.288,0.8748,1.0,-0.0835,0.0,0,1.0,4,0,12,0.0042,0.0,0.0017
68.807,1084,17.9,0.3617,1.0,0.0114,-1.0,1.0,0.0,0.0,0,1.0,8,0,12,0.0,0.0,0.0
68.856,1085,17.9,0.4545,0.7076,0.0137,-1.0,0.8489,-0.7,0.0,0,1.0,4,0,12,0.035,0.0,0.014
68.905,1086,17.9,0.2951,0.8139,0.3079,0.0382,0.8561,-0.7,0.0,0,1.0,6,0,12,0.035,0.0,0.014
68.955,1087,17.9,0.2862,0.6882,0.0,-1.0,0.7383,-0.1967,0.0,0,1.0,3,0,12,0.0098,0.0,0.0039
69.007,1088,17.9,0.1234,0.8484,0.4046,0.9588,0.9392,0.0,0.0,0,1.0,5,0,12,0.0,0.0,0.0
69.056,1089,17.9,0.2295,1.0,0.1383,-0.4461,0.9685,0.0,0.0,0,1.0,11,0,12,0.0,0.0,0.0
69.106,1090,17.9,0.0033,0.9651,0.4662,1.0,1.0,-0.7,0.0,0,1.0,6,0,12,0.035,0.0,0.014
69.155,1091,17.9,0.0011,0.953,0.4894,1.0,1.0,-0.1129,0.0,0,1.0,7,0,12,0.0056,0.0,0.0023
69.207,1092,17.9,0.0,0.9764,0.1048,1.0,0.8789,-0.1129,0.0,0,1.0,3,0,12,0.0056,0.0,0.0023
69.26,1093,17.9,0.435,1.0,0.0235,-1.0,1.0,-0.1129,0.0,0,1.0,4,0,12,0.0056,0.0,0.0023
69.317,1094,17.9,0.0864,1.0,0.0477,-0.5197,0.8884,-0.4651,0.0,0,1.0,8,0,12,0.0233,0.0,0.0093
69.373,1095,17.9,0.0575,1.0,0.0373,-0.3836,0.8722,0.0,0.0,0,1.0,4,1,12,0.0,0.0,0.0
69.432,1096,17.9,0.0786,1.0,0.01,-1.0,0.884,0.0,0.0,0,1.0,6,1,12,0.0,0.0,0.0
69.484,1097,17.9,0.0,1.0,0.0562,1.0,0.8715,0.0,0.0,0,1.0,5,1,12,0.0,0.0,0.0
69.546,1098,17.9,0.0,1.0,0.0514,1.0,0.8688,0.0,0.0,0,1.0,3,1,12,0.0,0.0,0.0
69.604,1099,17.9,0.0,1.0,0.057,1.0,0.8719,0.0,0.0,0,1.0,3,1,12,0.0,0.0,0.0
69.661,1100,17.9,0.0405,1.0,0.0332,-0.1788,0.8627,0.0,0.0,0,1.0,4,1,12,0.0,0.0,0.0
69.715,1101,17.9,0.0201,1.0,0.0799,1.0,0.8847,0.0,0.0,0,1.0,6,1,12,0.0,0.0,0.0
69.765,1102,17.9,0.0441,1.0,0.0226,-0.5787,0.8647,0.0,0.0,0,1.0,3,1,12,0.0,0.0,0.0
69.814,1103,17.9,0.4263,1.0,0.0265,-1.0,1.0,0.0,0.0,0,1.0,6,1,12,0.0,0.0,0.0
69.865,1104,17.9,0.497,0.9081,0.0228,-1.0,1.0,0.0,0.0,0,1.0,4,1,12,0.0,0.0,0.0
69.913,1105,17.9,0.3618,1.0,0.0456,-1.0,1.0,-0.7,0.0,0,1.0,7,1,12,0.035,0.0,0.014
69.964,1106,17.9,0.3583,1.0,0.0313,-1.0,1.0,-0.7,0.0,0,1.0,5,1,12,0.035,0.0,0.014
70.015,1107,17.9,0.0,1.0,0.3027,1.0,1.0,-0.7,0.0,0,1.0,6,1,12,0.035,0.0,0.014
70.064,1108,17.9,0.0027,0.9916,0.4732,1.0,1.0,-0.7,0.0,0,1.0,6,1,12,0.035,0.0,0.014
70.116,1109,17.9,0.0,1.0,0.285,1.0,0.9996,0.0,0.0,0,1.0,3,1,12,0.0,0.0,0.0
70.163,1110,17.9,0.0,0.7066,0.0173,1.0,0.6032,0.0,0.0,0,1.0,1,1,12,0.0,0.0,0.0
70.237,1111,19.1,0.0,1.0,0.0757,1.0,0.8824,0.0,0.0,0,1.0,6,1,12,0.0,0.0,0.0
70.305,1112,19.1,0.0071,1.0,0.0812,1.0,0.8855,0.0,0.0,0,1.0,10,1,12,0.0,0.0,0.0
70.358,1113,19.1,0.0,1.0,0.0757,1.0,0.8824,0.0,0.0,0,1.0,4,1,12,0.0,0.0,0.0
70.416,1114,19.1,0.3287,1.0,0.0745,-1.0,1.0,0.0,0.0,0,1.0,4,1,12,0.0,0.0,0.0
70.469,1115,19.1,0.0,0.8264,0.0425,1.0,0.718,0.0,0.0,0,1.0,1,1,12,0.0,0.0,0.0
70.527,1116,19.1,0.0334,1.0,0.3604,1.0,1.0,0.0,0.0,0,1.0,5,1,12,0.0,0.0,0.0
70.588,1117,19.1,0.0,1.0,0.3695,1.0,1.0,0.0,0.0,0,1.0,3,1,12,0.0,0.0,0.0
70.64,1118,19.1,0.0141,0.9857,0.3358,1.0,1.0,-0.7,0.0,0,1.0,3,1,12,0.035,0.0,0.014
70.69,1119,19.1,0.0513,1.0,0.3602,1.0,1.0,0.0,0.0,0,1.0,5,1,12,0.0,0.0,0.0
70.741,1120,19.1,0.0,0.6471,0.7404,1.0,0.9582,0.0,0.0,0,1.0,4,1,12,0.0,0.0,0.0
70.797,1121,19.1,0.0,0.457,0.6634,1.0,0.7553,-0.7,0.0,0,1.0,3,1,12,0.035,0.0,0.014
70.846,1122,19.1,0.0502,0.6722,0.3683,1.0,0.7708,0.0045,0.0,0,1.0,3,1,12,0.0002,0.0,0.0001
70.9,1123,19.1,0.0798,0.62,0.367,1.0,0.7263,-0.7,0.0,0,1.0,3,1,12,0.035,0.0,0.014
70.961,1124,19.1,0.0,0.6129,0.4435,1.0,0.7631,-0.7,0.0,0,1.0,3,1,12,0.035,0.0,0.014
71.014,1125,19.1,0.0787,0.7316,0.6081,1.0,0.9551,-0.7,0.0,0,1.0,7,1,12,0.035,0.0,0.014
71.07,1126,19.1,0.0539,0.7609,0.5404,1.0,0.9417,-0.1363,0.0,0,1.0,4,1,12,0.0068,0.0,0.0027
71.133,1127,19.1,0.6434,0.619,0.1097,-1.0,0.8803,0.0045,0.0,0,1.0,4,1,12,0.0002,0.0,0.0001
71.184,1128,19.1,0.8308,0.3505,0.0561,-1.0,0.7596,0.0045,0.0,0,1.0,3,1,12,0.0002,0.0,0.0001
71.24,1129,19.1,0.6039,0.7383,0.0127,-1.0,0.9584,-0.1876,0.0,0,1.0,4,1,12,0.0094,0.0,0.0038
71.296,1130,19.1,0.7342,0.5712,0.0511,-1.0,0.891,0.0045,0.0,0,1.0,5,1,12,0.0002,0.0,0.0001
71.352,1131,19.1,0.2428,0.2622,0.601,0.7642,0.5568,-0.1716,0.0,0,1.0,2,1,12,0.0086,0.0,0.0034
71.41,1132,19.1,0.3602,0.7844,0.0,-1.0,0.8606,-0.1716,0.0,0,1.0,3,1,12,0.0086,0.0,0.0034
71.466,1133,19.1,0.1844,0.698,0.0131,-1.0,0.6896,-0.2209,0.0,0,1.0,2,1,12,0.011,0.0,0.0044
71.52,1134,19.1,0.5537,0.3613,0.0865,-1.0,0.6136,0.0,0.0,0,1.0,3,1,12,0.0,0.0,0.0
71.575,1135,19.1,0.4681,0.9008,0.0,-1.0,1.0,0.0915,0.0,0,1.0,3,1,12,0.0046,0.0,0.0018
71.635,1136,19.1,0.6884,0.5957,0.2366,-0.8792,0.8859,0.0915,0.0,0,1.0,6,1,12,0.0046,0.0,0.0018
71.704,1137,19.1,0.2232,0.6754,0.4365,0.5819,0.8118,-0.1129,0.0,0,1.0,7,1,12,0.0056,0.0,0.0023
71.756,1138,19.1,0.1502,0.9627,0.2041,0.2736,0.923,-0.0961,0.0,0,1.0,6,1,12,0.0048,0.0,0.0019
71.809,1139,19.1,0.2512,0.4898,0.3703,0.3448,0.6188,0.0,0.0,0,1.0,4,1,12,0.0,0.0,0.0
71.865,1140,19.1,0.0,0.4478,0.425,1.0,0.6141,0.0,0.0,0,1.0,2,1,12,0.0,0.0,0.0
71.912,1141,17.6,0.0284,0.766,0.6242,1.0,0.993,0.0045,0.0,0,1.0,7,1,12,0.0002,0.0,0.0001
71.965,1142,17.6,0.2515,0.6162,0.4505,0.51,0.7699,-0.1716,0.0,0,1.0,6,1,12,0.0086,0.0,0.0034
72.016,1143,17.6,0.3498,0.5558,0.43,0.1851,0.7077,-0.1716,0.0,0,1.0,5,1,12,0.0086,0.0,0.0034
72.062,1144,17.6,0.3515,0.5544,0.4302,0.181,0.7066,-0.152,0.0,0,1.0,5,1,12,0.0076,0.0,0.003
72.113,1145,17.6,0.4578,0.3,0.0,-1.0,0.5084,-0.1612,0.0,0,1.0,2,1,12,0.0081,0.0,0.0032
72.166,1146,17.6,0.121,0.6934,0.1147,-0.0484,0.6502,-0.1967,0.0,0,1.0,3,1,12,0.0098,0.0,0.0039
72.216,1147,17.6,0.4585,0.4303,0.0183,-1.0,0.6182,-0.1967,0.0,0,1.0,3,1,12,0.0098,0.0,0.0039
72.266,1148,17.6,0.6918,0.4169,0.0252,-1.0,0.7376,-0.1967,0.0,0,1.0,5,1,12,0.0098,0.0,0.0039
72.315,1149,17.6,0.4817,0.6218,0.0616,-1.0,0.7921,-0.0737,0.0,0,1.0,5,1,12,0.0037,0.0,0.0015
72.367,1150,17.6,0.6384,0.4042,0.0297,-1.0,0.697,-0.0737,0.0,0,1.0,6,1,12,0.0037,0.0,0.0015
72.43,1151,17.6,0.0767,0.5538,0.405,1.0,0.692,0.0045,0.0,0,1.0,3,1,12,0.0002,0.0,0.0001
72.488,1152,17.6,0.0,0.7323,0.6741,1.0,0.9926,-0.7,0.0,0,1.0,5,1,12,0.035,0.0,0.014
72.544,1153,17.6,0.0,0.5533,0.4942,1.0,0.7415,0.0045,0.0,0,1.0,3,1,12,0.0002,0.0,0.0001
72.606,1154,17.6,0.0174,0.6828,0.589,1.0,0.9034,0.0045,0.0,0,1.0,3,1,12,0.0002,0.0,0.0001
72.668,1155,17.6,0.0,0.7146,0.6457,1.0,0.9619,0.0045,0.0,0,1.0,4,1,12,0.0002,0.0,0.0001
72.721,1156,17.6,0.0,0.5729,0.6897,1.0,0.8675,0.0915,0.0,0,1.0,3,1,12,0.0046,0.0,0.0018
72.772,1157,17.6,0.2428,0.6487,0.4638,0.563,0.8047,0.0045,0.0,0,1.0,4,1,12,0.0002,0.0,0.0001
72.821,1158,17.6,0.2814,0.6736,0.4462,0.4077,0.8157,0.0045,0.0,0,1.0,6,1,12,0.0002,0.0,0.0001
72.877,1159,17.6,0.358,0.8483,0.0271,-1.0,0.913,0.0045,0.0,0,1.0,3,1,12,0.0002,0.0,0.0001
72.936,1160,17.6,0.4767,0.6151,0.0459,-1.0,0.7836,-0.7,0.0,0,1.0,4,1,12,0.035,0.0,0.014
72.992,1161,17.6,0.5349,0.5849,0.0441,-1.0,0.7909,-0.1129,0.0,0,1.0,5,1,12,0.0056,0.0,0.0023
73.052,1162,17.6,0.5746,0.5052,0.0373,-1.0,0.7462,0.0915,0.0,0,1.0,4,1,12,0.0046,0.0,0.0018
73.107,1163,17.6,0.3142,1.0,0.0201,-1.0,1.0,0.0915,0.0,0,1.0,4,1,12,0.0046,0.0,0.0018
73.156,1164,17.6,0.2525,0.6865,0.0975,-0.7973,0.7181,0.0915,0.0,0,1.0,4,1,12,0.0046,0.0,0.0018
73.211,1165,17.6,0.4729,0.4567,0.0367,-1.0,0.6485,0.0,0.0,0,1.0,3,1,12,0.0,0.0,0.0
73.274,1166,17.6,0.0,0.6956,0.522,1.0,0.8766,-0.1129,0.0,0,1.0,3,1,12,0.0056,0.0,0.0023
73.325,1167,17.6,0.5535,0.6682,0.3322,-0.4496,0.8712,-0.1129,0.0,0,1.0,4,1,12,0.0056,0.0,0.0023
73.383,1168,17.6,0.0,0.5617,0.3673,1.0,0.6776,0.0045,0.0,0,1.0,2,1,12,0.0002,0.0,0.0001
73.44,1169,17.6,0.0,0.7079,0.6637,1.0,0.9663,-0.7,0.0,0,1.0,4,1,12,0.035,0.0,0.014
73.495,1170,17.6,0.5902,0.6734,0.3323,-0.5033,0.8961,0.0045,0.0,0,1.0,5,1,12,0.0002,0.0,0.0001
73.557,1171,18.4,0.0425,0.753,0.6189,1.0,0.9791,0.0045,0.0,0,1.0,6,1,12,0.0002,0.0,0.0001
73.618,1172,18.4,0.0426,0.7375,0.6374,1.0,0.9764,-0.2664,0.0,0,1.0,6,1,12,0.0133,0.0,0.0053
73.672,1173,18.4,0.0811,0.7259,0.6168,1.0,0.9552,0.0045,0.0,0,1.0,6,1,12,0.0002,0.0,0.0001
73.723,1174,18.4,0.0,0.9237,0.5006,1.0,1.0,-0.2068,0.0,0,1.0,5,1,12,0.0103,0.0,0.0041
73.771,1175,18.4,0.0697,0.869,0.4454,1.0,0.9794,-0.2068,0.0,0,1.0,4,1,12,0.0103,0.0,0.0041
73.824,1176,18.4,0.2532,0.7183,0.088,-0.8717,0.7451,-0.2303,0.0,0,1.0,4,1,12,0.0115,0.0,0.0046
73.871,1177,18.4,0.7713,0.8493,0.0058,-1.0,1.0,0.0,0.0,0,1.0,6,1,12,0.0,0.0,0.0
73.92,1178,18.4,0.7126,0.8576,0.0107,-1.0,1.0,0.0,0.0,0,1.0,6,1,12,0.0,0.0,0.0
73.971,1179,18.4,0.8495,0.8343,0.0109,-1.0,1.0,-0.2122,0.0,0,1.0,8,1,12,0.0106,0.0,0.0042
74.023,1180,18.4,0.2519,0.7907,0.0007,-1.0,0.8053,-0.1876,0.0,0,1.0,3,1,12,0.0094,0.0,0.0038
74.072,1181,18.4,0.1389,0.982,0.0513,-0.8293,0.9027,-0.1876,0.0,0,1.0,6,1,12,0.0094,0.0,0.0038
74.123,1182,18.4,0.1962,0.9491,0.0364,-1.0,0.9071,0.0,0.0,0,1.0,6,1,12,0.0,0.0,0.0
74.176,1183,18.4,0.0659,0.8513,0.4387,1.0,0.9607,0.0,0.0,0,1.0,4,1,12,0.0,0.0,0.0
74.236,1184,18.4,0.5974,0.878,0.0272,-1.0,1.0,-0.4651,0.0,0,1.0,7,1,12,0.0233,0.0,0.0093
74.29,1185,18.4,0.5428,0.7456,0.3283,-0.4433,0.9302,-0.4651,0.0,0,1.0,8,2,12,0.0233,0.0,0.0093
74.346,1186,18.4,0.3675,0.725,0.4603,0.2018,0.8668,0.0915,0.0,1,1.0,7,2,12,0.0046,1.0,0.0018
74.399,1187,18.4,0.1686,0.6779,0.5384,0.9414,0.8709,-0.2564,0.0,1,1.0,4,2,12,0.0128,0.8,0.0051
74.461,1188,18.4,0.0,0.8062,0.4199,1.0,0.9124,-0.1363,0.0,1,1.0,4,2,12,0.0068,0.8,0.0027
74.529,1189,18.4,0.6121,0.5434,0.0813,-1.0,0.7993,-0.7,0.0,1,1.0,22,2,12,0.035,0.8,0.014
74.59,1190,18.4,0.6596,0.2699,0.1508,-1.0,0.5961,-0.7,0.0,1,1.0,5,2,12,0.035,0.8,0.014
74.655,1191,18.4,0.2665,0.3565,0.4882,0.5287,0.5729,-0.1363,0.0,1,1.0,7,2,12,0.0068,0.8,0.0027
74.71,1192,18.4,0.1075,0.9847,0.1786,0.4475,0.9272,-0.1911,0.0,1,1.0,14,2,12,0.0096,0.8,0.0038
74.765,1193,18.4,0.0,0.6683,0.2666,1.0,0.7107,0.0,0.0,1,1.0,3,2,12,0.0,0.8,0.0
74.823,1194,18.4,0.1984,0.5092,0.0,-1.0,0.5388,0.0,0.0,1,1.0,2,2,12,0.0,0.8,0.0
74.878,1195,18.4,0.0559,0.7676,0.1168,0.6354,0.7102,0.0,0.0,0,1.0,3,2,12,0.0,0.8,0.0
74.931,1196,18.4,0.3641,0.9123,0.0,-1.0,0.9702,0.0,0.0,0,1.0,9,2,12,0.0,0.0,0.0
74.981,1197,18.4,0.3709,0.8754,0.0,-1.0,0.943,-0.7,0.0,0,1.0,8,2,12,0.035,0.0,0.014
75.034,1198,18.4,0.2095,0.9105,0.0352,-1.0,0.8821,-0.7,0.0,0,1.0,6,2,12,0.035,0.0,0.014
75.092,1199,18.4,0.1939,0.9983,0.0093,-1.0,0.9471,-0.7,0.0,0,1.0,5,2,12,0.035,0.0,0.014
75.15,1200,18.4,0.0,0.0,0.0,0.0,0.3,-0.7,0.0,0,1.0,0,0,12,0.035,0.0,0.014
75.214,1201,18.1,0.2177,1.0,0.0,-1.0,0.9619,0.0,0.0,0,1.0,2,0,12,0.0,0.0,0.0
75.266,1202,18.1,0.1469,0.6366,0.0,-1.0,0.617,0.0,0.0,0,1.0,1,0,12,0.0,0.0,0.0
75.326,1203,18.1,0.3077,0.8978,0.0,-1.0,0.9264,0.0,0.0,0,1.0,3,0,12,0.0,0.0,0.0
75.382,1204,18.1,0.0451,0.8075,0.0283,-0.4117,0.7035,0.0,0.0,0,1.0,2,0,12,0.0,0.0,0.0
75.435,1205,18.1,0.0,0.5607,0.0421,1.0,0.4945,0.0,0.0,0,1.0,1,0,12,0.0,0.0,0.0
75.495,1206,18.1,0.0421,0.8717,0.0767,0.5247,0.7752,0.0,0.0,0,1.0,3,0,12,0.0,0.0,0.0
75.555,1207,18.1,0.0728,0.954,0.017,-1.0,0.8422,0.0,0.0,0,1.0,2,0,12,0.0,0.0,0.0
75.616,1208,18.1,0.0,0.0843,0.4859,1.0,0.3429,0.0,0.0,0,1.0,1,0,12,0.0,0.0,0.0
75.674,1209,18.1,0.0,0.3395,0.5475,1.0,0.5918,0.0,0.0,0,1.0,2,0,12,0.0,0.0,0.0
75.73,1210,18.1,0.0,0.5351,0.0527,1.0,0.479,0.0045,0.0,0,1.0,1,0,12,0.0002,0.0,0.0001
75.781,1211,18.1,0.0,0.5591,0.3516,1.0,0.6666,0.0,0.0,0,1.0,2,0,12,0.0,0.0,0.0
75.835,1212,18.1,0.0,0.0,0.0,0.0,0.3,0.0,0.0,0,1.0,0,0,12,0.0,0.0,0.0
75.897,1213,18.1,0.1593,0.4335,0.0,-1.0,0.4534,0.0,0.0,0,1.0,1,0,12,0.0,0.0,0.0
75.947,1214,18.1,0.0,0.6589,0.0362,1.0,0.5738,0.0,0.0,0,1.0,1,0,12,0.0,0.0,0.0
75.997,1215,18.1,0.0,0.6571,0.0384,1.0,0.5735,0.0,0.0,0,1.0,1,0,12,0.0,0.0,0.0
76.05,1216,18.1,0.1906,0.4723,0.0,-1.0,0.5035,0.0,0.0,0,1.0,1,0,12,0.0,0.0,0.0
76.099,1217,18.1,0.1452,0.6749,0.0,-1.0,0.6482,0.0,0.0,0,1.0,1,0,12,0.0,0.0,0.0
76.15,1218,18.1,0.2416,0.9559,0.0432,-1.0,0.9383,0.0,0.0,0,1.0,4,0,12,0.0,0.0,0.0
76.21,1219,18.1,0.0,0.7997,0.0856,1.0,0.7196,0.0,0.0,0,1.0,2,0,12,0.0,0.0,0.0
76.264,1220,18.1,0.031,0.9725,0.0576,0.5416,0.8492,0.0,0.0,0,1.0,3,0,12,0.0,0.0,0.0
76.315,1221,18.1,0.0,0.8966,0.0594,1.0,0.7864,0.0,0.0,0,1.0,2,0,12,0.0,0.0,0.0
76.37,1222,18.1,0.0955,0.8445,0.043,-0.6827,0.7629,0.0,0.0,0,1.0,2,0,12,0.0,0.0,0.0
76.43,1223,18.1,0.2608,0.8898,0.0402,-1.0,0.8935,0.0,0.0,0,1.0,4,0,12,0.0,0.0,0.0
76.485,1224,18.1,0.1429,1.0,0.0107,-1.0,0.92,0.0,0.0,0,1.0,3,0,12,0.0,0.0,0.0
76.544,1225,18.1,0.1168,0.8639,0.0442,-0.8116,0.7911,0.0,0.0,0,1.0,2,0,12,0.0,0.0,0.0
76.601,1226,18.1,0.1068,0.9941,0.0226,-1.0,0.8949,0.0,0.0,0,1.0,3,0,12,0.0,0.0,0.0
76.662,1227,18.1,0.0,0.4883,0.0456,1.0,0.4357,0.0,0.0,0,1.0,1,0,12,0.0,0.0,0.0
76.716,1228,18.1,0.0179,0.5356,0.0,-1.0,0.4599,0.0,0.0,0,1.0,1,0,12,0.0,0.0,0.0
76.779,1229,18.1,0.0258,0.5792,0.0,-1.0,0.501,0.0,0.0,0,1.0,1,0,12,0.0,0.0,0.0
76.835,1230,18.1,0.0,0.0,0.0,0.0,0.3,0.0,0.0,0,1.0,0,0,12,0.0,0.0,0.0
76.892,1231,17.8,0.0,0.0,0.0,0.0,0.3,0.0,0.0,0,1.0,0,0,12,0.0,0.0,0.0
76.948,1232,17.8,0.1184,0.7005,0.0,-1.0,0.6547,0.0,0.0,0,1.0,3,0,12,0.0,0.0,0.0
77.0,1233,17.8,0.054,0.3416,0.0,-1.0,0.3171,0.0,0.0,0,1.0,1,0,12,0.0,0.0,0.0
77.06,1234,17.8,0.0788,0.9369,0.0419,-0.5504,0.8311,0.0,0.0,0,1.0,3,0,12,0.0,0.0,0.0
77.117,1235,17.8,0.069,0.8879,0.0401,-0.4763,0.7845,0.0,0.0,0,1.0,2,0,12,0.0,0.0,0.0
77.175,1236,17.8,0.1298,0.706,0.0196,-1.0,0.6657,0.0,0.0,0,1.0,2,0,12,0.0,0.0,0.0
77.231,1237,17.8,0.0,0.0,0.0,0.0,0.3,0.0,0.0,0,1.0,0,0,12,0.0,0.0,0.0
77.279,1238,17.8,0.0,0.0,0.0,0.0,0.3,0.0,0.0,0,1.0,0,0,12,0.0,0.0,0.0
77.333,1239,17.8,0.3917,0.3732,0.0,-1.0,0.5328,0.0,0.0,0,1.0,2,0,12,0.0,0.0,0.0
77.393,1240,17.8,0.3354,0.1539,0.0,-1.0,0.3171,-0.7,0.0,0,1.0,1,0,12,0.035,0.0,0.014
77.454,1241,17.8,0.2686,0.6926,0.0658,-1.0,0.7322,0.0,0.0,0,1.0,4,0,12,0.0,0.0,0.0
77.512,1242,17.8,0.3891,0.5851,0.0267,-1.0,0.7094,0.0,0.0,0,1.0,4,0,12,0.0,0.0,0.0
77.569,1243,17.8,0.3354,0.1539,0.0,-1.0,0.3171,0.0,0.0,0,1.0,1,0,12,0.0,0.0,0.0
77.627,1244,17.8,0.3714,0.5823,0.0,-1.0,0.6972,-0.7,0.0,0,1.0,3,0,12,0.035,0.0,0.014
77.686,1245,17.8,0.3619,0.5112,0.0389,-1.0,0.6321,-0.7,0.0,0,1.0,3,0,12,0.035,0.0,0.014
77.742,1246,17.8,0.2022,0.7204,0.0166,-1.0,0.7184,-0.7,0.0,0,1.0,3,0,12,0.035,0.0,0.014
77.802,1247,17.8,0.6835,0.5976,0.039,-1.0,0.8847,0.0,0.0,0,1.0,4,0,12,0.0,0.0,0.0
77.858,1248,17.8,0.8649,0.4467,0.0,-1.0,0.8596,-0.0737,0.0,0,1.0,4,0,12,0.0037,0.0,0.0015
77.921,1249,17.8,0.2481,0.7929,0.0121,-1.0,0.8049,-0.0737,0.0,0,1.0,5,0,12,0.0037,0.0,0.0015
77.977,1250,17.8,0.2474,1.0,0.014,-1.0,0.9785,-0.1876,0.0,0,1.0,9,0,12,0.0094,0.0,0.0038
78.033,1251,17.8,0.484,0.5016,0.0,-1.0,0.6924,0.0,0.0,0,1.0,4,0,12,0.0,0.0,0.0
78.088,1252,17.8,0.2778,0.979,0.0063,-1.0,0.9779,-0.1129,0.0,0,1.0,6,0,12,0.0056,0.0,0.0023
78.143,1253,17.8,0.3354,0.5025,0.0559,-1.0,0.6099,0.0,0.0,0,1.0,3,0,12,0.0,0.0,0.0
78.201,1254,17.8,0.1915,0.8421,0.0305,-1.0,0.8146,0.0,0.0,0,1.0,4,0,12,0.0,0.0,0.0
78.258,1255,17.8,0.275,1.0,0.006,-1.0,0.994,0.0,0.0,0,1.0,5,0,12,0.0,0.0,0.0
78.317,1256,17.8,0.0,0.5724,0.1086,1.0,0.5416,0.0,0.0,0,1.0,2,0,12,0.0,0.0,0.0
78.367,1257,17.8,0.4796,0.5523,0.0,-1.0,0.7325,0.0,0.0,0,1.0,5,0,12,0.0,0.0,0.0
78.43,1258,17.8,0.3878,0.6356,0.0084,-1.0,0.7511,-0.1129,0.0,0,1.0,4,0,12,0.0056,0.0,0.0023
78.485,1259,17.8,0.3475,0.7238,0.0089,-1.0,0.8026,-0.7,0.0,0,1.0,6,0,12,0.035,0.0,0.014
78.547,1260,17.8,0.3973,0.575,0.0313,-1.0,0.7055,-0.7,0.0,0,1.0,4,0,12,0.035,0.0,0.014
78.604,1261,17.5,0.7555,0.4884,0.0,-1.0,0.8334,0.0,0.0,0,1.0,3,0,12,0.0,0.0,0.0
78.658,1262,17.5,0.1926,0.9515,0.0262,-1.0,0.9071,-0.7,0.0,0,1.0,5,0,12,0.035,0.0,0.014
78.712,1263,17.5,0.2861,0.9608,0.0199,-1.0,0.9673,0.0,0.0,0,1.0,5,0,12,0.0,0.0,0.0
78.765,1264,17.5,0.1532,1.0,0.0293,-1.0,0.9258,0.0,0.0,0,1.0,5,0,12,0.0,0.0,0.0
78.811,1265,17.5,0.2033,0.87,0.0493,-1.0,0.8447,0.0,0.0,0,1.0,6,0,12,0.0,0.0,0.0
78.865,1266,17.5,0.0302,1.0,0.0395,0.2422,0.8621,0.0,0.0,0,1.0,5,0,12,0.0,0.0,0.0
78.917,1267,17.5,0.1178,0.909,0.0381,-0.921,0.8295,0.0,0.0,0,1.0,3,0,12,0.0,0.0,0.0
78.973,1268,17.5,0.1114,1.0,0.0237,-1.0,0.9024,0.0,0.0,0,1.0,4,0,12,0.0,0.0,0.0
79.022,1269,17.5,0.1064,1.0,0.0183,-1.0,0.8996,0.0,0.0,0,1.0,6,0,12,0.0,0.0,0.0
79.072,1270,17.5,0.649,0.4943,0.1307,-1.0,0.7787,0.0,0.0,0,1.0,3,0,12,0.0,0.0,0.0
79.122,1271,17.5,0.1255,1.0,0.0078,-1.0,0.9103,-0.2664,0.0,0,1.0,8,0,12,0.0133,0.0,0.0053
79.177,1272,17.5,0.0808,0.627,0.6408,1.0,0.8855,0.0,0.0,0,1.0,14,0,12,0.0,0.0,0.0
79.236,1273,17.5,0.0,0.6584,0.7294,1.0,0.9615,0.0,0.0,0,1.0,8,0,12,0.0,0.0,0.0
79.291,1274,17.5,0.0063,0.7242,0.6887,1.0,0.994,-0.0737,0.0,0,1.0,9,0,12,0.0037,0.0,0.0015
79.35,1275,17.5,0.0423,1.0,0.3643,1.0,1.0,0.0045,0.0,0,1.0,14,0,12,0.0002,0.0,0.0001
79.409,1276,17.5,0.1416,0.6906,0.6365,1.0,0.9365,-0.7,0.0,0,1.0,9,0,12,0.035,0.0,0.014
79.468,1277,17.5,0.0676,0.8402,0.3139,1.0,0.8815,-0.7,0.0,0,1.0,11,0,12,0.035,0.0,0.014
79.53,1278,17.5,0.2061,0.8795,0.1589,-0.2325,0.8542,-0.158,0.0,0,1.0,9,0,12,0.0079,0.0,0.0032
79.586,1279,17.5,0.18,1.0,0.0156,-1.0,0.9408,0.0,0.0,0,1.0,5,0,12,0.0,0.0,0.0
79.644,1280,17.5,0.1152,0.9018,0.0289,-1.0,0.822,0.0,0.0,0,1.0,3,0,12,0.0,0.0,0.0
79.696,1281,17.5,0.1068,0.895,0.0299,-1.0,0.8116,0.0,0.0,0,1.0,3,0,12,0.0,0.0,0.0
79.746,1282,17.5,0.1891,0.9196,0.0212,-1.0,0.8784,0.0,0.0,0,1.0,4,0,12,0.0,0.0,0.0
79.797,1283,17.5,0.1844,0.678,0.1489,-0.1922,0.6728,0.0,0.0,0,1.0,3,0,12,0.0,0.0,0.0
79.848,1284,17.5,0.7674,0.6119,0.0443,-1.0,0.9437,0.0,0.0,0,1.0,8,0,12,0.0,0.0,0.0
79.9,1285,17.5,0.1603,0.979,0.0397,-1.0,0.9121,0.0,0.0,0,1.0,8,0,12,0.0,0.0,0.0
79.96,1286,17.5,0.2525,0.9081,0.3646,0.327,0.967,0.0,0.0,0,1.0,11,0,12,0.0,0.0,0.0
80.013,1287,17.5,0.591,0.8005,0.1939,-0.9106,1.0,0.0045,0.0,0,1.0,12,0,12,0.0002,0.0,0.0001
80.076,1288,17.5,0.0365,0.6045,0.6971,1.0,0.8981,0.0045,0.0,0,1.0,8,0,12,0.0002,0.0,0.0001
80.134,1289,17.5,0.0338,0.7281,0.6861,1.0,0.9958,0.0045,0.0,0,1.0,12,0,12,0.0002,0.0,0.0001
80.191,1290,17.5,0.156,0.805,0.5024,0.9469,0.9575,-0.1235,0.0,0,1.0,7,0,12,0.0062,0.0,0.0025
80.262,1291,18.3,0.0879,0.6996,0.6468,1.0,0.9499,-0.1129,0.0,0,1.0,13,0,12,0.0056,0.0,0.0023
80.328,1292,18.3,0.0851,0.6823,0.6698,1.0,0.9483,-0.0737,0.0,0,1.0,12,0,12,0.0037,0.0,0.0015
80.396,1293,18.3,0.2092,0.6125,0.3009,0.3235,0.683,-0.0737,0.0,0,1.0,5,0,12,0.0037,0.0,0.0015
80.455,1294,18.3,0.6335,0.776,0.0274,-1.0,1.0,-0.0737,0.0,0,1.0,8,0,12,0.0037,0.0,0.0015
80.527,1295,18.3,0.152,0.9542,0.0,-1.0,0.8866,-0.2303,0.0,0,1.0,3,0,12,0.0115,0.0,0.0046
80.587,1296,18.3,0.1118,1.0,0.0773,-0.328,0.9026,-0.0737,0.0,0,1.0,6,0,12,0.0037,0.0,0.0015
80.647,1297,18.3,0.1585,0.9374,0.0283,-1.0,0.8762,0.0,0.0,0,1.0,4,0,12,0.0,0.0,0.0
80.698,1298,18.3,0.1844,0.8046,0.0378,-1.0,0.7791,0.0,0.0,0,1.0,3,0,12,0.0,0.0,0.0
80.748,1299,18.3,0.1744,1.0,0.0215,-1.0,0.9377,0.0,0.0,0,1.0,4,0,12,0.0,0.0,0.0
80.798,1300,18.3,0.2038,0.8833,0.041,-1.0,0.8561,0.0,0.0,0,1.0,7,0,12,0.0,0.0,0.0
80.85,1301,18.3,0.0704,0.93,0.3426,1.0,0.9731,0.0,0.0,0,1.0,10,0,12,0.0,0.0,0.0
80.907,1302,18.3,0.1634,0.5542,0.6491,1.0,0.829,0.0,0.0,0,1.0,7,0,12,0.0,0.0,0.0
80.96,1303,18.3,0.1144,0.6157,0.6605,1.0,0.8871,-0.1275,0.0,0,1.0,9,0,12,0.0064,0.0,0.0026
81.019,1304,18.3,0.0523,0.6586,0.7225,1.0,0.9579,-0.1275,0.0,0,1.0,5,0,12,0.0064,0.0,0.0026
81.088,1305,18.3,0.1102,0.8274,0.4739,1.0,0.9604,-0.1235,0.0,0,1.0,9,0,12,0.0062,0.0,0.0025
81.152,1306,18.3,0.1668,0.961,0.1648,-0.0107,0.9006,0.0045,0.0,0,1.0,7,0,12,0.0002,0.0,0.0001
81.211,1307,18.3,0.2339,0.7337,0.2357,0.007,0.7483,0.0,0.0,0,1.0,5,0,12,0.0,0.0,0.0
81.267,1308,18.3,0.2327,0.8565,0.0167,-1.0,0.8498,0.0,0.0,0,1.0,3,0,12,0.0,0.0,0.0
81.321,1309,18.3,0.267,0.757,0.0,-1.0,0.7854,0.0,0.0,0,1.0,2,0,12,0.0,0.0,0.0
81.376,1310,18.3,0.2818,0.8667,0.0,-1.0,0.8858,0.0,0.0,0,1.0,3,0,12,0.0,0.0,0.0
81.441,1311,18.3,0.2445,0.7643,0.0,-1.0,0.779,0.0,0.0,0,1.0,2,0,12,0.0,0.0,0.0
81.503,1312,18.3,0.2712,1.0,0.0218,-1.0,0.9919,0.0,0.0,0,1.0,6,0,12,0.0,0.0,0.0
81.561,1313,18.3,0.0653,0.9822,0.3205,1.0,1.0,0.0,0.0,0,1.0,5,0,12,0.0,0.0,0.0
81.616,1314,18.3,0.0618,0.9987,0.4212,1.0,1.0,0.0,0.0,0,1.0,7,0,12,0.0,0.0,0.0
81.675,1315,18.3,0.1014,0.3667,0.9404,1.0,0.8346,-0.7,0.0,0,1.0,9,0,12,0.035,0.0,0.014
81.73,1316,18.3,0.0881,0.9646,0.5314,1.0,1.0,-0.7,0.0,0,1.0,15,0,12,0.035,0.0,0.014
81.778,1317,18.3,0.1534,0.9594,0.3951,0.793,1.0,-0.2564,0.0,0,1.0,7,0,12,0.0128,0.0,0.0051
81.831,1318,18.3,0.1631,0.9163,0.3063,0.5492,0.9412,-0.4651,0.0,0,1.0,7,0,12,0.0233,0.0,0.0093
81.881,1319,18.3,0.3354,0.3571,0.1979,-0.4642,0.4878,-0.2303,0.0,0,1.0,3,0,12,0.0115,0.0,0.0046
81.928,1320,18.3,0.2986,0.8151,0.102,-0.8836,0.8519,-0.2303,0.0,0,1.0,5,0,12,0.0115,0.0,0.0046
81.978,1321,17.3,0.2524,0.8729,0.0571,-1.0,0.8746,-0.7,0.0,0,1.0,5,0,12,0.035,0.0,0.014
82.036,1322,17.3,0.6849,0.5025,0.1026,-1.0,0.8056,0.0,0.0,0,1.0,4,0,12,0.0,0.0,0.0
82.088,1323,17.3,0.2428,0.9283,0.0649,-1.0,0.9157,-0.2303,0.0,0,1.0,10,0,12,0.0115,0.0,0.0046
82.14,1324,17.3,0.1095,0.776,0.3203,0.8826,0.8312,-0.2303,0.0,0,1.0,8,0,12,0.0115,0.0,0.0046
82.189,1325,17.3,0.1106,0.6535,0.6431,1.0,0.9091,0.0,0.0,0,1.0,11,0,12,0.0,0.0,0.0
82.243,1326,17.3,0.1689,0.5475,0.6385,1.0,0.8175,-0.1129,0.0,0,1.0,11,0,12,0.0056,0.0,0.0023
82.298,1327,17.3,0.1873,0.4119,0.7134,1.0,0.7455,-0.1129,0.0,0,1.0,5,0,12,0.0056,0.0,0.0023
82.349,1328,17.3,0.1844,0.3151,0.7161,1.0,0.6657,-0.1198,0.0,0,1.0,6,1,12,0.006,0.0,0.0024
82.403,1329,17.3,0.2008,0.7017,0.2356,0.1438,0.7214,-0.1612,0.0,0,1.0,6,1,12,0.0081,0.0,0.0032
82.46,1330,17.3,0.0,0.0204,0.4144,1.0,0.2492,0.0,0.0,0,1.0,1,1,12,0.0,0.0,0.0
82.522,1331,17.3,0.2036,0.6846,0.0,-1.0,0.6891,0.0,0.0,0,1.0,2,1,12,0.0,0.0,0.0
82.573,1332,17.3,0.1844,0.6952,0.013,-1.0,0.6872,-0.7,0.0,0,1.0,2,1,12,0.035,0.0,0.014
82.623,1333,17.3,0.1838,1.0,0.0113,-1.0,0.9429,0.0,0.0,0,1.0,4,1,12,0.0,0.0,0.0
82.681,1334,17.3,0.139,0.9751,0.0,-1.0,0.8969,0.0,0.0,0,1.0,3,1,12,0.0,0.0,0.0
82.73,1335,17.3,0.062,0.9968,0.0142,-1.0,0.872,0.0,0.0,0,1.0,3,1,12,0.0,0.0,0.0
82.781,1336,17.3,0.3352,0.1643,0.2458,-0.2772,0.3257,0.0,0.0,0,1.0,2,1,12,0.0,0.0,0.0
82.832,1337,17.3,0.1143,1.0,0.0264,-1.0,0.904,0.0,0.0,0,1.0,6,1,12,0.0,0.0,0.0
82.895,1338,17.3,0.0426,0.8774,0.2946,1.0,0.902,-0.0835,0.0,0,1.0,8,1,12,0.0042,0.0,0.0017
82.944,1339,17.3,0.08,0.9021,0.3693,1.0,0.9646,0.0,0.0,0,1.0,13,1,12,0.0,0.0,0.0
82.996,1340,17.3,0.056,0.7434,0.623,1.0,0.9733,-0.7,0.0,0,1.0,10,1,12,0.035,0.0,0.014
83.049,1341,17.3,0.0728,0.6958,0.651,1.0,0.949,-0.7,0.0,0,1.0,12,1,12,0.035,0.0,0.014
83.105,1342,17.3,0.0846,0.6412,0.6746,1.0,0.9163,-0.1716,0.0,0,1.0,12,1,12,0.0086,0.0,0.0034
83.159,1343,17.3,0.051,0.6908,0.6418,1.0,0.9397,-0.0737,0.0,0,1.0,9,1,12,0.0037,0.0,0.0015
83.22,1344,17.3,0.1439,1.0,0.016,-1.0,0.9206,-0.0737,0.0,0,1.0,9,1,12,0.0037,0.0,0.0015
83.274,1345,17.3,0.1667,0.9659,0.0101,-1.0,0.9047,0.0045,0.0,0,1.0,4,1,12,0.0002,0.0,0.0001
83.323,1346,17.3,0.1844,0.6639,0.0092,-1.0,0.6609,0.0,0.0,0,1.0,2,1,12,0.0,0.0,0.0
83.376,1347,17.3,0.1542,0.9627,0.0186,-1.0,0.895,0.0,0.0,0,1.0,4,1,12,0.0,0.0,0.0
83.441,1348,17.3,0.1432,0.9653,0.0166,-1.0,0.891,0.0,0.0,0,1.0,4,1,12,0.0,0.0,0.0
83.504,1349,17.3,0.2156,0.8496,0.0747,-0.8734,0.8344,0.0,0.0,0,1.0,6,1,12,0.0,0.0,0.0
83.562,1350,17.3,0.1032,0.7608,0.3092,0.8993,0.8122,0.0,0.0,0,1.0,8,1,12,0.0,0.0,0.0
83.62,1351,18.4,0.0727,0.6912,0.6483,1.0,0.9437,0.0,0.0,0,1.0,10,1,12,0.0,0.0,0.0
83.678,1352,18.4,0.0652,0.6979,0.6761,1.0,0.9649,0.0,0.0,0,1.0,8,1,12,0.0,0.0,0.0
83.73,1353,18.4,0.0416,0.5468,0.6182,1.0,0.8055,0.0045,0.0,0,1.0,6,1,12,0.0002,0.0,0.0001
83.78,1354,18.4,0.0872,0.6286,0.6784,1.0,0.908,-0.1716,0.0,0,1.0,10,1,12,0.0086,0.0,0.0034
83.834,1355,18.4,0.099,0.7997,0.2904,0.8849,0.8344,-0.1716,0.0,0,1.0,9,1,12,0.0086,0.0,0.0034
83.891,1356,18.4,0.112,1.0,0.0517,-0.6636,0.9027,-0.1235,0.0,0,1.0,6,1,12,0.0062,0.0,0.0025
83.937,1357,18.4,0.1975,0.8763,0.0085,-1.0,0.8467,0.0,0.0,0,1.0,3,1,12,0.0,0.0,0.0
83.987,1358,18.4,0.1013,1.0,0.0424,-0.737,0.8967,0.0,0.0,0,1.0,5,1,12,0.0,0.0,0.0
84.042,1359,18.4,0.1014,0.8994,0.0566,-0.5099,0.8123,0.0,0.0,0,1.0,3,1,12,0.0,0.0,0.0
84.096,1360,18.4,0.0966,1.0,0.0505,-0.5632,0.8941,0.0,0.0,0,1.0,5,1,12,0.0,0.0,0.0
84.145,1361,18.4,0.1777,0.9903,0.0117,-1.0,0.9314,0.0,0.0,0,1.0,4,1,12,0.0,0.0,0.0
84.197,1362,18.4,0.1015,0.73,0.3215,0.9365,0.7933,0.0,0.0,0,1.0,8,1,12,0.0,0.0,0.0
84.253,1363,18.4,0.0747,0.8542,0.3329,1.0,0.904,0.0,0.0,0,1.0,11,1,12,0.0,0.0,0.0
84.308,1364,18.4,0.0935,0.6654,0.6484,1.0,0.922,0.0,0.0,0,1.0,12,1,12,0.0,0.0,0.0
84.365,1365,18.4,0.0759,0.9866,0.1829,0.7445,0.9311,0.0,0.0,0,1.0,9,1,12,0.0,0.0,0.0
84.419,1366,18.4,0.0793,0.8964,0.2215,0.851,0.877,-0.1235,0.0,0,1.0,7,1,12,0.0062,0.0,0.0025
84.478,1367,18.4,0.5308,0.8583,0.0627,-1.0,1.0,0.0,0.0,0,1.0,6,1,12,0.0,0.0,0.0
84.537,1368,18.4,0.2373,0.8122,0.0,-1.0,0.8151,0.0915,0.0,0,1.0,3,1,12,0.0046,0.0,0.0018
84.593,1369,18.4,0.3239,0.1487,0.0,-1.0,0.3063,0.0915,0.0,0,1.0,1,1,12,0.0046,0.0,0.0018
84.654,1370,18.4,0.1844,0.7707,0.0634,-0.8795,0.7507,0.0,0.0,0,1.0,3,1,12,0.0,0.0,0.0
84.705,1371,18.4,0.7498,0.6567,0.0218,-1.0,0.9715,0.0,0.0,0,1.0,9,1,12,0.0,0.0,0.0
84.759,1372,18.4,0.1106,1.0,0.0605,-0.5274,0.9019,-0.2471,0.0,0,1.0,10,1,12,0.0124,0.0,0.0049
84.815,1373,18.4,0.136,0.62,0.6527,1.0,0.8863,0.0,0.0,0,1.0,10,1,12,0.0,0.0,0.0
84.866,1374,18.4,0.1183,0.9364,0.3595,0.9089,0.9879,0.0,0.0,0,1.0,11,1,12,0.0,0.0,0.0
84.928,1375,18.4,0.1636,0.5302,0.6595,1.0,0.8147,-0.1967,0.0,1,1.0,10,1,12,0.0098,1.0,0.0039
84.984,1376,18.4,0.0944,0.7349,0.634,1.0,0.9724,-0.1612,0.0,1,1.0,11,1,12,0.0081,0.8,0.0032
85.048,1377,18.4,0.1746,0.2958,0.8077,1.0,0.7007,-0.0659,0.0,1,1.0,7,1,12,0.0033,0.8,0.0013
85.112,1378,18.4,0.1844,0.6737,0.2949,0.415,0.731,-0.0659,0.0,1,1.0,7,1,12,0.0033,0.8,0.0013
85.165,1379,18.4,0.3354,0.2364,0.3765,0.1039,0.4094,-0.2141,0.0,1,1.0,4,1,12,0.0107,0.8,0.0043
85.216,1380,18.4,0.3351,0.3585,0.0512,-1.0,0.4888,-0.0835,0.0,1,1.0,2,1,12,0.0042,0.8,0.0017
85.27,1381,18.1,0.3353,0.2717,0.2559,-0.2415,0.416,-0.0835,0.0,1,1.0,3,1,12,0.0042,0.8,0.0017
85.327,1382,18.1,0.0,0.0,0.0,0.0,0.3,-0.0835,0.0,1,1.0,0,0,12,0.0042,0.8,0.0017
85.387,1383,18.1,0.0934,1.0,0.0683,-0.2791,0.8923,-0.1876,0.0,1,1.0,6,0,12,0.0094,0.8,0.0038
85.45,1384,18.1,0.6145,1.0,0.0752,-1.0,1.0,0.0,0.0,0,1.0,13,0,12,0.0,0.8,0.0
85.514,1385,18.1,0.325,0.9497,0.2679,-0.1733,0.9798,-0.1876,0.0,0,1.0,7,0,12,0.0094,0.0,0.0038
85.583,1386,18.1,0.0717,0.4672,0.5291,1.0,0.6887,-0.1876,0.0,0,1.0,3,0,12,0.0094,0.0,0.0038
85.651,1387,18.1,0.3259,0.498,0.4639,0.3146,0.6781,0.0045,0.0,0,1.0,5,0,12,0.0002,0.0,0.0001
85.706,1388,18.1,0.0361,0.6736,0.791,1.0,1.0,-0.0659,0.0,0,1.0,5,0,12,0.0033,0.0,0.0013
85.755,1389,18.1,0.0854,0.9306,0.127,0.3526,0.8528,-0.0659,0.0,0,1.0,4,0,12,0.0033,0.0,0.0013
85.807,1390,18.1,0.0373,0.7065,0.7962,1.0,1.0,-0.1464,0.0,0,1.0,8,0,12,0.0073,0.0,0.0029
85.864,1391,18.1,0.0,0.5322,0.5911,1.0,0.7781,-0.2156,0.0,0,1.0,2,0,12,0.0108,0.0,0.0043
85.915,1392,18.1,0.0293,0.6988,0.8115,1.0,1.0,-0.2156,0.0,0,1.0,5,0,12,0.0108,0.0,0.0043
85.966,1393,18.1,0.5059,0.7394,0.423,-0.1605,0.9043,0.0915,0.0,0,1.0,6,0,12,0.0046,0.0,0.0018
86.017,1394,18.1,0.1965,0.5948,0.6215,0.9353,0.8476,-0.2491,0.0,0,1.0,7,0,12,0.0125,0.0,0.005
86.074,1395,18.1,0.2238,0.5748,0.6082,0.8318,0.8235,-0.2491,0.0,0,1.0,5,0,12,0.0125,0.0,0.005
86.123,1396,18.1,0.0455,0.653,0.6442,1.0,0.9093,-0.1716,0.0,0,1.0,4,0,12,0.0086,0.0,0.0034
86.177,1397,18.1,0.3273,0.9465,0.3394,0.0326,0.9851,0.0045,0.0,0,1.0,7,0,12,0.0002,0.0,0.0001
86.24,1398,18.1,0.293,1.0,0.1778,-0.4404,1.0,0.0,0.0,0,1.0,10,0,12,0.0,0.0,0.0
86.302,1399,18.1,0.3073,0.8716,0.2304,-0.2574,0.9042,0.0,0.0,0,1.0,6,0,12,0.0,0.0,0.0
86.359,1400,18.1,0.2079,1.0,0.0079,-1.0,0.9564,0.0,0.0,0,1.0,5,0,12,0.0,0.0,0.0
86.416,1401,18.1,0.2616,1.0,0.009,-1.0,0.9865,0.0,0.0,0,1.0,5,0,12,0.0,0.0,0.0
86.475,1402,18.1,0.1929,0.9961,0.0308,-1.0,0.9447,0.0,0.0,0,1.0,5,0,12,0.0,0.0,0.0
86.539,1403,18.1,0.0317,0.743,0.6011,1.0,0.9608,0.0,0.0,0,1.0,5,0,12,0.0,0.0,0.0
86.602,1404,18.1,0.0048,0.7712,0.6245,1.0,0.9975,0.0915,0.0,0,1.0,5,0,12,0.0046,0.0,0.0018
86.66,1405,18.1,0.0585,0.6764,0.6109,1.0,0.9103,-0.2303,0.0,0,1.0,4,0,12,0.0115,0.0,0.0046
86.715,1406,18.1,0.016,0.75,0.6029,1.0,0.9676,-0.2303,0.0,0,1.0,4,0,12,0.0115,0.0,0.0046
86.766,1407,18.1,0.0619,0.6868,0.5894,1.0,0.9069,0.0915,0.0,0,1.0,4,0,12,0.0046,0.0,0.0018
86.814,1408,18.1,0.0912,0.7051,0.5798,1.0,0.917,0.0915,0.0,0,1.0,5,0,12,0.0046,0.0,0.0018
86.869,1409,18.1,0.1064,0.6892,0.5712,1.0,0.8988,0.0915,0.0,0,1.0,7,0,12,0.0046,0.0,0.0018
86.921,1410,18.1,0.2404,0.9732,0.3015,0.2029,0.9863,0.0915,0.0,0,1.0,7,0,12,0.0046,0.0,0.0018
86.974,1411,17.6,0.4754,1.0,0.0919,-1.0,1.0,0.0915,0.0,0,1.0,9,0,12,0.0046,0.0,0.0018
87.023,1412,17.6,0.2182,0.8774,0.2749,0.2071,0.8909,0.0915,0.0,0,1.0,6,0,12,0.0046,0.0,0.0018
87.073,1413,17.6,0.2642,0.3291,0.5051,0.5637,0.5593,0.0045,0.0,0,1.0,3,0,12,0.0002,0.0,0.0001
87.127,1414,17.6,0.3153,0.8128,0.2734,-0.1281,0.8593,-0.1275,0.0,0,1.0,6,0,12,0.0064,0.0,0.0026
87.186,1415,17.6,0.2064,0.8742,0.2903,0.3042,0.8969,0.0045,0.0,0,1.0,7,0,12,0.0002,0.0,0.0001
87.256,1416,17.6,0.1404,0.4898,0.523,1.0,0.7043,-0.2303,0.0,0,1.0,4,0,12,0.0115,0.0,0.0046
87.321,1417,17.6,0.4605,1.0,0.0531,-1.0,1.0,-0.2303,0.0,0,1.0,7,0,12,0.0115,0.0,0.0046
87.375,1418,17.6,0.1513,1.0,0.0024,-1.0,1.0,0.0045,0.0,0,1.6,6,0,13,0.0002,0.0,0.0001
87.436,1419,17.6,0.1507,1.0,0.0035,-1.0,1.0,0.0,0.0,0,1.56,6,0,13,0.0,0.0,0.0
87.499,1420,17.6,0.5107,1.0,0.0023,-1.0,1.0,0.0,0.0,0,1.52,7,0,13,0.0,0.0,0.0
87.563,1421,17.6,0.0419,1.0,0.1651,1.0,1.0,-0.0835,0.0,0,1.48,7,0,13,0.0042,0.0,0.0017
87.628,1422,17.6,0.137,0.6277,0.5059,1.0,1.0,0.0,0.0,0,1.44,5,0,13,0.0,0.0,0.0
87.679,1423,17.6,0.1952,0.9396,0.2846,0.3353,1.0,-0.0961,0.0,0,1.4,6,0,13,0.0048,0.0,0.0019
87.733,1424,17.6,0.4587,1.0,0.1581,-0.8772,1.0,-0.0961,0.0,0,1.36,6,0,13,0.0048,0.0,0.0019
87.788,1425,17.6,0.1116,0.9946,0.1544,0.29,1.0,-0.2303,0.0,0,1.32,8,0,13,0.0115,0.0,0.0046
87.838,1426,17.6,0.478,1.0,0.0556,-1.0,1.0,0.0,0.0,0,1.28,10,0,13,0.0,0.0,0.0
87.889,1427,17.6,0.1099,0.8621,0.2871,0.8033,1.0,-0.1129,0.0,0,1.24,7,0,13,0.0056,0.0,0.0023
87.945,1428,17.6,0.4293,1.0,0.0974,-1.0,1.0,-0.1129,0.0,0,1.2,8,0,13,0.0056,0.0,0.0023
87.998,1429,17.6,0.2096,1.0,0.2777,0.2516,1.0,0.0,0.0,0,1.16,6,0,13,0.0,0.0,0.0
88.045,1430,17.6,0.1985,0.9935,0.2806,0.3086,1.0,-0.4651,0.0,0,1.12,7,0,13,0.0233,0.0,0.0093
88.099,1431,17.6,0.1409,0.5558,0.5139,1.0,0.815,-0.2303,0.0,0,1.08,4,0,13,0.0115,0.0,0.0046
88.155,1432,17.6,0.0804,0.9339,0.2925,1.0,0.9862,-0.2303,0.0,0,1.04,6,0,13,0.0115,0.0,0.0046
88.206,1433,17.6,0.2782,0.2965,0.4857,0.4889,0.521,-0.0835,0.0,0,1.0,3,0,13,0.0042,0.0,0.0017
88.26,1434,17.6,0.1431,1.0,0.2635,0.5328,0.9875,-0.2825,0.0,0,1.0,7,0,13,0.0141,0.0,0.0056
88.318,1435,17.6,0.2279,1.0,0.0,-1.0,0.9676,0.0,0.0,0,1.0,4,0,13,0.0,0.0,0.0
88.374,1436,17.6,0.2113,0.9711,0.0426,-1.0,0.934,0.0,0.0,0,1.0,4,0,13,0.0,0.0,0.0
88.436,1437,17.6,0.1181,1.0,0.0129,-1.0,0.9061,0.0,0.0,0,1.0,7,0,13,0.0,0.0,0.0
88.491,1438,17.6,0.141,1.0,0.0228,-1.0,0.919,0.0,0.0,0,1.0,6,0,13,0.0,0.0,0.0
88.552,1439,17.6,0.1852,1.0,0.0,-1.0,0.9437,0.0,0.0,0,1.0,4,0,13,0.0,0.0,0.0
88.62,1440,17.6,0.1061,0.8615,0.2743,0.7955,0.8772,0.0,0.0,0,1.0,6,0,13,0.0,0.0,0.0
88.675,1441,17.7,0.4289,1.0,0.1026,-1.0,1.0,0.0,0.0,0,1.0,8,0,13,0.0,0.0,0.0
88.731,1442,17.7,0.1641,1.0,0.0985,-0.45,0.9319,-0.7,0.0,0,1.0,7,0,13,0.035,0.0,0.014
88.779,1443,17.7,0.2044,0.9071,0.2743,0.263,0.9156,0.0,0.0,0,1.0,3,0,13,0.0,0.0,0.0
88.831,1444,17.7,0.149,0.9919,0.2855,0.5652,0.993,0.0,0.0,0,1.0,7,0,13,0.0,0.0,0.0
88.881,1445,17.7,0.1671,0.9985,0.285,0.4696,0.9984,-0.2303,0.0,0,1.0,8,0,13,0.0115,0.0,0.0046
88.931,1446,17.7,0.0926,1.0,0.1712,0.536,0.9359,0.0,0.0,0,1.0,5,0,13,0.0,0.0,0.0
88.979,1447,17.7,0.2923,0.751,0.2714,-0.0666,0.7945,0.0,0.0,0,1.0,5,0,13,0.0,0.0,0.0
89.033,1448,17.7,0.2694,0.9684,0.0263,-1.0,1.0,0.0,0.0,0,1.6,4,0,14,0.0,0.0,0.0
89.09,1449,17.7,0.2706,1.0,0.0,-1.0,1.0,0.0045,0.0,0,1.56,4,0,14,0.0002,0.0,0.0001
89.14,1450,17.7,0.1187,1.0,0.0029,-1.0,1.0,0.0,0.0,0,1.52,5,0,14,0.0,0.0,0.0
89.192,1451,17.7,0.1762,0.8602,0.2148,0.1778,1.0,0.0,0.0,0,1.48,6,0,14,0.0,0.0,0.0
89.247,1452,17.7,0.193,0.9672,0.1625,-0.1543,1.0,0.0,0.0,0,1.44,6,0,14,0.0,0.0,0.0
89.306,1453,17.7,0.3188,0.8687,0.2758,-0.13,1.0,0.0,0.0,0,1.4,7,0,14,0.0,0.0,0.0
89.355,1454,17.7,0.3195,0.356,0.505,0.405,0.7913,0.0,0.0,0,1.36,4,0,14,0.0,0.0,0.0
89.405,1455,17.7,0.271,0.8353,0.2834,0.0404,1.0,-0.1363,0.0,0,1.32,4,0,14,0.0068,0.0,0.0027
89.458,1456,17.7,0.249,0.9607,0.2805,0.1069,1.0,0.0,0.0,0,1.28,7,0,14,0.0,0.0,0.0
89.52,1457,17.7,0.2626,0.98,0.2789,0.0542,1.0,-0.1876,0.0,0,1.24,7,0,14,0.0094,0.0,0.0038
89.579,1458,17.7,0.2219,0.8963,0.2778,0.2016,1.0,-0.1876,0.0,0,1.2,9,0,14,0.0094,0.0,0.0038
89.639,1459,17.7,0.4134,0.6669,0.2779,-0.3528,0.9184,0.0045,0.0,0,1.16,8,0,14,0.0002,0.0,0.0001
89.698,1460,17.7,0.314,0.9257,0.2774,-0.1114,1.0,0.0045,0.0,0,1.12,5,0,14,0.0002,0.0,0.0001
89.746,1461,17.7,0.2791,0.8236,0.2887,0.0303,0.9218,0.0045,0.0,0,1.08,5,0,14,0.0002,0.0,0.0001
89.802,1462,17.7,0.4859,1.0,0.0896,-1.0,1.0,0.0045,0.0,0,1.04,4,0,14,0.0002,0.0,0.0001
89.867,1463,17.7,0.4561,0.658,0.2903,-0.3998,0.8081,0.0,0.0,0,1.0,6,0,14,0.0,0.0,0.0
89.926,1464,17.7,0.5142,1.0,0.1616,-0.939,1.0,0.0045,0.0,0,1.0,9,0,14,0.0002,0.0,0.0001
89.98,1465,17.7,0.3773,0.8519,0.3093,-0.1783,0.9269,-0.2303,0.0,0,1.0,4,0,14,0.0115,0.0,0.0046
90.031,1466,17.7,0.0897,0.9394,0.3572,1.0,0.9892,-0.2303,0.0,0,1.0,8,0,14,0.0115,0.0,0.0046
90.081,1467,17.7,0.0297,0.7341,0.6145,1.0,0.9607,-0.2156,0.0,0,1.0,7,0,14,0.0108,0.0,0.0043
90.134,1468,17.7,0.0,0.721,0.7626,1.0,1.0,-0.0835,0.0,0,1.0,9,0,14,0.0042,0.0,0.0017
90.198,1469,17.7,0.0641,0.738,0.5859,1.0,0.9481,-0.1967,0.0,0,1.0,5,0,14,0.0098,0.0,0.0039
90.25,1470,17.7,0.2919,0.7395,0.0218,-1.0,0.7847,-0.1967,0.0,0,1.0,3,0,14,0.0098,0.0,0.0039
90.308,1471,18.4,0.5513,0.9989,0.1671,-0.9628,1.0,0.0915,0.0,0,1.0,7,0,14,0.0046,0.0,0.0018
90.367,1472,18.4,0.3335,0.9535,0.3098,-0.0662,0.9877,-0.1363,0.0,0,1.0,7,0,14,0.0068,0.0,0.0027
90.436,1473,18.4,0.0875,0.7064,0.5727,1.0,0.9141,0.0045,0.0,0,1.0,8,0,14,0.0002,0.0,0.0001
90.494,1474,18.4,0.0896,0.6979,0.5831,1.0,0.9128,0.0915,0.0,0,1.0,5,0,14,0.0046,0.0,0.0018
90.551,1475,18.4,0.0881,0.7193,0.5637,1.0,0.9199,0.0915,0.0,0,1.0,5,0,14,0.0046,0.0,0.0018
90.611,1476,18.4,0.4078,1.0,0.1659,-0.7588,1.0,0.0915,0.0,0,1.0,7,0,14,0.0046,0.0,0.0018
90.667,1477,18.4,0.2632,0.9945,0.2991,0.1149,1.0,-0.2303,0.0,0,1.0,7,0,14,0.0115,0.0,0.0046
90.725,1478,18.4,0.2111,0.9195,0.2985,0.3087,0.9395,-0.0737,0.0,0,1.0,4,0,14,0.0037,0.0,0.0015
90.774,1479,18.4,0.2522,0.9736,0.2934,0.136,0.9821,-0.0737,0.0,0,1.0,5,0,14,0.0037,0.0,0.0015
90.831,1480,18.4,0.2812,0.8023,0.2899,0.0273,0.8363,-0.2303,0.0,0,1.0,6,0,14,0.0115,0.0,0.0046
90.885,1481,18.4,0.5857,0.8849,0.1595,-1.0,1.0,0.0,0.0,0,1.0,6,0,14,0.0,0.0,0.0
90.941,1482,18.4,0.3286,0.8688,0.2907,-0.1099,0.9138,-0.2303,0.0,0,1.0,5,0,14,0.0115,0.0,0.0046
90.997,1483,18.4,0.2582,0.9784,0.2987,0.1308,0.9892,0.0045,0.0,0,1.0,7,0,14,0.0002,0.0,0.0001
91.046,1484,18.4,0.1989,1.0,0.1729,-0.1259,0.9514,0.0045,0.0,0,1.0,8,0,14,0.0002,0.0,0.0001
91.1,1485,18.4,0.2668,0.9975,0.3014,0.1094,1.0,-0.0737,0.0,0,1.0,6,0,14,0.0037,0.0,0.0015
91.16,1486,18.4,0.2039,1.0,0.2989,0.3399,1.0,-0.0737,0.0,0,1.0,7,0,14,0.0037,0.0,0.0015
91.22,1487,18.4,0.2703,0.9917,0.3039,0.1051,1.0,-0.1716,0.0,0,1.0,6,0,14,0.0086,0.0,0.0034
91.283,1488,18.4,0.2777,0.982,0.296,0.0575,0.9906,-0.1716,0.0,0,1.0,8,0,14,0.0086,0.0,0.0034
91.341,1489,18.4,0.2171,1.0,0.293,0.268,1.0,-0.1363,0.0,0,1.0,5,0,14,0.0068,0.0,0.0027
91.406,1490,18.4,0.3991,1.0,0.1606,-0.7672,1.0,-0.2303,0.0,0,1.0,7,0,14,0.0115,0.0,0.0046
91.457,1491,18.4,0.2612,1.0,0.1569,-0.449,0.9863,-0.0737,0.0,0,1.0,7,0,14,0.0037,0.0,0.0015
91.525,1492,18.4,0.2115,1.0,0.1622,-0.2376,0.9585,-0.4651,0.0,0,1.0,8,0,14,0.0233,0.0,0.0093
91.59,1493,18.4,0.1472,1.0,0.1595,0.0722,0.9293,0.0,0.0,0,1.0,6,0,14,0.0,0.0,0.0
91.648,1494,18.4,0.1517,1.0,0.1737,0.1215,0.9373,0.0,0.0,0,1.0,4,0,14,0.0,0.0,0.0
91.706,1495,18.4,0.2776,0.9883,0.2985,0.0652,0.9973,0.0,0.0,0,1.0,7,0,14,0.0,0.0,0.0
91.759,1496,18.4,0.2396,1.0,0.3013,0.2054,1.0,0.0,0.0,0,1.0,6,0,14,0.0,0.0,0.0
91.818,1497,18.4,0.4246,1.0,0.1678,-0.7803,1.0,0.1784,0.0,0,1.0,6,0,14,0.0089,0.0,0.0036
91.877,1498,18.4,0.2454,1.0,0.0124,-1.0,0.9774,-0.0961,0.0,0,1.0,5,0,14,0.0048,0.0,0.0019
91.929,1499,18.4,0.5519,1.0,0.1303,-1.0,1.0,0.0,0.0,0,1.0,10,0,14,0.0,0.0,0.0
91.984,1500,18.4,0.0399,0.7467,0.6049,1.0,0.966,0.0,0.0,0,1.0,6,0,14,0.0,0.0,0.0
92.038,1501,17.3,0.0322,0.7353,0.6216,1.0,0.9657,0.0915,0.0,0,1.0,5,0,14,0.0046,0.0,0.0018
92.091,1502,17.3,0.0,0.7227,0.7809,1.0,1.0,0.0045,0.0,0,1.0,8,0,14,0.0002,0.0,0.0001
92.141,1503,17.3,0.0696,0.6838,0.5897,1.0,0.9046,-0.1464,0.0,0,1.0,4,0,14,0.0073,0.0,0.0029
92.204,1504,17.3,0.1112,0.9504,0.0243,-1.0,0.8606,-0.1464,0.0,0,1.0,3,0,14,0.0073,0.0,0.0029
92.257,1505,17.3,0.1173,0.9633,0.0127,-1.0,0.8749,0.0915,0.0,0,1.0,3,0,14,0.0046,0.0,0.0018
92.309,1506,17.3,0.399,1.0,0.1696,-0.7262,1.0,0.0,0.0,0,1.0,4,0,14,0.0,0.0,0.0
92.37,1507,17.3,0.3576,0.7943,0.0281,-1.0,0.8675,-0.2303,0.0,0,1.0,5,0,14,0.0115,0.0,0.0046
92.426,1508,17.3,0.3402,0.785,0.05,-1.0,0.8499,-0.2303,0.0,0,1.0,7,0,14,0.0115,0.0,0.0046
92.486,1509,17.3,0.1036,0.9478,0.049,-0.643,0.8541,-0.7,0.0,0,1.0,3,0,14,0.035,0.0,0.014
92.544,1510,17.3,0.1397,0.4953,0.6291,1.0,0.7684,0.0,0.0,0,1.0,3,0,14,0.0,0.0,0.0
92.601,1511,17.3,0.1649,0.7269,0.4316,0.8049,0.8523,-0.1716,0.0,0,1.0,4,0,14,0.0086,0.0,0.0034
92.654,1512,17.3,0.1049,0.55,0.618,1.0,0.808,-0.2303,0.0,0,1.0,3,0,14,0.0115,0.0,0.0046
92.708,1513,17.3,0.0065,0.6796,0.6105,1.0,0.9127,-0.2303,0.0,0,1.0,3,0,14,0.0115,0.0,0.0046
92.757,1514,17.3,0.0987,0.7162,0.6146,1.0,0.9458,-0.1129,0.0,0,1.0,6,0,14,0.0056,0.0,0.0023
92.808,1515,17.3,0.0873,0.6553,0.635,1.0,0.9061,-0.1363,0.0,0,1.0,5,0,14,0.0068,0.0,0.0027
92.877,1516,17.3,0.0561,0.8326,0.4418,1.0,0.9468,-0.1363,0.0,0,1.0,4,0,14,0.0068,0.0,0.0027
92.934,1517,17.3,0.2362,0.9741,0.0141,-1.0,0.9505,-0.0737,0.0,0,1.0,5,0,14,0.0037,0.0,0.0015
92.991,1518,17.3,0.6075,0.8807,0.1663,-1.0,1.0,-0.2303,0.0,0,1.0,7,0,14,0.0115,0.0,0.0046
93.055,1519,17.3,0.151,1.0,0.1731,0.1227,0.9369,-0.2664,0.0,0,1.0,6,0,14,0.0133,0.0,0.0053
93.109,1520,17.3,0.5843,0.8595,0.1649,-1.0,1.0,0.0,0.0,0,1.0,7,0,14,0.0,0.0,0.0
93.174,1521,17.3,0.2884,1.0,0.0382,-1.0,1.0,-0.0737,0.0,0,1.0,4,0,14,0.0037,0.0,0.0015
93.226,1522,17.3,0.3925,0.8523,0.298,-0.2465,0.9358,-0.0737,0.0,0,1.0,5,0,14,0.0037,0.0,0.0015
93.288,1523,17.3,0.1601,0.611,0.582,1.0,0.8391,0.0,0.0,0,1.0,6,0,14,0.0,0.0,0.0
93.34,1524,17.3,0.0907,0.8405,0.4426,1.0,0.9538,-0.3037,0.0,0,1.0,6,0,14,0.0152,0.0,0.0061
93.393,1525,17.3,0.1943,0.2014,0.5757,0.8916,0.4916,-0.2303,0.0,0,1.0,2,0,14,0.0115,0.0,0.0046
93.451,1526,17.3,0.5207,0.7192,0.3205,-0.4283,0.8957,-0.2303,0.0,0,1.0,6,0,14,0.0115,0.0,0.0046
93.509,1527,17.3,0.4362,0.6946,0.3041,-0.3212,0.8278,0.0045,0.0,0,1.0,3,0,14,0.0002,0.0,0.0001
93.566,1528,17.3,0.4199,0.8682,0.3044,-0.2872,0.9644,-0.2564,0.0,0,1.0,5,0,14,0.0128,0.0,0.0051
93.625,1529,17.3,0.4871,0.7665,0.3184,-0.3769,0.9167,-0.2441,0.0,0,1.0,5,0,14,0.0122,0.0,0.0049
93.685,1530,17.3,0.1564,0.5509,0.5992,1.0,0.7983,-0.2441,0.0,0,1.0,4,0,14,0.0122,0.0,0.0049
93.743,1531,17.6,0.1022,1.0,0.0456,-0.6891,0.8972,-0.1235,0.0,0,1.0,5,0,14,0.0062,0.0,0.0025
93.799,1532,17.6,0.0573,0.8832,0.4238,1.0,0.9793,-0.2596,0.0,0,1.0,4,0,14,0.013,0.0,0.0052
93.846,1533,17.6,0.3106,0.3318,0.5851,0.5517,0.6064,0.0,0.0,0,1.0,3,0,14,0.0,0.0,0.0
93.903,1534,17.6,0.1765,0.5178,0.6202,1.0,0.7823,0.0,0.0,0,1.0,4,0,14,0.0,0.0,0.0
93.957,1535,17.6,0.0,0.4377,0.6148,1.0,0.712,-0.152,0.0,0,1.0,2,0,14,0.0076,0.0,0.003
94.003,1536,17.6,0.3461,0.2448,0.5739,0.4456,0.527,0.0045,0.0,0,1.0,3,0,14,0.0002,0.0,0.0001
94.053,1537,17.6,0.15,0.5054,0.5705,1.0,0.744,0.0045,0.0,0,1.0,3,1,14,0.0002,0.0,0.0001
94.104,1538,17.6,0.2518,0.9359,0.3195,0.2131,0.9651,-0.2825,0.0,0,1.0,4,1,14,0.0141,0.0,0.0056
94.157,1539,17.6,0.3224,0.7919,0.295,-0.0798,0.8458,0.0045,0.0,0,1.0,3,1,14,0.0002,0.0,0.0001
94.209,1540,17.6,0.2923,1.0,0.1672,-0.49,1.0,0.0045,0.0,0,1.0,7,1,14,0.0002,0.0,0.0001
94.264,1541,17.6,0.2892,1.0,0.1557,-0.5399,1.0,0.0045,0.0,0,1.0,7,1,14,0.0002,0.0,0.0001
94.325,1542,17.6,0.2725,1.0,0.1564,-0.4871,0.9926,-0.4651,0.0,0,1.0,3,1,14,0.0233,0.0,0.0093
94.382,1543,17.6,0.3546,0.6781,0.2876,-0.1877,0.7682,0.0045,0.0,0,1.0,3,1,14,0.0002,0.0,0.0001
94.432,1544,17.6,0.3344,0.8731,0.2972,-0.1059,0.9206,-0.2441,0.0,0,1.0,4,1,14,0.0122,0.0,0.0049
94.485,1545,17.6,0.4328,0.852,0.3021,-0.32,0.9581,-0.2441,0.0,0,1.0,7,1,14,0.0122,0.0,0.0049
94.545,1546,17.6,0.1049,0.547,0.5655,1.0,0.7762,0.0045,0.0,0,1.0,3,1,14,0.0002,0.0,0.0001
94.602,1547,17.6,0.4137,0.7375,0.4368,0.0488,0.8641,0.0915,0.0,0,1.0,4,1,14,0.0046,0.0,0.0018
94.659,1548,17.6,0.3578,0.3699,0.4631,0.2309,0.5701,0.0045,0.0,0,1.0,3,1,14,0.0002,0.0,0.0001
94.716,1549,17.6,0.0,0.1771,0.559,1.0,0.4618,0.0045,0.0,0,1.0,1,1,14,0.0002,0.0,0.0001
94.763,1550,17.6,0.3073,0.3115,0.5651,0.5318,0.5781,-0.2009,0.0,0,1.0,3,1,14,0.01,0.0,0.004
94.812,1551,17.6,0.2294,0.4852,0.5858,0.787,0.7356,-0.1198,0.0,0,1.0,5,1,14,0.006,0.0,0.0024
94.869,1552,17.6,0.1909,0.6032,0.5539,0.8774,0.8169,-0.1198,0.0,0,1.0,5,1,14,0.006,0.0,0.0024
94.93,1553,17.6,0.4848,0.7161,0.2934,-0.4427,0.873,-0.158,0.0,0,1.0,4,1,14,0.0079,0.0,0.0032
94.979,1554,17.6,0.2143,0.9226,0.1569,-0.2785,0.895,-0.158,0.0,0,1.0,3,1,14,0.0079,0.0,0.0032
95.036,1555,17.6,0.1947,0.9286,0.294,0.3658,0.9446,0.0,0.0,0,1.0,6,1,14,0.0,0.0,0.0
95.101,1556,17.6,0.3404,0.6676,0.276,-0.1882,0.7515,0.0,0.0,0,1.0,4,1,14,0.0,0.0,0.0
95.158,1557,17.6,0.1115,0.9169,0.2847,0.7865,0.9296,0.0045,0.0,0,1.0,8,1,14,0.0002,0.0,0.0001
95.213,1558,17.6,0.1382,0.9602,0.2705,0.5827,0.9581,0.0,0.0,0,1.0,6,1,14,0.0,0.0,0.0
95.269,1559,17.6,0.4469,0.646,0.0,-1.0,0.7929,0.0,0.0,0,1.0,5,1,14,0.0,0.0,0.0
95.325,1560,17.6,0.3681,0.6589,0.2338,-0.4015,1.0,-0.1129,0.0,0,1.6,5,0,15,0.0056,0.0,0.0023
95.383,1561,18.3,0.2713,0.9536,0.0283,-1.0,1.0,-0.1129,0.0,0,1.56,5,0,15,0.0056,0.0,0.0023
95.441,1562,18.3,0.0962,0.8755,0.2782,0.8753,1.0,-0.152,0.0,0,1.52,10,0,15,0.0076,0.0,0.003
95.494,1563,18.3,0.0899,1.0,0.172,0.5644,1.0,0.0,0.0,0,1.48,5,0,15,0.0,0.0,0.0
95.553,1564,18.3,0.1777,1.0,0.0877,-0.6105,1.0,0.0,0.0,0,1.44,6,0,15,0.0,0.0,0.0
95.61,1565,18.3,0.1031,1.0,0.1527,0.3487,1.0,0.0,0.0,0,1.4,10,0,15,0.0,0.0,0.0
95.662,1566,18.3,0.2008,0.9246,0.2778,0.2895,1.0,0.0,0.0,0,1.36,6,0,15,0.0,0.0,0.0
95.713,1567,18.3,0.0563,1.0,0.2895,1.0,1.0,0.0,0.0,0,1.32,5,0,15,0.0,0.0,0.0
95.765,1568,18.3,0.3662,1.0,0.148,-0.7639,1.0,-0.2303,0.0,0,1.28,7,0,15,0.0115,0.0,0.0046
95.81,1569,18.3,0.272,0.8711,0.0052,-1.0,1.0,-0.7,0.0,0,1.24,4,0,15,0.035,0.0,0.014
95.867,1570,18.3,0.2594,1.0,0.106,-0.7559,1.0,0.0,0.0,0,1.2,6,0,15,0.0,0.0,0.0
95.924,1571,18.3,0.5567,1.0,0.0,-1.0,1.0,0.0,0.0,0,1.16,8,0,15,0.0,0.0,0.0
95.972,1572,18.3,0.355,0.1277,0.0,-1.0,0.3428,0.0,0.0,0,1.12,1,0,15,0.0,0.0,0.0
96.025,1573,18.3,0.2159,1.0,0.0239,-1.0,1.0,-0.7,0.0,0,1.08,5,0,15,0.035,0.0,0.014
96.084,1574,18.3,0.5717,0.8792,0.1511,-1.0,1.0,0.0,0.0,0,1.04,6,0,15,0.0,0.0,0.0
96.143,1575,18.3,0.1491,0.7231,0.2694,0.5176,0.7582,0.0915,0.0,0,1.0,3,0,15,0.0046,0.0,0.0018
96.205,1576,18.3,0.2229,0.9769,0.2943,0.2485,0.9854,0.0,0.0,0,1.0,4,0,15,0.0,0.0,0.0
96.258,1577,18.3,0.2073,1.0,0.3168,0.376,1.0,0.0,0.0,0,1.0,5,0,15,0.0,0.0,0.0
96.32,1578,18.3,0.3889,1.0,0.1652,-0.7267,1.0,-0.2303,0.0,0,1.0,4,0,15,0.0115,0.0,0.0046
96.375,1579,18.3,0.3663,0.8646,0.3051,-0.1641,0.9314,-0.2303,0.0,0,1.0,4,0,15,0.0115,0.0,0.0046
96.437,1580,18.3,0.1817,0.7831,0.3043,0.4542,0.8282,-0.2303,0.0,0,1.0,2,0,15,0.0115,0.0,0.0046
96.497,1581,18.3,0.407,0.8255,0.3163,-0.2258,0.9213,0.0,0.0,0,1.0,4,0,15,0.0,0.0,0.0
96.559,1582,18.3,0.4457,0.835,0.3728,-0.1604,0.9509,0.0,0.0,0,1.0,5,0,15,0.0,0.0,0.0
96.619,1583,18.3,0.4125,0.8375,0.2991,-0.2868,0.9345,-0.2773,0.0,0,1.0,5,0,15,0.0139,0.0,0.0055
96.674,1584,18.3,0.616,0.9294,0.1666,-1.0,1.0,-0.2441,0.0,0,1.0,8,0,15,0.0122,0.0,0.0049
96.721,1585,18.3,0.608,0.9392,0.1684,-1.0,1.0,-0.2441,0.0,0,1.0,8,0,15,0.0122,0.0,0.0049
96.774,1586,18.3,0.2532,0.5234,0.5741,0.6982,0.7612,-0.2156,0.0,0,1.0,5,0,15,0.0108,0.0,0.0043
96.82,1587,18.3,0.2143,1.0,0.3304,0.3834,1.0,-0.2099,0.0,0,1.0,8,0,15,0.0105,0.0,0.0042
96.875,1588,18.3,0.1944,0.5749,0.5888,0.9066,0.8126,-0.2773,0.0,0,1.0,5,0,15,0.0139,0.0,0.0055
96.93,1589,18.3,0.0902,0.7149,0.5968,1.0,0.9348,-0.2773,0.0,0,1.0,5,0,15,0.0139,0.0,0.0055
96.98,1590,18.3,0.1978,0.5937,0.5625,0.8635,0.8138,-0.0737,0.0,0,1.0,5,0,15,0.0037,0.0,0.0015
97.035,1591,18.1,0.4588,0.737,0.2975,-0.3838,0.876,-0.0835,0.0,0,1.0,4,0,15,0.0042,0.0,0.0017
97.095,1592,18.1,0.2582,1.0,0.2943,0.1178,1.0,-0.0835,0.0,0,1.0,6,0,15,0.0042,0.0,0.0017
97.155,1593,18.1,0.3661,1.0,0.1645,-0.6839,1.0,-0.0737,0.0,0,1.0,7,0,15,0.0037,0.0,0.0015
97.207,1594,18.1,0.2453,0.7456,0.3067,0.2005,0.7981,-0.0961,0.0,0,1.0,3,0,15,0.0048,0.0,0.0019
97.258,1595,18.1,0.5528,1.0,0.0933,-1.0,1.0,-0.1363,0.0,0,1.0,6,0,15,0.0068,0.0,0.0027
97.315,1596,18.1,0.3196,1.0,0.1831,-0.4886,1.0,-0.1363,0.0,0,1.0,5,0,15,0.0068,0.0,0.0027
97.364,1597,18.1,0.2782,1.0,0.1754,-0.4079,0.9958,0.0915,0.0,0,1.0,8,0,15,0.0046,0.0,0.0018
97.416,1598,18.1,0.4156,0.8657,0.3082,-0.2671,0.9599,0.0,0.0,0,1.0,5,0,15,0.0,0.0,0.0
97.467,1599,18.1,0.09,0.7131,0.5877,1.0,0.9281,0.0,0.0,0,1.0,5,0,15,0.0,0.0,0.0
97.529,1600,18.1,0.0,0.6287,0.7978,1.0,0.9748,-0.2441,0.0,0,1.0,4,0,15,0.0122,0.0,0.0049
97.585,1601,18.1,0.1278,1.0,0.339,0.8144,1.0,0.0915,0.0,0,1.0,5,0,15,0.0046,0.0,0.0018
97.64,1602,18.1,0.0846,0.6461,0.7513,1.0,0.9634,0.0,0.0,0,1.0,6,0,15,0.0,0.0,0.0
97.696,1603,18.1,0.0353,0.7151,0.7309,1.0,1.0,-0.1967,0.0,0,1.0,8,0,15,0.0098,0.0,0.0039
97.755,1604,18.1,0.1061,0.5363,0.5649,1.0,0.7668,-0.1967,0.0,0,1.0,3,0,15,0.0098,0.0,0.0039
97.806,1605,18.1,0.2981,0.6691,0.2957,-0.0072,0.729,-0.1967,0.0,0,1.0,2,0,15,0.0098,0.0,0.0039
97.854,1606,18.1,0.4094,1.0,0.0761,-1.0,1.0,0.0,0.0,0,1.0,8,0,15,0.0,0.0,0.0
97.911,1607,18.1,0.2545,1.0,0.2773,0.0772,0.9953,0.0,0.0,0,1.0,6,0,15,0.0,0.0,0.0
97.963,1608,18.1,0.32,0.8955,0.2752,-0.1355,0.9314,-0.7,0.0,0,1.0,5,0,15,0.035,0.0,0.014
98.011,1609,18.1,0.3061,0.8581,0.2741,-0.0992,0.8922,-0.1363,0.0,0,1.0,5,0,15,0.0068,0.0,0.0027
98.064,1610,18.1,0.2008,0.9325,0.2737,0.2766,0.9366,-0.1363,0.0,0,1.0,9,0,15,0.0068,0.0,0.0027
98.115,1611,18.1,0.1838,0.9633,0.1547,-0.1548,0.9121,0.0045,0.0,0,1.0,4,0,15,0.0002,0.0,0.0001
98.167,1612,18.1,0.2153,0.7881,0.2702,0.2036,0.8133,0.0,0.0,0,1.0,4,0,15,0.0,0.0,0.0
98.226,1613,18.1,0.1881,0.8463,0.2711,0.3256,0.8627,-0.7,0.0,0,1.0,6,0,15,0.035,0.0,0.014
98.281,1614,18.1,0.0773,0.93,0.2611,0.9777,1.0,0.0045,0.0,0,1.6,7,0,16,0.0002,0.0,0.0001
98.342,1615,18.1,0.1742,0.9783,0.0129,-1.0,1.0,0.0,0.0,0,1.56,4,0,16,0.0,0.0,0.0
98.405,1616,18.1,0.365,1.0,0.0,-1.0,1.0,0.0,0.0,0,1.52,5,0,16,0.0,0.0,0.0
98.457,1617,18.1,0.4355,1.0,0.0,-1.0,1.0,0.0,0.0,0,1.48,6,0,16,0.0,0.0,0.0
98.522,1618,18.1,0.0813,1.0,0.1415,0.4861,1.0,-0.7,0.0,0,1.44,5,0,16,0.035,0.0,0.014
98.583,1619,18.1,0.0877,0.8891,0.2799,0.9414,1.0,0.0,0.0,0,1.4,4,0,16,0.0,0.0,0.0
98.64,1620,18.1,0.2182,1.0,0.0141,-1.0,1.0,0.0,0.0,0,1.36,6,0,16,0.0,0.0,0.0
98.688,1621,18.1,0.1451,1.0,0.0072,-1.0,1.0,0.0,0.0,0,1.32,5,0,16,0.0,0.0,0.0
98.737,1622,18.1,0.1801,1.0,0.0183,-1.0,1.0,0.0,0.0,0,1.28,5,0,16,0.0,0.0,0.0
98.791,1623,18.1,0.0769,0.9188,0.286,1.0,1.0,0.0,0.0,0,1.24,6,0,16,0.0,0.0,0.0
98.848,1624,18.1,0.1235,1.0,0.1736,0.3038,1.0,0.0,0.0,0,1.2,6,0,16,0.0,0.0,0.0
98.898,1625,18.1,0.1429,0.9632,0.2748,0.5686,1.0,0.0,0.0,0,1.16,3,0,16,0.0,0.0,0.0
98.955,1626,18.1,0.4427,1.0,0.1565,-0.8597,1.0,0.0,0.0,0,1.12,9,0,16,0.0,0.0,0.0
99.004,1627,18.1,0.1278,0.9293,0.2659,0.6313,1.0,0.0045,0.0,0,1.08,6,0,16,0.0002,0.0,0.0001
99.054,1628,18.1,0.1163,0.973,0.2808,0.7455,1.0,0.0045,0.0,0,1.04,5,0,16,0.0002,0.0,0.0001
99.111,1629,18.1,0.3244,0.8798,0.0,-1.0,0.9207,0.0,0.0,0,1.0,4,0,16,0.0,0.0,0.0
99.167,1630,18.1,0.1376,0.973,0.2527,0.5307,0.9588,0.0,0.0,0,1.0,8,0,16,0.0,0.0,0.0
99.223,1631,18.1,0.1618,0.9888,0.2526,0.3942,0.9721,0.0,0.0,0,1.0,7,0,16,0.0,0.0,0.0
99.277,1632,18.1,0.2391,1.0,0.0,-1.0,0.9739,0.0045,0.0,0,1.0,5,0,16,0.0002,0.0,0.0001
99.334,1633,18.1,0.2871,0.994,0.0,-1.0,0.9958,0.0045,0.0,0,1.0,5,0,16,0.0002,0.0,0.0001
99.397,1634,18.1,0.0173,0.9124,0.1452,1.0,0.8478,0.0,0.0,0,1.0,2,0,16,0.0,0.0,0.0
99.45,1635,18.1,0.2204,0.9696,0.138,-0.414,0.9379,0.0,0.0,0,1.0,6,0,16,0.0,0.0,0.0
99.514,1636,18.1,0.3338,0.7845,0.0,-1.0,0.8459,0.0,0.0,0,1.0,3,0,16,0.0,0.0,0.0
99.578,1637,18.1,0.1694,0.7388,0.0,-1.0,0.7155,0.0,0.0,0,1.0,2,0,16,0.0,0.0,0.0
99.632,1638,18.1,0.0787,1.0,0.274,0.9968,0.9934,0.0,0.0,0,1.0,6,0,16,0.0,0.0,0.0
99.679,1639,18.1,0.206,0.9765,0.2733,0.2529,0.9733,0.0,0.0,0,1.0,4,0,16,0.0,0.0,0.0
99.735,1640,18.1,0.2375,0.9652,0.1607,-0.3473,0.9437,0.0,0.0,0,1.0,6,0,16,0.0,0.0,0.0
99.796,1641,18.1,0.3252,0.9125,0.2806,-0.1324,0.9486,-0.2303,0.0,0,1.0,7,0,16,0.0115,0.0,0.0046
99.845,1642,18.1,0.1373,0.9807,0.283,0.6242,0.9822,0.0,0.0,0,1.0,6,0,16,0.0,0.0,0.0
99.899,1643,18.1,0.3558,0.2269,0.5109,0.322,0.4767,0.0,0.0,0,1.0,3,0,16,0.0,0.0,0.0
99.947,1644,18.1,0.2291,0.9802,0.1644,-0.2961,0.9517,0.0,0.0,0,1.0,6,0,16,0.0,0.0,0.0
99.996,1645,18.1,0.2228,1.0,0.1513,-0.3437,0.9648,-0.2664,0.0,0,1.0,7,0,16,0.0133,0.0,0.0053
100.045,1646,18.1,0.1064,1.0,0.164,0.383,1.0,0.0,0.0,0,1.6,8,0,17,0.0,0.0,0.0
100.099,1647,18.1,0.2768,0.9597,0.2749,-0.0063,1.0,0.0,0.0,0,1.56,9,0,17,0.0,0.0,0.0
100.158,1648,18.1,0.1488,1.0,0.1594,0.0618,1.0,0.0,0.0,0,1.52,6,0,17,0.0,0.0,0.0
100.214,1649,18.1,0.2468,0.9868,0.2749,0.0969,1.0,0.0,0.0,0,1.48,6,0,17,0.0,0.0,0.0
100.265,1650,18.1,0.293,0.8435,0.2726,-0.0649,1.0,0.0,0.0,0,1.44,5,0,17,0.0,0.0,0.0
100.315,1651,18.5,0.2463,0.9764,0.154,-0.4148,1.0,-0.0737,0.0,0,1.4,6,0,17,0.0037,0.0,0.0015
100.372,1652,18.5,0.1858,0.9999,0.1649,-0.1074,1.0,0.0,0.0,0,1.36,5,0,17,0.0,0.0,0.0
100.422,1653,18.5,0.2438,0.9971,0.2781,0.1184,1.0,0.0,0.0,0,1.32,5,0,17,0.0,0.0,0.0
100.474,1654,18.5,0.1482,1.0,0.1658,0.1007,1.0,0.0,0.0,0,1.28,8,0,17,0.0,0.0,0.0
100.546,1655,18.5,0.2648,1.0,0.1636,-0.4253,1.0,-0.1363,0.0,0,1.24,7,0,17,0.0068,0.0,0.0027
100.607,1656,18.5,0.2011,0.9666,0.2815,0.3,1.0,0.0,0.0,0,1.2,7,0,17,0.0,0.0,0.0
100.662,1657,18.5,0.2731,1.0,0.1674,-0.432,1.0,0.0,0.0,0,1.16,4,0,17,0.0,0.0,0.0
100.718,1658,18.5,0.2671,0.8723,0.2996,0.1031,1.0,0.0,0.0,0,1.12,5,0,17,0.0,0.0,0.0
100.77,1659,18.5,0.3973,1.0,0.1565,-0.7826,1.0,-0.0737,0.0,0,1.08,7,0,17,0.0037,0.0,0.0015
100.821,1660,18.5,0.2636,1.0,0.1623,-0.428,1.0,-0.0737,0.0,0,1.04,7,0,17,0.0037,0.0,0.0015
100.874,1661,18.5,0.1733,0.9185,0.3138,0.5192,0.9473,0.0045,0.0,0,1.0,3,0,17,0.0002,0.0,0.0001
100.925,1662,18.5,0.4037,0.8319,0.3012,-0.2618,0.9249,0.0,0.0,0,1.0,4,0,17,0.0,0.0,0.0
100.982,1663,18.5,0.4639,0.667,0.2965,-0.3963,0.82,0.0,0.0,0,1.0,3,0,17,0.0,0.0,0.0
101.039,1664,18.5,0.2832,0.4406,0.5743,0.6111,0.6917,-0.2027,0.0,0,1.0,5,0,17,0.0101,0.0,0.0041
101.089,1665,18.5,0.2013,0.5118,0.5944,0.8894,0.7628,-0.1363,0.0,0,1.0,5,0,17,0.0068,0.0,0.0027
101.144,1666,18.5,0.1696,0.8753,0.3137,0.5368,0.9109,0.0045,0.0,0,1.0,3,0,17,0.0002,0.0,0.0001
101.202,1667,18.5,0.1414,0.6397,0.5612,1.0,0.8516,0.0045,0.0,0,1.0,7,0,17,0.0002,0.0,0.0001
101.259,1668,18.5,0.0355,0.7455,0.5687,1.0,0.9447,-0.2303,0.0,0,1.0,7,0,17,0.0115,0.0,0.0046
101.32,1669,18.5,0.2833,1.0,0.2989,0.0484,1.0,0.0915,0.0,0,1.0,9,0,17,0.0046,0.0,0.0018
101.373,1670,18.5,0.2982,0.9084,0.2905,-0.0235,0.93,0.0045,0.0,0,1.0,7,0,17,0.0002,0.0,0.0001
101.428,1671,18.5,0.1755,0.9614,0.2903,0.4436,0.9701,0.0045,0.0,0,1.0,6,0,17,0.0002,0.0,0.0001
101.486,1672,18.5,0.364,0.3687,0.4853,0.257,0.5815,0.0045,0.0,0,1.0,5,0,17,0.0002,0.0,0.0001
101.544,1673,18.5,0.1124,0.9759,0.1529,0.2749,0.9054,0.0,0.0,0,1.0,4,0,17,0.0,0.0,0.0
101.606,1674,18.5,0.3144,1.0,0.0123,-1.0,1.0,0.0,0.0,0,1.6,6,0,18,0.0,0.0,0.0
101.653,1675,18.5,0.3582,0.8687,0.0,-1.0,1.0,0.0,0.0,0,1.56,6,0,18,0.0,0.0,0.0
101.707,1676,18.5,0.2387,1.0,0.0,-1.0,1.0,-0.7,0.0,0,1.52,4,0,18,0.035,0.0,0.014
101.754,1677,18.5,0.3391,1.0,0.0,-1.0,1.0,-0.7,0.0,0,1.48,5,0,18,0.035,0.0,0.014
101.803,1678,18.5,0.3442,0.8714,0.0,-1.0,1.0,0.0,0.0,0,1.44,3,0,18,0.0,0.0,0.0
101.853,1679,18.5,0.3551,1.0,0.0,-1.0,1.0,0.0,0.0,0,1.4,6,0,18,0.0,0.0,0.0
101.908,1680,18.5,0.0552,1.0,0.3053,1.0,1.0,-0.7,0.0,0,1.36,5,0,18,0.035,0.0,0.014
101.966,1681,18.3,0.2936,0.8534,0.2742,-0.0616,1.0,-0.7,0.0,0,1.32,6,0,18,0.035,0.0,0.014
102.021,1682,18.3,0.134,0.6487,0.5185,1.0,1.0,0.0,0.0,0,1.28,5,0,18,0.0,0.0,0.0
102.072,1683,18.3,0.3007,0.9045,0.2742,-0.083,1.0,0.0045,0.0,0,1.24,5,0,18,0.0002,0.0,0.0001
102.128,1684,18.3,0.4977,1.0,0.1562,-0.9399,1.0,0.0045,0.0,0,1.2,7,0,18,0.0002,0.0,0.0001
102.183,1685,18.3,0.1077,1.0,0.2821,0.8049,1.0,0.0045,0.0,0,1.16,5,0,18,0.0002,0.0,0.0001
102.238,1686,18.3,0.0563,0.9509,0.2857,1.0,1.0,0.0,0.0,0,1.12,5,0,18,0.0,0.0,0.0
102.293,1687,18.3,0.2064,1.0,0.0076,-1.0,1.0,0.0,0.0,0,1.08,5,0,18,0.0,0.0,0.0
102.347,1688,18.3,0.089,1.0,0.0409,-0.6672,0.9254,0.0,0.0,0,1.04,4,0,18,0.0,0.0,0.0
102.4,1689,18.3,0.2092,0.9534,0.0,-1.0,0.918,0.0,0.0,0,1.0,3,0,18,0.0,0.0,0.0
102.455,1690,18.3,0.3561,0.9648,0.009,-1.0,1.0,0.0,0.0,0,1.0,4,0,18,0.0,0.0,0.0
102.509,1691,18.3,0.1134,1.0,0.0368,-0.9188,0.9035,0.0,0.0,0,1.0,5,0,18,0.0,0.0,0.0
102.568,1692,18.3,0.1414,1.0,0.1742,0.1869,0.9375,-0.7,0.0,0,1.0,6,0,18,0.035,0.0,0.014
102.623,1693,18.3,0.6158,0.9085,0.1508,-1.0,1.0,0.0,0.0,0,1.0,8,0,18,0.0,0.0,0.0
102.675,1694,18.3,0.0305,1.0,0.3041,1.0,1.0,-0.1967,0.0,0,1.0,5,0,18,0.0098,0.0,0.0039
102.74,1695,18.3,0.4307,1.0,0.1612,-0.8197,1.0,-0.1967,0.0,0,1.0,8,0,18,0.0098,0.0,0.0039
102.788,1696,18.3,0.1695,1.0,0.2977,0.4938,1.0,0.0,0.0,0,1.0,7,0,18,0.0,0.0,0.0
102.837,1697,18.3,0.2311,0.9956,0.296,0.2217,1.0,-0.4651,0.0,0,1.0,4,0,18,0.0233,0.0,0.0093
102.894,1698,18.3,0.6123,1.0,0.0904,-1.0,1.0,-0.7,0.0,0,1.0,12,0,18,0.035,0.0,0.014
102.946,1699,18.3,0.2598,1.0,0.298,0.1235,1.0,-0.7,0.0,0,1.0,5,0,18,0.035,0.0,0.014
102.995,1700,18.3,0.2243,0.548,0.5505,0.758,0.7686,-0.1876,0.0,0,1.0,6,0,18,0.0094,0.0,0.0038
103.047,1701,18.3,0.0519,0.6459,0.5711,1.0,0.8624,-0.1235,0.0,0,1.0,4,0,18,0.0062,0.0,0.0025
103.1,1702,18.3,0.0591,0.7348,0.5548,1.0,0.9279,-0.1235,0.0,0,1.0,6,0,18,0.0062,0.0,0.0025
103.158,1703,18.3,0.2787,0.9935,0.2984,0.0613,1.0,0.0915,0.0,0,1.0,5,0,18,0.0046,0.0,0.0018
103.216,1704,18.3,0.2967,1.0,0.1573,-0.5526,1.0,0.0045,0.0,0,1.0,5,0,18,0.0002,0.0,0.0001
103.276,1705,18.3,0.3306,0.8378,0.2811,-0.1456,0.8889,-0.4651,0.0,0,1.0,7,0,18,0.0233,0.0,0.0093
103.337,1706,18.3,0.2295,1.0,0.16,-0.3213,0.9685,-0.1363,0.0,0,1.0,7,0,18,0.0068,0.0,0.0027
103.39,1707,18.3,0.553,0.9824,0.0853,-1.0,1.0,-0.1363,0.0,0,1.0,7,0,18,0.0068,0.0,0.0027
103.439,1708,18.3,0.3059,0.9345,0.2893,-0.0502,0.9563,0.0,0.0,0,1.0,6,0,18,0.0,0.0,0.0
103.491,1709,18.3,0.2335,1.0,0.2937,0.2054,1.0,0.0045,0.0,0,1.0,5,0,18,0.0002,0.0,0.0001
103.551,1710,18.3,0.2132,1.0,0.3015,0.3089,1.0,-0.7,0.0,0,1.0,8,0,18,0.035,0.0,0.014
103.609,1711,18.3,0.3086,0.9823,0.3118,0.0091,0.9997,-0.7,0.0,0,1.0,8,0,18,0.035,0.0,0.014
103.663,1712,18.3,0.5102,0.7555,0.2953,-0.4802,0.9204,-0.2303,0.0,0,1.0,7,0,18,0.0115,0.0,0.0046
103.714,1713,18.3,0.3632,0.8754,0.2997,-0.1724,0.9387,-0.2596,0.0,0,1.0,5,0,18,0.013,0.0,0.0052
103.77,1714,18.3,0.4265,0.9999,0.1631,-0.8044,1.0,-0.2471,0.0,0,1.0,6,0,18,0.0124,0.0,0.0049
103.821,1715,18.3,0.2736,1.0,0.1759,-0.3915,0.9932,-0.2471,0.0,0,1.0,5,0,18,0.0124,0.0,0.0049
103.873,1716,18.3,0.4173,0.8565,0.3199,-0.2379,0.9532,-0.1876,0.0,0,1.0,5,0,18,0.0094,0.0,0.0038
103.926,1717,18.3,0.4877,0.7788,0.305,-0.4149,0.9273,-0.1833,0.0,0,1.0,6,0,18,0.0092,0.0,0.0037
103.979,1718,18.3,0.2933,0.7933,0.3131,0.0589,0.8417,-0.1833,0.0,0,1.0,3,0,18,0.0092,0.0,0.0037
104.032,1719,18.3,0.4632,0.9797,0.1766,-0.8064,1.0,-0.1967,0.0,0,1.0,4,0,18,0.0098,0.0,0.0039
104.082,1720,18.3,0.3787,0.7831,0.446,0.1468,0.9075,-0.1876,0.0,0,1.0,4,0,18,0.0094,0.0,0.0038
104.138,1721,18.3,0.0591,0.6107,0.7676,1.0,0.9428,-0.1876,0.0,0,1.0,4,0,18,0.0094,0.0,0.0038
104.196,1722,18.3,0.0,0.4523,0.7513,1.0,0.8007,-0.2384,0.0,0,1.0,2,0,18,0.0119,0.0,0.0048
104.248,1723,18.3,0.0791,0.4567,0.7932,1.0,0.8278,-0.1967,0.0,0,1.0,3,0,18,0.0098,0.0,0.0039
104.302,1724,18.3,0.0,0.1776,0.5903,1.0,0.4797,-0.2027,0.0,0,1.0,1,0,18,0.0101,0.0,0.0041
104.366,1725,18.3,0.276,0.4318,0.599,0.6644,0.6982,-0.2027,0.0,0,1.0,5,0,18,0.0101,0.0,0.0041
104.432,1726,18.3,0.4177,0.6731,0.3069,-0.2754,0.7994,0.0915,0.0,0,1.0,3,0,18,0.0046,0.0,0.0018
104.492,1727,18.3,0.2839,1.0,0.1688,-0.4578,0.999,0.0045,0.0,0,1.0,6,0,18,0.0002,0.0,0.0001
104.551,1728,18.3,0.2984,0.7125,0.308,0.0285,0.771,0.0,0.0,0,1.0,7,0,18,0.0,0.0,0.0
104.608,1729,18.3,0.5834,0.9916,0.0866,-1.0,1.0,0.0,0.0,0,1.0,5,0,18,0.0,0.0,0.0
104.664,1730,18.3,0.3291,1.0,0.1655,-0.5951,1.0,0.0,0.0,0,1.0,8,0,18,0.0,0.0,0.0
104.715,1731,18.3,0.4088,0.8349,0.2986,-0.2803,0.9303,0.0915,0.0,0,1.0,6,0,18,0.0046,0.0,0.0018
104.771,1732,18.3,0.3808,0.8502,0.31,-0.1844,0.9274,-0.2027,0.0,0,1.0,4,0,18,0.0101,0.0,0.0041
104.829,1733,18.3,0.1898,0.5824,0.5785,0.9108,0.8132,-0.2156,0.0,0,1.0,5,0,18,0.0108,0.0,0.0043
104.887,1734,18.3,0.0296,0.721,0.7148,1.0,1.0,-0.2156,0.0,0,1.0,6,0,18,0.0108,0.0,0.0043
104.938,1735,18.3,0.0841,0.7276,0.5892,1.0,0.9412,-0.2122,0.0,0,1.0,5,0,18,0.0106,0.0,0.0042
104.99,1736,18.3,0.192,0.9818,0.0251,-1.0,0.9323,0.0915,0.0,0,1.0,5,0,18,0.0046,0.0,0.0018
105.038,1737,18.3,0.3919,1.0,0.1734,-0.696,1.0,0.0915,0.0,0,1.0,9,0,18,0.0046,0.0,0.0018
105.088,1738,18.3,0.4131,0.8646,0.3129,-0.2486,0.9577,0.0,0.0,0,1.0,6,0,18,0.0,0.0,0.0
105.144,1739,18.3,0.3581,1.0,0.0183,-1.0,1.0,-0.152,0.0,0,1.0,5,0,18,0.0076,0.0,0.003
105.201,1740,18.3,0.0318,0.7352,0.6759,1.0,0.9961,-0.7,0.0,0,1.0,5,0,18,0.035,0.0,0.014
105.26,1741,18.2,0.0476,0.7519,0.59,1.0,0.962,0.0045,0.0,0,1.0,6,0,18,0.0002,0.0,0.0001
105.32,1742,18.2,0.0583,0.6906,0.5874,1.0,0.9091,0.0045,0.0,0,1.0,4,0,18,0.0002,0.0,0.0001
105.374,1743,18.2,0.2316,1.0,0.3047,0.2456,1.0,0.0915,0.0,0,1.0,4,0,18,0.0046,0.0,0.0018
105.432,1744,18.2,0.3978,1.0,0.166,-0.7401,1.0,-0.2303,0.0,0,1.0,4,0,18,0.0115,0.0,0.0046
105.486,1745,18.2,0.1934,1.0,0.3088,0.4135,1.0,-0.4182,0.0,0,1.0,7,0,18,0.0209,0.0,0.0084
105.544,1746,18.2,0.3354,0.7868,0.2921,-0.1243,0.8488,-0.4182,0.0,0,1.0,6,0,18,0.0209,0.0,0.0084
105.6,1747,18.2,0.2518,1.0,0.0916,-0.84,0.981,0.0045,0.0,0,1.0,9,0,18,0.0002,0.0,0.0001
105.654,1748,18.2,0.3044,0.9174,0.2827,-0.0666,0.9411,0.0,0.0,0,1.0,6,0,18,0.0,0.0,0.0
105.704,1749,18.2,0.2062,0.9576,0.3015,0.3381,0.9732,0.0045,0.0,0,1.0,4,0,18,0.0002,0.0,0.0001
105.756,1750,18.2,0.2765,0.8299,0.2855,0.029,0.857,0.0045,0.0,0,1.0,3,0,18,0.0002,0.0,0.0001
105.817,1751,18.2,0.2037,0.8967,0.2957,0.3318,0.9188,0.0045,0.0,0,1.0,7,0,18,0.0002,0.0,0.0001
105.873,1752,18.2,0.1452,1.0,0.1599,0.0867,0.9295,0.0,0.0,0,1.0,8,0,18,0.0,0.0,0.0
105.925,1753,18.2,0.1406,1.0,0.1479,0.045,0.9228,0.0,0.0,0,1.0,6,0,18,0.0,0.0,0.0
105.985,1754,18.2,0.0961,1.0,0.0262,-1.0,1.0,0.0,0.0,0,1.6,6,0,19,0.0,0.0,0.0
106.038,1755,18.2,0.2598,1.0,0.013,-1.0,1.0,0.0,0.0,0,1.56,6,0,19,0.0,0.0,0.0
106.089,1756,18.2,0.0844,1.0,0.1766,0.6353,1.0,0.0,0.0,0,1.52,6,0,19,0.0,0.0,0.0
106.144,1757,18.2,0.3381,1.0,0.1539,-0.6737,1.0,0.0,0.0,0,1.48,9,0,19,0.0,0.0,0.0
106.202,1758,18.2,0.2259,0.8925,0.2866,0.2133,1.0,0.0,0.0,0,1.44,8,0,19,0.0,0.0,0.0
106.258,1759,18.2,0.1371,1.0,0.1622,0.151,1.0,0.0,0.0,0,1.4,8,0,19,0.0,0.0,0.0
106.315,1760,18.2,0.1614,1.0,0.1604,-0.0054,1.0,0.0,0.0,0,1.36,7,0,19,0.0,0.0,0.0
106.375,1761,18.2,0.1929,1.0,0.1595,-0.171,1.0,0.0,0.0,0,1.32,4,0,19,0.0,0.0,0.0
106.434,1762,18.2,0.2215,0.7348,0.3054,0.2867,1.0,0.0,0.0,0,1.28,3,0,19,0.0,0.0,0.0
106.491,1763,18.2,0.2232,0.9689,0.1593,-0.3008,1.0,0.0045,0.0,0,1.24,3,0,19,0.0002,0.0,0.0001
106.553,1764,18.2,0.1334,0.8154,0.2845,0.651,1.0,0.0045,0.0,0,1.2,2,0,19,0.0002,0.0,0.0001
106.608,1765,18.2,0.201,1.0,0.1702,-0.149,1.0,0.0,0.0,0,1.16,5,0,19,0.0,0.0,0.0
106.668,1766,18.2,0.2356,1.0,0.2739,0.1351,1.0,0.0,0.0,0,1.12,5,0,19,0.0,0.0,0.0
106.722,1767,18.2,0.2998,0.8616,0.2749,-0.0779,0.963,-0.7,0.0,0,1.08,7,0,19,0.035,0.0,0.014
106.772,1768,18.2,0.1101,0.9033,0.2833,0.7927,0.9541,0.0045,0.0,0,1.04,5,0,19,0.0002,0.0,0.0001
106.826,1769,18.2,0.1903,1.0,0.1722,-0.0898,0.9466,0.0045,0.0,0,1.0,8,0,19,0.0002,0.0,0.0001
106.887,1770,18.2,0.1119,0.9312,0.2794,0.7702,0.9387,0.0,0.0,0,1.0,4,0,19,0.0,0.0,0.0
106.943,1771,17.8,0.1384,0.9867,0.249,0.5142,0.9683,0.0,0.0,0,1.0,6,0,19,0.0,0.0,0.0
107.007,1772,17.8,0.3227,0.8961,0.0,-1.0,0.9334,0.0,0.0,0,1.0,6,0,19,0.0,0.0,0.0
107.053,1773,17.8,0.3311,0.8012,0.0,-1.0,0.8585,0.0,0.0,0,1.0,3,0,19,0.0,0.0,0.0
107.105,1774,17.8,0.2401,0.8394,0.0,-1.0,0.8395,0.0,0.0,0,1.0,2,0,19,0.0,0.0,0.0
107.167,1775,17.8,0.2206,0.818,0.0,-1.0,0.8107,0.0,0.0,0,1.0,2,0,19,0.0,0.0,0.0
107.223,1776,17.8,0.2565,1.0,0.0,-1.0,0.9836,0.0,0.0,0,1.0,8,0,19,0.0,0.0,0.0
107.277,1777,17.8,0.1745,0.8587,0.257,0.3442,0.8652,0.0,0.0,0,1.0,3,0,19,0.0,0.0,0.0
107.34,1778,17.8,0.1516,1.0,0.0167,-1.0,0.9249,0.0045,0.0,0,1.0,4,0,19,0.0002,0.0,0.0001
107.388,1779,17.8,0.1604,1.0,0.1557,-0.0269,0.9298,0.0,0.0,0,1.0,8,0,19,0.0,0.0,0.0
107.444,1780,17.8,0.0846,0.9311,0.2748,0.9523,0.936,0.0,0.0,0,1.0,4,0,19,0.0,0.0,0.0
107.502,1781,17.8,0.1227,1.0,0.265,0.6609,0.9884,0.0,0.0,0,1.0,6,0,19,0.0,0.0,0.0
107.561,1782,17.8,0.1695,0.8276,0.277,0.4335,1.0,0.0,0.0,0,1.6,4,0,20,0.0,0.0,0.0
107.619,1783,17.8,0.3896,0.6848,0.0,-1.0,1.0,0.0,0.0,0,1.56,4,0,20,0.0,0.0,0.0
107.669,1784,17.8,0.3173,0.9164,0.0,-1.0,1.0,-0.7,0.0,0,1.52,4,0,20,0.035,0.0,0.014
107.722,1785,17.8,0.3278,0.9361,0.0161,-1.0,1.0,0.0,0.0,0,1.48,6,0,20,0.0,0.0,0.0
107.778,1786,17.8,0.2936,0.8895,0.0224,-1.0,1.0,0.0,0.0,0,1.44,4,0,20,0.0,0.0,0.0
107.829,1787,17.8,0.0265,0.9647,0.3554,1.0,1.0,0.0,0.0,0,1.4,9,0,20,0.0,0.0,0.0
107.878,1788,17.8,0.1608,1.0,0.1729,0.0652,1.0,0.0,0.0,0,1.36,5,0,20,0.0,0.0,0.0
107.93,1789,17.8,0.2051,1.0,0.156,-0.2447,1.0,0.0,0.0,0,1.32,7,0,20,0.0,0.0,0.0
107.981,1790,17.8,0.3004,0.936,0.2776,-0.0712,1.0,0.0,0.0,0,1.28,5,0,20,0.0,0.0,0.0
108.029,1791,17.8,0.2902,0.9454,0.2879,-0.007,1.0,0.0,0.0,0,1.24,5,0,20,0.0,0.0,0.0
108.079,1792,17.8,0.263,0.9814,0.2809,0.0592,1.0,0.0045,0.0,0,1.2,7,0,20,0.0002,0.0,0.0001
108.136,1793,17.8,0.3732,0.7356,0.2854,-0.24,0.9591,0.0045,0.0,0,1.16,6,0,20,0.0002,0.0,0.0001
108.19,1794,17.8,0.2804,0.7954,0.2907,0.0326,0.9307,-0.1612,0.0,0,1.12,7,0,20,0.0081,0.0,0.0032
108.242,1795,17.8,0.1754,0.8615,0.285,0.4287,0.9539,-0.1612,0.0,0,1.08,5,0,20,0.0081,0.0,0.0032
108.296,1796,17.8,0.1889,0.9453,0.2959,0.3972,0.9981,0.0,0.0,0,1.04,6,0,20,0.0,0.0,0.0
108.349,1797,17.8,0.316,0.2731,0.4938,0.395,0.5059,0.0045,0.0,0,1.0,3,0,20,0.0002,0.0,0.0001
108.412,1798,17.8,0.1201,0.9209,0.2783,0.7146,0.9294,-0.1967,0.0,0,1.0,5,0,20,0.0098,0.0,0.0039
108.472,1799,17.8,0.32,1.0,0.0,-1.0,1.0,0.0,0.0,0,1.0,6,0,20,0.0,0.0,0.0
108.536,1800,17.8,0.2861,0.8965,0.0192,-1.0,0.9133,0.0,0.0,0,1.0,4,0,20,0.0,0.0,0.0
108.595,1801,18.2,0.1347,0.8724,0.2807,0.6328,0.89,0.0,0.0,0,1.0,6,0,20,0.0,0.0,0.0
108.649,1802,18.2,0.2291,1.0,0.01,-1.0,0.9683,0.0,0.0,0,1.0,5,0,20,0.0,0.0,0.0
108.701,1803,18.2,0.2758,1.0,0.0,-1.0,0.9944,0.0,0.0,0,1.0,4,0,20,0.0,0.0,0.0
108.758,1804,18.2,0.4221,0.7155,0.0,-1.0,0.8374,0.0,0.0,0,1.0,5,0,20,0.0,0.0,0.0
108.813,1805,18.2,0.4319,0.9516,0.1554,-0.8472,1.0,0.0,0.0,0,1.0,11,0,20,0.0,0.0,0.0
108.866,1806,18.2,0.2806,0.7204,0.2773,-0.0107,0.7623,-0.7,0.0,0,1.0,7,0,20,0.035,0.0,0.014
108.913,1807,18.2,0.2866,0.9527,0.2943,0.0239,0.9651,0.0,0.0,0,1.0,6,0,20,0.0,0.0,0.0
108.975,1808,18.2,0.5701,0.9464,0.089,-1.0,1.0,0.0045,0.0,0,1.0,5,0,20,0.0002,0.0,0.0001
109.034,1809,18.2,0.6231,0.916,0.1639,-1.0,1.0,0.0045,0.0,0,1.0,7,0,20,0.0002,0.0,0.0001
109.099,1810,18.2,0.3289,1.0,0.0204,-1.0,1.0,0.0915,0.0,0,1.0,6,0,20,0.0046,0.0,0.0018
109.169,1811,18.2,0.4336,1.0,0.0316,-1.0,1.0,-0.1129,0.0,0,1.0,5,0,20,0.0056,0.0,0.0023
109.233,1812,18.2,0.0987,0.5181,0.6124,1.0,0.7782,-0.4651,0.0,0,1.0,3,0,20,0.0233,0.0,0.0093
109.294,1813,18.2,0.3052,0.9385,0.3329,0.0781,0.9748,-0.1363,0.0,0,1.0,4,0,20,0.0068,0.0,0.0027
109.354,1814,18.2,0.2221,1.0,0.241,0.0737,0.975,0.1784,0.0,0,1.0,6,0,20,0.0089,0.0,0.0036
109.417,1815,18.2,0.5563,0.776,0.2408,-0.7125,0.9634,0.0,0.0,0,1.0,5,0,20,0.0,0.0,0.0
109.476,1816,18.2,0.0,0.5072,0.6042,1.0,0.7643,0.0,0.0,0,1.0,2,0,20,0.0,0.0,0.0
109.545,1817,18.2,0.4515,0.6369,0.3235,-0.2974,0.7879,-0.2099,0.0,0,1.0,3,0,20,0.0105,0.0,0.0042
109.607,1818,18.2,0.209,1.0,0.4175,0.5991,1.0,0.0045,0.0,0,1.0,6,0,20,0.0002,0.0,0.0001
109.657,1819,18.2,0.5519,0.7337,0.3251,-0.4655,0.9254,-0.7,0.0,0,1.0,5,0,20,0.035,0.0,0.014
109.72,1820,18.2,0.1778,1.0,0.4323,0.7508,1.0,-0.7,0.0,0,1.0,9,0,20,0.035,0.0,0.014
109.776,1821,18.2,0.4261,1.0,0.2266,-0.5501,1.0,-0.2491,0.0,0,1.0,8,0,20,0.0125,0.0,0.005
109.841,1822,18.2,0.084,0.5961,0.5762,1.0,0.8233,-0.1876,0.0,0,1.0,3,0,20,0.0094,0.0,0.0038
109.928,1823,18.2,0.5627,0.7738,0.2371,-0.7326,0.965,0.0915,0.0,0,1.0,5,0,20,0.0046,0.0,0.0018
109.99,1824,18.2,0.0447,0.8721,0.4266,1.0,0.9714,-0.2122,0.0,0,1.0,4,0,20,0.0106,0.0,0.0042
110.036,1825,18.2,0.1926,0.9758,0.3283,0.469,1.0,-0.7,0.0,0,1.0,4,0,20,0.035,0.0,0.014
110.089,1826,18.2,0.0827,0.7255,0.4242,1.0,0.847,-0.7,0.0,0,1.0,3,0,20,0.035,0.0,0.014
110.141,1827,18.2,0.0035,0.6834,0.6035,1.0,0.912,0.0,0.0,0,1.0,3,0,20,0.0,0.0,0.0
110.199,1828,18.2,0.0264,0.7523,0.5966,1.0,0.966,0.0045,0.0,0,1.0,4,0,20,0.0002,0.0,0.0001
110.257,1829,18.2,0.0331,0.6695,0.7949,1.0,1.0,0.0915,0.0,0,1.0,5,0,20,0.0046,0.0,0.0018
110.306,1830,18.2,0.1334,0.4915,0.5884,1.0,0.7424,0.0915,0.0,0,1.0,3,0,20,0.0046,0.0,0.0018
110.358,1831,16.9,0.6582,0.5606,0.3106,-0.6457,0.8395,-0.2156,0.0,0,1.0,6,0,20,0.0108,0.0,0.0043
110.417,1832,16.9,0.3223,0.8336,0.2946,-0.081,0.8807,-0.289,0.0,0,1.0,5,0,20,0.0144,0.0,0.0058
110.476,1833,16.9,0.2082,0.8532,0.2925,0.3034,0.8805,0.0045,0.0,0,1.0,4,0,20,0.0002,0.0,0.0001
110.541,1834,16.9,0.2335,1.0,0.1522,-0.3793,0.9708,0.0045,0.0,0,1.0,8,0,20,0.0002,0.0,0.0001
110.599,1835,16.9,0.2907,0.8369,0.2731,-0.0561,0.8658,-0.2303,0.0,0,1.0,6,0,20,0.0115,0.0,0.0046
110.644,1836,16.9,0.1829,0.9881,0.2721,0.3526,0.9824,0.0,0.0,0,1.0,6,0,20,0.0,0.0,0.0
110.698,1837,16.9,0.2037,1.0,0.1531,-0.2551,0.9541,0.0045,0.0,0,1.0,8,0,20,0.0002,0.0,0.0001
110.754,1838,16.9,0.2394,0.4842,0.4847,0.6095,0.6781,0.0045,0.0,0,1.0,5,0,20,0.0002,0.0,0.0001
110.805,1839,16.9,0.2903,1.0,0.0049,-1.0,1.0,0.0,0.0,0,1.0,7,0,20,0.0,0.0,0.0
110.855,1840,16.9,0.2642,0.7292,0.054,-1.0,1.0,0.0,0.0,0,1.6,4,0,21,0.0,0.0,0.0
110.907,1841,16.9,0.1699,1.0,0.0225,-1.0,1.0,0.0,0.0,0,1.56,8,0,21,0.0,0.0,0.0
110.954,1842,16.9,0.3312,1.0,0.0,-1.0,1.0,0.0,0.0,0,1.52,7,0,21,0.0,0.0,0.0
111.006,1843,16.9,0.192,1.0,0.1617,-0.1539,1.0,0.0,0.0,0,1.48,7,0,21,0.0,0.0,0.0
111.056,1844,16.9,0.1698,0.9908,0.2853,0.4569,1.0,0.0,0.0,0,1.44,5,0,21,0.0,0.0,0.0
111.108,1845,16.9,0.2128,0.9232,0.1562,-0.2763,1.0,0.0,0.0,0,1.4,3,0,21,0.0,0.0,0.0
111.181,1846,16.9,0.24,1.0,0.2928,0.1784,1.0,0.0,0.0,0,1.36,5,0,21,0.0,0.0,0.0
111.244,1847,16.9,0.4341,1.0,0.094,-1.0,1.0,0.0,0.0,0,1.32,7,0,21,0.0,0.0,0.0
111.302,1848,16.9,0.2821,0.9986,0.3017,0.0604,1.0,0.1039,0.0,0,1.28,6,0,21,0.0052,0.0,0.0021
111.361,1849,16.9,0.6612,0.8717,0.1637,-1.0,1.0,0.0045,0.0,0,1.24,8,0,21,0.0002,0.0,0.0001
111.416,1850,16.9,0.1605,0.5685,0.5598,0.9978,0.9493,-0.2596,0.0,0,1.2,4,0,21,0.013,0.0,0.0052
111.474,1851,16.9,0.2219,0.5475,0.5696,0.7908,0.9035,-0.2596,0.0,0,1.16,5,0,21,0.013,0.0,0.0052
111.541,1852,16.9,0.031,0.7497,0.5748,1.0,1.0,-0.1275,0.0,0,1.12,7,0,21,0.0064,0.0,0.0026
111.606,1853,16.9,0.7477,0.756,0.1614,-1.0,1.0,-0.1235,0.0,0,1.08,6,0,21,0.0062,0.0,0.0025
111.655,1854,16.9,0.4978,0.7616,0.2892,-0.477,0.9552,-0.1967,0.0,0,1.04,6,0,21,0.0098,0.0,0.0039
111.71,1855,16.9,0.2204,0.9377,0.2868,0.2358,0.9483,-0.1967,0.0,0,1.0,7,0,21,0.0098,0.0,0.0039
111.774,1856,16.9,0.5513,0.9299,0.1617,-0.9836,1.0,-0.2471,0.0,0,1.0,7,0,21,0.0124,0.0,0.0049
111.832,1857,16.9,0.2463,0.9778,0.295,0.162,0.9866,-0.7,0.0,0,1.0,6,0,21,0.035,0.0,0.014
111.882,1858,16.9,0.6913,1.0,0.0528,-1.0,1.0,0.0045,0.0,0,1.0,11,0,21,0.0002,0.0,0.0001
111.934,1859,16.9,0.5211,0.9989,0.169,-0.9184,1.0,0.0045,0.0,0,1.0,8,0,21,0.0002,0.0,0.0001
111.996,1860,16.9,0.1031,0.5258,0.5803,1.0,0.7666,-0.0737,0.0,0,1.0,3,0,21,0.0037,0.0,0.0015
112.055,1861,17.8,0.0925,0.5865,0.7885,1.0,0.9342,-0.1876,0.0,0,1.0,5,0,21,0.0094,0.0,0.0038
112.106,1862,17.8,0.1602,0.4926,0.623,1.0,0.7627,-0.1911,0.0,0,1.0,4,0,21,0.0096,0.0,0.0038
112.16,1863,17.8,0.0884,0.6624,0.616,1.0,0.9014,-0.1911,0.0,0,1.0,5,0,21,0.0096,0.0,0.0038
112.217,1864,17.8,0.6528,0.5649,0.3201,-0.6156,0.8401,-0.0737,0.0,0,1.0,6,0,21,0.0037,0.0,0.0015
112.273,1865,17.8,0.4324,0.8326,0.3182,-0.274,0.9415,-0.2303,0.0,0,1.0,6,0,21,0.0115,0.0,0.0046
112.326,1866,17.8,0.0824,0.7144,0.5744,1.0,0.9217,-0.2156,0.0,0,1.0,5,0,21,0.0108,0.0,0.0043
112.382,1867,17.8,0.0884,0.6963,0.5877,1.0,0.914,-0.2156,0.0,0,1.0,5,0,21,0.0108,0.0,0.0043
112.438,1868,17.8,0.1047,0.8691,0.4191,1.0,0.9647,0.0915,0.0,0,1.0,7,0,21,0.0046,0.0,0.0018
112.492,1869,17.8,0.1047,0.9713,0.029,-1.0,0.8745,-0.7,0.0,0,1.0,3,0,21,0.035,0.0,0.014
112.554,1870,17.8,0.7127,0.4956,0.3072,-0.7156,0.8154,0.0,0.0,0,1.0,6,0,21,0.0,0.0,0.0
112.609,1871,17.8,0.441,1.0,0.1684,-0.8052,1.0,-0.1967,0.0,0,1.0,7,0,21,0.0098,0.0,0.0039
112.663,1872,17.8,0.7301,0.4734,0.3086,-0.7304,0.8065,-0.1967,0.0,0,1.0,6,0,21,0.0098,0.0,0.0039
112.712,1873,17.8,0.4332,0.6916,0.3105,-0.2969,0.8235,-0.1833,0.0,0,1.0,3,0,21,0.0092,0.0,0.0037
112.763,1874,17.8,0.4828,0.9231,0.1732,-0.8496,1.0,-0.2694,0.0,0,1.0,4,0,21,0.0135,0.0,0.0054
112.816,1875,17.8,0.4665,0.7056,0.3973,-0.1443,0.8539,-0.2694,0.0,0,1.0,4,0,21,0.0135,0.0,0.0054
112.877,1876,17.8,0.1236,0.5099,0.6051,1.0,0.7672,-0.0737,0.0,0,1.0,3,0,21,0.0037,0.0,0.0015
112.932,1877,17.8,0.3496,0.5348,0.3971,0.1145,0.6716,0.0045,0.0,0,1.0,4,0,21,0.0002,0.0,0.0001
112.981,1878,17.8,0.1717,0.9646,0.3119,0.5217,0.9849,-0.2303,0.0,0,1.0,3,0,21,0.0115,0.0,0.0046
113.027,1879,17.8,0.2251,0.5737,0.5677,0.7777,0.7998,-0.2303,0.0,0,1.0,7,0,21,0.0115,0.0,0.0046
113.08,1880,17.8,0.3258,0.8886,0.3184,-0.0208,0.9289,-0.2471,0.0,0,1.0,5,0,21,0.0124,0.0,0.0049
113.135,1881,17.8,0.0215,0.4981,0.588,1.0,0.7477,0.0,0.0,0,1.0,2,0,21,0.0,0.0,0.0
113.193,1882,17.8,0.1532,0.4683,0.4063,0.8142,0.6209,0.0,0.0,0,1.0,2,0,21,0.0,0.0,0.0
113.247,1883,17.8,0.2301,0.546,0.5847,0.7834,0.7861,0.0915,0.0,0,1.0,5,0,21,0.0046,0.0,0.0018
113.302,1884,17.8,0.4299,0.9955,0.1861,-0.7123,1.0,-0.1967,0.0,0,1.0,7,0,21,0.0098,0.0,0.0039
113.366,1885,17.8,0.2958,0.8161,0.302,0.0188,0.8546,-0.1876,0.0,0,1.0,3,0,21,0.0094,0.0,0.0038
113.428,1886,17.8,0.8887,0.5552,0.0,-1.0,0.964,0.0,0.0,0,1.0,6,0,21,0.0,0.0,0.0
113.486,1887,17.8,0.2518,1.0,0.3029,0.1659,1.0,0.0,0.0,0,1.0,7,0,21,0.0,0.0,0.0
113.546,1888,17.8,0.5476,0.9323,0.0144,-1.0,1.0,-0.1876,0.0,0,1.0,6,0,21,0.0094,0.0,0.0038
113.599,1889,17.8,0.4272,1.0,0.1696,-0.7769,1.0,-0.0737,0.0,0,1.0,8,0,21,0.0037,0.0,0.0015
113.655,1890,17.8,0.4421,0.6992,0.0281,-1.0,0.8349,-0.1363,0.0,0,1.0,5,0,21,0.0068,0.0,0.0027
113.706,1891,18.1,0.654,0.5529,0.3296,-0.5937,0.8306,-0.1363,0.0,0,1.0,8,0,21,0.0068,0.0,0.0027
113.765,1892,18.1,0.0558,0.6393,0.6264,1.0,0.8877,-0.1967,0.0,0,1.0,4,0,21,0.0098,0.0,0.0039
113.827,1893,18.1,0.11,0.609,0.7938,1.0,0.9561,-0.1716,0.0,0,1.0,7,0,21,0.0086,0.0,0.0034
113.883,1894,18.1,0.5136,0.7547,0.339,-0.3687,0.9215,-0.1911,0.0,0,1.0,7,0,21,0.0096,0.0,0.0038
113.933,1895,18.1,0.0898,0.6413,0.7853,1.0,0.9785,-0.1911,0.0,0,1.0,6,0,21,0.0096,0.0,0.0038
113.99,1896,18.1,0.0,0.4907,0.6277,1.0,0.7637,-0.1612,0.0,0,1.0,2,0,21,0.0081,0.0,0.0032
114.049,1897,18.1,0.0,0.6023,0.7893,1.0,0.9479,-0.2303,0.0,0,1.0,3,0,21,0.0115,0.0,0.0046
114.098,1898,18.1,0.0145,0.7288,0.7753,1.0,1.0,-0.1464,0.0,0,1.0,8,0,21,0.0073,0.0,0.0029
114.164,1899,18.1,0.0,0.6578,0.4324,1.0,0.7947,-0.1464,0.0,0,1.0,2,0,21,0.0073,0.0,0.0029
114.225,1900,18.1,0.1086,0.6639,0.6016,1.0,0.8946,-0.1967,0.0,0,1.0,6,0,21,0.0098,0.0,0.0039
114.281,1901,18.1,0.2528,1.0,0.308,0.1771,1.0,0.0045,0.0,0,1.0,5,0,21,0.0002,0.0,0.0001
114.334,1902,18.1,0.5526,1.0,0.0893,-1.0,1.0,-0.1363,0.0,0,1.0,7,0,21,0.0068,0.0,0.0027
114.393,1903,18.1,0.2369,1.0,0.1658,-0.3178,0.9727,-0.1363,0.0,0,1.0,7,0,21,0.0068,0.0,0.0027
114.452,1904,18.1,0.2645,0.9386,0.2834,0.0621,0.9472,0.0915,0.0,0,1.0,5,0,21,0.0046,0.0,0.0018
114.512,1905,18.1,0.5684,0.9223,0.092,-1.0,1.0,0.0045,0.0,0,1.0,5,0,21,0.0002,0.0,0.0001
114.57,1906,18.1,0.3635,0.8676,0.2877,-0.2095,0.9323,0.0915,0.0,0,1.0,6,0,21,0.0046,0.0,0.0018
114.625,1907,18.1,0.2782,0.9956,0.1766,-0.4019,0.9921,-0.1612,0.0,0,1.0,9,0,21,0.0081,0.0,0.0032
114.671,1908,18.1,0.5311,0.8344,0.2258,-0.7259,0.9983,-0.1612,0.0,0,1.0,6,0,21,0.0081,0.0,0.0032
114.72,1909,18.1,0.57,1.0,0.0913,-1.0,1.0,-0.2303,0.0,0,1.0,5,0,21,0.0115,0.0,0.0046
114.774,1910,18.1,0.6461,0.5552,0.3768,-0.4739,0.8282,-0.2303,0.0,0,1.0,5,0,21,0.0115,0.0,0.0046
114.823,1911,18.1,0.1588,0.577,0.5849,1.0,0.8122,0.0915,0.0,0,1.0,4,0,21,0.0046,0.0,0.0018
114.874,1912,18.1,0.0148,0.6973,0.8094,1.0,1.0,-0.2773,0.0,0,1.0,7,0,21,0.0139,0.0,0.0055
114.92,1913,18.1,0.0,0.5623,0.0296,1.0,0.4889,-0.2773,0.0,0,1.0,1,0,21,0.0139,0.0,0.0055
114.974,1914,18.1,0.0641,0.8716,0.4163,1.0,0.9653,0.0045,0.0,0,1.0,4,0,21,0.0002,0.0,0.0001
115.023,1915,18.1,0.0987,1.0,0.0369,-0.8216,0.8953,-0.7,0.0,0,1.0,5,0,21,0.035,0.0,0.014
115.076,1916,18.1,0.0856,0.6589,0.6217,1.0,0.9016,0.0,0.0,0,1.0,6,0,21,0.0,0.0,0.0
115.136,1917,18.1,0.0,0.8007,0.4473,1.0,0.9231,0.0,0.0,0,1.0,3,0,21,0.0,0.0,0.0
115.192,1918,18.1,0.1093,0.9844,0.3375,0.9194,1.0,-0.0595,0.0,0,1.0,6,0,21,0.003,0.0,0.0012
115.248,1919,18.1,0.3362,0.9235,0.3255,-0.0292,0.964,-0.1129,0.0,0,1.0,5,0,21,0.0056,0.0,0.0023
115.299,1920,18.1,0.2418,0.967,0.3025,0.2008,0.9817,0.0,0.0,0,1.0,5,0,21,0.0,0.0,0.0
115.361,1921,18.2,0.2257,1.0,0.2987,0.2508,1.0,0.0915,0.0,0,1.0,6,0,21,0.0046,0.0,0.0018
115.419,1922,18.2,0.3201,0.8654,0.288,-0.095,0.9062,0.0915,0.0,0,1.0,4,0,21,0.0046,0.0,0.0018
115.477,1923,18.2,0.1406,1.0,0.1723,0.1825,0.9365,-0.2303,0.0,0,1.0,7,0,21,0.0115,0.0,0.0046
115.54,1924,18.2,0.2076,1.0,0.1668,-0.196,0.9563,0.0,0.0,0,1.0,9,0,21,0.0,0.0,0.0
115.597,1925,18.2,0.5061,0.9608,0.0872,-1.0,1.0,0.0,0.0,0,1.6,10,0,22,0.0,0.0,0.0
115.649,1926,18.2,0.0732,1.0,0.2947,1.0,1.0,-0.0835,0.0,0,1.56,6,0,22,0.0042,0.0,0.0017
115.696,1927,18.2,0.0429,0.7079,0.5161,1.0,1.0,-0.0835,0.0,0,1.52,8,0,22,0.0042,0.0,0.0017
115.745,1928,18.2,0.188,0.815,0.2895,0.383,1.0,0.0,0.0,0,1.48,5,0,22,0.0,0.0,0.0
115.797,1929,18.2,0.6234,0.7914,0.0,-1.0,1.0,0.0045,0.0,0,1.44,4,0,22,0.0002,0.0,0.0001
115.847,1930,18.2,0.2505,1.0,0.0,-1.0,1.0,0.0045,0.0,0,1.4,6,0,22,0.0002,0.0,0.0001
115.895,1931,18.2,0.2586,0.7331,0.0,-1.0,1.0,-0.1876,0.0,0,1.36,3,0,22,0.0094,0.0,0.0038
115.945,1932,18.2,0.2564,1.0,0.0,-1.0,1.0,0.0,0.0,0,1.32,8,0,22,0.0,0.0,0.0
115.998,1933,18.2,0.2532,0.8427,0.2629,0.0336,1.0,0.0,0.0,0,1.28,5,0,22,0.0,0.0,0.0
116.047,1934,18.2,0.1676,0.9865,0.1586,-0.05,1.0,0.0,0.0,0,1.24,8,0,22,0.0,0.0,0.0
116.099,1935,18.2,0.3451,0.7889,0.2733,-0.2089,1.0,-0.2303,0.0,0,1.2,6,0,22,0.0115,0.0,0.0046
116.162,1936,18.2,0.316,0.7898,0.2726,-0.1327,0.9749,-0.1876,0.0,0,1.16,5,0,22,0.0094,0.0,0.0038
116.22,1937,18.2,0.222,0.9334,0.2796,0.207,1.0,-0.1363,0.0,0,1.12,6,0,22,0.0068,0.0,0.0027
116.276,1938,18.2,0.3157,0.9436,0.1515,-0.6326,1.0,-0.1363,0.0,0,1.08,6,0,22,0.0068,0.0,0.0027
116.34,1939,18.2,0.1904,1.0,0.2917,0.3785,1.0,-0.7,0.0,0,1.04,5,0,22,0.035,0.0,0.014
116.406,1940,18.2,0.365,0.9063,0.2965,-0.1862,0.9656,0.0,0.0,0,1.0,7,0,22,0.0,0.0,0.0
116.458,1941,18.2,0.3819,0.7357,0.2835,-0.2662,0.8318,0.0045,0.0,0,1.0,3,0,22,0.0002,0.0,0.0001
116.516,1942,18.2,0.4075,0.7131,0.2857,-0.3163,0.8271,-0.2441,0.0,0,1.0,4,0,22,0.0122,0.0,0.0049
116.58,1943,18.2,0.2044,0.976,0.3022,0.3474,0.9891,-0.1876,0.0,0,1.0,4,0,22,0.0094,0.0,0.0038
116.632,1944,18.2,0.27,1.0,0.2946,0.0786,1.0,-0.1876,0.0,0,1.0,6,0,22,0.0094,0.0,0.0038
116.679,1945,18.2,0.5337,0.722,0.2953,-0.5177,0.9054,0.0045,0.0,0,1.0,6,0,22,0.0002,0.0,0.0001
116.729,1946,18.2,0.3398,1.0,0.1623,-0.6361,1.0,-0.1363,0.0,0,1.0,5,0,22,0.0068,0.0,0.0027
116.784,1947,18.2,0.2487,0.9805,0.304,0.18,0.9938,-0.1363,0.0,0,1.0,4,0,22,0.0068,0.0,0.0027
116.838,1948,18.2,0.4409,0.6876,0.3039,-0.3312,0.8245,-0.2303,0.0,0,1.0,3,0,22,0.0115,0.0,0.0046
116.891,1949,18.2,0.3068,0.3161,0.5559,0.5196,0.5768,-0.2664,0.0,0,1.0,3,0,22,0.0133,0.0,0.0053
116.941,1950,18.2,0.419,0.9917,0.212,-0.5906,1.0,-0.2664,0.0,0,1.0,6,0,22,0.0133,0.0,0.0053
116.999,1951,18.3,0.3436,0.7787,0.3167,-0.0734,0.8465,-0.1198,0.0,0,1.0,3,0,22,0.006,0.0,0.0024
117.058,1952,18.3,0.1098,0.6301,0.5816,1.0,0.855,-0.7,0.0,0,1.0,4,0,22,0.035,0.0,0.014
117.118,1953,18.3,0.0116,0.6722,0.4078,1.0,0.793,0.0915,0.0,0,1.0,2,0,22,0.0046,0.0,0.0018
117.177,1954,18.3,0.4336,0.6998,0.4164,-0.0365,0.8306,-0.7,0.0,0,1.0,4,0,22,0.035,0.0,0.014
117.235,1955,18.3,0.092,0.711,0.603,1.0,0.9349,0.0045,0.0,0,1.0,5,0,22,0.0002,0.0,0.0001
117.294,1956,18.3,0.6122,0.2812,0.3232,-0.5562,0.579,0.0045,0.0,0,1.0,2,0,22,0.0002,0.0,0.0001
117.35,1957,18.3,0.0,0.0,0.0,0.0,0.3,0.0045,0.0,0,1.0,0,0,22,0.0002,0.0,0.0001
117.408,1958,18.3,0.1836,0.9283,0.068,-0.8264,0.8825,-0.2825,0.0,0,1.0,6,0,22,0.0141,0.0,0.0056
117.468,1959,18.3,0.1412,0.56,0.5887,1.0,0.8001,0.0,0.0,0,1.0,4,0,22,0.0,0.0,0.0
117.528,1960,18.3,0.4083,0.3053,0.5802,0.313,0.5814,0.0045,0.0,0,1.0,6,0,22,0.0002,0.0,0.0001
117.583,1961,18.3,0.2436,0.503,0.5919,0.7503,0.754,0.0045,0.0,0,1.0,5,0,22,0.0002,0.0,0.0001
117.643,1962,18.3,0.0938,0.681,0.5869,1.0,0.9007,-0.2491,0.0,0,1.0,8,0,22,0.0125,0.0,0.005
117.702,1963,18.3,0.5218,0.9505,0.1688,-0.9199,1.0,0.0915,0.0,0,1.0,8,0,22,0.0046,0.0,0.0018
117.762,1964,18.3,0.229,0.8748,0.3029,0.25,0.9045,-0.1876,0.0,0,1.0,6,0,22,0.0094,0.0,0.0038
117.817,1965,18.3,0.3688,0.9197,0.0172,-1.0,0.9791,-0.1876,0.0,0,1.0,6,0,22,0.0094,0.0,0.0038
117.877,1966,18.3,0.2464,1.0,0.2956,0.1636,1.0,-0.2303,0.0,0,1.0,6,0,22,0.0115,0.0,0.0046
117.932,1967,18.3,0.5573,1.0,0.009,-1.0,1.0,0.0045,0.0,0,1.0,8,0,22,0.0002,0.0,0.0001
117.986,1968,18.3,0.3515,1.0,0.1619,-0.6648,1.0,0.0915,0.0,0,1.0,5,0,22,0.0046,0.0,0.0018
118.045,1969,18.3,0.1627,1.0,0.3177,0.5809,1.0,0.0915,0.0,0,1.0,8,0,22,0.0046,0.0,0.0018
118.097,1970,18.3,0.0853,0.6977,0.5902,1.0,0.9166,-0.0961,0.0,0,1.0,6,0,22,0.0048,0.0,0.0019
118.155,1971,18.3,0.1017,0.9407,0.0463,-0.6737,0.8471,0.0915,0.0,0,1.0,3,0,22,0.0046,0.0,0.0018
118.218,1972,18.3,0.2869,0.5907,0.4143,0.327,0.7282,0.0,0.0,0,1.0,4,0,22,0.0,0.0,0.0
118.278,1973,18.3,0.1577,0.6024,0.5795,1.0,0.8305,-0.0737,0.0,0,1.0,5,0,22,0.0037,0.0,0.0015
118.334,1974,18.3,0.371,0.8412,0.3099,-0.1616,0.9144,-0.0737,0.0,0,1.0,5,0,22,0.0037,0.0,0.0015
118.392,1975,18.3,0.1912,1.0,0.3042,0.4106,1.0,-0.2471,0.0,0,1.0,7,0,22,0.0124,0.0,0.0049
118.451,1976,18.3,0.3564,0.9119,0.2949,-0.1699,0.9656,-0.1833,0.0,0,1.0,5,0,22,0.0092,0.0,0.0037
118.524,1977,18.3,0.2179,0.6131,0.2674,0.1838,0.6647,-0.2471,0.0,0,1.0,2,0,22,0.0124,0.0,0.0049
118.591,1978,18.3,0.2155,0.9915,0.282,0.2407,0.9908,-0.7,0.0,0,1.0,4,0,22,0.035,0.0,0.014
118.647,1979,18.3,0.3279,0.9142,0.2748,-0.1584,0.9515,-0.2303,0.0,0,1.0,7,0,22,0.0115,0.0,0.0046
118.699,1980,18.3,0.217,0.8825,0.2788,0.2246,0.8974,-0.1363,0.0,0,1.0,3,0,22,0.0068,0.0,0.0027
118.748,1981,17.1,0.2204,0.9584,0.162,-0.2751,0.9285,-0.1363,0.0,0,1.0,7,0,22,0.0068,0.0,0.0027
118.804,1982,17.1,0.2666,0.9714,0.1606,-0.4467,0.9652,-0.2303,0.0,0,1.0,5,0,22,0.0115,0.0,0.0046
118.861,1983,17.1,0.2785,0.9457,0.1611,-0.4807,0.9504,0.0,0.0,0,1.0,6,0,22,0.0,0.0,0.0
118.914,1984,17.1,0.5017,1.0,0.1956,-0.7903,1.0,-0.4651,0.0,0,1.0,7,0,22,0.0233,0.0,0.0093
118.971,1985,17.1,0.2667,0.996,0.2977,0.0988,1.0,-0.4651,0.0,0,1.0,8,0,22,0.0233,0.0,0.0093
119.023,1986,17.1,0.156,0.5609,0.5765,1.0,0.794,-0.2122,0.0,0,1.0,4,0,22,0.0106,0.0,0.0042
119.076,1987,17.1,0.0873,0.6889,0.5975,1.0,0.9133,-0.2773,0.0,0,1.0,5,0,22,0.0139,0.0,0.0055
119.138,1988,17.1,0.1902,0.6668,0.0279,-1.0,0.6666,-0.2773,0.0,0,1.0,2,0,22,0.0139,0.0,0.0055
119.198,1989,17.1,0.1027,0.6712,0.5999,1.0,0.8998,0.0915,0.0,0,1.0,6,0,22,0.0046,0.0,0.0018
119.262,1990,17.1,0.1023,0.6374,0.6167,1.0,0.8808,0.0045,0.0,0,1.0,9,0,22,0.0002,0.0,0.0001
119.317,1991,17.1,0.1589,0.5591,0.5887,1.0,0.7993,-0.1363,0.0,0,1.0,4,0,22,0.0068,0.0,0.0027
119.381,1992,17.1,0.3989,0.7052,0.0275,-1.0,0.8157,-0.2773,0.0,0,1.0,4,0,22,0.0139,0.0,0.0055
119.446,1993,17.1,0.5928,0.8935,0.0106,-1.0,1.0,-0.2773,0.0,0,1.0,9,0,22,0.0139,0.0,0.0055
119.504,1994,17.1,0.5724,1.0,0.0043,-1.0,1.0,-0.7,0.0,0,1.0,7,0,22,0.035,0.0,0.014
119.562,1995,17.1,0.542,1.0,0.1691,-0.9437,1.0,0.0915,0.0,0,1.0,8,0,22,0.0046,0.0,0.0018
119.627,1996,17.1,0.1865,0.5242,0.5896,0.9348,0.7705,-0.1876,0.0,0,1.0,4,0,22,0.0094,0.0,0.0038
119.681,1997,17.1,0.0253,0.9227,0.4457,1.0,1.0,-0.2471,0.0,0,1.0,5,0,22,0.0124,0.0,0.0049
119.734,1998,17.1,0.0,0.7215,0.631,1.0,0.9594,-0.2471,0.0,0,1.0,4,0,22,0.0124,0.0,0.0049
119.802,1999,17.1,0.2897,0.6965,0.0279,-1.0,0.7472,-0.2303,0.0,0,1.0,3,0,22,0.0115,0.0,0.0046
119.861,2000,17.1,0.0589,1.0,0.0532,-0.0923,0.873,0.0,0.0,0,1.0,4,0,22,0.0,0.0,0.0
119.915,2001,17.1,0.1,0.5304,0.5944,1.0,0.7784,0.0,0.0,0,1.0,3,0,22,0.0,0.0,0.0
119.965,2002,17.1,0.089,0.543,0.5944,1.0,0.789,0.0045,0.0,0,1.0,3,0,22,0.0002,0.0,0.0001
120.023,2003,17.1,0.1961,0.2643,0.5737,0.8829,0.5433,0.0045,0.0,0,1.0,2,0,22,0.0002,0.0,0.0001
120.075,2004,17.1,0.5501,0.7174,0.3048,-0.5164,0.9107,0.0915,0.0,0,1.0,7,0,22,0.0046,0.0,0.0018
120.135,2005,17.1,0.2874,0.8303,0.2989,0.0352,0.8648,-0.2027,0.0,0,1.0,3,0,22,0.0101,0.0,0.0041
120.192,2006,17.1,0.3826,0.8652,0.2965,-0.2282,0.9411,0.0045,0.0,0,1.0,5,0,22,0.0002,0.0,0.0001
120.251,2007,17.1,0.4164,0.6965,0.2981,-0.2982,0.8183,0.0045,0.0,0,1.0,3,0,22,0.0002,0.0,0.0001
120.306,2008,17.1,0.5329,0.9937,0.1652,-0.9481,1.0,-0.2773,0.0,0,1.0,6,0,22,0.0139,0.0,0.0055
120.356,2009,17.1,0.2852,0.992,0.3084,0.0702,1.0,-0.0737,0.0,0,1.0,5,0,22,0.0037,0.0,0.0015
120.411,2010,17.1,0.2274,0.5489,0.5755,0.7803,0.7834,-0.0737,0.0,0,1.0,8,0,22,0.0037,0.0,0.0015
120.468,2011,17.5,0.1918,0.267,0.5751,0.8996,0.5463,0.0045,0.0,0,1.0,2,0,22,0.0002,0.0,0.0001
120.528,2012,17.5,0.1853,0.5895,0.5816,0.9301,0.8209,-0.2471,0.0,0,1.0,5,0,22,0.0124,0.0,0.0049
120.588,2013,17.5,0.095,0.6997,0.5738,1.0,0.9091,-0.2471,0.0,0,1.0,6,0,22,0.0124,0.0,0.0049
120.641,2014,17.5,0.4072,1.0,0.1687,-0.7455,1.0,0.0915,0.0,0,1.0,6,0,22,0.0046,0.0,0.0018
120.689,2015,17.5,0.3479,0.8392,0.2957,-0.1459,0.8998,0.0915,0.0,0,1.0,4,0,22,0.0046,0.0,0.0018
120.737,2016,17.5,0.1016,0.6911,0.5364,1.0,0.8809,0.0045,0.0,0,1.0,5,0,22,0.0002,0.0,0.0001
120.788,2017,17.5,0.3408,0.8405,0.2891,-0.1477,0.8969,0.0045,0.0,0,1.0,4,0,22,0.0002,0.0,0.0001
120.839,2018,17.5,0.1377,0.816,0.2846,0.6262,0.8448,0.0045,0.0,0,1.0,2,0,22,0.0002,0.0,0.0001
120.894,2019,17.5,0.1833,0.9828,0.3557,0.5759,1.0,-0.1363,0.0,0,1.0,4,0,22,0.0068,0.0,0.0027
120.949,2020,17.5,0.3237,0.352,0.5026,0.3897,0.5772,-0.0961,0.0,0,1.0,4,0,22,0.0048,0.0,0.0019
121.007,2021,17.5,0.5129,0.9206,0.1439,-1.0,1.0,-0.1464,0.0,0,1.0,6,0,22,0.0073,0.0,0.0029
121.074,2022,17.5,0.2188,1.0,0.0,-1.0,1.0,-0.1464,0.0,0,1.6,5,0,23,0.0073,0.0,0.0029
121.139,2023,17.5,0.158,1.0,0.0052,-1.0,1.0,-0.0835,0.0,0,1.56,4,0,23,0.0042,0.0,0.0017
121.194,2024,17.5,0.0928,1.0,0.1493,0.4202,1.0,0.0,0.0,0,1.52,9,0,23,0.0,0.0,0.0
121.248,2025,17.5,0.0809,1.0,0.1753,0.6631,1.0,0.0,0.0,0,1.48,8,0,23,0.0,0.0,0.0
121.299,2026,17.5,0.1787,1.0,0.155,-0.1277,1.0,0.0,0.0,0,1.44,5,0,23,0.0,0.0,0.0
121.357,2027,17.5,0.1754,1.0,0.1541,-0.1165,1.0,0.0,0.0,0,1.4,7,0,23,0.0,0.0,0.0
121.415,2028,17.5,0.0866,1.0,0.116,0.2611,1.0,0.0,0.0,0,1.36,6,0,23,0.0,0.0,0.0
121.476,2029,17.5,0.1085,1.0,0.1514,0.297,1.0,0.0,0.0,0,1.32,7,0,23,0.0,0.0,0.0
121.537,2030,17.5,0.1729,1.0,0.0052,-1.0,1.0,0.0,0.0,0,1.28,6,0,23,0.0,0.0,0.0
121.594,2031,17.5,0.0939,1.0,0.0681,-0.2867,1.0,0.0,0.0,0,1.24,9,0,23,0.0,0.0,0.0
121.645,2032,17.5,0.313,0.9596,0.0,-1.0,1.0,0.0,0.0,0,1.2,4,0,23,0.0,0.0,0.0
121.695,2033,17.5,0.1433,1.0,0.0049,-1.0,1.0,0.0,0.0,0,1.16,7,0,23,0.0,0.0,0.0
121.745,2034,17.5,0.1376,1.0,0.0063,-1.0,1.0,0.0,0.0,0,1.12,8,0,23,0.0,0.0,0.0
121.8,2035,17.5,0.4219,1.0,0.0603,-1.0,1.0,0.0,0.0,0,1.08,8,0,23,0.0,0.0,0.0
121.859,2036,17.5,0.1356,1.0,0.1029,-0.2466,0.9526,0.0,0.0,0,1.04,7,0,23,0.0,0.0,0.0
121.919,2037,17.5,0.1973,1.0,0.2882,0.3369,1.0,-0.7,0.0,0,1.0,5,0,23,0.035,0.0,0.014
121.979,2038,17.5,0.444,0.9092,0.0043,-1.0,1.0,-0.2303,0.0,0,1.0,6,0,23,0.0115,0.0,0.0046
122.031,2039,17.5,0.4339,0.6836,0.2866,-0.368,0.8172,-0.1129,0.0,0,1.0,5,0,23,0.0056,0.0,0.0023
122.082,2040,17.5,0.3691,0.7469,0.3121,-0.1506,0.8341,-0.1129,0.0,0,1.0,7,0,23,0.0056,0.0,0.0023
122.133,2041,17.9,0.1844,1.0,0.3243,0.495,1.0,-0.2122,0.0,0,1.0,6,0,23,0.0106,0.0,0.0042
122.193,2042,17.9,0.3291,1.0,0.036,-1.0,1.0,0.0,0.0,0,1.0,5,0,23,0.0,0.0,0.0
122.248,2043,17.9,0.2593,0.9954,0.3106,0.1621,1.0,0.0,0.0,0,1.0,6,0,23,0.0,0.0,0.0
122.299,2044,17.9,0.156,1.0,0.0151,-1.0,0.9274,-0.0737,0.0,0,1.0,2,0,23,0.0037,0.0,0.0015
122.349,2045,17.9,0.2379,0.8546,0.3066,0.2271,0.8896,-0.0737,0.0,0,1.0,3,0,23,0.0037,0.0,0.0015
122.407,2046,17.9,0.3368,0.8931,0.3344,-0.0063,0.9388,0.0,0.0,0,1.0,9,0,23,0.0,0.0,0.0
122.467,2047,17.9,0.0896,0.6805,0.5798,1.0,0.8963,-0.2303,0.0,0,1.0,6,0,23,0.0115,0.0,0.0046
122.534,2048,17.9,0.2152,0.974,0.0279,-1.0,0.9387,0.0915,0.0,0,1.0,5,0,23,0.0046,0.0,0.0018
122.594,2049,17.9,0.6329,1.0,0.0081,-1.0,1.0,0.0,0.0,0,1.0,5,0,23,0.0,0.0,0.0
122.646,2050,17.9,0.1451,0.852,0.3713,0.7887,0.9236,-0.0737,0.0,0,1.0,6,0,23,0.0037,0.0,0.0015
122.696,2051,17.9,0.2722,0.3205,0.566,0.631,0.5862,-0.0737,0.0,0,1.0,3,0,23,0.0037,0.0,0.0015
122.748,2052,17.9,0.1325,0.4881,0.5788,1.0,0.7342,-0.7,0.0,0,1.0,3,0,23,0.035,0.0,0.014
122.802,2053,17.9,0.1134,1.0,0.0368,-0.9175,0.9035,0.0045,0.0,0,1.0,5,0,23,0.0002,0.0,0.0001
122.861,2054,17.9,0.2647,1.0,0.0201,-1.0,0.9882,0.0,0.0,0,1.0,7,0,23,0.0,0.0,0.0
122.917,2055,17.9,0.1916,1.0,0.1566,-0.1812,0.9473,0.0,0.0,0,1.0,7,0,23,0.0,0.0,0.0
122.965,2056,17.9,0.3139,1.0,0.0158,-1.0,1.0,0.0,0.0,0,1.0,5,0,23,0.0,0.0,0.0
123.028,2057,17.9,0.2704,0.8647,0.3119,0.1283,0.901,0.0,0.0,0,1.0,6,0,23,0.0,0.0,0.0
123.085,2058,17.9,0.2212,0.5268,0.5825,0.8092,0.7687,0.0,0.0,0,1.0,5,0,23,0.0,0.0,0.0
123.151,2059,17.9,0.1044,0.6854,0.581,1.0,0.9011,-0.1235,0.0,0,1.0,7,0,23,0.0062,0.0,0.0025
123.224,2060,17.9,0.3958,0.7054,0.03,-1.0,0.8142,0.0915,0.0,0,1.0,4,0,23,0.0046,0.0,0.0018
123.294,2061,17.9,0.2539,0.9692,0.3053,0.1653,0.9851,-0.7,0.0,0,1.0,8,0,23,0.035,0.0,0.014
123.351,2062,17.9,0.5819,1.0,0.0066,-1.0,1.0,-0.0737,0.0,0,1.0,9,0,23,0.0037,0.0,0.0015
123.41,2063,17.9,0.3897,0.8794,0.3101,-0.2049,0.9569,-0.0737,0.0,0,1.0,5,0,23,0.0037,0.0,0.0015
123.477,2064,17.9,0.6296,1.0,0.0913,-1.0,1.0,0.0915,0.0,0,1.0,9,0,23,0.0046,0.0,0.0018
123.537,2065,17.9,0.6348,0.8912,0.2199,-0.8738,1.0,-0.1198,0.0,0,1.0,9,0,23,0.006,0.0,0.0024
123.601,2066,17.9,0.2243,1.0,0.3191,0.3139,1.0,-0.1716,0.0,0,1.0,5,0,23,0.0086,0.0,0.0034
123.655,2067,17.9,0.2967,0.5086,0.4085,0.2853,0.656,-0.2303,0.0,0,1.0,3,0,23,0.0115,0.0,0.0046
123.706,2068,17.9,0.156,0.5675,0.062,-0.7767,0.5641,-0.2303,0.0,0,1.0,2,0,23,0.0115,0.0,0.0046
123.758,2069,17.9,0.1569,0.5814,0.59,1.0,0.8188,-0.1833,0.0,0,1.0,4,0,23,0.0092,0.0,0.0037
123.816,2070,17.9,0.0,0.7494,0.7656,1.0,1.0,-0.2471,0.0,0,1.0,7,0,23,0.0124,0.0,0.0049
123.864,2071,17.3,0.1046,0.5438,0.6021,1.0,0.794,-0.2471,0.0,0,1.0,3,0,23,0.0124,0.0,0.0049
123.911,2072,17.3,0.1046,0.5438,0.6021,1.0,0.794,-0.1967,0.0,0,1.0,3,0,23,0.0098,0.0,0.0039
123.956,2073,17.3,0.1046,0.5438,0.6021,1.0,0.794,-0.0835,0.0,0,1.0,3,0,23,0.0042,0.0,0.0017
124.002,2074,17.3,0.1046,0.5438,0.6021,1.0,0.794,-0.0835,0.0,0,1.0,3,0,23,0.0042,0.0,0.0017
124.056,2075,17.3,0.1046,0.5438,0.6021,1.0,0.794,-0.0835,0.0,0,1.0,3,0,23,0.0042,0.0,0.0017
124.102,2076,17.3,0.1046,0.5438,0.6021,1.0,0.794,-0.0835,0.0,0,1.0,3,0,23,0.0042,0.0,0.0017
124.152,2077,17.3,0.1046,0.5438,0.6021,1.0,0.794,-0.0835,0.0,0,1.0,3,0,23,0.0042,0.0,0.0017
124.203,2078,17.3,0.1046,0.5438,0.6021,1.0,0.794,-0.0835,0.0,0,1.0,3,0,23,0.0042,0.0,0.0017
124.252,2079,17.3,0.1046,0.5438,0.6021,1.0,0.794,-0.0835,0.0,0,1.0,3,0,23,0.0042,0.0,0.0017
124.302,2080,17.3,0.1046,0.5438,0.6021,1.0,0.794,-0.0835,0.0,0,1.0,3,0,23,0.0042,0.0,0.0017
124.351,2081,17.3,0.1046,0.5438,0.6021,1.0,0.794,-0.0835,0.0,0,1.0,3,0,23,0.0042,0.0,0.0017
124.404,2082,17.3,0.1046,0.5438,0.6021,1.0,0.794,-0.0835,0.0,0,1.0,3,0,23,0.0042,0.0,0.0017
124.458,2083,17.3,0.1046,0.5438,0.6021,1.0,0.794,-0.0835,0.0,0,1.0,3,0,23,0.0042,0.0,0.0017
124.519,2084,17.3,0.1046,0.5438,0.6021,1.0,0.794,-0.0835,0.0,0,1.0,3,0,23,0.0042,0.0,0.0017
124.57,2085,17.3,0.1046,0.5438,0.6021,1.0,0.794,-0.0835,0.0,0,1.0,3,0,23,0.0042,0.0,0.0017
124.618,2086,17.3,0.1046,0.5438,0.6021,1.0,0.794,-0.0835,0.0,0,1.0,3,0,23,0.0042,0.0,0.0017
124.666,2087,17.3,0.1046,0.5438,0.6021,1.0,0.794,-0.0835,0.0,0,1.0,3,0,23,0.0042,0.0,0.0017
124.707,2088,17.3,0.1046,0.5438,0.6021,1.0,0.794,-0.0835,0.0,0,1.0,3,0,23,0.0042,0.0,0.0017
124.75,2089,17.3,0.1046,0.5438,0.6021,1.0,0.794,-0.0835,0.0,0,1.0,3,0,23,0.0042,0.0,0.0017
124.801,2090,17.3,0.1046,0.5438,0.6021,1.0,0.794,-0.0835,0.0,0,1.0,3,0,23,0.0042,0.0,0.0017
124.85,2091,17.3,0.1046,0.5438,0.6021,1.0,0.794,-0.0835,0.0,0,1.0,3,0,23,0.0042,0.0,0.0017
124.9,2092,17.3,0.1046,0.5438,0.6021,1.0,0.794,-0.0835,0.0,0,1.0,3,0,23,0.0042,0.0,0.0017
124.951,2093,17.3,0.1046,0.5438,0.6021,1.0,0.794,-0.0835,0.0,0,1.0,3,0,23,0.0042,0.0,0.0017
125.005,2094,17.3,0.1046,0.5438,0.6021,1.0,0.794,-0.0835,0.0,0,1.0,3,0,23,0.0042,0.0,0.0017
125.053,2095,17.3,0.1046,0.5438,0.6021,1.0,0.794,-0.0835,0.0,0,1.0,3,0,23,0.0042,0.0,0.0017
125.102,2096,17.3,0.1046,0.5438,0.6021,1.0,0.794,-0.0835,0.0,0,1.0,3,0,23,0.0042,0.0,0.0017
125.158,2097,17.3,0.1046,0.5438,0.6021,1.0,0.794,-0.0835,0.0,0,1.0,3,0,23,0.0042,0.0,0.0017
125.22,2098,17.3,0.0602,0.5853,0.7958,1.0,0.9373,-0.0835,0.0,0,1.0,4,0,23,0.0042,0.0,0.0017
125.281,2099,17.3,0.2964,0.6835,0.0259,-1.0,0.7402,-0.2156,0.0,0,1.0,3,0,23,0.0108,0.0,0.0043
125.336,2100,17.3,0.0951,0.6825,0.5971,1.0,0.9077,-0.2156,0.0,0,1.0,7,0,23,0.0108,0.0,0.0043
125.395,2101,19.7,0.1859,0.5866,0.6019,0.9506,0.8299,0.0,0.0,0,1.0,5,0,23,0.0,0.0,0.0
125.461,2102,19.7,0.1808,0.2301,0.5797,0.9441,0.5179,0.0915,0.0,0,1.0,2,0,23,0.0046,0.0,0.0018
125.523,2103,19.7,0.1825,0.587,0.595,0.9548,0.8263,-0.1198,0.0,0,1.0,5,0,23,0.006,0.0,0.0024
125.583,2104,19.7,0.0546,0.6397,0.6165,1.0,0.8826,-0.2974,0.0,0,1.0,4,0,23,0.0149,0.0,0.0059
125.637,2105,19.7,0.1593,0.547,0.5981,1.0,0.7944,-0.2974,0.0,0,1.0,4,0,23,0.0149,0.0,0.0059
125.688,2106,19.7,0.2869,0.2883,0.5852,0.6158,0.5699,0.0045,0.0,0,1.0,3,0,23,0.0002,0.0,0.0001
125.74,2107,19.7,0.2019,0.575,0.5936,0.8864,0.8154,-0.1363,0.0,0,1.0,7,0,23,0.0068,0.0,0.0027
125.792,2108,19.7,0.0569,0.6944,0.5969,1.0,0.9176,-0.1363,0.0,0,1.0,4,0,23,0.0068,0.0,0.0027
125.847,2109,19.7,0.0569,0.7005,0.5976,1.0,0.9231,0.0045,0.0,0,1.0,4,0,23,0.0002,0.0,0.0001
125.898,2110,19.7,0.1033,0.5535,0.5925,1.0,0.7968,0.0915,0.0,0,1.0,3,0,23,0.0046,0.0,0.0018
125.948,2111,19.7,0.0912,0.7086,0.601,1.0,0.9318,0.0915,0.0,0,1.0,5,1,23,0.0046,0.0,0.0018
126.014,2112,19.7,0.6303,0.9141,0.1807,-0.9978,1.0,0.0045,0.0,0,1.0,6,1,23,0.0002,0.0,0.0001
126.077,2113,19.7,0.0,0.6278,0.6146,1.0,0.8715,0.0915,0.0,0,1.0,3,1,23,0.0046,0.0,0.0018
126.136,2114,19.7,0.2334,0.3574,0.601,0.7931,0.6367,0.0045,0.0,0,1.0,3,1,23,0.0002,0.0,0.0001
126.2,2115,19.7,0.0885,0.6713,0.5854,1.0,0.8917,-0.1833,0.0,0,1.0,6,1,23,0.0092,0.0,0.0037
126.26,2116,19.7,0.0632,0.7668,0.5826,1.0,0.9704,-0.1833,0.0,0,1.0,6,1,23,0.0092,0.0,0.0037
126.316,2117,19.7,0.0066,0.6771,0.5851,1.0,0.8964,0.0915,0.0,0,1.0,3,1,23,0.0046,0.0,0.0018
126.375,2118,19.7,0.0509,0.7074,0.5868,1.0,0.9228,0.0915,0.0,0,1.0,4,1,23,0.0046,0.0,0.0018
126.433,2119,19.7,0.1595,0.5065,0.7452,1.0,0.8428,0.0915,0.0,0,1.0,4,1,23,0.0046,0.0,0.0018
126.494,2120,19.7,0.1491,0.5779,0.5949,1.0,0.8186,-0.2303,0.0,0,1.0,4,1,23,0.0115,0.0,0.0046
126.554,2121,19.7,0.4526,1.0,0.1862,-0.7508,1.0,-0.2303,0.0,0,1.0,5,1,23,0.0115,0.0,0.0046
126.612,2122,19.7,0.0598,0.6504,0.6114,1.0,0.8887,0.0045,0.0,0,1.0,4,1,23,0.0002,0.0,0.0001
126.661,2123,19.7,0.0312,0.6292,0.5871,1.0,0.8573,0.0915,0.0,0,1.0,3,1,23,0.0046,0.0,0.0018
126.714,2124,19.7,0.249,0.5235,0.5696,0.7051,0.7587,0.0915,0.0,0,1.0,6,1,23,0.0046,0.0,0.0018
126.762,2125,19.7,0.1014,0.6503,0.724,1.0,0.9517,0.0915,0.0,0,1.0,5,1,23,0.0046,0.0,0.0018
126.812,2126,19.7,0.1855,0.5869,0.5863,0.9347,0.8213,-0.158,0.0,0,1.0,5,1,23,0.0079,0.0,0.0032
126.866,2127,19.7,0.4417,0.7794,0.3238,-0.2774,0.9021,-0.158,0.0,0,1.0,4,1,23,0.0079,0.0,0.0032
126.915,2128,19.7,0.0042,0.7014,0.7898,1.0,1.0,-0.2471,0.0,0,1.0,6,1,23,0.0124,0.0,0.0049
126.966,2129,19.7,0.004,0.6981,0.792,1.0,1.0,-0.1464,0.0,0,1.0,7,1,23,0.0073,0.0,0.0029
127.017,2130,19.7,0.0362,0.7168,0.7508,1.0,1.0,-0.1464,0.0,0,1.0,5,1,23,0.0073,0.0,0.0029
127.074,2131,17.8,0.0546,0.6759,0.5985,1.0,0.9029,-0.1464,0.0,0,1.0,4,1,23,0.0073,0.0,0.0029
127.136,2132,17.8,0.0937,0.7204,0.5871,1.0,0.934,0.0915,0.0,0,1.0,5,1,23,0.0046,0.0,0.0018
127.207,2133,17.8,0.0476,0.7063,0.5865,1.0,0.9217,0.0915,0.0,0,1.0,4,1,23,0.0046,0.0,0.0018
127.278,2134,17.8,0.0506,0.7031,0.5883,1.0,0.92,0.0915,0.0,0,1.0,4,1,23,0.0046,0.0,0.0018
127.342,2135,17.8,0.0279,0.7255,0.7384,1.0,1.0,0.0915,0.0,0,1.0,5,1,23,0.0046,0.0,0.0018
127.415,2136,17.8,0.0566,0.6989,0.5953,1.0,0.9205,0.0915,0.0,0,1.0,4,1,23,0.0046,0.0,0.0018
127.493,2137,17.8,0.0,0.8277,0.4297,1.0,0.9359,-0.1967,0.0,0,1.0,3,1,23,0.0098,0.0,0.0039
127.579,2138,17.8,0.1077,0.6962,0.5958,1.0,0.9184,0.0915,0.0,0,1.0,7,1,23,0.0046,0.0,0.0018
127.648,2139,17.8,0.025,0.7532,0.6129,1.0,0.9759,-0.7,0.0,0,1.0,5,1,23,0.035,0.0,0.014
127.712,2140,17.8,0.0946,0.6993,0.5958,1.0,0.921,0.0045,0.0,0,1.0,5,1,23,0.0002,0.0,0.0001
127.765,2141,17.8,0.0455,0.7046,0.5964,1.0,0.9259,0.0915,0.0,0,1.0,4,1,23,0.0046,0.0,0.0018
127.819,2142,17.8,0.0946,0.6984,0.5959,1.0,0.9203,0.0915,0.0,0,1.0,6,1,23,0.0046,0.0,0.0018
127.879,2143,17.8,0.3727,0.906,0.3333,-0.1004,0.9697,0.0915,0.0,0,1.0,5,1,23,0.0046,0.0,0.0018
127.932,2144,17.8,0.0,0.6609,0.5989,1.0,0.8905,-0.1967,0.0,0,1.0,3,1,23,0.0098,0.0,0.0039
127.982,2145,17.8,0.0312,0.7608,0.6096,1.0,0.9804,0.0915,0.0,0,1.0,5,1,23,0.0046,0.0,0.0018
128.046,2146,17.8,0.4716,0.7934,0.3316,-0.3137,0.9305,0.0915,0.0,0,1.0,5,1,23,0.0046,0.0,0.0018
128.099,2147,17.8,0.0,0.7441,0.6083,1.0,0.9657,0.0915,0.0,0,1.0,4,1,23,0.0046,0.0,0.0018
128.162,2148,17.8,0.0,0.3378,0.7642,1.0,0.7117,0.0915,0.0,0,1.0,2,1,23,0.0046,0.0,0.0018
128.22,2149,17.8,0.0,0.5788,0.6212,1.0,0.834,-0.1967,0.0,0,1.0,3,1,23,0.0098,0.0,0.0039
128.288,2150,17.8,0.1006,0.4601,0.6044,1.0,0.7249,-0.2303,0.0,0,1.0,3,1,23,0.0115,0.0,0.0046
128.356,2151,17.8,0.0552,0.6634,0.5947,1.0,0.8903,-0.2303,0.0,0,1.0,4,1,23,0.0115,0.0,0.0046
128.416,2152,17.8,0.2231,0.5751,0.5765,0.7955,0.806,-0.0835,0.0,0,1.0,5,1,23,0.0042,0.0,0.0017
128.476,2153,17.8,0.1891,0.9631,0.3387,0.5103,0.9987,-0.1235,0.0,0,1.0,6,1,23,0.0062,0.0,0.0025
128.538,2154,17.8,0.0833,0.6846,0.6217,1.0,0.9232,0.0,0.0,0,1.0,7,1,23,0.0,0.0,0.0
128.592,2155,17.8,0.1043,0.541,0.6078,1.0,0.7948,-0.0595,0.0,0,1.0,3,1,23,0.003,0.0,0.0012
128.646,2156,17.8,0.0917,0.6963,0.6113,1.0,0.9272,-0.0595,0.0,0,1.0,5,1,23,0.003,0.0,0.0012
128.698,2157,17.8,0.0032,0.74,0.7668,1.0,1.0,-0.1363,0.0,0,1.0,6,1,23,0.0068,0.0,0.0027
128.75,2158,17.8,0.0354,0.711,0.7585,1.0,1.0,-0.1967,0.0,0,1.0,6,1,23,0.0098,0.0,0.0039
128.81,2159,17.8,0.0,0.7357,0.619,1.0,0.9646,-0.1967,0.0,0,1.0,4,1,23,0.0098,0.0,0.0039
128.864,2160,17.8,0.0,0.4777,0.6107,1.0,0.7433,-0.1967,0.0,0,1.0,2,1,23,0.0098,0.0,0.0039
128.926,2161,16.2,0.036,0.7734,0.6144,1.0,0.9937,0.0915,0.0,0,1.0,5,1,23,0.0046,0.0,0.0018
128.993,2162,16.2,0.0,0.6366,0.6115,1.0,0.8772,-0.0835,0.0,0,1.0,3,1,23,0.0042,0.0,0.0017
129.046,2163,16.2,0.0,0.4767,0.6095,1.0,0.7418,-0.0835,0.0,0,1.0,2,1,23,0.0042,0.0,0.0017
129.096,2164,16.2,0.0311,0.7574,0.6214,1.0,0.9843,0.0915,0.0,0,1.0,5,1,23,0.0046,0.0,0.0018
129.148,2165,16.2,0.0877,0.6614,0.6279,1.0,0.9072,-0.1716,0.0,0,1.0,6,1,23,0.0086,0.0,0.0034
129.199,2166,16.2,0.0314,0.9431,0.4328,1.0,1.0,-0.0595,0.0,0,1.0,7,1,23,0.003,0.0,0.0012
129.257,2167,16.2,0.1027,0.5339,0.6095,1.0,0.7898,-0.0595,0.0,0,1.0,3,1,23,0.003,0.0,0.0012
129.315,2168,16.2,0.0363,0.7674,0.6151,1.0,0.9891,-0.7,0.0,0,1.0,6,1,23,0.035,0.0,0.014
129.374,2169,16.2,0.0023,0.7336,0.7729,1.0,1.0,-0.0835,0.0,0,1.0,6,1,23,0.0042,0.0,0.0017
129.437,2170,16.2,0.0021,0.735,0.7758,1.0,1.0,-0.1967,0.0,0,1.0,7,1,23,0.0098,0.0,0.0039
129.492,2171,16.2,0.0035,0.6733,0.6021,1.0,0.9028,-0.1967,0.0,0,1.0,3,1,23,0.0098,0.0,0.0039
129.554,2172,16.2,0.1864,0.6677,0.0323,-1.0,0.6653,-0.1967,0.0,0,1.0,2,1,23,0.0098,0.0,0.0039
129.614,2173,16.2,0.0621,0.6971,0.6052,1.0,0.9245,0.0045,0.0,0,1.0,4,1,23,0.0002,0.0,0.0001
129.665,2174,16.2,0.0328,0.7534,0.6206,1.0,0.9804,0.0045,0.0,0,1.0,6,1,23,0.0002,0.0,0.0001
129.72,2175,16.2,0.0608,0.6518,0.6213,1.0,0.8954,0.0045,0.0,0,1.0,4,1,23,0.0002,0.0,0.0001
129.795,2176,16.2,0.1132,0.9256,0.0143,-1.0,0.8409,-0.1716,0.0,0,1.0,3,1,23,0.0086,0.0,0.0034
129.871,2177,16.2,0.0631,0.9191,0.4243,1.0,1.0,-0.1716,0.0,0,1.0,6,1,23,0.0086,0.0,0.0034
129.921,2178,16.2,0.1,0.4461,0.6243,1.0,0.7243,0.0,0.0,0,1.0,3,1,23,0.0,0.0,0.0
129.973,2179,16.2,0.1609,0.2994,0.579,1.0,0.5757,-0.1129,0.0,0,1.0,2,1,23,0.0056,0.0,0.0023
130.027,2180,16.2,0.1859,0.472,0.5825,0.929,0.7227,-0.1129,0.0,0,1.0,3,1,23,0.0056,0.0,0.0023
130.083,2181,16.2,0.2024,0.263,0.5883,0.8784,0.5504,-0.1612,0.0,0,1.0,2,1,23,0.0081,0.0,0.0032
130.145,2182,16.2,0.264,0.92,0.3235,0.1823,0.9539,0.0045,0.0,0,1.0,4,1,23,0.0002,0.0,0.0001
130.212,2183,16.2,0.0353,0.6965,0.7737,1.0,1.0,-0.1363,0.0,0,1.0,5,1,23,0.0068,0.0,0.0027
130.268,2184,16.2,0.0355,0.7588,0.6188,1.0,0.9839,-0.1967,0.0,0,1.0,6,1,23,0.0098,0.0,0.0039
130.323,2185,16.2,0.1098,0.5484,0.5929,1.0,0.7927,-0.1967,0.0,0,1.0,3,1,23,0.0098,0.0,0.0039
130.375,2186,16.2,0.0353,0.7503,0.6213,1.0,0.9782,-0.1716,0.0,0,1.0,5,1,23,0.0086,0.0,0.0034
130.436,2187,16.2,0.0267,0.661,0.8075,1.0,1.0,-0.1716,0.0,0,1.0,5,1,23,0.0086,0.0,0.0034
130.492,2188,16.2,0.0265,0.7156,0.7554,1.0,1.0,0.0045,0.0,0,1.0,5,1,23,0.0002,0.0,0.0001
130.549,2189,16.2,0.0969,0.7006,0.6149,1.0,0.9329,0.0045,0.0,0,1.0,5,1,23,0.0002,0.0,0.0001
130.607,2190,16.2,0.0326,0.7463,0.6274,1.0,0.9782,-0.1967,0.0,0,1.0,6,1,23,0.0098,0.0,0.0039
130.662,2191,17.2,0.1029,0.534,0.6097,1.0,0.79,-0.1716,0.0,0,1.0,3,1,23,0.0086,0.0,0.0034
130.713,2192,17.2,0.0024,0.6647,0.608,1.0,0.8988,-0.1716,0.0,0,1.0,3,1,23,0.0086,0.0,0.0034
130.771,2193,17.2,0.032,0.761,0.6139,1.0,0.9831,-0.1363,0.0,0,1.0,6,1,23,0.0068,0.0,0.0027
130.822,2194,17.2,0.1994,0.5647,0.6132,0.9168,0.8178,0.0915,0.0,0,1.0,5,1,23,0.0046,0.0,0.0018
130.873,2195,17.2,0.0342,0.7484,0.6231,1.0,0.9776,-0.1363,0.0,0,1.0,5,1,23,0.0068,0.0,0.0027
130.921,2196,17.2,0.0633,0.726,0.6108,1.0,0.9518,-0.1363,0.0,0,1.0,5,1,23,0.0068,0.0,0.0027
130.973,2197,17.2,0.0338,0.9343,0.4416,1.0,1.0,-0.1716,0.0,0,1.0,6,1,23,0.0086,0.0,0.0034
131.024,2198,17.2,0.0,0.7269,0.7874,1.0,1.0,-0.2303,0.0,0,1.0,5,1,23,0.0115,0.0,0.0046
131.081,2199,17.2,0.0087,0.8954,0.0184,0.6468,0.7625,-0.2303,0.0,0,1.0,2,1,23,0.0115,0.0,0.0046
131.129,2200,17.2,0.0017,0.7353,0.7753,1.0,1.0,-0.1464,0.0,0,1.0,6,1,23,0.0073,0.0,0.0029
131.182,2201,17.2,0.0021,0.7313,0.7746,1.0,1.0,-0.1967,0.0,0,1.0,6,2,23,0.0098,0.0,0.0039
131.236,2202,17.2,0.0334,0.9498,0.434,1.0,1.0,-0.1967,0.0,1,1.0,9,2,23,0.0098,1.0,0.0039
131.288,2203,17.2,0.0301,0.9172,0.4478,1.0,1.0,-0.1967,0.0,1,1.0,5,2,23,0.0098,0.8,0.0039
131.343,2204,17.2,0.2861,0.9491,0.3267,0.1194,0.9802,-0.1129,0.0,1,1.0,6,2,23,0.0056,0.8,0.0023
131.401,2205,17.2,0.4415,0.2899,0.444,0.0052,0.4921,-0.2303,0.0,1,1.0,5,2,23,0.0115,0.8,0.0046
131.458,2206,17.2,0.2647,0.9213,0.354,0.2597,0.9721,-0.0961,0.0,1,1.0,5,2,23,0.0048,0.8,0.0019
131.521,2207,17.2,0.3915,0.4125,0.4314,0.0871,0.588,-0.0961,0.0,1,1.0,3,2,23,0.0048,0.8,0.0019
131.578,2208,17.2,0.0143,0.5423,0.2314,1.0,0.5851,-0.1363,0.0,1,1.0,2,2,23,0.0068,0.8,0.0027
131.636,2209,17.2,0.1694,0.5717,0.5583,0.9621,0.7929,0.0,0.0,1,1.0,12,2,23,0.0,0.8,0.0
131.688,2210,17.2,0.335,0.4062,0.0417,-1.0,0.5288,-0.0737,0.0,1,1.0,2,2,23,0.0037,0.8,0.0015
131.74,2211,17.2,0.335,0.1537,0.0,-1.0,0.3167,-0.0737,0.0,0,1.0,1,2,23,0.0037,0.8,0.0015
131.792,2212,17.2,0.3439,0.7959,0.0,-1.0,0.8611,0.0,0.0,0,1.0,2,2,23,0.0,0.0,0.0
131.844,2213,17.2,0.3131,0.9705,0.2138,-0.3393,0.9906,0.0,0.0,0,1.0,14,2,23,0.0,0.0,0.0
131.895,2214,17.2,0.6537,0.6138,0.0,-1.0,0.8816,-0.4651,0.0,0,1.0,35,2,23,0.0233,0.0,0.0093
131.949,2215,17.2,0.4401,0.7583,0.0536,-1.0,0.8834,-0.4651,0.0,0,1.0,59,2,23,0.0233,0.0,0.0093
132.008,2216,17.2,0.4341,0.7815,0.0,-1.0,0.8996,-0.0737,0.0,0,1.0,49,2,23,0.0037,0.0,0.0015
132.072,2217,17.2,0.4946,0.7971,0.005,-1.0,0.9466,-0.4651,0.0,0,1.0,20,2,23,0.0233,0.0,0.0093
132.121,2218,17.2,0.445,0.8153,0.0283,-1.0,0.934,-0.1129,0.0,0,1.0,21,2,23,0.0056,0.0,0.0023
132.175,2219,17.2,0.0599,1.0,0.0996,0.448,0.8958,-0.1129,0.0,0,1.0,9,2,23,0.0056,0.0,0.0023
132.232,2220,17.2,0.0401,1.0,0.105,0.8053,0.8988,-0.1967,0.0,0,1.0,8,2,23,0.0098,0.0,0.0039
132.293,2221,18.5,0.1521,0.9114,0.0757,-0.6039,0.8508,0.0,0.0,0,1.0,5,2,23,0.0,0.0,0.0
132.346,2222,18.5,0.3053,1.0,0.0302,-1.0,1.0,0.0,0.0,0,1.0,6,2,23,0.0,0.0,0.0
132.396,2223,18.5,0.1694,1.0,0.0112,-1.0,0.9348,0.0,0.0,0,1.0,5,2,23,0.0,0.0,0.0
132.451,2224,18.5,0.1887,0.8665,0.0422,-1.0,0.8335,0.0,0.0,0,1.0,4,2,23,0.0,0.0,0.0
132.512,2225,18.5,0.1008,1.0,0.0486,-0.6285,0.8965,0.0,0.0,0,1.0,7,2,23,0.0,0.0,0.0
132.571,2226,18.5,0.2992,0.9957,0.0453,-1.0,1.0,0.0,0.0,0,1.0,4,2,23,0.0,0.0,0.0
132.632,2227,18.5,0.1382,1.0,0.0414,-0.9702,0.9174,0.0,0.0,0,1.0,7,2,23,0.0,0.0,0.0
132.687,2228,18.5,0.0707,1.0,0.066,-0.061,0.8796,0.0,0.0,0,1.0,10,2,23,0.0,0.0,0.0
132.736,2229,18.5,0.0469,1.0,0.0469,-0.0008,0.8663,0.0,0.0,0,1.0,9,2,23,0.0,0.0,0.0
132.788,2230,18.5,0.0471,1.0,0.0469,-0.0021,0.8664,0.0,0.0,0,1.0,7,2,23,0.0,0.0,0.0
132.843,2231,18.5,0.0723,1.0,0.0586,-0.1888,0.8805,0.0,0.0,0,1.0,7,2,23,0.0,0.0,0.0
132.903,2232,18.5,0.0601,1.0,0.0436,-0.2865,0.8737,0.0,0.0,0,1.0,9,2,23,0.0,0.0,0.0
132.953,2233,18.5,0.0471,1.0,0.044,-0.0617,0.8664,0.0,0.0,0,1.0,10,2,23,0.0,0.0,0.0
133.01,2234,18.5,0.052,1.0,0.0438,-0.1529,0.8691,0.0,0.0,0,1.0,8,2,23,0.0,0.0,0.0
133.063,2235,18.5,0.0457,1.0,0.0423,-0.0688,0.8656,0.0,0.0,0,1.0,8,2,23,0.0,0.0,0.0
133.114,2236,18.5,0.0676,1.0,0.0726,0.0644,0.8806,0.0,0.0,0,1.0,7,2,23,0.0,0.0,0.0
133.166,2237,18.5,0.0675,1.0,0.0769,0.1172,0.883,0.0,0.0,0,1.0,6,2,23,0.0,0.0,0.0
133.236,2238,18.5,0.0662,1.0,0.0768,0.1328,0.883,0.0,0.0,0,1.0,8,2,23,0.0,0.0,0.0
133.292,2239,18.5,0.0668,1.0,0.0764,0.1209,0.8828,0.0,0.0,0,1.0,9,2,23,0.0,0.0,0.0
133.347,2240,18.5,0.0648,1.0,0.076,0.1434,0.8826,0.0,0.0,0,1.0,9,2,23,0.0,0.0,0.0
133.408,2241,18.5,0.0731,1.0,0.057,-0.2236,0.8809,0.0,0.0,0,1.0,9,2,23,0.0,0.0,0.0
133.463,2242,18.5,0.1359,0.9436,0.1036,-0.2428,0.8687,0.0,0.0,0,1.0,8,2,23,0.0,0.0,0.0
133.518,2243,18.5,0.078,1.0,0.0772,-0.0084,0.8837,0.0,0.0,0,1.0,8,2,23,0.0,0.0,0.0
133.577,2244,18.5,0.0745,1.0,0.0573,-0.235,0.8817,0.0,0.0,0,1.0,9,2,23,0.0,0.0,0.0
133.635,2245,18.5,0.075,1.0,0.0573,-0.2416,0.882,0.0,0.0,0,1.0,9,2,23,0.0,0.0,0.0
133.687,2246,18.5,0.074,1.0,0.0573,-0.2294,0.8814,0.0,0.0,0,1.0,9,2,23,0.0,0.0,0.0
133.739,2247,18.5,0.0661,1.0,0.0773,0.1399,0.8833,0.0,0.0,0,1.0,8,2,23,0.0,0.0,0.0
133.787,2248,18.5,0.1214,0.8992,0.1403,0.1302,0.8339,0.0,0.0,0,1.0,7,2,23,0.0,0.0,0.0
133.839,2249,18.5,0.066,1.0,0.0943,0.3173,0.8928,0.0,0.0,0,1.0,8,2,23,0.0,0.0,0.0
133.888,2250,18.5,0.0731,1.0,0.0573,-0.2178,0.881,0.0,0.0,0,1.0,9,2,23,0.0,0.0,0.0
133.942,2251,18.1,0.3527,0.375,0.0,-1.0,0.5125,0.0,0.0,0,1.0,2,2,23,0.0,0.0,0.0
133.995,2252,18.1,0.4942,0.8471,0.0,-1.0,0.9883,0.0,0.0,0,1.0,4,2,23,0.0,0.0,0.0
134.049,2253,18.1,0.1181,0.9923,0.0944,-0.2012,0.8997,-0.7,0.0,0,1.0,5,2,23,0.035,0.0,0.014
134.104,2254,18.1,0.2115,0.9078,0.023,-1.0,0.881,0.0,0.0,0,1.0,5,2,23,0.0,0.0,0.0
134.155,2255,18.1,0.1979,0.8668,0.0424,-1.0,0.839,0.0,0.0,0,1.0,4,2,23,0.0,0.0,0.0
134.215,2256,18.1,0.1337,1.0,0.0486,-0.8402,0.9149,0.0,0.0,0,1.0,8,2,23,0.0,0.0,0.0
134.276,2257,18.1,0.0564,1.0,0.0887,0.4001,0.8897,0.0,0.0,0,1.0,5,2,23,0.0,0.0,0.0
134.332,2258,18.1,0.2606,1.0,0.0418,-1.0,0.9859,0.0,0.0,0,1.0,8,2,23,0.0,0.0,0.0
134.38,2259,18.1,0.2704,0.8467,0.0,-1.0,0.8626,0.0,0.0,0,1.0,5,2,23,0.0,0.0,0.0
134.437,2260,18.1,0.2208,0.8592,0.0,-1.0,0.8454,0.0,0.0,0,1.0,4,2,23,0.0,0.0,0.0
134.493,2261,18.1,0.1102,0.8766,0.1119,0.0133,0.799,0.0,0.0,0,1.0,4,2,23,0.0,0.0,0.0
134.552,2262,18.1,0.1492,1.0,0.0003,-1.0,0.9235,0.0,0.0,0,1.0,6,2,23,0.0,0.0,0.0
134.61,2263,18.1,0.166,0.9472,0.0492,-0.9769,0.8886,0.0,0.0,0,1.0,6,2,23,0.0,0.0,0.0
134.668,2264,18.1,0.1845,0.7706,0.0659,-0.852,0.7506,0.0,0.0,0,1.0,3,2,23,0.0,0.0,0.0
134.728,2265,18.1,0.1792,0.9357,0.0019,-1.0,0.8863,0.0,0.0,0,1.0,4,2,23,0.0,0.0,0.0
134.784,2266,18.1,0.3133,0.9688,0.0251,-1.0,0.9892,0.0,0.0,0,1.0,5,2,23,0.0,0.0,0.0
134.84,2267,18.1,0.1499,1.0,0.0235,-1.0,0.9239,0.0,0.0,0,1.0,5,2,23,0.0,0.0,0.0
134.901,2268,18.1,0.2468,1.0,0.0,-1.0,0.9782,0.0,0.0,0,1.0,8,2,23,0.0,0.0,0.0
134.955,2269,18.1,0.1153,1.0,0.0234,-1.0,0.9046,0.0,0.0,0,1.0,6,2,23,0.0,0.0,0.0
135.006,2270,18.1,0.2639,1.0,0.0234,-1.0,0.9878,0.0,0.0,0,1.0,7,2,23,0.0,0.0,0.0
135.054,2271,18.1,0.2817,1.0,0.0427,-1.0,0.9977,0.0,0.0,0,1.0,7,2,23,0.0,0.0,0.0
135.103,2272,18.1,0.2995,1.0,0.0421,-1.0,1.0,0.0,0.0,0,1.0,8,2,23,0.0,0.0,0.0
135.158,2273,18.1,0.2893,1.0,0.0123,-1.0,1.0,0.0,0.0,0,1.0,6,2,23,0.0,0.0,0.0
135.219,2274,18.1,0.1835,0.9671,0.0173,-1.0,0.9151,0.0,0.0,0,1.0,6,2,23,0.0,0.0,0.0
135.274,2275,18.1,0.2628,1.0,0.0422,-1.0,0.9872,0.0,0.0,0,1.0,8,2,23,0.0,0.0,0.0
135.334,2276,18.1,0.1042,0.9739,0.0893,-0.1386,0.8764,0.0,0.0,0,1.0,7,2,23,0.0,0.0,0.0
135.389,2277,18.1,0.1043,0.9774,0.089,-0.1427,0.8794,0.0,0.0,0,1.0,6,2,23,0.0,0.0,0.0
135.445,2278,18.1,0.1109,0.9889,0.0771,-0.3238,0.8928,0.0,0.0,0,1.0,6,2,23,0.0,0.0,0.0
135.501,2279,18.1,0.28,1.0,0.0129,-1.0,0.9968,0.0,0.0,0,1.0,6,2,23,0.0,0.0,0.0
135.557,2280,18.1,0.2949,1.0,0.0025,-1.0,1.0,0.0,0.0,0,1.0,6,2,23,0.0,0.0,0.0
135.616,2281,18.0,0.4456,0.8689,0.0226,-1.0,0.9794,0.0,0.0,0,1.0,4,2,23,0.0,0.0,0.0
135.675,2282,18.0,0.1844,0.5559,0.1814,-0.0152,0.5702,-0.1967,0.0,0,1.0,3,2,23,0.0098,0.0,0.0039
135.736,2283,18.0,0.294,1.0,0.0259,-1.0,1.0,0.0,0.0,0,1.0,6,2,23,0.0,0.0,0.0
135.787,2284,18.0,0.1757,0.9803,0.0236,-1.0,0.9219,0.0,0.0,0,1.0,6,2,23,0.0,0.0,0.0
135.844,2285,18.0,0.1628,1.0,0.0124,-1.0,0.9312,0.0,0.0,0,1.0,5,2,23,0.0,0.0,0.0
135.895,2286,18.0,0.1969,0.8457,0.0405,-1.0,0.8207,0.0,0.0,0,1.0,4,2,23,0.0,0.0,0.0
135.945,2287,18.0,0.1662,0.9908,0.0027,-1.0,0.9253,0.0,0.0,0,1.0,6,2,23,0.0,0.0,0.0
135.995,2288,18.0,0.1914,0.677,0.0,-1.0,0.6758,0.0,0.0,0,1.0,2,2,23,0.0,0.0,0.0
136.054,2289,18.0,0.2031,0.8344,0.0747,-0.8321,0.8146,0.0,0.0,0,1.0,4,2,23,0.0,0.0,0.0
136.105,2290,18.0,0.1793,1.0,0.0042,-1.0,0.9404,0.0,0.0,0,1.0,3,2,23,0.0,0.0,0.0
136.168,2291,18.0,0.1014,1.0,0.0531,-0.5633,0.8968,0.0,0.0,0,1.0,3,2,23,0.0,0.0,0.0
136.227,2292,18.0,0.135,0.9531,0.038,-1.0,0.8762,0.0,0.0,0,1.0,4,2,23,0.0,0.0,0.0
136.285,2293,18.0,0.1012,0.7534,0.3119,0.918,0.8075,0.0,0.0,0,1.0,6,2,23,0.0,0.0,0.0
136.352,2294,18.0,0.1016,0.6568,0.6535,1.0,0.9177,0.0,0.0,0,1.0,8,2,23,0.0,0.0,0.0
136.422,2295,18.0,0.1642,0.5311,0.6681,1.0,0.8203,-0.1716,0.0,0,1.0,9,2,23,0.0086,0.0,0.0034
136.492,2296,18.0,0.0433,0.3844,0.833,1.0,0.7893,-0.1612,0.0,0,1.0,7,2,23,0.0081,0.0,0.0032
136.555,2297,18.0,0.0,0.6193,0.7301,1.0,0.929,-0.2564,0.0,0,1.0,4,2,23,0.0128,0.0,0.0051
136.621,2298,18.0,0.0201,0.6856,0.6857,1.0,0.9599,-0.2564,0.0,0,1.0,9,2,23,0.0128,0.0,0.0051
136.672,2299,18.0,0.1323,0.6056,0.6672,1.0,0.8824,-0.1967,0.0,0,1.0,9,2,23,0.0098,0.0,0.0039
136.725,2300,18.0,0.1828,0.5437,0.6646,1.0,0.8289,-0.1235,0.0,0,1.0,13,2,23,0.0062,0.0,0.0025
136.786,2301,18.0,0.1014,0.5576,0.6218,1.0,0.8166,-0.1235,0.0,0,1.0,9,2,23,0.0062,0.0,0.0025
136.866,2302,18.0,0.1016,0.8933,0.3609,1.0,0.9525,-0.0894,0.0,0,1.0,13,2,23,0.0045,0.0,0.0018
136.946,2303,18.0,0.1437,0.811,0.337,0.7242,0.87,-0.1129,0.0,0,1.0,12,2,23,0.0056,0.0,0.0023
137.018,2304,18.0,0.1423,0.7956,0.3457,0.7499,0.8619,-0.7,0.0,0,1.0,8,2,23,0.035,0.0,0.014
137.081,2305,18.0,0.1282,0.8118,0.3443,0.8233,0.8747,0.0,0.0,0,1.0,11,2,23,0.0,0.0,0.0
137.148,2306,18.0,0.0857,0.7985,0.4083,1.0,0.8994,0.0,0.0,0,1.0,11,2,23,0.0,0.0,0.0
137.215,2307,18.0,0.126,0.6327,0.6687,1.0,0.906,-0.7,0.0,0,1.0,10,2,23,0.035,0.0,0.014
137.28,2308,18.0,0.0122,0.6591,0.7382,1.0,0.9671,-0.1235,0.0,0,1.0,6,2,23,0.0062,0.0,0.0025
137.35,2309,18.0,0.1247,0.9283,0.3658,0.8851,0.9847,-0.1967,0.0,0,1.0,13,2,23,0.0098,0.0,0.0039
137.427,2310,18.0,0.1844,0.3672,0.7677,1.0,0.7384,-0.7,0.0,0,1.0,11,2,23,0.035,0.0,0.014
137.504,2311,16.0,0.0557,0.5721,0.7292,1.0,0.8889,-0.1612,0.0,0,1.0,7,2,23,0.0081,0.0,0.0032
137.579,2312,16.0,0.1014,0.5557,0.7061,1.0,0.8623,-0.1612,0.0,0,1.0,8,2,23,0.0081,0.0,0.0032
137.636,2313,16.0,0.1014,0.5356,0.7204,1.0,0.8533,-0.1967,0.0,0,1.0,6,2,23,0.0098,0.0,0.0039
137.69,2314,16.0,0.0519,0.8252,0.2652,1.0,0.8417,-0.158,0.0,0,1.0,10,2,23,0.0079,0.0,0.0032
137.75,2315,16.0,0.0,0.4877,0.8315,1.0,0.8753,0.0,0.0,0,1.0,7,2,23,0.0,0.0,0.0
137.804,2316,16.0,0.0,0.2423,1.0,1.0,0.7636,0.0,0.0,0,1.0,6,2,23,0.0,0.0,0.0
137.856,2317,16.0,0.0,0.2238,1.0,1.0,0.748,-0.2393,0.0,0,1.0,4,2,23,0.012,0.0,0.0048
137.907,2318,16.0,0.0,0.2701,1.0,1.0,0.7869,0.0607,0.0,0,1.0,6,2,23,0.003,0.0,0.0012
137.962,2319,16.0,0.0,0.2582,1.0,1.0,0.7769,0.0607,0.0,0,1.0,6,2,23,0.003,0.0,0.0012
138.01,2320,16.0,0.0,0.2193,1.0,1.0,0.7442,0.0607,0.0,0,1.0,7,2,23,0.003,0.0,0.0012
138.065,2321,16.0,0.0,0.2502,1.0,1.0,0.7701,0.0607,0.0,0,1.0,8,2,23,0.003,0.0,0.0012
138.122,2322,16.0,0.043,0.7987,0.5488,1.0,0.9782,0.0607,0.0,0,1.0,6,2,23,0.003,0.0,0.0012
138.173,2323,16.0,0.0446,1.0,0.45,1.0,1.0,0.0607,0.0,0,1.0,6,2,23,0.003,0.0,0.0012
138.222,2324,16.0,0.0,0.3622,0.965,1.0,0.8447,-0.1129,0.0,0,1.0,9,2,23,0.0056,0.0,0.0023
138.276,2325,16.0,0.0367,0.7986,0.5675,1.0,0.9886,-0.1129,0.0,0,1.0,7,2,23,0.0056,0.0,0.0023
138.332,2326,16.0,0.0826,0.5641,0.7175,1.0,0.8756,0.0607,0.0,0,1.0,10,2,23,0.003,0.0,0.0012
138.389,2327,16.0,0.0,0.4054,0.9061,1.0,0.8479,-0.158,0.0,0,1.0,9,2,23,0.0079,0.0,0.0032
138.444,2328,16.0,0.0,0.5426,0.794,1.0,0.9004,-0.2393,0.0,0,1.0,8,2,23,0.012,0.0,0.0048
138.503,2329,16.0,0.0,0.3933,0.9089,1.0,0.8394,-0.2393,0.0,0,1.0,7,2,23,0.012,0.0,0.0048
138.559,2330,16.0,0.0,0.4275,0.9519,1.0,0.8922,-0.1464,0.0,0,1.0,8,2,23,0.0073,0.0,0.0029
138.615,2331,16.0,0.0341,0.3991,0.9164,1.0,0.8484,0.0607,0.0,0,1.0,8,2,23,0.003,0.0,0.0012
138.664,2332,16.0,0.0626,0.4303,0.8327,1.0,0.8277,0.0607,0.0,0,1.0,9,2,23,0.003,0.0,0.0012
138.722,2333,16.0,0.0958,0.5525,0.6959,1.0,0.8538,-0.2393,0.0,0,1.0,9,2,23,0.012,0.0,0.0048
138.772,2334,16.0,0.0914,0.9463,0.423,1.0,1.0,-0.0659,0.0,0,1.0,10,2,23,0.0033,0.0,0.0013
138.822,2335,16.0,0.1844,0.3662,0.7611,1.0,0.7339,-0.0659,0.0,0,1.0,5,2,23,0.0033,0.0,0.0013
138.876,2336,16.0,0.8168,0.3239,0.3558,-0.7075,0.7295,-0.7,0.0,0,1.0,10,2,23,0.035,0.0,0.014
138.932,2337,16.0,0.1071,0.6783,0.6374,1.0,0.9267,-0.2089,0.0,0,1.0,11,2,23,0.0104,0.0,0.0042
138.982,2338,16.0,0.1844,0.4644,0.6817,1.0,0.7719,-0.1129,0.0,0,1.0,10,2,23,0.0056,0.0,0.0023
139.051,2339,16.0,0.1583,0.8539,0.3681,0.7175,0.9235,-0.1129,0.0,0,1.0,12,2,23,0.0056,0.0,0.0023
139.124,2340,16.0,0.1008,0.8455,0.5379,1.0,1.0,-0.1612,0.0,0,1.0,12,2,23,0.0081,0.0,0.0032
139.191,2341,17.7,0.1611,0.8595,0.4321,0.8224,0.964,-0.2303,0.0,0,1.0,13,2,23,0.0115,0.0,0.0046
139.252,2342,17.7,0.13,0.8698,0.3361,0.7962,0.9188,-0.1363,0.0,0,1.0,11,2,23,0.0068,0.0,0.0027
139.307,2343,17.7,0.1189,0.619,0.6712,1.0,0.8958,0.0,0.0,0,1.0,10,2,23,0.0,0.0,0.0
139.366,2344,17.7,0.1124,0.8592,0.4974,1.0,1.0,-0.1967,0.0,0,1.0,12,2,23,0.0098,0.0,0.0039
139.423,2345,17.7,0.1583,0.9226,0.3737,0.7289,0.9842,-0.1967,0.0,0,1.0,13,2,23,0.0098,0.0,0.0039
139.481,2346,17.7,0.1315,0.9214,0.3855,0.8845,0.9899,-0.0961,0.0,0,1.0,10,2,23,0.0048,0.0,0.0019
139.544,2347,17.7,0.1141,0.5461,0.6848,1.0,0.8422,-0.1716,0.0,0,1.0,11,2,23,0.0086,0.0,0.0034
139.598,2348,17.7,0.0,0.4988,0.8177,1.0,0.8769,-0.1967,0.0,0,1.0,5,2,23,0.0098,0.0,0.0039
139.648,2349,17.7,0.0284,0.5275,0.8233,1.0,0.9041,-0.1967,0.0,0,1.0,9,2,23,0.0098,0.0,0.0039
139.707,2350,17.7,0.0,0.4399,0.8746,1.0,0.8593,0.0045,0.0,0,1.0,7,2,23,0.0002,0.0,0.0001
139.767,2351,17.7,0.0816,0.8035,0.5581,1.0,0.9875,-0.2393,0.0,0,1.0,10,2,23,0.012,0.0,0.0048
139.825,2352,17.7,0.1699,1.0,0.1388,-0.1812,0.9351,0.0045,0.0,0,1.0,9,2,23,0.0002,0.0,0.0001
139.885,2353,17.7,0.1665,1.0,0.0189,-1.0,0.9333,0.0,0.0,0,1.0,6,2,23,0.0,0.0,0.0
139.939,2354,17.7,0.1905,1.0,0.0292,-1.0,0.9467,0.0,0.0,0,1.0,7,2,23,0.0,0.0,0.0
139.988,2355,17.7,0.1784,1.0,0.1086,-0.4379,0.9399,0.0,0.0,0,1.0,5,2,23,0.0,0.0,0.0
140.041,2356,17.7,0.3354,0.1991,0.3233,-0.033,0.3551,0.0,0.0,0,1.0,3,2,23,0.0,0.0,0.0
140.099,2357,17.7,0.397,1.0,0.0504,-1.0,1.0,0.0,0.0,0,1.0,7,2,23,0.0,0.0,0.0
140.16,2358,17.7,0.7102,0.3608,0.2088,-0.982,0.7008,-0.7,0.0,0,1.0,4,2,23,0.035,0.0,0.014
140.223,2359,17.7,0.0,0.4764,0.5109,1.0,0.6863,-0.7,0.0,0,1.0,6,2,23,0.035,0.0,0.014
140.284,2360,17.7,0.4085,1.0,0.0209,-1.0,1.0,-0.2196,0.0,0,1.0,3,2,23,0.011,0.0,0.0044
140.343,2361,17.7,0.0,0.445,0.0685,1.0,0.4121,-0.0835,0.0,0,1.0,1,2,23,0.0042,0.0,0.0017
140.406,2362,17.7,0.4533,0.3895,0.0,-1.0,0.581,0.0,0.0,0,1.0,2,2,23,0.0,0.0,0.0
140.463,2363,17.7,0.3697,0.4162,0.0328,-1.0,0.5566,-0.1129,0.0,0,1.0,2,2,23,0.0056,0.0,0.0023
140.518,2364,17.7,0.0,0.45,0.0606,1.0,0.412,-0.7,0.0,0,1.0,1,2,23,0.035,0.0,0.014
140.576,2365,17.7,0.0,0.4653,0.0615,1.0,0.4253,0.0,0.0,0,1.0,1,2,23,0.0,0.0,0.0
140.631,2366,17.7,0.278,0.4977,0.0355,-1.0,0.5738,0.0,0.0,0,1.0,2,2,23,0.0,0.0,0.0
140.678,2367,17.7,0.1844,0.548,0.0637,-0.876,0.5636,0.0,0.0,0,1.0,2,2,23,0.0,0.0,0.0
140.731,2368,17.7,0.0,0.4532,0.0586,1.0,0.4135,0.0,0.0,0,1.0,1,2,23,0.0,0.0,0.0
140.78,2369,17.7,0.1916,0.838,0.0188,-1.0,0.8112,0.0,0.0,0,1.0,3,2,23,0.0,0.0,0.0
140.826,2370,17.7,0.1886,0.6642,0.0,-1.0,0.6636,0.0,0.0,0,1.0,2,2,23,0.0,0.0,0.0
140.882,2371,17.6,0.4819,0.315,0.0378,-1.0,0.5345,0.0,0.0,0,1.0,2,2,23,0.0,0.0,0.0
140.928,2372,17.6,0.0021,0.8995,0.0382,1.0,0.777,0.0,0.0,0,1.0,2,2,23,0.0,0.0,0.0
140.981,2373,17.6,0.653,0.7248,0.0346,-1.0,0.9745,-0.1129,0.0,0,1.0,6,2,23,0.0056,0.0,0.0023
141.032,2374,17.6,0.0,0.4516,0.2867,1.0,0.5399,-0.0737,0.0,0,1.0,2,2,23,0.0037,0.0,0.0015
141.091,2375,17.6,0.0,0.4339,0.0722,1.0,0.4049,-0.0737,0.0,0,1.0,1,2,23,0.0037,0.0,0.0015
141.151,2376,17.6,0.6087,0.5332,0.1771,-0.9888,0.7888,0.0,0.0,0,1.0,4,2,23,0.0,0.0,0.0
141.208,2377,17.6,0.008,0.8785,0.0368,1.0,0.7585,0.0,0.0,0,1.0,2,2,23,0.0,0.0,0.0
141.273,2378,17.6,0.0,0.2945,0.4723,1.0,0.5119,-0.1612,0.0,0,1.0,2,2,23,0.0081,0.0,0.0032
141.333,2379,17.6,0.0,0.4485,0.0671,1.0,0.4144,-0.1129,0.0,0,1.0,1,2,23,0.0056,0.0,0.0023
141.392,2380,17.6,0.2361,0.6298,0.0357,-1.0,0.6613,0.0,0.0,0,1.0,2,2,23,0.0,0.0,0.0
141.449,2381,17.6,0.2342,0.9896,0.0476,-1.0,0.9624,0.0,0.0,0,1.0,3,2,23,0.0,0.0,0.0
141.513,2382,17.6,0.0,0.5863,0.008,1.0,0.497,0.0,0.0,0,1.0,1,2,23,0.0,0.0,0.0
141.568,2383,17.6,0.0841,0.7567,0.0,-1.0,0.6827,0.0,0.0,0,1.0,1,2,23,0.0,0.0,0.0
141.623,2384,17.6,0.0465,0.8044,0.235,1.0,0.8073,0.0,0.0,0,1.0,2,2,23,0.0,0.0,0.0
141.674,2385,17.6,0.6479,0.4175,0.1606,-1.0,0.7135,0.0,0.0,0,1.0,3,2,23,0.0,0.0,0.0
141.729,2386,17.6,0.6424,0.4287,0.1628,-1.0,0.7198,0.0,0.0,0,1.0,3,2,23,0.0,0.0,0.0
141.78,2387,17.6,0.0,0.8504,0.1705,1.0,0.8098,-0.2596,0.0,0,1.0,3,2,23,0.013,0.0,0.0052
141.83,2388,17.6,0.1653,1.0,0.0103,-1.0,0.9326,0.0,0.0,0,1.0,4,2,23,0.0,0.0,0.0
141.881,2389,17.6,0.6537,0.6467,0.0206,-1.0,0.9093,0.0,0.0,0,1.0,3,2,23,0.0,0.0,0.0
141.928,2390,17.6,0.4181,1.0,0.0663,-1.0,1.0,0.0,0.0,0,1.0,6,2,23,0.0,0.0,0.0
141.98,2391,17.6,0.8077,0.7805,0.0395,-1.0,1.0,-0.7,0.0,1,1.0,6,2,23,0.035,1.0,0.014
142.034,2392,17.6,0.1405,0.5843,0.2579,0.5305,0.6352,-0.7,0.0,1,1.0,3,2,23,0.035,0.8,0.014
142.095,2393,17.6,0.0153,0.8739,0.1677,1.0,0.828,-0.2156,0.0,1,1.0,3,2,23,0.0108,0.8,0.0043
142.149,2394,17.6,0.0163,1.0,0.0536,0.9605,0.87,0.0,0.0,1,1.0,3,2,23,0.0,0.8,0.0
142.207,2395,17.6,0.3116,0.6234,0.1255,-0.7667,0.6982,0.0,0.0,1,1.0,4,2,23,0.0,0.8,0.0
142.271,2396,17.6,0.2172,0.9972,0.1495,-0.3323,0.9593,0.0,0.0,1,1.0,4,2,23,0.0,0.8,0.0
142.321,2397,17.6,0.5907,0.3687,0.2577,-0.7066,0.6405,0.0,0.0,1,1.0,3,2,23,0.0,0.8,0.0
142.376,2398,17.6,0.0,0.607,0.326,1.0,0.6925,-0.1833,0.0,1,1.0,3,2,23,0.0092,0.8,0.0037
142.438,2399,17.6,0.3747,0.9557,0.0276,-1.0,1.0,-0.1833,0.0,1,1.0,3,2,23,0.0092,0.8,0.0037
142.506,2400,17.6,0.3903,0.9522,0.0281,-1.0,1.0,0.0,0.0,0,1.0,3,2,23,0.0,0.8,0.0
142.565,2401,17.9,0.5193,0.3164,0.3739,-0.2929,0.5565,0.0,0.0,0,1.0,3,2,23,0.0,0.0,0.0
142.634,2402,17.9,0.4775,0.8623,0.1334,-1.0,0.9917,-0.2491,0.0,0,1.0,3,2,23,0.0125,0.0,0.005
142.693,2403,17.9,0.4703,0.853,0.0,-1.0,0.9799,0.0045,0.0,0,1.0,2,2,23,0.0002,0.0,0.0001
142.749,2404,17.9,0.4716,0.8677,0.1296,-1.0,0.993,-0.1129,0.0,0,1.0,3,2,23,0.0056,0.0,0.0023
142.798,2405,17.9,0.4072,0.4674,0.0,-1.0,0.6206,-0.1129,0.0,0,1.0,1,2,23,0.0056,0.0,0.0023
142.847,2406,17.9,0.4744,0.8587,0.0,-1.0,0.9869,0.0045,0.0,0,1.0,2,2,23,0.0002,0.0,0.0001
142.907,2407,17.9,0.489,1.0,0.0,-1.0,1.0,-0.1129,0.0,0,1.0,3,2,23,0.0056,0.0,0.0023
142.954,2408,17.9,0.7864,0.7511,0.02,-1.0,1.0,-0.1129,0.0,0,1.0,4,2,23,0.0056,0.0,0.0023
143.005,2409,17.9,0.199,0.7869,0.0366,-1.0,0.7724,-0.1129,0.0,0,1.0,3,2,23,0.0056,0.0,0.0023
143.062,2410,17.9,0.059,1.0,0.0366,-0.4208,0.873,0.0,0.0,0,1.0,2,2,23,0.0,0.0,0.0
143.118,2411,17.9,0.0846,0.9381,0.0988,0.139,0.8434,0.0,0.0,0,1.0,4,2,23,0.0,0.0,0.0
143.176,2412,17.9,0.2398,0.8577,0.0711,-0.9765,0.8548,0.0,0.0,0,1.0,4,2,23,0.0,0.0,0.0
143.235,2413,17.9,0.3094,0.7829,0.1328,-0.7187,0.8309,0.0,0.0,0,1.0,3,2,23,0.0,0.0,0.0
143.293,2414,17.9,0.3672,0.5021,0.2355,-0.3933,0.6274,0.0,0.0,0,1.0,2,2,23,0.0,0.0,0.0
143.351,2415,17.9,0.0,0.0233,0.4338,1.0,0.2625,0.0,0.0,0,1.0,1,2,23,0.0,0.0,0.0
143.415,2416,17.9,0.6399,0.1836,0.2437,-0.8073,0.5126,-0.0835,0.0,0,1.0,2,2,23,0.0042,0.0,0.0017
143.48,2417,17.9,0.1099,0.6895,0.2279,0.6288,0.7068,-0.2042,0.0,0,1.0,2,2,23,0.0102,0.0,0.0041
143.545,2418,17.9,0.6796,0.8422,0.1074,-1.0,1.0,0.0,0.0,0,1.0,5,2,23,0.0,0.0,0.0
143.601,2419,17.9,0.4662,0.936,0.1418,-0.9604,1.0,-0.2303,0.0,0,1.0,4,2,23,0.0115,0.0,0.0046
143.656,2420,17.9,0.7329,0.739,0.0,-1.0,1.0,0.0045,0.0,0,1.0,3,2,23,0.0002,0.0,0.0001
143.716,2421,17.9,0.7079,0.6196,0.235,-0.9027,0.9168,0.0045,0.0,0,1.0,5,2,23,0.0002,0.0,0.0001
143.773,2422,17.9,0.3161,0.8086,0.1302,-0.7497,0.8563,-0.2122,0.0,0,1.0,3,2,23,0.0106,0.0,0.0042
143.821,2423,17.9,0.6254,0.2104,0.2428,-0.7931,0.5269,0.0,0.0,0,1.0,2,2,23,0.0,0.0,0.0
143.878,2424,17.9,0.3757,0.4954,0.0,-1.0,0.6265,0.0,0.0,0,1.0,1,2,23,0.0,0.0,0.0
143.94,2425,17.9,0.3865,0.7884,0.1233,-0.9294,0.8787,-0.2393,0.0,0,1.0,3,2,23,0.012,0.0,0.0048
143.989,2426,17.9,0.0,0.2114,0.5033,1.0,0.4594,0.0,0.0,0,1.0,2,2,23,0.0,0.0,0.0
144.039,2427,17.9,0.0,0.0174,0.6373,1.0,0.3715,-0.1967,0.0,0,1.0,2,2,23,0.0098,0.0,0.0039
144.09,2428,17.9,0.7549,0.719,0.0,-1.0,1.0,-0.1967,0.0,0,1.0,3,2,23,0.0098,0.0,0.0039
144.148,2429,17.9,0.0873,0.6612,0.0,-1.0,0.6043,0.0045,0.0,0,1.0,1,2,23,0.0002,0.0,0.0001
144.205,2430,17.9,0.0806,1.0,0.0,-1.0,0.8851,0.0,0.0,0,1.0,3,2,23,0.0,0.0,0.0
144.264,2431,17.7,0.3892,1.0,0.0,-1.0,1.0,0.0,0.0,0,1.0,3,2,23,0.0,0.0,0.0
144.326,2432,17.7,0.7592,0.4717,0.0209,-1.0,0.8213,-0.7,0.0,0,1.0,3,2,23,0.035,0.0,0.014
144.383,2433,17.7,0.33,0.8088,0.0,-1.0,0.8642,-0.2122,0.0,0,1.0,2,2,23,0.0106,0.0,0.0042
144.442,2434,17.7,0.7016,0.3434,0.2236,-0.9299,0.6813,0.0,0.0,0,1.0,4,2,23,0.0,0.0,0.0
144.504,2435,17.7,0.1496,0.6703,0.2398,0.4171,0.6973,0.0,0.0,0,1.0,5,2,23,0.0,0.0,0.0
144.56,2436,17.7,0.2019,0.9543,0.0942,-0.6551,0.9146,-0.1716,0.0,0,1.0,8,2,23,0.0086,0.0,0.0034
144.613,2437,17.7,0.1931,0.792,0.2223,0.1265,0.7897,0.0,0.0,0,1.0,7,2,23,0.0,0.0,0.0
144.665,2438,17.7,0.0056,0.6666,0.2399,1.0,0.6943,0.0,0.0,0,1.0,2,2,23,0.0,0.0,0.0
144.725,2439,17.7,0.1882,0.932,0.0961,-0.5826,0.8882,0.0,0.0,0,1.0,7,2,23,0.0,0.0,0.0
144.782,2440,17.7,0.1845,0.7678,0.2127,0.128,0.7641,0.0,0.0,0,1.0,7,2,23,0.0,0.0,0.0
144.836,2441,17.7,0.2339,1.0,0.0447,-1.0,0.971,0.0,0.0,0,1.0,6,2,23,0.0,0.0,0.0
144.892,2442,17.7,0.0,0.7306,0.1682,1.0,0.7079,0.0,0.0,0,1.0,2,2,23,0.0,0.0,0.0
144.95,2443,17.7,0.0163,0.8744,0.4271,1.0,0.9736,0.0,0.0,0,1.0,4,2,23,0.0,0.0,0.0
145.007,2444,17.7,0.307,0.8279,0.3361,0.0813,0.8837,0.0,0.0,0,1.0,9,2,23,0.0,0.0,0.0
145.073,2445,17.7,0.2387,1.0,0.0109,-1.0,0.9737,0.0045,0.0,0,1.0,4,2,23,0.0002,0.0,0.0001
145.138,2446,17.7,0.0903,0.7992,0.3268,1.0,0.8544,0.0,0.0,0,1.0,5,2,23,0.0,0.0,0.0
145.191,2447,17.7,0.0418,0.6802,0.441,1.0,0.8183,0.0,0.0,0,1.0,4,2,23,0.0,0.0,0.0
145.249,2448,17.7,0.07,0.9803,0.1628,0.7172,0.9146,-0.2303,0.0,0,1.0,5,2,23,0.0115,0.0,0.0046
145.306,2449,17.7,0.107,0.9426,0.2084,0.5785,0.9085,0.0,0.0,0,1.0,7,2,23,0.0,0.0,0.0
145.368,2450,17.7,0.2433,1.0,0.0064,-1.0,0.9762,0.0,0.0,0,1.0,12,2,23,0.0,0.0,0.0
145.423,2451,17.7,0.2629,0.5765,0.2445,-0.0651,0.6314,0.0,0.0,0,1.0,5,2,23,0.0,0.0,0.0
145.488,2452,17.7,0.155,1.0,0.1112,-0.2955,0.9268,0.0,0.0,0,1.0,3,2,23,0.0,0.0,0.0
145.562,2453,17.7,0.0,0.1641,0.6288,1.0,0.49,0.0,0.0,0,1.0,3,2,23,0.0,0.0,0.0
145.632,2454,17.7,0.3362,0.9888,0.068,-1.0,1.0,0.0,0.0,0,1.0,5,2,23,0.0,0.0,0.0
145.688,2455,17.7,0.1976,0.9937,0.1407,-0.3023,0.9453,-0.2303,0.0,0,1.0,4,2,23,0.0115,0.0,0.0046
145.737,2456,17.7,0.4637,0.9482,0.0846,-1.0,1.0,0.0,0.0,0,1.0,5,2,23,0.0,0.0,0.0
145.788,2457,17.7,0.2618,0.8966,0.1563,-0.4544,0.8998,-0.1129,0.0,0,1.0,5,2,23,0.0056,0.0,0.0023
145.838,2458,17.7,0.2043,1.0,0.0506,-1.0,0.9544,-0.1129,0.0,0,1.0,5,2,23,0.0056,0.0,0.0023
145.889,2459,17.7,0.2223,0.9995,0.0247,-1.0,0.9641,-0.4651,0.0,0,1.0,9,2,23,0.0233,0.0,0.0093
145.937,2460,17.7,0.2039,1.0,0.0586,-0.9968,0.9542,0.0,0.0,0,1.0,6,2,23,0.0,0.0,0.0
145.991,2461,17.3,0.8189,0.4511,0.097,-1.0,0.8375,0.0,0.0,0,1.0,6,2,23,0.0,0.0,0.0
146.05,2462,17.3,0.2007,0.9783,0.0657,-0.9121,0.9342,0.0,0.0,0,1.0,7,2,23,0.0,0.0,0.0
146.109,2463,17.3,0.0997,0.8779,0.2304,0.7125,0.8664,-0.2564,0.0,0,1.0,6,2,23,0.0128,0.0,0.0051
146.166,2464,17.3,0.0112,0.3328,1.0,1.0,0.8395,0.0,0.0,0,1.0,10,2,23,0.0,0.0,0.0
146.221,2465,17.3,0.0741,0.5886,0.7064,1.0,0.89,0.0607,0.0,0,1.0,6,2,23,0.003,0.0,0.0012
146.279,2466,17.3,0.0904,0.3603,0.8952,1.0,0.804,0.0607,0.0,0,1.0,9,2,23,0.003,0.0,0.0012
146.344,2467,17.3,0.037,0.4111,0.9017,1.0,0.8502,-0.158,0.0,0,1.0,6,2,23,0.0079,0.0,0.0032
146.398,2468,17.3,0.0307,0.952,0.5449,1.0,1.0,-0.2303,0.0,0,1.0,8,2,23,0.0115,0.0,0.0046
146.448,2469,17.3,0.0368,0.6167,0.7741,1.0,0.9515,0.0045,0.0,0,1.0,10,2,23,0.0002,0.0,0.0001
146.501,2470,17.3,0.0376,0.3456,0.9217,1.0,0.8064,0.0045,0.0,0,1.0,4,2,23,0.0002,0.0,0.0001
146.56,2471,17.3,0.0539,0.6727,0.703,1.0,0.9587,-0.1967,0.0,0,1.0,6,3,23,0.0098,0.0,0.0039
146.615,2472,17.3,0.0374,0.4055,0.8662,1.0,0.8257,-0.1235,0.0,0,1.0,4,3,23,0.0062,0.0,0.0025
146.661,2473,17.3,0.0375,0.4107,0.8987,1.0,0.8483,-0.1235,0.0,0,1.0,5,3,23,0.0062,0.0,0.0025
146.713,2474,17.3,0.0375,0.4115,0.9027,1.0,0.8512,-0.2393,0.0,0,1.0,9,3,23,0.012,0.0,0.0048
146.762,2475,17.3,0.098,0.3341,0.9014,1.0,0.7854,-0.2393,0.0,0,1.0,8,3,23,0.012,0.0,0.0048
146.813,2476,17.3,0.1151,0.7793,0.5044,1.0,0.9371,-0.2393,0.0,0,1.0,8,3,23,0.012,0.0,0.0048
146.863,2477,17.3,0.0,0.4568,0.8626,1.0,0.8668,-0.2303,0.0,0,1.0,7,3,23,0.0115,0.0,0.0046
146.912,2478,17.3,0.134,0.7914,0.4493,0.9727,0.9164,-0.2393,0.0,0,1.0,13,3,23,0.012,0.0,0.0048
146.962,2479,17.3,0.0421,0.8951,0.5694,1.0,1.0,-0.2393,0.0,0,1.0,8,3,23,0.012,0.0,0.0048
147.013,2480,17.3,0.0159,0.4928,0.8093,1.0,0.8671,0.0045,0.0,0,1.0,6,3,23,0.0002,0.0,0.0001
147.063,2481,17.3,0.0,0.4546,0.88,1.0,0.8747,0.0045,0.0,0,1.0,11,3,23,0.0002,0.0,0.0001
147.134,2482,17.3,0.0472,0.9897,0.4532,1.0,1.0,-0.2393,0.0,0,1.0,7,3,23,0.012,0.0,0.0048
147.196,2483,17.3,0.0261,1.0,0.436,1.0,1.0,-0.2393,0.0,0,1.0,7,3,23,0.012,0.0,0.0048
147.25,2484,17.3,0.0432,0.9321,0.5755,1.0,1.0,-0.1129,0.0,0,1.0,10,3,23,0.0056,0.0,0.0023
147.313,2485,17.3,0.0,0.4696,0.8553,1.0,0.8734,0.0915,0.0,0,1.0,8,3,23,0.0046,0.0,0.0018
147.366,2486,17.3,0.0552,1.0,0.456,1.0,1.0,-0.2393,0.0,0,1.0,10,3,23,0.012,0.0,0.0048
147.431,2487,17.3,0.0932,0.9699,0.4239,1.0,1.0,-0.2393,0.0,0,1.0,11,3,23,0.012,0.0,0.0048
147.496,2488,17.3,0.0629,1.0,0.4313,1.0,1.0,-0.1129,0.0,0,1.0,9,3,23,0.0056,0.0,0.0023
147.566,2489,17.3,0.0897,1.0,0.3898,1.0,1.0,0.0,0.0,0,1.0,11,3,23,0.0,0.0,0.0
147.621,2490,17.3,0.0394,0.4743,0.8242,1.0,0.86,-0.7,0.0,0,1.0,9,3,23,0.035,0.0,0.014
147.678,2491,17.8,0.0878,0.5189,0.7283,1.0,0.8437,-0.2393,0.0,0,1.0,8,3,23,0.012,0.0,0.0048
147.735,2492,17.8,0.0655,0.4709,0.6168,1.0,0.741,-0.2393,0.0,0,1.0,10,3,23,0.012,0.0,0.0048
147.789,2493,17.8,0.1219,0.6301,0.6514,1.0,0.894,-0.158,0.0,0,1.0,10,3,23,0.0079,0.0,0.0032
147.838,2494,17.8,0.1844,0.3901,0.7452,1.0,0.745,-0.1967,0.0,0,1.0,10,3,23,0.0098,0.0,0.0039
147.894,2495,17.8,0.1014,0.3351,0.7197,1.0,0.6845,-0.1967,0.0,0,1.0,8,3,23,0.0098,0.0,0.0039
147.946,2496,17.8,0.1844,0.4162,0.7138,1.0,0.7493,-0.1612,0.0,0,1.0,6,3,23,0.0081,0.0,0.0032
147.996,2497,17.8,0.0,0.3085,0.9889,1.0,0.8129,-0.1612,0.0,0,1.0,7,3,23,0.0081,0.0,0.0032
148.051,2498,17.8,0.0376,0.5018,0.7745,1.0,0.8553,-0.1612,0.0,0,1.0,9,3,23,0.0081,0.0,0.0032
148.107,2499,17.8,0.0311,0.4764,0.8162,1.0,0.8572,0.0607,0.0,0,1.0,6,3,23,0.003,0.0,0.0012
148.167,2500,17.8,0.0,0.3509,0.9721,1.0,0.8391,0.0045,0.0,0,1.0,6,3,23,0.0002,0.0,0.0001
148.225,2501,17.8,0.0277,0.6951,0.6882,1.0,0.9693,0.0607,0.0,0,1.0,9,3,23,0.003,0.0,0.0012
148.287,2502,17.8,0.8159,0.3188,0.3753,-0.6657,0.7247,0.0607,0.0,0,1.0,8,3,23,0.003,0.0,0.0012
148.346,2503,17.8,0.1844,0.3735,0.7551,1.0,0.7366,0.0045,0.0,0,1.0,6,3,23,0.0002,0.0,0.0001
148.403,2504,17.8,0.058,0.4167,0.8379,1.0,0.8193,-0.1612,0.0,0,1.0,10,3,23,0.0081,0.0,0.0032
148.466,2505,17.8,0.0492,1.0,0.3867,1.0,1.0,-0.2393,0.0,0,1.0,14,3,23,0.012,0.0,0.0048
148.529,2506,17.8,0.1014,0.6042,0.7015,1.0,0.9003,-0.2393,0.0,0,1.0,11,3,23,0.012,0.0,0.0048
148.583,2507,17.8,0.0,0.2503,1.0,1.0,0.7702,0.0,0.0,0,1.0,5,3,23,0.0,0.0,0.0
148.638,2508,17.8,0.102,0.6119,0.7597,1.0,0.9394,0.0607,0.0,0,1.0,10,3,23,0.003,0.0,0.0012
148.691,2509,17.8,0.0032,0.5917,0.8509,1.0,0.9735,0.0607,0.0,0,1.0,12,3,23,0.003,0.0,0.0012
148.746,2510,17.8,0.1295,0.8947,0.3728,0.872,0.9604,-0.1967,0.0,0,1.0,11,3,23,0.0098,0.0,0.0039
148.797,2511,17.8,0.1467,0.5266,0.6783,1.0,0.8222,-0.7,0.0,0,1.0,8,3,23,0.035,0.0,0.014
148.847,2512,17.8,0.0613,0.595,0.7027,1.0,0.8933,-0.7,0.0,0,1.0,7,3,23,0.035,0.0,0.014
148.9,2513,17.8,0.1621,0.5096,0.672,1.0,0.8044,-0.2303,0.0,0,1.0,7,3,23,0.0115,0.0,0.0046
148.957,2514,17.8,0.3742,0.534,0.1782,-0.6385,0.6581,-0.0835,0.0,0,1.0,4,3,23,0.0042,0.0,0.0017
149.008,2515,17.8,0.1845,0.2026,0.6057,0.9595,0.5094,-0.0737,0.0,0,1.0,4,3,23,0.0037,0.0,0.0015
149.065,2516,17.8,0.187,0.7653,0.1645,-0.1152,0.7476,-0.0737,0.0,0,1.0,7,3,23,0.0037,0.0,0.0015
149.129,2517,17.8,0.2269,0.8069,0.0693,-0.9575,0.8048,-0.2471,0.0,0,1.0,4,3,23,0.0124,0.0,0.0049
149.181,2518,17.8,0.1845,0.7972,0.1498,-0.1868,0.7729,0.0,0.0,0,1.0,8,3,23,0.0,0.0,0.0
149.242,2519,17.8,0.1454,0.9702,0.0642,-0.6974,0.8964,0.0,0.0,0,1.0,10,3,23,0.0,0.0,0.0
149.301,2520,17.8,0.1845,0.7975,0.1552,-0.1551,0.7732,0.0,0.0,0,1.0,8,3,23,0.0,0.0,0.0
149.357,2521,17.9,0.1417,0.9177,0.1099,-0.2272,0.8502,0.0,0.0,0,1.0,5,3,23,0.0,0.0,0.0
149.419,2522,17.9,0.1088,1.0,0.095,-0.1212,0.9009,0.0,0.0,0,1.0,7,3,23,0.0,0.0,0.0
149.476,2523,17.9,0.1647,1.0,0.0384,-1.0,0.9322,0.0,0.0,0,1.0,7,3,23,0.0,0.0,0.0
149.536,2524,17.9,0.1882,0.6867,0.2322,0.1883,0.7068,0.0,0.0,0,1.0,7,3,23,0.0,0.0,0.0
149.593,2525,17.9,0.1845,0.1573,0.707,1.0,0.5281,0.0,0.0,0,1.0,4,3,23,0.0,0.0,0.0
149.651,2526,17.9,0.0039,0.6637,0.4762,1.0,0.8242,0.0,0.0,0,1.0,4,3,23,0.0,0.0,0.0
149.71,2527,17.9,0.2119,0.8448,0.1008,-0.6398,0.8283,-0.1612,0.0,0,1.0,5,3,23,0.0081,0.0,0.0032
149.76,2528,17.9,0.1508,1.0,0.0195,-1.0,0.9245,0.0,0.0,0,1.0,7,3,23,0.0,0.0,0.0
149.812,2529,17.9,0.1107,1.0,0.0469,-0.7286,0.902,0.0,0.0,0,1.0,7,3,23,0.0,0.0,0.0
149.868,2530,17.9,0.1629,1.0,0.0236,-1.0,0.9312,0.0,0.0,0,1.0,7,3,23,0.0,0.0,0.0
149.927,2531,17.9,0.1976,0.6454,0.2665,0.2673,0.6914,0.0,0.0,0,1.0,8,3,23,0.0,0.0,0.0
149.988,2532,17.9,0.1845,0.9273,0.0451,-1.0,0.8823,0.0,0.0,0,1.0,6,3,23,0.0,0.0,0.0
150.039,2533,17.9,0.0814,0.9431,0.1827,0.6899,0.8945,-0.2303,0.0,0,1.0,7,3,23,0.0115,0.0,0.0046
150.095,2534,17.9,0.2037,0.8949,0.0476,-1.0,0.8658,0.0,0.0,0,1.0,8,3,23,0.0,0.0,0.0
150.152,2535,17.9,0.1851,0.9083,0.0981,-0.5528,0.8667,0.0,0.0,0,1.0,7,3,23,0.0,0.0,0.0
150.21,2536,17.9,0.1845,0.8738,0.0864,-0.6518,0.8373,0.0,0.0,0,1.0,7,3,23,0.0,0.0,0.0
150.273,2537,17.9,0.1442,0.9946,0.0551,-0.8043,0.9162,0.0,0.0,0,1.0,8,3,23,0.0,0.0,0.0
150.325,2538,17.9,0.1015,0.7691,0.3115,0.9154,0.8204,0.0,0.0,0,1.0,7,3,23,0.0,0.0,0.0
150.38,2539,17.9,0.1015,0.7888,0.2963,0.8817,0.8285,0.0,0.0,0,1.0,9,3,23,0.0,0.0,0.0
150.429,2540,17.9,0.1782,0.3334,0.5624,0.9339,0.595,0.0,0.0,0,1.0,6,3,23,0.0,0.0,0.0
150.48,2541,17.9,0.0,0.4579,0.5159,1.0,0.6735,-0.1275,0.0,0,1.0,4,3,23,0.0064,0.0,0.0026
150.543,2542,17.9,0.1015,0.785,0.2806,0.8439,0.8166,0.0045,0.0,0,1.0,7,3,23,0.0002,0.0,0.0001
150.605,2543,17.9,0.1845,0.8748,0.0994,-0.5397,0.8382,0.0045,0.0,0,1.0,7,3,23,0.0002,0.0,0.0001
150.654,2544,17.9,0.1144,0.7678,0.2842,0.7665,0.8041,0.0,0.0,0,1.0,6,3,23,0.0,0.0,0.0
150.709,2545,17.9,0.0761,1.0,0.0416,-0.5269,0.8826,0.0,0.0,0,1.0,7,3,23,0.0,0.0,0.0
150.765,2546,17.9,0.1069,0.8335,0.2816,0.8096,0.8578,0.0,0.0,0,1.0,6,3,23,0.0,0.0,0.0
150.82,2547,17.9,0.0031,0.9749,0.1628,1.0,0.9101,0.0,0.0,0,1.0,5,3,23,0.0,0.0,0.0
150.871,2548,17.9,0.0056,0.8006,0.2562,1.0,0.8159,0.0,0.0,0,1.0,4,3,23,0.0,0.0,0.0
150.921,2549,17.9,0.1845,0.7913,0.1624,-0.1146,0.768,0.0,0.0,0,1.0,7,3,23,0.0,0.0,0.0
150.97,2550,17.9,0.0262,0.8763,0.2865,1.0,0.8965,0.0,0.0,0,1.0,8,3,23,0.0,0.0,0.0
151.022,2551,18.0,0.0,0.8082,0.2601,1.0,0.8245,0.0,0.0,0,1.0,4,3,23,0.0,0.0,0.0
151.078,2552,18.0,0.1924,0.8328,0.137,-0.3026,0.8073,0.0,0.0,0,1.0,6,3,23,0.0,0.0,0.0
151.133,2553,18.0,0.0759,0.8312,0.2781,1.0,0.8539,0.0,0.0,0,1.0,6,3,23,0.0,0.0,0.0
151.19,2554,18.0,0.0987,0.7378,0.3056,0.9212,0.7909,0.0,0.0,0,1.0,7,3,23,0.0,0.0,0.0
151.253,2555,18.0,0.1386,0.9745,0.059,-0.7254,0.8962,0.0,0.0,0,1.0,7,3,23,0.0,0.0,0.0
151.313,2556,18.0,0.1015,0.7424,0.3292,0.9519,0.808,0.0,0.0,0,1.0,6,3,23,0.0,0.0,0.0
151.362,2557,18.0,0.0379,0.8561,0.2918,1.0,0.8825,0.0,0.0,0,1.0,7,3,23,0.0,0.0,0.0
151.415,2558,18.0,0.0,0.7543,0.3782,1.0,0.8454,0.0,0.0,0,1.0,4,3,23,0.0,0.0,0.0
151.476,2559,18.0,0.1015,0.739,0.3203,0.934,0.8001,0.0,0.0,0,1.0,7,3,23,0.0,0.0,0.0
151.537,2560,18.0,0.0728,0.8424,0.2731,1.0,0.8606,0.0,0.0,0,1.0,9,3,23,0.0,0.0,0.0
151.595,2561,18.0,0.212,0.7905,0.1413,-0.3602,0.7827,0.0,0.0,0,1.0,7,4,23,0.0,0.0,0.0
151.647,2562,18.0,0.1188,0.7177,0.3389,0.8654,0.7927,0.0,0.0,0,1.0,7,4,23,0.0,0.0,0.0
151.697,2563,18.0,0.1133,0.6905,0.3404,0.9013,0.7707,0.0,0.0,0,1.0,9,4,23,0.0,0.0,0.0
151.751,2564,18.0,0.1376,0.9724,0.0608,-0.6967,0.8939,0.0,0.0,0,1.0,5,4,23,0.0,0.0,0.0
151.88,2565,18.0,0.0753,0.8323,0.2776,1.0,0.8545,0.0,0.0,0,1.0,6,4,23,0.0,0.0,0.0
151.946,2566,18.0,0.1482,0.9429,0.0748,-0.592,0.8751,0.0,0.0,0,1.0,7,4,23,0.0,0.0,0.0
152.003,2567,18.0,0.0583,0.9126,0.2205,1.0,0.8901,0.0,0.0,0,1.0,8,4,23,0.0,0.0,0.0
152.066,2568,18.0,0.1033,0.729,0.3207,0.9226,0.7919,0.0,0.0,0,1.0,5,4,23,0.0,0.0,0.0
152.149,2569,18.0,0.1995,0.871,0.0754,-0.8126,0.8433,0.0,0.0,0,1.0,5,4,23,0.0,0.0,0.0
152.212,2570,18.0,0.1845,0.8876,0.0411,-1.0,0.8489,0.0,0.0,0,1.0,4,4,23,0.0,0.0,0.0
152.271,2571,18.0,0.0962,0.9514,0.1527,0.4083,0.8847,0.0,0.0,0,1.0,9,4,23,0.0,0.0,0.0
152.335,2572,18.0,0.0244,1.0,0.0592,0.7505,0.8732,0.0,0.0,0,1.0,6,4,23,0.0,0.0,0.0
152.395,2573,18.0,0.1038,1.0,0.0409,-0.7833,0.8981,0.0,0.0,0,1.0,11,4,23,0.0,0.0,0.0
152.487,2574,18.0,0.0,0.9553,0.1293,1.0,0.8749,0.0,0.0,0,1.0,4,4,23,0.0,0.0,0.0
152.562,2575,18.0,0.049,1.0,0.047,-0.039,0.8675,0.0,0.0,0,1.0,7,4,23,0.0,0.0,0.0
152.63,2576,18.0,0.1508,1.0,0.0381,-1.0,0.9245,0.0,0.0,0,1.0,5,4,23,0.0,0.0,0.0
152.676,2577,18.0,0.1508,1.0,0.0381,-1.0,0.9245,0.0,0.0,0,1.0,5,4,23,0.0,0.0,0.0
152.732,2578,18.0,0.1508,1.0,0.0381,-1.0,0.9245,0.0,0.0,0,1.0,5,4,23,0.0,0.0,0.0
152.787,2579,18.0,0.1508,1.0,0.0381,-1.0,0.9245,0.0,0.0,0,1.0,5,4,23,0.0,0.0,0.0
152.835,2580,18.0,0.1508,1.0,0.0381,-1.0,0.9245,0.0,0.0,1,1.0,5,4,23,0.0,1.0,0.0
152.884,2581,16.1,0.1508,1.0,0.0381,-1.0,0.9245,0.0,0.0,1,1.0,5,4,23,0.0,0.8,0.0
152.933,2582,16.1,0.1508,1.0,0.0381,-1.0,0.9245,0.0,0.0,1,1.0,5,4,23,0.0,0.8,0.0
152.985,2583,16.1,0.1508,1.0,0.0381,-1.0,0.9245,0.0,0.0,1,1.0,5,4,23,0.0,0.8,0.0
153.035,2584,16.1,0.1508,1.0,0.0381,-1.0,0.9245,0.0,0.0,1,1.0,5,4,23,0.0,0.8,0.0
153.084,2585,16.1,0.1508,1.0,0.0381,-1.0,0.9245,0.0,0.0,1,1.0,5,4,23,0.0,0.8,0.0
153.13,2586,16.1,0.1508,1.0,0.0381,-1.0,0.9245,0.0,0.0,1,1.0,5,4,23,0.0,0.8,0.0
153.18,2587,16.1,0.1508,1.0,0.0381,-1.0,0.9245,0.0,0.0,1,1.0,5,4,23,0.0,0.8,0.0
153.238,2588,16.1,0.1508,1.0,0.0381,-1.0,0.9245,0.0,0.0,1,1.0,5,4,23,0.0,0.8,0.0
153.284,2589,16.1,0.1508,1.0,0.0381,-1.0,0.9245,0.0,0.0,0,1.0,5,4,23,0.0,0.8,0.0
153.325,2590,16.1,0.1508,1.0,0.0381,-1.0,0.9245,0.0,0.0,0,1.0,5,4,23,0.0,0.0,0.0
153.376,2591,16.1,0.1508,1.0,0.0381,-1.0,0.9245,0.0,0.0,0,1.0,5,4,23,0.0,0.0,0.0
153.425,2592,16.1,0.1508,1.0,0.0381,-1.0,0.9245,0.0,0.0,0,1.0,5,4,23,0.0,0.0,0.0
153.465,2593,16.1,0.1508,1.0,0.0381,-1.0,0.9245,0.0,0.0,0,1.0,5,4,23,0.0,0.0,0.0
153.52,2594,16.1,0.1508,1.0,0.0381,-1.0,0.9245,0.0,0.0,0,1.0,5,4,23,0.0,0.0,0.0
153.559,2595,16.1,0.1508,1.0,0.0381,-1.0,0.9245,0.0,0.0,0,1.0,5,4,23,0.0,0.0,0.0
153.606,2596,16.1,0.1508,1.0,0.0381,-1.0,0.9245,0.0,0.0,0,1.0,5,4,23,0.0,0.0,0.0
153.655,2597,16.1,0.1508,1.0,0.0381,-1.0,0.9245,0.0,0.0,0,1.0,5,4,23,0.0,0.0,0.0
153.701,2598,16.1,0.1508,1.0,0.0381,-1.0,0.9245,0.0,0.0,0,1.0,5,4,23,0.0,0.0,0.0
153.751,2599,16.1,0.1508,1.0,0.0381,-1.0,0.9245,0.0,0.0,0,1.0,5,4,23,0.0,0.0,0.0
153.789,2600,16.1,0.1508,1.0,0.0381,-1.0,0.9245,0.0,0.0,0,1.0,5,4,23,0.0,0.0,0.0
153.839,2601,16.1,0.1508,1.0,0.0381,-1.0,0.9245,0.0,0.0,0,1.0,5,4,23,0.0,0.0,0.0
153.919,2602,16.1,0.1508,1.0,0.0381,-1.0,0.9245,0.0,0.0,0,1.0,5,4,23,0.0,0.0,0.0
154.045,2603,16.1,0.1508,1.0,0.0381,-1.0,0.9245,0.0,0.0,0,1.0,5,4,23,0.0,0.0,0.0
154.113,2604,16.1,0.1508,1.0,0.0381,-1.0,0.9245,0.0,0.0,0,1.0,5,4,23,0.0,0.0,0.0
154.17,2605,16.1,0.1508,1.0,0.0381,-1.0,0.9245,0.0,0.0,0,1.0,5,4,23,0.0,0.0,0.0
154.217,2606,16.1,0.1508,1.0,0.0381,-1.0,0.9245,0.0,0.0,0,1.0,5,4,23,0.0,0.0,0.0
154.267,2607,16.1,0.1508,1.0,0.0381,-1.0,0.9245,0.0,0.0,0,1.0,5,4,23,0.0,0.0,0.0
154.309,2608,16.1,0.1508,1.0,0.0381,-1.0,0.9245,0.0,0.0,0,1.0,5,4,23,0.0,0.0,0.0
154.358,2609,16.1,0.1508,1.0,0.0381,-1.0,0.9245,0.0,0.0,0,1.0,5,4,23,0.0,0.0,0.0
154.399,2610,16.1,0.1508,1.0,0.0381,-1.0,0.9245,0.0,0.0,0,1.0,5,4,23,0.0,0.0,0.0
154.453,2611,19.2,0.1508,1.0,0.0381,-1.0,0.9245,0.0,0.0,0,1.0,5,4,23,0.0,0.0,0.0
154.503,2612,19.2,0.1508,1.0,0.0381,-1.0,0.9245,0.0,0.0,0,1.0,5,4,23,0.0,0.0,0.0
154.561,2613,19.2,0.1508,1.0,0.0381,-1.0,0.9245,0.0,0.0,0,1.0,5,4,23,0.0,0.0,0.0
154.605,2614,19.2,0.1508,1.0,0.0381,-1.0,0.9245,0.0,0.0,0,1.0,5,4,23,0.0,0.0,0.0
154.652,2615,19.2,0.1508,1.0,0.0381,-1.0,0.9245,0.0,0.0,0,1.0,5,4,23,0.0,0.0,0.0
154.706,2616,19.2,0.1508,1.0,0.0381,-1.0,0.9245,0.0,0.0,0,1.0,5,4,23,0.0,0.0,0.0
154.751,2617,19.2,0.1508,1.0,0.0381,-1.0,0.9245,0.0,0.0,0,1.0,5,4,23,0.0,0.0,0.0
154.792,2618,19.2,0.1508,1.0,0.0381,-1.0,0.9245,0.0,0.0,0,1.0,5,4,23,0.0,0.0,0.0
154.838,2619,19.2,0.1508,1.0,0.0381,-1.0,0.9245,0.0,0.0,0,1.0,5,4,23,0.0,0.0,0.0
154.881,2620,19.2,0.1508,1.0,0.0381,-1.0,0.9245,0.0,0.0,0,1.0,5,4,23,0.0,0.0,0.0
154.933,2621,19.2,0.1508,1.0,0.0381,-1.0,0.9245,0.0,0.0,0,1.0,5,4,23,0.0,0.0,0.0
154.975,2622,19.2,0.1508,1.0,0.0381,-1.0,0.9245,0.0,0.0,0,1.0,5,4,23,0.0,0.0,0.0
155.023,2623,19.2,0.1508,1.0,0.0381,-1.0,0.9245,0.0,0.0,0,1.0,5,4,23,0.0,0.0,0.0
155.074,2624,19.2,0.1508,1.0,0.0381,-1.0,0.9245,0.0,0.0,0,1.0,5,4,23,0.0,0.0,0.0
155.14,2625,19.2,0.1508,1.0,0.0381,-1.0,0.9245,0.0,0.0,0,1.0,5,4,23,0.0,0.0,0.0
155.225,2626,19.2,0.1508,1.0,0.0381,-1.0,0.9245,0.0,0.0,0,1.0,5,4,23,0.0,0.0,0.0
155.275,2627,19.2,0.1508,1.0,0.0381,-1.0,0.9245,0.0,0.0,0,1.0,5,4,23,0.0,0.0,0.0
155.326,2628,19.2,0.1508,1.0,0.0381,-1.0,0.9245,0.0,0.0,0,1.0,5,4,23,0.0,0.0,0.0
155.37,2629,19.2,0.1508,1.0,0.0381,-1.0,0.9245,0.0,0.0,0,1.0,5,4,23,0.0,0.0,0.0
155.416,2630,19.2,0.1508,1.0,0.0381,-1.0,0.9245,0.0,0.0,0,1.0,5,4,23,0.0,0.0,0.0
155.458,2631,19.2,0.1508,1.0,0.0381,-1.0,0.9245,0.0,0.0,0,1.0,5,4,23,0.0,0.0,0.0
155.513,2632,19.2,0.1508,1.0,0.0381,-1.0,0.9245,0.0,0.0,0,1.0,5,4,23,0.0,0.0,0.0
155.567,2633,19.2,0.1508,1.0,0.0381,-1.0,0.9245,0.0,0.0,0,1.0,5,4,23,0.0,0.0,0.0
155.615,2634,19.2,0.1508,1.0,0.0381,-1.0,0.9245,0.0,0.0,0,1.0,5,4,23,0.0,0.0,0.0
155.665,2635,19.2,0.1508,1.0,0.0381,-1.0,0.9245,0.0,0.0,0,1.0,5,4,23,0.0,0.0,0.0
155.709,2636,19.2,0.1508,1.0,0.0381,-1.0,0.9245,0.0,0.0,0,1.0,5,4,23,0.0,0.0,0.0
155.756,2637,19.2,0.1508,1.0,0.0381,-1.0,0.9245,0.0,0.0,0,1.0,5,4,23,0.0,0.0,0.0
155.798,2638,19.2,0.1508,1.0,0.0381,-1.0,0.9245,0.0,0.0,0,1.0,5,4,23,0.0,0.0,0.0
155.847,2639,19.2,0.1508,1.0,0.0381,-1.0,0.9245,0.0,0.0,0,1.0,5,4,23,0.0,0.0,0.0
155.891,2640,19.2,0.1508,1.0,0.0381,-1.0,0.9245,0.0,0.0,0,1.0,5,4,23,0.0,0.0,0.0
155.942,2641,20.1,0.1508,1.0,0.0381,-1.0,0.9245,0.0,0.0,0,1.0,5,4,23,0.0,0.0,0.0
155.992,2642,20.1,0.1508,1.0,0.0381,-1.0,0.9245,0.0,0.0,0,1.0,5,4,23,0.0,0.0,0.0
156.034,2643,20.1,0.1508,1.0,0.0381,-1.0,0.9245,0.0,0.0,0,1.0,5,4,23,0.0,0.0,0.0
156.083,2644,20.1,0.1508,1.0,0.0381,-1.0,0.9245,0.0,0.0,0,1.0,5,4,23,0.0,0.0,0.0
156.134,2645,20.1,0.1508,1.0,0.0381,-1.0,0.9245,0.0,0.0,0,1.0,5,4,23,0.0,0.0,0.0
156.199,2646,20.1,0.1508,1.0,0.0381,-1.0,0.9245,0.0,0.0,0,1.0,5,4,23,0.0,0.0,0.0
156.253,2647,20.1,0.1508,1.0,0.0381,-1.0,0.9245,0.0,0.0,0,1.0,5,4,23,0.0,0.0,0.0
156.303,2648,20.1,0.1508,1.0,0.0381,-1.0,0.9245,0.0,0.0,0,1.0,5,4,23,0.0,0.0,0.0
156.36,2649,20.1,0.1508,1.0,0.0381,-1.0,0.9245,0.0,0.0,0,1.0,5,4,23,0.0,0.0,0.0
156.41,2650,20.1,0.1508,1.0,0.0381,-1.0,0.9245,0.0,0.0,0,1.0,5,4,23,0.0,0.0,0.0
156.45,2651,20.1,0.1508,1.0,0.0381,-1.0,0.9245,0.0,0.0,0,1.0,5,4,23,0.0,0.0,0.0
156.503,2652,20.1,0.1508,1.0,0.0381,-1.0,0.9245,0.0,0.0,0,1.0,5,4,23,0.0,0.0,0.0
156.565,2653,20.1,0.1508,1.0,0.0381,-1.0,0.9245,0.0,0.0,0,1.0,5,4,23,0.0,0.0,0.0
156.607,2654,20.1,0.1508,1.0,0.0381,-1.0,0.9245,0.0,0.0,0,1.0,5,4,23,0.0,0.0,0.0
156.656,2655,20.1,0.1508,1.0,0.0381,-1.0,0.9245,0.0,0.0,0,1.0,5,4,23,0.0,0.0,0.0
156.698,2656,20.1,0.1508,1.0,0.0381,-1.0,0.9245,0.0,0.0,0,1.0,5,4,23,0.0,0.0,0.0
156.741,2657,20.1,0.1508,1.0,0.0381,-1.0,0.9245,0.0,0.0,0,1.0,5,4,23,0.0,0.0,0.0
156.791,2658,20.1,0.1508,1.0,0.0381,-1.0,0.9245,0.0,0.0,0,1.0,5,4,23,0.0,0.0,0.0
156.838,2659,20.1,0.1508,1.0,0.0381,-1.0,0.9245,0.0,0.0,0,1.0,5,4,23,0.0,0.0,0.0
156.882,2660,20.1,0.1508,1.0,0.0381,-1.0,0.9245,0.0,0.0,0,1.0,5,4,23,0.0,0.0,0.0
156.934,2661,20.1,0.1508,1.0,0.0381,-1.0,0.9245,0.0,0.0,0,1.0,5,4,23,0.0,0.0,0.0
156.975,2662,20.1,0.1508,1.0,0.0381,-1.0,0.9245,0.0,0.0,0,1.0,5,4,23,0.0,0.0,0.0
157.027,2663,20.1,0.1508,1.0,0.0381,-1.0,0.9245,0.0,0.0,0,1.0,5,4,23,0.0,0.0,0.0
157.068,2664,20.1,0.1508,1.0,0.0381,-1.0,0.9245,0.0,0.0,0,1.0,5,4,23,0.0,0.0,0.0
157.126,2665,20.1,0.1508,1.0,0.0381,-1.0,0.9245,0.0,0.0,0,1.0,5,4,23,0.0,0.0,0.0
157.186,2666,20.1,0.1508,1.0,0.0381,-1.0,0.9245,0.0,0.0,0,1.0,5,4,23,0.0,0.0,0.0
157.227,2667,20.1,0.1508,1.0,0.0381,-1.0,0.9245,0.0,0.0,0,1.0,5,4,23,0.0,0.0,0.0
157.278,2668,20.1,0.1508,1.0,0.0381,-1.0,0.9245,0.0,0.0,0,1.0,5,4,23,0.0,0.0,0.0
157.336,2669,20.1,0.1508,1.0,0.0381,-1.0,0.9245,0.0,0.0,0,1.0,5,4,23,0.0,0.0,0.0
157.385,2670,20.1,0.1508,1.0,0.0381,-1.0,0.9245,0.0,0.0,0,1.0,5,4,23,0.0,0.0,0.0
157.425,2671,20.1,0.1508,1.0,0.0381,-1.0,0.9245,0.0,0.0,0,1.0,5,4,23,0.0,0.0,0.0
157.475,2672,20.1,0.1508,1.0,0.0381,-1.0,0.9245,0.0,0.0,0,1.0,5,4,23,0.0,0.0,0.0
157.529,2673,20.1,0.1508,1.0,0.0381,-1.0,0.9245,0.0,0.0,0,1.0,5,4,23,0.0,0.0,0.0
157.582,2674,20.1,0.1508,1.0,0.0381,-1.0,0.9245,0.0,0.0,0,1.0,5,4,23,0.0,0.0,0.0
157.629,2675,20.1,0.1508,1.0,0.0381,-1.0,0.9245,0.0,0.0,0,1.0,5,4,23,0.0,0.0,0.0
157.671,2676,20.1,0.1508,1.0,0.0381,-1.0,0.9245,0.0,0.0,0,1.0,5,4,23,0.0,0.0,0.0
157.725,2677,20.1,0.1508,1.0,0.0381,-1.0,0.9245,0.0,0.0,0,1.0,5,4,23,0.0,0.0,0.0
157.765,2678,20.1,0.1508,1.0,0.0381,-1.0,0.9245,0.0,0.0,0,1.0,5,4,23,0.0,0.0,0.0
157.815,2679,20.1,0.1508,1.0,0.0381,-1.0,0.9245,0.0,0.0,0,1.0,5,4,23,0.0,0.0,0.0
157.865,2680,20.1,0.1508,1.0,0.0381,-1.0,0.9245,0.0,0.0,0,1.0,5,4,23,0.0,0.0,0.0
157.909,2681,20.1,0.1508,1.0,0.0381,-1.0,0.9245,0.0,0.0,0,1.0,5,4,23,0.0,0.0,0.0
157.959,2682,20.1,0.1508,1.0,0.0381,-1.0,0.9245,0.0,0.0,0,1.0,5,4,23,0.0,0.0,0.0
157.998,2683,20.1,0.1508,1.0,0.0381,-1.0,0.9245,0.0,0.0,0,1.0,5,4,23,0.0,0.0,0.0
158.047,2684,20.1,0.1508,1.0,0.0381,-1.0,0.9245,0.0,0.0,0,1.0,5,4,23,0.0,0.0,0.0
158.099,2685,20.1,0.1508,1.0,0.0381,-1.0,0.9245,0.0,0.0,0,1.0,5,4,23,0.0,0.0,0.0
158.144,2686,20.1,0.1508,1.0,0.0381,-1.0,0.9245,0.0,0.0,0,1.0,5,4,23,0.0,0.0,0.0
158.192,2687,20.1,0.1508,1.0,0.0381,-1.0,0.9245,0.0,0.0,0,1.0,5,4,23,0.0,0.0,0.0
158.234,2688,20.1,0.1508,1.0,0.0381,-1.0,0.9245,0.0,0.0,0,1.0,5,4,23,0.0,0.0,0.0
158.283,2689,20.1,0.1508,1.0,0.0381,-1.0,0.9245,0.0,0.0,0,1.0,5,4,23,0.0,0.0,0.0
158.336,2690,20.1,0.1508,1.0,0.0381,-1.0,0.9245,0.0,0.0,0,1.0,5,4,23,0.0,0.0,0.0
158.394,2691,20.1,0.1508,1.0,0.0381,-1.0,0.9245,0.0,0.0,0,1.0,5,4,23,0.0,0.0,0.0
158.442,2692,20.1,0.1508,1.0,0.0381,-1.0,0.9245,0.0,0.0,0,1.0,5,4,23,0.0,0.0,0.0
158.484,2693,20.1,0.1508,1.0,0.0381,-1.0,0.9245,0.0,0.0,0,1.0,5,4,23,0.0,0.0,0.0
158.537,2694,20.1,0.1508,1.0,0.0381,-1.0,0.9245,0.0,0.0,0,1.0,5,4,23,0.0,0.0,0.0
158.575,2695,20.1,0.1508,1.0,0.0381,-1.0,0.9245,0.0,0.0,0,1.0,5,4,23,0.0,0.0,0.0
158.622,2696,20.1,0.1508,1.0,0.0381,-1.0,0.9245,0.0,0.0,0,1.0,5,4,23,0.0,0.0,0.0
158.673,2697,20.1,0.1508,1.0,0.0381,-1.0,0.9245,0.0,0.0,0,1.0,5,4,23,0.0,0.0,0.0
158.728,2698,20.1,0.1508,1.0,0.0381,-1.0,0.9245,0.0,0.0,0,1.0,5,4,23,0.0,0.0,0.0
158.794,2699,20.1,0.1508,1.0,0.0381,-1.0,0.9245,0.0,0.0,0,1.0,5,4,23,0.0,0.0,0.0
158.843,2700,20.1,0.1508,1.0,0.0381,-1.0,0.9245,0.0,0.0,0,1.0,5,4,23,0.0,0.0,0.0
158.89,2701,20.6,0.1508,1.0,0.0381,-1.0,0.9245,0.0,0.0,0,1.0,5,4,23,0.0,0.0,0.0
158.934,2702,20.6,0.1508,1.0,0.0381,-1.0,0.9245,0.0,0.0,0,1.0,5,4,23,0.0,0.0,0.0
158.988,2703,20.6,0.1508,1.0,0.0381,-1.0,0.9245,0.0,0.0,0,1.0,5,4,23,0.0,0.0,0.0
159.035,2704,20.6,0.1508,1.0,0.0381,-1.0,0.9245,0.0,0.0,0,1.0,5,4,23,0.0,0.0,0.0
159.075,2705,20.6,0.1508,1.0,0.0381,-1.0,0.9245,0.0,0.0,0,1.0,5,4,23,0.0,0.0,0.0
159.128,2706,20.6,0.1508,1.0,0.0381,-1.0,0.9245,0.0,0.0,0,1.0,5,4,23,0.0,0.0,0.0
159.177,2707,20.6,0.1508,1.0,0.0381,-1.0,0.9245,0.0,0.0,0,1.0,5,4,23,0.0,0.0,0.0
159.218,2708,20.6,0.1508,1.0,0.0381,-1.0,0.9245,0.0,0.0,0,1.0,5,4,23,0.0,0.0,0.0
159.268,2709,20.6,0.1508,1.0,0.0381,-1.0,0.9245,0.0,0.0,0,1.0,5,4,23,0.0,0.0,0.0
159.312,2710,20.6,0.1508,1.0,0.0381,-1.0,0.9245,0.0,0.0,0,1.0,5,4,23,0.0,0.0,0.0
159.365,2711,20.6,0.1508,1.0,0.0381,-1.0,0.9245,0.0,0.0,0,1.0,5,4,23,0.0,0.0,0.0
159.41,2712,20.6,0.1508,1.0,0.0381,-1.0,0.9245,0.0,0.0,0,1.0,5,4,23,0.0,0.0,0.0
159.452,2713,20.6,0.1508,1.0,0.0381,-1.0,0.9245,0.0,0.0,0,1.0,5,4,23,0.0,0.0,0.0
159.505,2714,20.6,0.1508,1.0,0.0381,-1.0,0.9245,0.0,0.0,0,1.0,5,4,23,0.0,0.0,0.0
159.554,2715,20.6,0.1508,1.0,0.0381,-1.0,0.9245,0.0,0.0,0,1.0,5,4,23,0.0,0.0,0.0
159.609,2716,20.6,0.1508,1.0,0.0381,-1.0,0.9245,0.0,0.0,0,1.0,5,4,23,0.0,0.0,0.0
159.656,2717,20.6,0.1508,1.0,0.0381,-1.0,0.9245,0.0,0.0,0,1.0,5,4,23,0.0,0.0,0.0
159.699,2718,20.6,0.1508,1.0,0.0381,-1.0,0.9245,0.0,0.0,0,1.0,5,4,23,0.0,0.0,0.0
159.749,2719,20.6,0.1508,1.0,0.0381,-1.0,0.9245,0.0,0.0,0,1.0,5,4,23,0.0,0.0,0.0
159.788,2720,20.6,0.1508,1.0,0.0381,-1.0,0.9245,0.0,0.0,0,1.0,5,4,23,0.0,0.0,0.0
159.839,2721,20.6,0.1508,1.0,0.0381,-1.0,0.9245,0.0,0.0,0,1.0,5,4,23,0.0,0.0,0.0
159.882,2722,20.6,0.1508,1.0,0.0381,-1.0,0.9245,0.0,0.0,0,1.0,5,4,23,0.0,0.0,0.0
159.934,2723,20.6,0.1508,1.0,0.0381,-1.0,0.9245,0.0,0.0,0,1.0,5,4,23,0.0,0.0,0.0
159.985,2724,20.6,0.1508,1.0,0.0381,-1.0,0.9245,0.0,0.0,0,1.0,5,4,23,0.0,0.0,0.0
160.025,2725,20.6,0.1508,1.0,0.0381,-1.0,0.9245,0.0,0.0,0,1.0,5,4,23,0.0,0.0,0.0
160.075,2726,20.6,0.1508,1.0,0.0381,-1.0,0.9245,0.0,0.0,0,1.0,5,4,23,0.0,0.0,0.0
160.118,2727,20.6,0.1508,1.0,0.0381,-1.0,0.9245,0.0,0.0,0,1.0,5,4,23,0.0,0.0,0.0
160.168,2728,20.6,0.1508,1.0,0.0381,-1.0,0.9245,0.0,0.0,0,1.0,5,4,23,0.0,0.0,0.0
160.217,2729,20.6,0.1508,1.0,0.0381,-1.0,0.9245,0.0,0.0,0,1.0,5,4,23,0.0,0.0,0.0
160.258,2730,20.6,0.1508,1.0,0.0381,-1.0,0.9245,0.0,0.0,0,1.0,5,4,23,0.0,0.0,0.0
160.307,2731,21.2,0.1508,1.0,0.0381,-1.0,0.9245,0.0,0.0,0,1.0,5,4,23,0.0,0.0,0.0
160.359,2732,21.2,0.1508,1.0,0.0381,-1.0,0.9245,0.0,0.0,0,1.0,5,4,23,0.0,0.0,0.0
160.401,2733,21.2,0.1508,1.0,0.0381,-1.0,0.9245,0.0,0.0,0,1.0,5,4,23,0.0,0.0,0.0
160.458,2734,21.2,0.1508,1.0,0.0381,-1.0,0.9245,0.0,0.0,0,1.0,5,4,23,0.0,0.0,0.0
160.52,2735,21.2,0.1508,1.0,0.0381,-1.0,0.9245,0.0,0.0,0,1.0,5,4,23,0.0,0.0,0.0
160.572,2736,21.2,0.1508,1.0,0.0381,-1.0,0.9245,0.0,0.0,0,1.0,5,4,23,0.0,0.0,0.0
160.622,2737,21.2,0.1508,1.0,0.0381,-1.0,0.9245,0.0,0.0,0,1.0,5,4,23,0.0,0.0,0.0
160.667,2738,21.2,0.1508,1.0,0.0381,-1.0,0.9245,0.0,0.0,0,1.0,5,4,23,0.0,0.0,0.0
160.717,2739,21.2,0.1508,1.0,0.0381,-1.0,0.9245,0.0,0.0,0,1.0,5,4,23,0.0,0.0,0.0
160.774,2740,21.2,0.1508,1.0,0.0381,-1.0,0.9245,0.0,0.0,0,1.0,5,4,23,0.0,0.0,0.0
160.818,2741,21.2,0.1508,1.0,0.0381,-1.0,0.9245,0.0,0.0,0,1.0,5,4,23,0.0,0.0,0.0
160.87,2742,21.2,0.1508,1.0,0.0381,-1.0,0.9245,0.0,0.0,0,1.0,5,4,23,0.0,0.0,0.0
160.921,2743,21.2,0.1508,1.0,0.0381,-1.0,0.9245,0.0,0.0,0,1.0,5,4,23,0.0,0.0,0.0
160.977,2744,21.2,0.1508,1.0,0.0381,-1.0,0.9245,0.0,0.0,0,1.0,5,4,23,0.0,0.0,0.0
161.027,2745,21.2,0.1508,1.0,0.0381,-1.0,0.9245,0.0,0.0,0,1.0,5,4,23,0.0,0.0,0.0
161.072,2746,21.2,0.1508,1.0,0.0381,-1.0,0.9245,0.0,0.0,0,1.0,5,4,23,0.0,0.0,0.0
161.122,2747,21.2,0.1508,1.0,0.0381,-1.0,0.9245,0.0,0.0,0,1.0,5,4,23,0.0,0.0,0.0
161.187,2748,21.2,0.1508,1.0,0.0381,-1.0,0.9245,0.0,0.0,0,1.0,5,4,23,0.0,0.0,0.0
161.244,2749,21.2,0.1508,1.0,0.0381,-1.0,0.9245,0.0,0.0,0,1.0,5,4,23,0.0,0.0,0.0
161.296,2750,21.2,0.1508,1.0,0.0381,-1.0,0.9245,0.0,0.0,0,1.0,5,4,23,0.0,0.0,0.0
161.356,2751,21.2,0.1508,1.0,0.0381,-1.0,0.9245,0.0,0.0,0,1.0,5,4,23,0.0,0.0,0.0
161.405,2752,21.2,0.1508,1.0,0.0381,-1.0,0.9245,0.0,0.0,0,1.0,5,4,23,0.0,0.0,0.0
161.462,2753,21.2,0.1508,1.0,0.0381,-1.0,0.9245,0.0,0.0,0,1.0,5,4,23,0.0,0.0,0.0
161.511,2754,21.2,0.1508,1.0,0.0381,-1.0,0.9245,0.0,0.0,0,1.0,5,4,23,0.0,0.0,0.0
161.571,2755,21.2,0.1508,1.0,0.0381,-1.0,0.9245,0.0,0.0,0,1.0,5,4,23,0.0,0.0,0.0
161.615,2756,21.2,0.1508,1.0,0.0381,-1.0,0.9245,0.0,0.0,0,1.0,5,4,23,0.0,0.0,0.0
161.66,2757,21.2,0.1508,1.0,0.0381,-1.0,0.9245,0.0,0.0,0,1.0,5,4,23,0.0,0.0,0.0
161.709,2758,21.2,0.1508,1.0,0.0381,-1.0,0.9245,0.0,0.0,0,1.0,5,4,23,0.0,0.0,0.0
161.753,2759,21.2,0.1508,1.0,0.0381,-1.0,0.9245,0.0,0.0,0,1.0,5,4,23,0.0,0.0,0.0
161.802,2760,21.2,0.1508,1.0,0.0381,-1.0,0.9245,0.0,0.0,0,1.0,5,4,23,0.0,0.0,0.0
161.845,2761,19.4,0.1508,1.0,0.0381,-1.0,0.9245,0.0,0.0,0,1.0,5,4,23,0.0,0.0,0.0
161.895,2762,19.4,0.1508,1.0,0.0381,-1.0,0.9245,0.0,0.0,0,1.0,5,4,23,0.0,0.0,0.0
161.945,2763,19.4,0.1508,1.0,0.0381,-1.0,0.9245,0.0,0.0,0,1.0,5,4,23,0.0,0.0,0.0
161.984,2764,19.4,0.1508,1.0,0.0381,-1.0,0.9245,0.0,0.0,0,1.0,5,4,23,0.0,0.0,0.0
162.035,2765,19.4,0.1508,1.0,0.0381,-1.0,0.9245,0.0,0.0,0,1.0,5,4,23,0.0,0.0,0.0
162.083,2766,19.4,0.1508,1.0,0.0381,-1.0,0.9245,0.0,0.0,0,1.0,5,4,23,0.0,0.0,0.0
162.126,2767,19.4,0.1508,1.0,0.0381,-1.0,0.9245,0.0,0.0,0,1.0,5,4,23,0.0,0.0,0.0
162.175,2768,19.4,0.1508,1.0,0.0381,-1.0,0.9245,0.0,0.0,0,1.0,5,4,23,0.0,0.0,0.0
162.219,2769,19.4,0.1508,1.0,0.0381,-1.0,0.9245,0.0,0.0,1,1.0,5,4,23,0.0,1.0,0.0
162.267,2770,19.4,0.1508,1.0,0.0381,-1.0,0.9245,0.0,0.0,1,1.0,5,4,23,0.0,0.8,0.0
162.31,2771,19.4,0.1508,1.0,0.0381,-1.0,0.9245,0.0,0.0,1,1.0,5,4,23,0.0,0.8,0.0
162.36,2772,19.4,0.1508,1.0,0.0381,-1.0,0.9245,0.0,0.0,1,1.0,5,4,23,0.0,0.8,0.0
162.411,2773,19.4,0.1508,1.0,0.0381,-1.0,0.9245,0.0,0.0,1,1.0,5,4,23,0.0,0.8,0.0
162.451,2774,19.4,0.1508,1.0,0.0381,-1.0,0.9245,0.0,0.0,1,1.0,5,4,23,0.0,0.8,0.0
162.499,2775,19.4,0.1508,1.0,0.0381,-1.0,0.9245,0.0,0.0,1,1.0,5,4,23,0.0,0.8,0.0
162.549,2776,19.4,0.1508,1.0,0.0381,-1.0,0.9245,0.0,0.0,1,1.0,5,4,23,0.0,0.8,0.0
162.597,2777,19.4,0.1508,1.0,0.0381,-1.0,0.9245,0.0,0.0,1,1.0,5,4,23,0.0,0.8,0.0
162.66,2778,19.4,0.1508,1.0,0.0381,-1.0,0.9245,0.0,0.0,0,1.0,5,4,23,0.0,0.8,0.0
162.7,2779,19.4,0.1508,1.0,0.0381,-1.0,0.9245,0.0,0.0,0,1.0,5,4,23,0.0,0.0,0.0
162.753,2780,19.4,0.1508,1.0,0.0381,-1.0,0.9245,0.0,0.0,0,1.0,5,4,23,0.0,0.0,0.0
162.794,2781,19.4,0.1508,1.0,0.0381,-1.0,0.9245,0.0,0.0,0,1.0,5,4,23,0.0,0.0,0.0
162.843,2782,19.4,0.1508,1.0,0.0381,-1.0,0.9245,0.0,0.0,0,1.0,5,4,23,0.0,0.0,0.0
162.893,2783,19.4,0.1508,1.0,0.0381,-1.0,0.9245,0.0,0.0,0,1.0,5,4,23,0.0,0.0,0.0
162.935,2784,19.4,0.1508,1.0,0.0381,-1.0,0.9245,0.0,0.0,0,1.0,5,4,23,0.0,0.0,0.0
162.984,2785,19.4,0.1508,1.0,0.0381,-1.0,0.9245,0.0,0.0,0,1.0,5,4,23,0.0,0.0,0.0
163.027,2786,19.4,0.1508,1.0,0.0381,-1.0,0.9245,0.0,0.0,0,1.0,5,4,23,0.0,0.0,0.0
163.075,2787,19.4,0.1508,1.0,0.0381,-1.0,0.9245,0.0,0.0,0,1.0,5,4,23,0.0,0.0,0.0
163.128,2788,19.4,0.1508,1.0,0.0381,-1.0,0.9245,0.0,0.0,0,1.0,5,4,23,0.0,0.0,0.0
163.186,2789,19.4,0.1508,1.0,0.0381,-1.0,0.9245,0.0,0.0,0,1.0,5,4,23,0.0,0.0,0.0
163.238,2790,19.4,0.1508,1.0,0.0381,-1.0,0.9245,0.0,0.0,0,1.0,5,4,23,0.0,0.0,0.0
163.293,2791,20.9,0.1508,1.0,0.0381,-1.0,0.9245,0.0,0.0,0,1.0,5,4,23,0.0,0.0,0.0
163.345,2792,20.9,0.1508,1.0,0.0381,-1.0,0.9245,0.0,0.0,0,1.0,5,4,23,0.0,0.0,0.0
163.383,2793,20.9,0.1508,1.0,0.0381,-1.0,0.9245,0.0,0.0,0,1.0,5,4,23,0.0,0.0,0.0
163.433,2794,20.9,0.1508,1.0,0.0381,-1.0,0.9245,0.0,0.0,0,1.0,5,4,23,0.0,0.0,0.0
163.483,2795,20.9,0.1508,1.0,0.0381,-1.0,0.9245,0.0,0.0,0,1.0,5,4,23,0.0,0.0,0.0
163.526,2796,20.9,0.1508,1.0,0.0381,-1.0,0.9245,0.0,0.0,0,1.0,5,4,23,0.0,0.0,0.0
163.576,2797,20.9,0.1508,1.0,0.0381,-1.0,0.9245,0.0,0.0,0,1.0,5,4,23,0.0,0.0,0.0
163.624,2798,20.9,0.1508,1.0,0.0381,-1.0,0.9245,0.0,0.0,0,1.0,5,4,23,0.0,0.0,0.0
163.668,2799,20.9,0.1508,1.0,0.0381,-1.0,0.9245,0.0,0.0,0,1.0,5,4,23,0.0,0.0,0.0
163.719,2800,20.9,0.1508,1.0,0.0381,-1.0,0.9245,0.0,0.0,0,1.0,5,4,23,0.0,0.0,0.0
163.768,2801,20.9,0.1508,1.0,0.0381,-1.0,0.9245,0.0,0.0,0,1.0,5,4,23,0.0,0.0,0.0
163.813,2802,20.9,0.1508,1.0,0.0381,-1.0,0.9245,0.0,0.0,0,1.0,5,4,23,0.0,0.0,0.0
163.865,2803,20.9,0.1508,1.0,0.0381,-1.0,0.9245,0.0,0.0,0,1.0,5,4,23,0.0,0.0,0.0
163.913,2804,20.9,0.1508,1.0,0.0381,-1.0,0.9245,0.0,0.0,0,1.0,5,4,23,0.0,0.0,0.0
163.97,2805,20.9,0.1508,1.0,0.0381,-1.0,0.9245,0.0,0.0,0,1.0,5,4,23,0.0,0.0,0.0
164.018,2806,20.9,0.1508,1.0,0.0381,-1.0,0.9245,0.0,0.0,0,1.0,5,4,23,0.0,0.0,0.0
164.066,2807,20.9,0.1508,1.0,0.0381,-1.0,0.9245,0.0,0.0,0,1.0,5,4,23,0.0,0.0,0.0
164.109,2808,20.9,0.1508,1.0,0.0381,-1.0,0.9245,0.0,0.0,0,1.0,5,4,23,0.0,0.0,0.0
164.159,2809,20.9,0.1508,1.0,0.0381,-1.0,0.9245,0.0,0.0,0,1.0,5,4,23,0.0,0.0,0.0
164.2,2810,20.9,0.1508,1.0,0.0381,-1.0,0.9245,0.0,0.0,0,1.0,5,4,23,0.0,0.0,0.0
164.251,2811,20.9,0.1508,1.0,0.0381,-1.0,0.9245,0.0,0.0,0,1.0,5,4,23,0.0,0.0,0.0
164.292,2812,20.9,0.1508,1.0,0.0381,-1.0,0.9245,0.0,0.0,0,1.0,5,4,23,0.0,0.0,0.0
164.344,2813,20.9,0.1508,1.0,0.0381,-1.0,0.9245,0.0,0.0,0,1.0,5,4,23,0.0,0.0,0.0
164.394,2814,20.9,0.1508,1.0,0.0381,-1.0,0.9245,0.0,0.0,0,1.0,5,4,23,0.0,0.0,0.0
164.434,2815,20.9,0.1508,1.0,0.0381,-1.0,0.9245,0.0,0.0,0,1.0,5,4,23,0.0,0.0,0.0
164.484,2816,20.9,0.1508,1.0,0.0381,-1.0,0.9245,0.0,0.0,0,1.0,5,4,23,0.0,0.0,0.0
164.526,2817,20.9,0.1508,1.0,0.0381,-1.0,0.9245,0.0,0.0,0,1.0,5,4,23,0.0,0.0,0.0
164.574,2818,20.9,0.1508,1.0,0.0381,-1.0,0.9245,0.0,0.0,0,1.0,5,4,23,0.0,0.0,0.0
164.623,2819,20.9,0.1508,1.0,0.0381,-1.0,0.9245,0.0,0.0,0,1.0,5,4,23,0.0,0.0,0.0
164.669,2820,20.9,0.1508,1.0,0.0381,-1.0,0.9245,0.0,0.0,0,1.0,5,4,23,0.0,0.0,0.0
164.719,2821,21.0,0.1508,1.0,0.0381,-1.0,0.9245,0.0,0.0,0,1.0,5,4,23,0.0,0.0,0.0
164.77,2822,21.0,0.1508,1.0,0.0381,-1.0,0.9245,0.0,0.0,0,1.0,5,4,23,0.0,0.0,0.0
164.825,2823,21.0,0.1508,1.0,0.0381,-1.0,0.9245,0.0,0.0,0,1.0,5,4,23,0.0,0.0,0.0
164.878,2824,21.0,0.1508,1.0,0.0381,-1.0,0.9245,0.0,0.0,0,1.0,5,4,23,0.0,0.0,0.0
164.916,2825,21.0,0.1508,1.0,0.0381,-1.0,0.9245,0.0,0.0,0,1.0,5,4,23,0.0,0.0,0.0
164.968,2826,21.0,0.1508,1.0,0.0381,-1.0,0.9245,0.0,0.0,0,1.0,5,4,23,0.0,0.0,0.0
165.018,2827,21.0,0.1508,1.0,0.0381,-1.0,0.9245,0.0,0.0,0,1.0,5,4,23,0.0,0.0,0.0
165.058,2828,21.0,0.1508,1.0,0.0381,-1.0,0.9245,0.0,0.0,0,1.0,5,4,23,0.0,0.0,0.0
165.107,2829,21.0,0.1508,1.0,0.0381,-1.0,0.9245,0.0,0.0,0,1.0,5,4,23,0.0,0.0,0.0
165.156,2830,21.0,0.1508,1.0,0.0381,-1.0,0.9245,0.0,0.0,0,1.0,5,4,23,0.0,0.0,0.0
165.202,2831,21.0,0.1508,1.0,0.0381,-1.0,0.9245,0.0,0.0,0,1.0,5,4,23,0.0,0.0,0.0
165.252,2832,21.0,0.1508,1.0,0.0381,-1.0,0.9245,0.0,0.0,0,1.0,5,4,23,0.0,0.0,0.0
165.293,2833,21.0,0.1508,1.0,0.0381,-1.0,0.9245,0.0,0.0,0,1.0,5,4,23,0.0,0.0,0.0
165.344,2834,21.0,0.1508,1.0,0.0381,-1.0,0.9245,0.0,0.0,0,1.0,5,4,23,0.0,0.0,0.0
165.383,2835,21.0,0.1508,1.0,0.0381,-1.0,0.9245,0.0,0.0,0,1.0,5,4,23,0.0,0.0,0.0
165.432,2836,21.0,0.1508,1.0,0.0381,-1.0,0.9245,0.0,0.0,0,1.0,5,4,23,0.0,0.0,0.0
165.477,2837,21.0,0.1508,1.0,0.0381,-1.0,0.9245,0.0,0.0,0,1.0,5,4,23,0.0,0.0,0.0
165.524,2838,21.0,0.1508,1.0,0.0381,-1.0,0.9245,0.0,0.0,0,1.0,5,4,23,0.0,0.0,0.0
165.574,2839,21.0,0.1508,1.0,0.0381,-1.0,0.9245,0.0,0.0,0,1.0,5,4,23,0.0,0.0,0.0
165.618,2840,21.0,0.1508,1.0,0.0381,-1.0,0.9245,0.0,0.0,0,1.0,5,4,23,0.0,0.0,0.0
165.667,2841,21.0,0.1508,1.0,0.0381,-1.0,0.9245,0.0,0.0,0,1.0,5,4,23,0.0,0.0,0.0
165.709,2842,21.0,0.1508,1.0,0.0381,-1.0,0.9245,0.0,0.0,0,1.0,5,4,23,0.0,0.0,0.0
165.761,2843,21.0,0.1508,1.0,0.0381,-1.0,0.9245,0.0,0.0,0,1.0,5,4,23,0.0,0.0,0.0
165.808,2844,21.0,0.1508,1.0,0.0381,-1.0,0.9245,0.0,0.0,0,1.0,5,4,23,0.0,0.0,0.0
165.849,2845,21.0,0.1508,1.0,0.0381,-1.0,0.9245,0.0,0.0,0,1.0,5,4,23,0.0,0.0,0.0
165.899,2846,21.0,0.1508,1.0,0.0381,-1.0,0.9245,0.0,0.0,0,1.0,5,4,23,0.0,0.0,0.0
165.943,2847,21.0,0.1508,1.0,0.0381,-1.0,0.9245,0.0,0.0,0,1.0,5,4,23,0.0,0.0,0.0
165.993,2848,21.0,0.1508,1.0,0.0381,-1.0,0.9245,0.0,0.0,0,1.0,5,4,23,0.0,0.0,0.0
166.044,2849,21.0,0.1508,1.0,0.0381,-1.0,0.9245,0.0,0.0,0,1.0,5,4,23,0.0,0.0,0.0
166.105,2850,21.0,0.1508,1.0,0.0381,-1.0,0.9245,0.0,0.0,0,1.0,5,4,23,0.0,0.0,0.0
166.167,2851,20.9,0.1508,1.0,0.0381,-1.0,0.9245,0.0,0.0,0,1.0,5,4,23,0.0,0.0,0.0
166.228,2852,20.9,0.1508,1.0,0.0381,-1.0,0.9245,0.0,0.0,0,1.0,5,4,23,0.0,0.0,0.0
166.274,2853,20.9,0.1508,1.0,0.0381,-1.0,0.9245,0.0,0.0,0,1.0,5,4,23,0.0,0.0,0.0
166.324,2854,20.9,0.1508,1.0,0.0381,-1.0,0.9245,0.0,0.0,0,1.0,5,4,23,0.0,0.0,0.0
166.378,2855,20.9,0.1508,1.0,0.0381,-1.0,0.9245,0.0,0.0,0,1.0,5,4,23,0.0,0.0,0.0
166.425,2856,20.9,0.1508,1.0,0.0381,-1.0,0.9245,0.0,0.0,0,1.0,5,4,23,0.0,0.0,0.0
166.477,2857,20.9,0.1508,1.0,0.0381,-1.0,0.9245,0.0,0.0,0,1.0,5,4,23,0.0,0.0,0.0
166.532,2858,20.9,0.1508,1.0,0.0381,-1.0,0.9245,0.0,0.0,0,1.0,5,4,23,0.0,0.0,0.0
166.583,2859,20.9,0.1508,1.0,0.0381,-1.0,0.9245,0.0,0.0,0,1.0,5,4,23,0.0,0.0,0.0
166.627,2860,20.9,0.1508,1.0,0.0381,-1.0,0.9245,0.0,0.0,0,1.0,5,4,23,0.0,0.0,0.0
166.675,2861,20.9,0.1508,1.0,0.0381,-1.0,0.9245,0.0,0.0,0,1.0,5,4,23,0.0,0.0,0.0
166.717,2862,20.9,0.1508,1.0,0.0381,-1.0,0.9245,0.0,0.0,0,1.0,5,4,23,0.0,0.0,0.0
166.771,2863,20.9,0.1508,1.0,0.0381,-1.0,0.9245,0.0,0.0,0,1.0,5,4,23,0.0,0.0,0.0
166.822,2864,20.9,0.1508,1.0,0.0381,-1.0,0.9245,0.0,0.0,0,1.0,5,4,23,0.0,0.0,0.0
166.878,2865,20.9,0.1508,1.0,0.0381,-1.0,0.9245,0.0,0.0,0,1.0,5,4,23,0.0,0.0,0.0
166.93,2866,20.9,0.1508,1.0,0.0381,-1.0,0.9245,0.0,0.0,0,1.0,5,4,23,0.0,0.0,0.0
166.987,2867,20.9,0.1508,1.0,0.0381,-1.0,0.9245,0.0,0.0,0,1.0,5,4,23,0.0,0.0,0.0
167.034,2868,20.9,0.1508,1.0,0.0381,-1.0,0.9245,0.0,0.0,0,1.0,5,4,23,0.0,0.0,0.0
167.075,2869,20.9,0.1508,1.0,0.0381,-1.0,0.9245,0.0,0.0,0,1.0,5,4,23,0.0,0.0,0.0
167.132,2870,20.9,0.1508,1.0,0.0381,-1.0,0.9245,0.0,0.0,0,1.0,5,4,23,0.0,0.0,0.0
167.187,2871,20.9,0.1508,1.0,0.0381,-1.0,0.9245,0.0,0.0,0,1.0,5,4,23,0.0,0.0,0.0
167.236,2872,20.9,0.1508,1.0,0.0381,-1.0,0.9245,0.0,0.0,0,1.0,5,4,23,0.0,0.0,0.0
167.276,2873,20.9,0.1508,1.0,0.0381,-1.0,0.9245,0.0,0.0,0,1.0,5,4,23,0.0,0.0,0.0
167.326,2874,20.9,0.1508,1.0,0.0381,-1.0,0.9245,0.0,0.0,0,1.0,5,4,23,0.0,0.0,0.0
167.378,2875,20.9,0.1508,1.0,0.0381,-1.0,0.9245,0.0,0.0,0,1.0,5,4,23,0.0,0.0,0.0
167.419,2876,20.9,0.1508,1.0,0.0381,-1.0,0.9245,0.0,0.0,0,1.0,5,4,23,0.0,0.0,0.0
167.467,2877,20.9,0.1508,1.0,0.0381,-1.0,0.9245,0.0,0.0,0,1.0,5,4,23,0.0,0.0,0.0
167.515,2878,20.9,0.1508,1.0,0.0381,-1.0,0.9245,0.0,0.0,0,1.0,5,4,23,0.0,0.0,0.0
167.563,2879,20.9,0.1508,1.0,0.0381,-1.0,0.9245,0.0,0.0,0,1.0,5,4,23,0.0,0.0,0.0
167.626,2880,20.9,0.1508,1.0,0.0381,-1.0,0.9245,0.0,0.0,0,1.0,5,4,23,0.0,0.0,0.0
167.667,2881,19.7,0.1508,1.0,0.0381,-1.0,0.9245,0.0,0.0,0,1.0,5,4,23,0.0,0.0,0.0
167.718,2882,19.7,0.1508,1.0,0.0381,-1.0,0.9245,0.0,0.0,0,1.0,5,4,23,0.0,0.0,0.0
167.764,2883,19.7,0.1508,1.0,0.0381,-1.0,0.9245,0.0,0.0,0,1.0,5,4,23,0.0,0.0,0.0
167.816,2884,19.7,0.1508,1.0,0.0381,-1.0,0.9245,0.0,0.0,0,1.0,5,4,23,0.0,0.0,0.0
167.885,2885,19.7,0.1508,1.0,0.0381,-1.0,0.9245,0.0,0.0,0,1.0,5,4,23,0.0,0.0,0.0
167.947,2886,19.7,0.1508,1.0,0.0381,-1.0,0.9245,0.0,0.0,0,1.0,5,4,23,0.0,0.0,0.0
167.992,2887,19.7,0.1508,1.0,0.0381,-1.0,0.9245,0.0,0.0,0,1.0,5,4,23,0.0,0.0,0.0
168.043,2888,19.7,0.1508,1.0,0.0381,-1.0,0.9245,0.0,0.0,0,1.0,5,4,23,0.0,0.0,0.0
168.095,2889,19.7,0.1508,1.0,0.0381,-1.0,0.9245,0.0,0.0,0,1.0,5,4,23,0.0,0.0,0.0
168.152,2890,19.7,0.1508,1.0,0.0381,-1.0,0.9245,0.0,0.0,0,1.0,5,4,23,0.0,0.0,0.0
168.193,2891,19.7,0.1508,1.0,0.0381,-1.0,0.9245,0.0,0.0,0,1.0,5,4,23,0.0,0.0,0.0
168.241,2892,19.7,0.1508,1.0,0.0381,-1.0,0.9245,0.0,0.0,0,1.0,5,4,23,0.0,0.0,0.0
168.29,2893,19.7,0.1508,1.0,0.0381,-1.0,0.9245,0.0,0.0,0,1.0,5,4,23,0.0,0.0,0.0
168.333,2894,19.7,0.1508,1.0,0.0381,-1.0,0.9245,0.0,0.0,0,1.0,5,4,23,0.0,0.0,0.0
168.383,2895,19.7,0.1508,1.0,0.0381,-1.0,0.9245,0.0,0.0,0,1.0,5,4,23,0.0,0.0,0.0
168.426,2896,19.7,0.1508,1.0,0.0381,-1.0,0.9245,0.0,0.0,0,1.0,5,4,23,0.0,0.0,0.0
168.475,2897,19.7,0.1508,1.0,0.0381,-1.0,0.9245,0.0,0.0,0,1.0,5,4,23,0.0,0.0,0.0
168.523,2898,19.7,0.1508,1.0,0.0381,-1.0,0.9245,0.0,0.0,0,1.0,5,4,23,0.0,0.0,0.0
168.57,2899,19.7,0.1508,1.0,0.0381,-1.0,0.9245,0.0,0.0,0,1.0,5,4,23,0.0,0.0,0.0
168.619,2900,19.7,0.1508,1.0,0.0381,-1.0,0.9245,0.0,0.0,0,1.0,5,4,23,0.0,0.0,0.0
168.659,2901,19.7,0.1508,1.0,0.0381,-1.0,0.9245,0.0,0.0,0,1.0,5,4,23,0.0,0.0,0.0
168.71,2902,19.7,0.1508,1.0,0.0381,-1.0,0.9245,0.0,0.0,0,1.0,5,4,23,0.0,0.0,0.0
168.749,2903,19.7,0.1508,1.0,0.0381,-1.0,0.9245,0.0,0.0,0,1.0,5,4,23,0.0,0.0,0.0
168.799,2904,19.7,0.1508,1.0,0.0381,-1.0,0.9245,0.0,0.0,0,1.0,5,4,23,0.0,0.0,0.0
168.842,2905,19.7,0.1508,1.0,0.0381,-1.0,0.9245,0.0,0.0,0,1.0,5,4,23,0.0,0.0,0.0
168.895,2906,19.7,0.1508,1.0,0.0381,-1.0,0.9245,0.0,0.0,0,1.0,5,4,23,0.0,0.0,0.0
168.935,2907,19.7,0.1508,1.0,0.0381,-1.0,0.9245,0.0,0.0,0,1.0,5,4,23,0.0,0.0,0.0
168.984,2908,19.7,0.1508,1.0,0.0381,-1.0,0.9245,0.0,0.0,0,1.0,5,4,23,0.0,0.0,0.0
169.034,2909,19.7,0.1508,1.0,0.0381,-1.0,0.9245,0.0,0.0,0,1.0,5,4,23,0.0,0.0,0.0
169.075,2910,19.7,0.1508,1.0,0.0381,-1.0,0.9245,0.0,0.0,0,1.0,5,4,23,0.0,0.0,0.0
169.126,2911,20.7,0.1508,1.0,0.0381,-1.0,0.9245,0.0,0.0,0,1.0,5,4,23,0.0,0.0,0.0
169.179,2912,20.7,0.1508,1.0,0.0381,-1.0,0.9245,0.0,0.0,0,1.0,5,4,23,0.0,0.0,0.0
169.235,2913,20.7,0.1508,1.0,0.0381,-1.0,0.9245,0.0,0.0,0,1.0,5,4,23,0.0,0.0,0.0
169.285,2914,20.7,0.1508,1.0,0.0381,-1.0,0.9245,0.0,0.0,0,1.0,5,4,23,0.0,0.0,0.0
169.326,2915,20.7,0.1508,1.0,0.0381,-1.0,0.9245,0.0,0.0,0,1.0,5,4,23,0.0,0.0,0.0
169.374,2916,20.7,0.1508,1.0,0.0381,-1.0,0.9245,0.0,0.0,0,1.0,5,4,23,0.0,0.0,0.0
169.417,2917,20.7,0.1508,1.0,0.0381,-1.0,0.9245,0.0,0.0,0,1.0,5,4,23,0.0,0.0,0.0
169.467,2918,20.7,0.1508,1.0,0.0381,-1.0,0.9245,0.0,0.0,0,1.0,5,4,23,0.0,0.0,0.0
169.508,2919,20.7,0.1508,1.0,0.0381,-1.0,0.9245,0.0,0.0,0,1.0,5,4,23,0.0,0.0,0.0
169.562,2920,20.7,0.1508,1.0,0.0381,-1.0,0.9245,0.0,0.0,0,1.0,5,4,23,0.0,0.0,0.0
169.629,2921,20.7,0.1508,1.0,0.0381,-1.0,0.9245,0.0,0.0,0,1.0,5,4,23,0.0,0.0,0.0
169.697,2922,20.7,0.1508,1.0,0.0381,-1.0,0.9245,0.0,0.0,0,1.0,5,4,23,0.0,0.0,0.0
169.761,2923,20.7,0.1508,1.0,0.0381,-1.0,0.9245,0.0,0.0,0,1.0,5,4,23,0.0,0.0,0.0
169.811,2924,20.7,0.1508,1.0,0.0381,-1.0,0.9245,0.0,0.0,0,1.0,5,4,23,0.0,0.0,0.0
169.862,2925,20.7,0.1508,1.0,0.0381,-1.0,0.9245,0.0,0.0,0,1.0,5,4,23,0.0,0.0,0.0
169.917,2926,20.7,0.1508,1.0,0.0381,-1.0,0.9245,0.0,0.0,0,1.0,5,4,23,0.0,0.0,0.0
169.975,2927,20.7,0.1508,1.0,0.0381,-1.0,0.9245,0.0,0.0,0,1.0,5,4,23,0.0,0.0,0.0
170.025,2928,20.7,0.1508,1.0,0.0381,-1.0,0.9245,0.0,0.0,0,1.0,5,4,23,0.0,0.0,0.0
170.076,2929,20.7,0.1508,1.0,0.0381,-1.0,0.9245,0.0,0.0,0,1.0,5,4,23,0.0,0.0,0.0
170.119,2930,20.7,0.1508,1.0,0.0381,-1.0,0.9245,0.0,0.0,0,1.0,5,4,23,0.0,0.0,0.0
170.173,2931,20.7,0.1508,1.0,0.0381,-1.0,0.9245,0.0,0.0,0,1.0,5,4,23,0.0,0.0,0.0
170.229,2932,20.7,0.1508,1.0,0.0381,-1.0,0.9245,0.0,0.0,0,1.0,5,4,23,0.0,0.0,0.0
170.277,2933,20.7,0.1508,1.0,0.0381,-1.0,0.9245,0.0,0.0,0,1.0,5,4,23,0.0,0.0,0.0
170.331,2934,20.7,0.1508,1.0,0.0381,-1.0,0.9245,0.0,0.0,0,1.0,5,4,23,0.0,0.0,0.0
170.39,2935,20.7,0.1508,1.0,0.0381,-1.0,0.9245,0.0,0.0,0,1.0,5,4,23,0.0,0.0,0.0
170.444,2936,20.7,0.1508,1.0,0.0381,-1.0,0.9245,0.0,0.0,0,1.0,5,4,23,0.0,0.0,0.0
170.494,2937,20.7,0.1508,1.0,0.0381,-1.0,0.9245,0.0,0.0,0,1.0,5,4,23,0.0,0.0,0.0
170.538,2938,20.7,0.1508,1.0,0.0381,-1.0,0.9245,0.0,0.0,0,1.0,5,4,23,0.0,0.0,0.0
170.589,2939,20.7,0.1508,1.0,0.0381,-1.0,0.9245,0.0,0.0,0,1.0,5,4,23,0.0,0.0,0.0
170.638,2940,20.7,0.1508,1.0,0.0381,-1.0,0.9245,0.0,0.0,0,1.0,5,4,23,0.0,0.0,0.0
170.692,2941,19.2,0.1508,1.0,0.0381,-1.0,0.9245,0.0,0.0,0,1.0,5,4,23,0.0,0.0,0.0
170.743,2942,19.2,0.1508,1.0,0.0381,-1.0,0.9245,0.0,0.0,0,1.0,5,4,23,0.0,0.0,0.0
170.788,2943,19.2,0.1508,1.0,0.0381,-1.0,0.9245,0.0,0.0,0,1.0,5,4,23,0.0,0.0,0.0
170.839,2944,19.2,0.1508,1.0,0.0381,-1.0,0.9245,0.0,0.0,0,1.0,5,4,23,0.0,0.0,0.0
170.895,2945,19.2,0.1508,1.0,0.0381,-1.0,0.9245,0.0,0.0,0,1.0,5,4,23,0.0,0.0,0.0
170.942,2946,19.2,0.1508,1.0,0.0381,-1.0,0.9245,0.0,0.0,0,1.0,5,4,23,0.0,0.0,0.0
170.993,2947,19.2,0.1508,1.0,0.0381,-1.0,0.9245,0.0,0.0,0,1.0,5,4,23,0.0,0.0,0.0
171.057,2948,19.2,0.1508,1.0,0.0381,-1.0,0.9245,0.0,0.0,0,1.0,5,4,23,0.0,0.0,0.0
171.109,2949,19.2,0.1508,1.0,0.0381,-1.0,0.9245,0.0,0.0,0,1.0,5,4,23,0.0,0.0,0.0
171.151,2950,19.2,0.1508,1.0,0.0381,-1.0,0.9245,0.0,0.0,0,1.0,5,4,23,0.0,0.0,0.0
171.2,2951,19.2,0.1508,1.0,0.0381,-1.0,0.9245,0.0,0.0,0,1.0,5,4,23,0.0,0.0,0.0
171.249,2952,19.2,0.1508,1.0,0.0381,-1.0,0.9245,0.0,0.0,0,1.0,5,4,23,0.0,0.0,0.0
171.293,2953,19.2,0.1508,1.0,0.0381,-1.0,0.9245,0.0,0.0,0,1.0,5,4,23,0.0,0.0,0.0
171.345,2954,19.2,0.1508,1.0,0.0381,-1.0,0.9245,0.0,0.0,0,1.0,5,4,23,0.0,0.0,0.0
171.395,2955,19.2,0.1508,1.0,0.0381,-1.0,0.9245,0.0,0.0,0,1.0,5,4,23,0.0,0.0,0.0
171.451,2956,19.2,0.1508,1.0,0.0381,-1.0,0.9245,0.0,0.0,0,1.0,5,4,23,0.0,0.0,0.0
171.503,2957,19.2,0.1508,1.0,0.0381,-1.0,0.9245,0.0,0.0,0,1.0,5,4,23,0.0,0.0,0.0
171.56,2958,19.2,0.1508,1.0,0.0381,-1.0,0.9245,0.0,0.0,1,1.0,5,4,23,0.0,1.0,0.0
171.609,2959,19.2,0.1508,1.0,0.0381,-1.0,0.9245,0.0,0.0,1,1.0,5,4,23,0.0,0.8,0.0
171.65,2960,19.2,0.1508,1.0,0.0381,-1.0,0.9245,0.0,0.0,1,1.0,5,4,23,0.0,0.8,0.0
171.701,2961,19.2,0.1508,1.0,0.0381,-1.0,0.9245,0.0,0.0,1,1.0,5,4,23,0.0,0.8,0.0
171.742,2962,19.2,0.1508,1.0,0.0381,-1.0,0.9245,0.0,0.0,1,1.0,5,4,23,0.0,0.8,0.0
171.791,2963,19.2,0.1508,1.0,0.0381,-1.0,0.9245,0.0,0.0,1,1.0,5,4,23,0.0,0.8,0.0
171.834,2964,19.2,0.1508,1.0,0.0381,-1.0,0.9245,0.0,0.0,1,1.0,5,4,23,0.0,0.8,0.0
171.882,2965,19.2,0.1508,1.0,0.0381,-1.0,0.9245,0.0,0.0,1,1.0,5,4,23,0.0,0.8,0.0
171.924,2966,19.2,0.1508,1.0,0.0381,-1.0,0.9245,0.0,0.0,1,1.0,5,4,23,0.0,0.8,0.0
171.982,2967,19.2,0.1508,1.0,0.0381,-1.0,0.9245,0.0,0.0,0,1.0,5,4,23,0.0,0.8,0.0
172.05,2968,19.2,0.1508,1.0,0.0381,-1.0,0.9245,0.0,0.0,0,1.0,5,4,23,0.0,0.0,0.0
172.099,2969,19.2,0.1508,1.0,0.0381,-1.0,0.9245,0.0,0.0,0,1.0,5,4,23,0.0,0.0,0.0
172.152,2970,19.2,0.1508,1.0,0.0381,-1.0,0.9245,0.0,0.0,0,1.0,5,4,23,0.0,0.0,0.0
172.195,2971,19.8,0.1508,1.0,0.0381,-1.0,0.9245,0.0,0.0,0,1.0,5,4,23,0.0,0.0,0.0
172.243,2972,19.8,0.1508,1.0,0.0381,-1.0,0.9245,0.0,0.0,0,1.0,5,4,23,0.0,0.0,0.0
172.285,2973,19.8,0.1508,1.0,0.0381,-1.0,0.9245,0.0,0.0,0,1.0,5,4,23,0.0,0.0,0.0
172.333,2974,19.8,0.1508,1.0,0.0381,-1.0,0.9245,0.0,0.0,0,1.0,5,4,23,0.0,0.0,0.0
172.384,2975,19.8,0.1508,1.0,0.0381,-1.0,0.9245,0.0,0.0,0,1.0,5,4,23,0.0,0.0,0.0
172.425,2976,19.8,0.1508,1.0,0.0381,-1.0,0.9245,0.0,0.0,0,1.0,5,4,23,0.0,0.0,0.0
172.474,2977,19.8,0.1508,1.0,0.0381,-1.0,0.9245,0.0,0.0,0,1.0,5,4,23,0.0,0.0,0.0
172.522,2978,19.8,0.1508,1.0,0.0381,-1.0,0.9245,0.0,0.0,0,1.0,5,4,23,0.0,0.0,0.0
172.566,2979,19.8,0.1508,1.0,0.0381,-1.0,0.9245,0.0,0.0,0,1.0,5,4,23,0.0,0.0,0.0
172.615,2980,19.8,0.1508,1.0,0.0381,-1.0,0.9245,0.0,0.0,0,1.0,5,4,23,0.0,0.0,0.0
172.657,2981,19.8,0.1508,1.0,0.0381,-1.0,0.9245,0.0,0.0,0,1.0,5,4,23,0.0,0.0,0.0
172.707,2982,19.8,0.1508,1.0,0.0381,-1.0,0.9245,0.0,0.0,0,1.0,5,4,23,0.0,0.0,0.0
172.757,2983,19.8,0.1508,1.0,0.0381,-1.0,0.9245,0.0,0.0,0,1.0,5,4,23,0.0,0.0,0.0
172.806,2984,19.8,0.1508,1.0,0.0381,-1.0,0.9245,0.0,0.0,0,1.0,5,4,23,0.0,0.0,0.0
172.848,2985,19.8,0.1508,1.0,0.0381,-1.0,0.9245,0.0,0.0,0,1.0,5,4,23,0.0,0.0,0.0
172.899,2986,19.8,0.1508,1.0,0.0381,-1.0,0.9245,0.0,0.0,0,1.0,5,4,23,0.0,0.0,0.0
172.942,2987,19.8,0.1508,1.0,0.0381,-1.0,0.9245,0.0,0.0,0,1.0,5,4,23,0.0,0.0,0.0
172.993,2988,19.8,0.1508,1.0,0.0381,-1.0,0.9245,0.0,0.0,0,1.0,5,4,23,0.0,0.0,0.0
173.042,2989,19.8,0.1508,1.0,0.0381,-1.0,0.9245,0.0,0.0,0,1.0,5,4,23,0.0,0.0,0.0
173.084,2990,19.8,0.1508,1.0,0.0381,-1.0,0.9245,0.0,0.0,0,1.0,5,4,23,0.0,0.0,0.0
173.138,2991,19.8,0.1508,1.0,0.0381,-1.0,0.9245,0.0,0.0,0,1.0,5,4,23,0.0,0.0,0.0
173.201,2992,19.8,0.1508,1.0,0.0381,-1.0,0.9245,0.0,0.0,0,1.0,5,4,23,0.0,0.0,0.0
173.26,2993,19.8,0.1508,1.0,0.0381,-1.0,0.9245,0.0,0.0,0,1.0,5,4,23,0.0,0.0,0.0
173.302,2994,19.8,0.1508,1.0,0.0381,-1.0,0.9245,0.0,0.0,0,1.0,5,4,23,0.0,0.0,0.0
173.352,2995,19.8,0.1508,1.0,0.0381,-1.0,0.9245,0.0,0.0,0,1.0,5,4,23,0.0,0.0,0.0
173.403,2996,19.8,0.1508,1.0,0.0381,-1.0,0.9245,0.0,0.0,0,1.0,5,4,23,0.0,0.0,0.0
173.46,2997,19.8,0.1508,1.0,0.0381,-1.0,0.9245,0.0,0.0,0,1.0,5,4,23,0.0,0.0,0.0
173.506,2998,19.8,0.1508,1.0,0.0381,-1.0,0.9245,0.0,0.0,0,1.0,5,4,23,0.0,0.0,0.0
173.548,2999,19.8,0.1508,1.0,0.0381,-1.0,0.9245,0.0,0.0,0,1.0,5,4,23,0.0,0.0,0.0
173.601,3000,19.8,0.1508,1.0,0.0381,-1.0,0.9245,0.0,0.0,0,1.0,5,4,23,0.0,0.0,0.0
173.651,3001,20.7,0.1508,1.0,0.0381,-1.0,0.9245,0.0,0.0,0,1.0,5,4,23,0.0,0.0,0.0
173.691,3002,20.7,0.1508,1.0,0.0381,-1.0,0.9245,0.0,0.0,0,1.0,5,4,23,0.0,0.0,0.0
173.741,3003,20.7,0.1508,1.0,0.0381,-1.0,0.9245,0.0,0.0,0,1.0,5,4,23,0.0,0.0,0.0
173.789,3004,20.7,0.1508,1.0,0.0381,-1.0,0.9245,0.0,0.0,0,1.0,5,4,23,0.0,0.0,0.0
173.834,3005,20.7,0.1508,1.0,0.0381,-1.0,0.9245,0.0,0.0,0,1.0,5,4,23,0.0,0.0,0.0
173.877,3006,20.7,0.1508,1.0,0.0381,-1.0,0.9245,0.0,0.0,0,1.0,5,4,23,0.0,0.0,0.0
173.927,3007,20.7,0.1508,1.0,0.0381,-1.0,0.9245,0.0,0.0,0,1.0,5,4,23,0.0,0.0,0.0
