timestamp,frame,fps,left,center,right,x,magnitude,fw_bias,visual_bias,escape_active,dopamine,items,skip_focus,collected,reward_rate,escape_rate,orient_rate
4.583,1,0.0,0.4712,0.6957,0.2767,-0.2068,0.8483,0.0,0.0,0,1.0,19,0,0,0.0,0.0,0.0
4.662,2,0.0,0.5409,0.728,0.045,-0.6218,0.9144,-0.2491,0.0,0,1.0,17,0,0,0.0125,0.0,0.005
4.723,3,0.0,0.5547,0.7295,0.0421,-0.6338,0.9234,0.0915,0.0,0,1.0,15,0,0,0.0046,0.0,0.0018
4.782,4,0.0,0.484,0.6811,0.2776,-0.2178,0.8432,0.0915,0.0,0,1.0,22,0,0,0.0046,0.0,0.0018
4.84,5,0.0,0.521,0.7787,0.0003,-0.6961,0.9459,0.0915,0.0,0,1.0,22,0,0,0.0046,0.0,0.0018
4.904,6,0.0,0.5054,0.7697,0.0008,-0.6911,0.9295,-0.2099,0.0,0,1.0,24,0,0,0.0105,0.0,0.0042
4.966,7,0.0,0.4175,0.8395,0.0192,-0.5905,0.939,0.0045,0.0,0,1.0,26,0,0,0.0002,0.0,0.0001
5.025,8,0.0,0.423,0.6922,0.33,-0.0985,0.8183,-0.7,0.0,0,1.0,27,0,0,0.035,0.0,0.014
5.08,9,0.0,0.4672,0.669,0.3055,-0.1696,0.8236,-0.7,0.0,0,1.0,23,0,0,0.035,0.0,0.014
5.137,10,0.0,0.4391,0.6208,0.3362,-0.1097,0.7674,-0.1833,0.0,0,1.0,24,0,0,0.0092,0.0,0.0037
5.199,11,0.0,0.5386,0.8058,0.0383,-0.6161,0.9785,-0.1612,0.0,0,1.0,27,0,0,0.0081,0.0,0.0032
5.257,12,0.0,0.4033,0.7951,0.1138,-0.3868,0.8937,0.0915,0.0,0,1.0,37,0,0,0.0046,0.0,0.0018
5.317,13,0.0,0.4022,0.7743,0.1642,-0.3004,0.8756,0.0915,0.0,0,1.0,36,0,0,0.0046,0.0,0.0018
5.369,14,0.0,0.4318,0.7478,0.1797,-0.3042,0.8699,-0.7,0.0,0,1.0,28,0,0,0.035,0.0,0.014
5.421,15,0.0,0.4504,0.7692,0.3512,-0.0976,0.8984,-0.1363,0.0,0,1.0,29,0,0,0.0068,0.0,0.0027
5.48,16,0.0,0.4203,0.8294,0.1256,-0.3743,0.9321,-0.2516,0.0,0,1.0,26,0,0,0.0126,0.0,0.005
5.54,17,0.0,0.4934,0.7615,0.1874,-0.34,0.9159,-0.7,0.0,0,1.0,26,0,0,0.035,0.0,0.014
5.595,18,0.0,0.5591,0.7999,0.0898,-0.5324,0.9851,-0.7,0.0,0,1.0,29,0,0,0.035,0.0,0.014
5.658,19,0.0,0.8157,0.5129,0.0698,-0.7513,0.8876,-0.0961,0.0,0,1.0,28,0,0,0.0048,0.0,0.0019
5.716,20,0.0,0.6555,0.6839,0.116,-0.5631,0.9416,-0.1911,0.0,0,1.0,23,0,0,0.0096,0.0,0.0038
5.774,21,0.0,0.0653,0.4826,0.6501,0.7043,0.7695,-0.2303,0.0,0,1.0,20,0,0,0.0115,0.0,0.0046
5.828,22,0.0,0.0093,0.7774,0.3609,0.5993,0.8552,-0.2303,0.0,0,1.0,18,0,0,0.0115,0.0,0.0046
5.89,23,0.0,0.0088,0.6928,0.4434,0.6648,0.8303,0.0045,0.0,0,1.0,18,0,0,0.0002,0.0,0.0001
5.957,24,0.0,0.644,0.4324,0.1982,-0.4845,0.7239,-0.2303,0.0,0,1.0,23,0,0,0.0115,0.0,0.0046
6.011,25,0.0,0.5026,0.6631,0.1212,-0.469,0.8384,-0.1833,0.0,0,1.0,19,0,0,0.0092,0.0,0.0037
6.069,26,0.0,0.6619,0.628,0.1802,-0.4812,0.8981,-0.0835,0.0,0,1.0,20,0,0,0.0042,0.0,0.0017
6.119,27,0.0,0.7305,0.6415,0.0482,-0.719,0.9479,-0.0835,0.0,0,1.0,24,0,0,0.0042,0.0,0.0017
6.167,28,0.0,0.788,0.5024,0.192,-0.5566,0.8633,-0.2099,0.0,0,1.0,15,0,0,0.0105,0.0,0.0042
6.219,29,0.0,0.8792,0.5542,0.0433,-0.8016,0.9579,-0.2099,0.0,0,1.0,21,0,0,0.0105,0.0,0.0042
6.271,30,0.0,0.24,0.4783,0.4961,0.3024,0.6796,-0.152,0.0,0,1.0,13,0,0,0.0076,0.0,0.003
6.33,31,5.2,0.4429,0.6317,0.0889,-0.4953,1.0,-0.0961,0.0,0,1.6,23,0,1,0.0048,0.0,0.0019
6.386,32,5.2,0.4226,0.5113,0.2095,-0.2779,1.0,-0.1967,0.0,0,1.56,21,0,1,0.0098,0.0,0.0039
6.434,33,5.2,0.4228,0.5004,0.2223,-0.2589,0.9987,-0.1967,0.0,0,1.52,21,0,1,0.0098,0.0,0.0039
6.486,34,5.2,0.4268,0.5091,0.2192,-0.2667,0.9866,-0.7,0.0,0,1.48,20,0,1,0.035,0.0,0.014
6.546,35,5.2,0.0066,0.7331,0.4409,0.6585,1.0,0.0,0.0,0,1.44,11,0,1,0.0,0.0,0.0
6.606,36,5.2,0.6457,0.612,0.246,-0.3846,1.0,-0.2303,0.0,0,1.4,9,0,1,0.0115,0.0,0.0046
6.663,37,5.2,0.7122,0.5581,0.2512,-0.4268,1.0,-0.2122,0.0,0,1.36,9,0,1,0.0106,0.0,0.0042
6.724,38,5.2,0.6805,0.5397,0.2999,-0.3501,1.0,-0.2122,0.0,0,1.32,11,0,1,0.0106,0.0,0.0042
6.786,39,5.2,0.0744,0.5339,0.6098,0.6509,1.0,-0.1645,0.0,0,1.28,11,0,1,0.0082,0.0,0.0033
6.846,40,5.2,0.0731,0.4595,0.6944,0.7168,0.9608,0.0915,0.0,0,1.24,10,0,1,0.0046,0.0,0.0018
6.908,41,5.2,0.1318,0.4571,0.6271,0.5771,0.8821,0.0045,0.0,0,1.2,10,0,1,0.0002,0.0,0.0001
6.964,42,5.2,0.0106,0.6115,0.4832,0.7037,0.9098,0.0045,0.0,0,1.16,9,0,1,0.0002,0.0,0.0001
7.018,43,5.2,0.4592,0.52,0.1927,-0.3383,0.7772,-0.1038,0.0,0,1.12,10,0,1,0.0052,0.0,0.0021
7.067,44,5.2,0.4225,0.4481,0.2719,-0.1888,0.662,-0.0961,0.0,0,1.08,9,0,1,0.0048,0.0,0.0019
7.121,45,5.2,0.0147,0.4222,0.6615,0.839,0.754,-0.0961,0.0,0,1.04,13,0,1,0.0048,0.0,0.0019
7.176,46,5.2,0.1029,0.4994,0.4979,0.5383,0.6983,-0.0835,0.0,0,1.0,16,0,1,0.0042,0.0,0.0017
7.227,47,5.2,0.4677,0.4533,0.266,-0.2417,0.6427,-0.1967,0.0,0,1.0,16,0,1,0.0098,0.0,0.0039
7.28,48,5.2,1.0,0.4495,0.056,-0.8485,0.9375,-0.2027,0.0,0,1.0,24,0,1,0.0101,0.0,0.0041
7.336,49,5.2,0.8478,0.4679,0.1489,-0.6532,0.8678,-0.2027,0.0,0,1.0,18,0,1,0.0101,0.0,0.0041
7.393,50,5.2,0.7672,0.5788,0.2425,-0.4645,0.9158,-0.2099,0.0,0,1.0,19,0,1,0.0105,0.0,0.0042
7.445,51,5.2,0.8017,0.4992,0.2836,-0.4466,0.8682,-0.2219,0.0,0,1.0,13,0,1,0.0111,0.0,0.0044
7.509,52,5.2,0.8121,0.4841,0.2902,-0.4468,0.8614,-0.2219,0.0,0,1.0,10,0,1,0.0111,0.0,0.0044
7.571,53,5.2,0.5037,0.3537,0.3154,-0.2177,0.5792,-0.2068,0.0,0,1.0,9,0,1,0.0103,0.0,0.0041
7.629,54,5.2,0.4027,0.5322,0.1132,-0.434,0.6725,-0.1612,0.0,0,1.0,9,0,1,0.0081,0.0,0.0032
7.686,55,5.2,0.2522,0.3771,0.3486,0.1406,0.5119,-0.7,0.0,0,1.0,4,0,1,0.035,0.0,0.014
7.748,56,5.2,0.2702,0.7796,0.0608,-0.3862,0.8062,-0.1363,0.0,0,1.0,9,0,1,0.0068,0.0,0.0027
7.811,57,5.2,0.1033,0.986,0.0368,-0.2204,0.8861,-0.1363,0.0,0,1.0,5,0,1,0.0068,0.0,0.0027
7.877,58,5.2,0.0534,0.7997,0.2526,0.3857,0.8132,0.0,0.0,0,1.0,5,0,1,0.0,0.0,0.0
7.933,59,5.2,0.2463,0.7237,0.1413,-0.1768,0.7458,0.0,0.0,0,1.0,6,0,1,0.0,0.0,0.0
7.989,60,5.2,0.5576,0.7918,0.0778,-0.5543,0.9773,0.0,0.0,0,1.0,10,0,1,0.0,0.0,0.0
8.043,61,17.5,0.5852,0.7803,0.0798,-0.5674,0.9832,0.0915,0.0,0,1.0,10,0,1,0.0046,0.0,0.0018
8.095,62,17.5,0.7689,0.5904,0.097,-0.6669,0.9265,0.0915,0.0,0,1.0,8,0,1,0.0046,0.0,0.0018
8.152,63,17.5,0.6365,0.7605,0.0466,-0.6542,0.9953,0.0915,0.0,0,1.0,12,0,1,0.0046,0.0,0.0018
8.2,64,17.5,0.7943,0.7522,0.0,-0.7914,1.0,-0.2122,0.0,0,1.0,14,0,1,0.0106,0.0,0.0042
8.253,65,17.5,0.836,0.7182,0.0,-0.8118,1.0,-0.2441,0.0,0,1.0,6,0,1,0.0122,0.0,0.0049
8.3,66,17.5,0.8127,0.7399,0.0,-0.7997,1.0,-0.2441,0.0,0,1.0,5,0,1,0.0122,0.0,0.0049
8.351,67,17.5,0.7631,0.7107,0.0,-0.7949,1.0,-0.1876,0.0,0,1.0,12,0,1,0.0094,0.0,0.0038
8.402,68,17.5,0.762,0.709,0.0,-0.7951,1.0,-0.1876,0.0,0,1.0,11,0,1,0.0094,0.0,0.0038
8.462,69,17.5,0.6894,0.7682,0.0111,-0.7365,1.0,-0.2471,0.0,0,1.0,6,0,1,0.0124,0.0,0.0049
8.523,70,17.5,1.0,0.5425,0.0,-0.9046,1.0,-0.2471,0.0,0,1.0,8,0,1,0.0124,0.0,0.0049
8.582,71,17.5,0.0718,0.8188,0.4622,0.5056,0.9466,-0.1876,0.0,0,1.0,8,0,1,0.0094,0.0,0.0038
8.64,72,17.5,0.1505,0.7399,0.4671,0.3805,0.8831,-0.1129,0.0,0,1.0,10,0,1,0.0056,0.0,0.0023
8.7,73,17.5,0.3109,0.6397,0.0,-0.6173,0.7114,-0.1129,0.0,0,1.0,3,0,1,0.0056,0.0,0.0023
8.763,74,17.5,0.2996,0.8053,0.0215,-0.5192,0.8442,-0.0961,0.0,0,1.0,5,0,1,0.0048,0.0,0.0019
8.82,75,17.5,0.5707,0.6466,0.0,-0.7538,0.8628,0.0,0.0,0,1.0,6,0,1,0.0,0.0,0.0
8.872,76,17.5,0.6732,0.4863,0.0,-0.8477,0.7855,0.0045,0.0,0,1.0,4,0,1,0.0002,0.0,0.0001
8.933,77,17.5,1.0,0.4344,0.0,-0.9456,0.9249,0.0045,0.0,0,1.0,5,0,1,0.0002,0.0,0.0001
8.988,78,17.5,0.82,0.4745,0.2984,-0.4429,0.8578,-0.0737,0.0,0,1.0,11,0,1,0.0037,0.0,0.0015
9.043,79,17.5,0.8101,0.4674,0.3144,-0.4202,0.8463,-0.2571,0.0,0,1.0,7,0,1,0.0129,0.0,0.0051
9.096,80,17.5,0.5415,1.0,0.1779,-0.3596,1.0,-0.2571,0.0,0,1.0,13,0,1,0.0129,0.0,0.0051
9.15,81,17.5,0.8166,0.4355,0.346,-0.393,0.8231,-0.2454,0.0,0,1.0,15,0,1,0.0123,0.0,0.0049
9.202,82,17.5,0.8662,0.5511,0.1708,-0.6093,0.948,-0.2627,0.0,0,1.0,18,0,1,0.0131,0.0,0.0053
9.254,83,17.5,0.9177,0.6418,0.0073,-0.8423,1.0,-0.2627,0.0,0,1.0,11,0,1,0.0131,0.0,0.0053
9.31,84,17.5,0.9074,0.5648,0.0207,-0.8429,0.9826,-0.1655,0.0,0,1.0,9,0,1,0.0083,0.0,0.0033
9.362,85,17.5,0.9448,0.5463,0.0133,-0.8701,0.988,-0.1876,0.0,0,1.0,13,0,1,0.0094,0.0,0.0038
9.419,86,17.5,0.9192,0.6257,0.003,-0.8549,1.0,-0.1876,0.0,0,1.0,19,0,1,0.0094,0.0,0.0038
9.478,87,17.5,0.9262,0.5935,0.0232,-0.834,1.0,-0.1876,0.0,0,1.0,14,0,1,0.0094,0.0,0.0038
9.539,88,17.5,0.9377,0.5908,0.0152,-0.8505,1.0,-0.1876,0.0,0,1.0,13,0,1,0.0094,0.0,0.0038
9.596,89,17.5,0.8913,0.604,0.0578,-0.7669,1.0,-0.1876,0.0,0,1.0,12,0,1,0.0094,0.0,0.0038
9.657,90,17.5,0.8532,0.6898,0.0422,-0.7558,1.0,-0.2303,0.0,0,1.0,12,0,1,0.0115,0.0,0.0046
9.718,91,18.0,0.8902,0.5634,0.0479,-0.7944,0.9718,-0.2303,0.0,0,1.0,12,0,1,0.0115,0.0,0.0046
9.772,92,18.0,0.8089,0.7006,0.0056,-0.8005,1.0,-0.1876,0.0,0,1.0,17,0,1,0.0094,0.0,0.0038
9.831,93,18.0,0.3926,0.969,0.0213,-0.5486,1.0,-0.2156,0.0,0,1.0,17,0,1,0.0108,0.0,0.0043
9.893,94,18.0,0.3726,1.0,0.0298,-0.512,1.0,-0.7,0.0,0,1.0,28,0,1,0.035,0.0,0.014
9.965,95,18.0,0.547,0.5616,0.065,-0.6285,0.778,0.0,0.0,0,1.0,33,0,1,0.0,0.0,0.0
10.024,96,18.0,0.3089,1.0,0.0643,-0.3855,1.0,0.0,0.0,0,1.0,36,0,1,0.0,0.0,0.0
10.077,97,18.0,0.0512,0.5706,0.7166,0.7296,0.8806,0.0915,0.0,0,1.0,10,0,1,0.0046,0.0,0.0018
10.129,98,18.0,0.0582,0.5028,0.7298,0.7439,0.831,-0.1235,0.0,0,1.0,9,0,1,0.0062,0.0,0.0025
10.186,99,18.0,0.7749,0.3915,0.0,-0.9181,1.0,-0.1967,0.0,0,1.6,20,0,2,0.0098,0.0,0.0039
10.237,100,18.0,0.1624,0.8322,0.3504,0.2493,1.0,-0.1967,0.0,0,1.56,21,0,2,0.0098,0.0,0.0039
10.291,101,18.0,0.1337,0.8283,0.372,0.3197,1.0,-0.2122,0.0,0,1.52,16,0,2,0.0106,0.0,0.0042
10.344,102,18.0,0.0122,0.7915,0.4675,0.7511,1.0,-0.7,0.0,0,1.48,11,0,2,0.035,0.0,0.014
10.393,103,18.0,0.656,0.816,0.0449,-0.6523,1.0,-0.7,0.0,0,1.44,9,0,2,0.035,0.0,0.014
10.442,104,18.0,0.6576,0.5149,0.2667,-0.3804,1.0,-0.0737,0.0,0,1.4,9,0,2,0.0037,0.0,0.0015
10.496,105,18.0,0.6439,0.4721,0.4708,-0.1475,1.0,-0.0737,0.0,0,1.36,11,0,2,0.0037,0.0,0.0015
10.557,106,18.0,0.0552,0.4884,0.7877,0.7749,1.0,-0.2491,0.0,0,1.32,9,0,2,0.0125,0.0,0.005
10.612,107,18.0,0.2588,0.1559,0.6173,0.4391,0.6101,-0.2068,0.0,0,1.28,6,0,2,0.0103,0.0,0.0041
10.671,108,18.0,0.1826,0.511,0.6053,0.4664,0.9526,-0.152,0.0,0,1.24,4,0,2,0.0076,0.0,0.003
10.734,109,18.0,0.625,0.5428,0.0202,-0.7651,0.9672,-0.152,0.0,0,1.2,17,0,2,0.0076,0.0,0.003
10.788,110,18.0,0.5868,0.8833,0.0181,-0.6594,1.0,-0.2773,0.0,0,1.16,35,0,2,0.0139,0.0,0.0055
10.842,111,18.0,0.8728,0.6606,0.0,-0.8381,1.0,0.0915,0.0,0,1.12,4,0,2,0.0046,0.0,0.0018
10.898,112,18.0,0.9631,0.6952,0.0,-0.8478,1.0,-0.1876,0.0,0,1.08,17,0,2,0.0094,0.0,0.0038
10.954,113,18.0,0.9821,0.3532,0.0,-0.9778,0.8806,-0.1876,0.0,0,1.04,3,0,2,0.0094,0.0,0.0038
11.011,114,18.0,0.9268,0.5539,0.0013,-0.8835,0.9843,-0.1876,0.0,0,1.0,5,0,2,0.0094,0.0,0.0038
11.056,115,18.0,0.9923,0.3421,0.0,-0.9846,0.8431,-0.1876,0.0,0,1.0,3,0,2,0.0094,0.0,0.0038
11.109,116,18.0,0.8349,0.4752,0.0,-0.8953,0.8667,-0.1876,0.0,0,1.0,4,0,2,0.0094,0.0,0.0038
11.166,117,18.0,0.3276,0.1511,0.0,-0.9349,0.3104,-0.1876,0.0,0,1.0,1,0,2,0.0094,0.0,0.0038
11.216,118,18.0,0.8416,0.2326,0.0,-0.7695,0.6667,0.0,0.0,0,1.0,2,0,2,0.0,0.0,0.0
11.27,119,18.0,0.6152,0.2408,0.0,-0.9637,0.5468,0.0,0.0,0,1.0,2,0,2,0.0,0.0,0.0
11.328,120,18.0,0.649,0.2348,0.0554,-0.8343,0.5607,-0.1876,0.0,0,1.0,3,0,2,0.0094,0.0,0.0038
11.385,121,17.9,1.0,0.3076,0.0,-1.0,0.8184,-0.0737,0.0,0,1.0,4,0,2,0.0037,0.0,0.0015
11.439,122,17.9,0.8304,0.3009,0.0,-0.9766,0.7178,-0.1876,0.0,0,1.0,2,0,2,0.0094,0.0,0.0038
11.495,123,17.9,0.9562,0.5176,0.0136,-0.8822,0.9703,-0.1876,0.0,0,1.0,20,0,2,0.0094,0.0,0.0038
11.554,124,17.9,0.7518,0.6019,0.0994,-0.6531,0.9266,-0.1876,0.0,0,1.0,22,0,2,0.0094,0.0,0.0038
11.613,125,17.9,0.3412,0.7321,0.1361,-0.2972,0.806,-0.2122,0.0,0,1.0,20,0,2,0.0106,0.0,0.0042
11.675,126,17.9,0.1403,0.7272,0.3359,0.2843,0.799,0.0,0.0,0,1.0,24,0,2,0.0,0.0,0.0
11.736,127,17.9,0.5944,0.5864,0.0,-0.7828,0.8254,0.0,0.0,0,1.0,20,0,2,0.0,0.0,0.0
11.798,128,17.9,0.305,0.3484,0.5786,0.2979,0.6167,0.0,0.0,0,1.0,18,0,2,0.0,0.0,0.0
11.855,129,17.9,0.1312,0.7789,0.3499,0.3095,0.8502,0.0915,0.0,0,1.0,28,0,2,0.0046,0.0,0.0018
11.915,130,17.9,0.1172,0.767,0.4215,0.3992,0.8803,-0.7,0.0,0,1.0,27,0,2,0.035,0.0,0.014
11.971,131,17.9,0.0391,0.386,0.7213,0.8229,0.7282,-0.7,0.0,0,1.0,22,0,2,0.035,0.0,0.014
12.03,132,17.9,0.0061,0.4886,0.649,0.8255,0.7739,-0.1235,0.0,0,1.0,27,0,2,0.0062,0.0,0.0025
12.09,133,17.9,0.0487,0.6151,0.4727,0.6062,0.7814,-0.1235,0.0,0,1.0,31,0,2,0.0062,0.0,0.0025
12.147,134,17.9,0.2097,0.7664,0.2088,-0.0013,0.7612,0.0045,0.0,0,1.0,30,0,2,0.0002,0.0,0.0001
12.202,135,17.9,0.1253,0.539,0.6711,0.5901,0.8286,0.0,0.0,0,1.0,29,0,2,0.0,0.0,0.0
12.252,136,17.9,0.3048,0.5015,0.5518,0.2565,0.7302,-0.1235,0.0,0,1.0,32,0,2,0.0062,0.0,0.0025
12.302,137,17.9,0.3346,0.5059,0.4938,0.1694,0.7015,-0.1235,0.0,0,1.0,28,0,2,0.0062,0.0,0.0025
12.352,138,17.9,0.287,0.7599,0.3161,0.0353,0.8154,-0.0894,0.0,0,1.0,26,0,2,0.0045,0.0,0.0018
12.403,139,17.9,0.2075,0.633,0.3882,0.2327,0.7491,-0.1876,0.0,0,1.0,13,0,2,0.0094,0.0,0.0038
12.457,140,17.9,0.218,0.3239,0.7836,0.5618,0.7109,-0.1876,0.0,0,1.0,10,0,2,0.0094,0.0,0.0038
12.514,141,17.9,0.0,0.1199,0.8471,1.0,0.5751,-0.0961,0.0,0,1.0,12,0,2,0.0048,0.0,0.0019
12.573,142,17.9,0.4674,0.1939,0.3497,-0.1497,0.4246,-0.2393,0.0,0,1.0,12,0,2,0.012,0.0,0.0048
12.63,143,17.9,0.5086,0.1091,0.4246,-0.1002,0.3765,-0.2516,0.0,0,1.0,11,0,2,0.0126,0.0,0.005
12.689,144,17.9,0.0,0.2174,0.8154,1.0,0.6392,-0.2516,0.0,0,1.0,10,0,2,0.0126,0.0,0.005
12.745,145,17.9,0.0881,0.6076,0.3984,0.4679,0.7334,-0.2303,0.0,0,1.0,10,0,2,0.0115,0.0,0.0046
12.807,146,17.9,0.1061,0.5647,0.6689,0.6143,0.849,0.0,0.0,0,1.0,13,0,2,0.0,0.0,0.0
12.864,147,17.9,0.0826,0.943,0.393,0.4187,1.0,-0.1129,0.0,0,1.0,17,0,2,0.0056,0.0,0.0023
12.93,148,17.9,0.148,0.8188,0.4479,0.3593,0.9387,0.0,0.0,0,1.0,16,0,2,0.0,0.0,0.0
12.99,149,17.9,0.14,0.9375,0.301,0.2295,0.9561,0.0,0.0,0,1.0,20,0,2,0.0,0.0,0.0
13.044,150,17.9,0.0418,0.8205,0.3654,0.5074,0.8938,0.0045,0.0,0,1.0,23,0,2,0.0002,0.0,0.0001
13.095,151,17.5,0.0401,0.8101,0.3312,0.4892,0.8659,-0.7,0.0,0,1.0,22,0,2,0.035,0.0,0.014
13.156,152,17.5,0.0771,1.0,0.0836,0.0191,0.8868,0.0,0.0,0,1.0,21,0,2,0.0,0.0,0.0
13.212,153,17.5,0.1493,0.4169,0.4652,0.4423,0.6107,0.0,0.0,0,1.0,22,0,2,0.0,0.0,0.0
13.274,154,17.5,0.4939,0.7698,0.1494,-0.3976,0.9232,0.0,0.0,0,1.0,26,0,2,0.0,0.0,0.0
13.332,155,17.5,0.2315,0.9758,0.1048,-0.2167,0.9494,-0.0961,0.0,0,1.0,34,0,2,0.0048,0.0,0.0019
13.387,156,17.5,0.3047,0.8489,0.2935,-0.0133,0.8837,0.0915,0.0,0,1.0,32,0,2,0.0046,0.0,0.0018
13.445,157,17.5,0.3365,1.0,0.1589,-0.2288,1.0,0.0,0.0,0,1.0,37,0,2,0.0,0.0,0.0
13.506,158,17.5,0.417,0.8393,0.2352,-0.2028,0.9386,-0.7,0.0,0,1.0,36,0,2,0.035,0.0,0.014
13.569,159,17.5,0.4453,1.0,0.0288,-0.5536,1.0,-0.7,0.0,0,1.0,38,0,2,0.035,0.0,0.014
13.621,160,17.5,0.407,0.9454,0.1367,-0.3315,1.0,-0.7,0.0,0,1.0,34,0,2,0.035,0.0,0.014
13.681,161,17.5,0.0174,0.8803,0.3194,0.5311,0.9183,-0.1967,0.0,0,1.0,34,0,2,0.0098,0.0,0.0039
13.742,162,17.5,0.1394,1.0,0.1059,-0.0718,0.9181,0.0,0.0,0,1.0,32,0,2,0.0,0.0,0.0
13.797,163,17.5,0.1942,1.0,0.0367,-0.3531,0.9487,0.0,0.0,0,1.0,35,0,2,0.0,0.0,0.0
13.857,164,17.5,0.1342,1.0,0.1868,0.0925,0.9446,0.0,0.0,0,1.0,36,0,2,0.0,0.0,0.0
13.918,165,17.5,0.0955,1.0,0.044,-0.1711,0.8935,0.0,0.0,0,1.0,33,0,2,0.0,0.0,0.0
13.984,166,17.5,0.2446,1.0,0.0359,-0.4046,0.977,0.0,0.0,0,1.0,31,0,2,0.0,0.0,0.0
14.037,167,17.5,0.1484,1.0,0.004,-0.4463,0.9231,0.0,0.0,0,1.0,32,0,2,0.0,0.0,0.0
14.094,168,17.5,0.2342,0.868,0.0222,-0.4559,0.8603,0.0,0.0,0,1.0,30,0,2,0.0,0.0,0.0
14.154,169,17.5,0.1813,1.0,0.018,-0.4094,0.9415,0.0,0.0,0,1.0,29,0,2,0.0,0.0,0.0
14.218,170,17.5,0.2013,0.8734,0.0793,-0.2452,0.8464,0.0,0.0,0,1.0,26,0,2,0.0,0.0,0.0
14.274,171,17.5,0.2153,0.8653,0.0674,-0.2964,0.8474,0.0,0.0,0,1.0,21,0,2,0.0,0.0,0.0
14.33,172,17.5,0.2009,0.8084,0.0912,-0.2188,0.7916,0.0,0.0,0,1.0,20,0,2,0.0,0.0,0.0
14.387,173,17.5,0.2626,0.6933,0.08,-0.3399,0.7295,0.0,0.0,0,1.0,14,0,2,0.0,0.0,0.0
14.435,174,17.5,0.2286,0.9032,0.0203,-0.4533,0.8867,0.0,0.0,0,1.0,19,0,2,0.0,0.0,0.0
14.488,175,17.5,0.3608,0.9032,0.0594,-0.4496,0.9607,0.0,0.0,0,1.0,8,0,2,0.0,0.0,0.0
14.552,176,17.5,0.2148,0.8978,0.0555,-0.3268,0.8745,0.0,0.0,0,1.0,6,0,2,0.0,0.0,0.0
14.603,177,17.5,0.124,0.9907,0.0782,-0.1137,0.9017,-0.7,0.0,0,1.0,5,0,2,0.035,0.0,0.014
14.662,178,17.5,0.1387,0.8618,0.1452,0.0129,0.8052,0.0,0.0,0,1.0,4,0,2,0.0,0.0,0.0
14.721,179,17.5,0.0448,1.0,0.0414,-0.0165,0.8651,0.0,0.0,0,1.0,9,0,2,0.0,0.0,0.0
14.781,180,17.5,0.1648,0.379,0.0,-0.6146,0.4107,0.0,0.0,0,1.0,1,0,2,0.0,0.0,0.0
14.841,181,17.3,0.5738,0.281,0.0,-0.9239,0.5574,0.0,0.0,0,1.0,3,0,2,0.0,0.0,0.0
14.9,182,17.3,0.6221,0.429,0.0,-0.8572,0.7087,0.0915,0.0,0,1.0,5,0,2,0.0046,0.0,0.0018
14.959,183,17.3,0.2489,0.5198,0.0,-0.632,0.576,0.0915,0.0,0,1.0,2,0,2,0.0046,0.0,0.0018
15.011,184,17.3,0.0,0.0,0.0,0.0,0.3,0.0915,0.0,0,1.0,0,0,2,0.0046,0.0,0.0018
15.06,185,17.3,0.3229,0.4073,0.0,-0.7315,0.523,0.0,0.0,0,1.0,2,0,2,0.0,0.0,0.0
15.112,186,17.3,0.0,0.0,0.0,0.0,0.3,0.0,0.0,0,1.0,0,0,2,0.0,0.0,0.0
15.17,187,17.3,0.2347,0.6696,0.1693,-0.1095,0.6939,0.0,0.0,0,1.0,5,0,2,0.0,0.0,0.0
15.216,188,17.3,0.1012,0.5242,0.1826,0.1877,0.5426,0.0,0.0,0,1.0,2,0,2,0.0,0.0,0.0
15.271,189,17.3,0.407,0.4703,0.2057,-0.2744,0.623,0.0,0.0,0,1.0,5,0,2,0.0,0.0,0.0
15.328,190,17.3,0.1371,0.7376,0.2157,0.1406,0.7404,0.0045,0.0,0,1.0,8,0,2,0.0002,0.0,0.0001
15.388,191,17.3,0.2628,0.8229,0.0585,-0.3789,0.8384,0.0,0.0,0,1.0,15,0,2,0.0,0.0,0.0
15.446,192,17.3,0.7514,0.3219,0.0408,-0.8587,0.6912,0.0,0.0,0,1.0,6,0,2,0.0,0.0,0.0
15.506,193,17.3,0.6777,0.3973,0.0,-0.8896,0.7133,0.0,0.0,0,1.0,6,0,2,0.0,0.0,0.0
15.563,194,17.3,0.3221,0.7093,0.0551,-0.4612,0.7762,-0.2122,0.0,0,1.0,5,0,2,0.0106,0.0,0.0042
15.622,195,17.3,0.2467,0.8273,0.0,-0.5529,0.8331,0.0,0.0,0,1.0,5,0,2,0.0,0.0,0.0
15.679,196,17.3,0.2715,0.7277,0.0989,-0.2998,0.7633,0.0,0.0,0,1.0,5,0,2,0.0,0.0,0.0
15.744,197,17.3,0.6481,0.432,0.0,-0.6501,0.7258,0.0,0.0,0,1.0,4,0,2,0.0,0.0,0.0
15.794,198,17.3,0.141,0.353,0.0,-0.5997,0.3755,-0.0737,0.0,0,1.0,1,0,2,0.0037,0.0,0.0015
15.845,199,17.3,0.4993,0.8083,0.026,-0.6224,0.9586,-0.0737,0.0,0,1.0,9,0,2,0.0037,0.0,0.0015
15.908,200,17.3,0.3469,0.7965,0.0,-0.6149,0.8633,0.0,0.0,0,1.0,5,0,2,0.0,0.0,0.0
15.966,201,17.3,0.6115,0.5286,0.0,-0.8105,0.7865,-0.1967,0.0,0,1.0,4,0,2,0.0098,0.0,0.0039
16.017,202,17.3,0.3236,0.4188,0.0,-0.7262,0.533,-0.1363,0.0,0,1.0,2,0,2,0.0068,0.0,0.0027
16.07,203,17.3,0.5508,0.5816,0.0,-0.7686,0.797,0.0,0.0,0,1.0,5,0,2,0.0,0.0,0.0
16.127,204,17.3,0.6956,0.2592,0.0,-0.972,0.6072,0.0,0.0,0,1.0,3,0,2,0.0,0.0,0.0
16.176,205,17.3,0.6057,0.4214,0.0,-0.8554,0.6932,0.0915,0.0,0,1.0,5,0,2,0.0046,0.0,0.0018
16.227,206,17.3,0.469,0.5652,0.0,-0.7409,0.7374,0.0045,0.0,0,1.0,8,0,2,0.0002,0.0,0.0001
16.279,207,17.3,0.2431,0.801,0.0254,-0.4628,0.809,0.0045,0.0,0,1.0,9,0,2,0.0002,0.0,0.0001
16.34,208,17.3,0.2442,1.0,0.0,-0.5249,0.9767,-0.1129,0.0,0,1.0,8,0,2,0.0056,0.0,0.0023
16.399,209,17.3,0.4187,0.6692,0.0,-0.6833,0.7966,0.0,0.0,0,1.0,10,0,2,0.0,0.0,0.0
16.452,210,17.3,0.5417,0.557,0.0,-0.7741,0.7712,-0.7,0.0,0,1.0,9,0,2,0.035,0.0,0.014
16.507,211,17.9,0.3965,0.4308,0.1875,-0.3019,0.5839,-0.7,0.0,0,1.0,10,0,2,0.035,0.0,0.014
16.564,212,17.9,0.3081,0.6768,0.0,-0.6228,0.7411,0.0915,0.0,0,1.0,11,0,2,0.0046,0.0,0.0018
16.621,213,17.9,0.3992,0.7275,0.0167,-0.6121,0.8347,-0.0737,0.0,0,1.0,21,0,2,0.0037,0.0,0.0015
16.68,214,17.9,0.7113,0.4004,0.0,-0.8974,0.7346,-0.7,0.0,0,1.0,27,0,2,0.035,0.0,0.014
16.741,215,17.9,0.6995,0.261,0.0,-0.9717,0.611,-0.0737,0.0,0,1.0,27,0,2,0.0037,0.0,0.0015
16.799,216,17.9,0.5066,0.453,0.0116,-0.772,0.6643,-0.0737,0.0,0,1.0,25,0,2,0.0037,0.0,0.0015
16.856,217,17.9,0.4804,0.8034,0.0052,-0.6621,1.0,-0.0737,0.0,0,1.6,29,0,3,0.0037,0.0,0.0015
16.915,218,17.9,0.7244,0.3893,0.0355,-0.8299,1.0,0.0045,0.0,0,1.56,23,0,3,0.0002,0.0,0.0001
16.974,219,17.9,0.5509,0.5288,0.0584,-0.6544,1.0,-0.2122,0.0,0,1.52,28,0,3,0.0106,0.0,0.0042
17.026,220,17.9,0.6312,0.4552,0.0,-0.848,1.0,-0.2122,0.0,0,1.48,29,0,3,0.0106,0.0,0.0042
17.076,221,17.9,0.486,0.8616,0.0,-0.663,1.0,0.0915,0.0,0,1.44,41,0,3,0.0046,0.0,0.0018
17.129,222,17.9,0.497,0.7442,0.002,-0.6916,1.0,-0.1129,0.0,0,1.4,40,0,3,0.0056,0.0,0.0023
17.185,223,17.9,0.9603,0.2398,0.0045,-1.0,1.0,-0.2303,0.0,0,1.36,39,0,3,0.0115,0.0,0.0046
17.235,224,17.9,1.0,0.1852,0.0,-1.0,0.9446,-0.2303,0.0,0,1.32,39,0,3,0.0115,0.0,0.0046
17.285,225,17.9,0.6826,0.6216,0.0,-0.7997,1.0,-0.1876,0.0,0,1.28,40,0,3,0.0094,0.0,0.0038
17.334,226,17.9,0.8718,0.6788,0.0,-0.8323,1.0,-0.0737,0.0,0,1.24,36,0,3,0.0037,0.0,0.0015
17.396,227,17.9,0.9891,0.5659,0.0,-0.8943,1.0,-0.0737,0.0,0,1.2,30,0,3,0.0037,0.0,0.0015
17.456,228,17.9,0.9529,0.6458,0.0,-0.8607,1.0,-0.1876,0.0,0,1.16,30,0,3,0.0094,0.0,0.0038
17.513,229,17.9,0.7548,0.7556,0.126,-0.5798,1.0,-0.1876,0.0,0,1.12,25,0,3,0.0094,0.0,0.0038
17.574,230,17.9,0.186,0.748,0.4448,0.3054,0.9476,-0.2122,0.0,0,1.08,22,0,3,0.0106,0.0,0.0042
17.628,231,17.9,0.1863,0.7228,0.4557,0.3169,0.8969,-0.2122,0.0,0,1.04,18,0,3,0.0106,0.0,0.0042
17.687,232,17.9,0.2859,0.6501,0.4616,0.1901,0.8046,-0.0961,0.0,0,1.0,22,0,3,0.0048,0.0,0.0019
17.749,233,17.9,0.1766,0.7445,0.4797,0.348,0.894,-0.2664,0.0,0,1.0,26,0,3,0.0133,0.0,0.0053
17.805,234,17.9,0.2816,0.6597,0.4759,0.2074,0.8206,-0.1363,0.0,0,1.0,25,0,3,0.0068,0.0,0.0027
17.863,235,17.9,0.2884,0.6378,0.5,0.2212,0.8157,-0.1363,0.0,0,1.0,22,0,3,0.0068,0.0,0.0027
17.924,236,17.9,0.3895,0.7152,0.2944,-0.1072,0.8189,-0.2491,0.0,0,1.0,24,0,3,0.0125,0.0,0.005
17.978,237,17.9,0.1091,0.7437,0.5251,0.4897,0.9188,-0.2825,0.0,0,1.0,22,0,3,0.0141,0.0,0.0056
18.036,238,17.9,0.1354,0.699,0.5385,0.4619,0.8887,0.0045,0.0,0,1.0,21,0,3,0.0002,0.0,0.0001
18.087,239,17.9,0.2757,0.6081,0.5132,0.2511,0.7982,0.0045,0.0,0,1.0,23,0,3,0.0002,0.0,0.0001
18.148,240,17.9,0.2126,0.6225,0.5381,0.5798,0.8242,0.0045,0.0,0,1.0,18,0,3,0.0002,0.0,0.0001
18.202,241,17.7,0.2644,0.6949,0.4804,0.2305,0.8528,-0.2209,0.0,0,1.0,17,0,3,0.011,0.0,0.0044
18.256,242,17.7,0.2639,0.698,0.4801,0.2306,0.8552,-0.1275,0.0,0,1.0,16,0,3,0.0064,0.0,0.0026
18.312,243,17.7,0.3612,0.6389,0.4776,0.1161,0.8041,-0.1275,0.0,0,1.0,15,0,3,0.0064,0.0,0.0026
18.373,244,17.7,0.4464,0.5734,0.486,0.0374,0.7539,-0.1275,0.0,0,1.0,13,0,3,0.0064,0.0,0.0026
18.43,245,17.7,0.614,0.6964,0.0382,-0.6765,1.0,0.0915,0.0,0,1.6,10,0,4,0.0046,0.0,0.0018
18.491,246,17.7,0.7591,0.6229,0.0438,-0.7422,1.0,-0.1876,0.0,0,1.56,9,0,4,0.0094,0.0,0.0038
18.552,247,17.7,0.3814,0.8099,0.0834,-0.4272,1.0,-0.1876,0.0,0,1.52,9,0,4,0.0094,0.0,0.0038
18.613,248,17.7,0.599,0.7374,0.0183,-0.6987,1.0,-0.2122,0.0,0,1.48,11,0,4,0.0106,0.0,0.0042
18.672,249,17.7,0.6653,0.5557,0.2672,-0.3784,1.0,0.0915,0.0,0,1.44,10,0,4,0.0046,0.0,0.0018
18.729,250,17.7,0.5748,0.6059,0.3045,-0.2635,1.0,-0.2491,0.0,0,1.4,6,0,4,0.0125,0.0,0.005
18.789,251,17.7,0.6459,0.5877,0.2898,-0.3334,1.0,-0.2491,0.0,0,1.36,7,0,4,0.0125,0.0,0.005
18.847,252,17.7,0.0,0.8707,0.5292,0.6775,1.0,-0.2027,0.0,0,1.32,7,0,4,0.0101,0.0,0.0041
18.907,253,17.7,0.0,0.8801,0.5259,0.6742,1.0,-0.2664,0.0,0,1.28,7,0,4,0.0133,0.0,0.0053
18.967,254,17.7,0.1872,0.7807,0.4842,0.3311,1.0,0.0045,0.0,0,1.24,9,0,4,0.0002,0.0,0.0001
19.023,255,17.7,0.3644,0.8659,0.0515,-0.4758,1.0,-0.0961,0.0,0,1.2,9,0,4,0.0048,0.0,0.0019
19.08,256,17.7,0.1506,0.8002,0.4989,0.3948,1.0,-0.0961,0.0,0,1.16,15,0,4,0.0048,0.0,0.0019
19.134,257,17.7,0.1638,0.7929,0.4987,0.3752,1.0,-0.7,0.0,0,1.12,13,0,4,0.035,0.0,0.014
19.184,258,17.7,0.1923,0.7193,0.5378,0.3706,0.9778,-0.1438,0.0,0,1.08,11,0,4,0.0072,0.0,0.0029
19.235,259,17.7,0.2118,0.7588,0.4945,0.3062,0.9509,-0.1438,0.0,0,1.04,14,0,4,0.0072,0.0,0.0029
19.297,260,17.7,0.5964,0.7546,0.0176,-0.6945,0.9678,-0.1716,0.0,0,1.0,10,0,4,0.0086,0.0,0.0034
19.353,261,17.7,0.7396,0.6472,0.0276,-0.7569,0.9579,0.0915,0.0,0,1.0,13,0,4,0.0046,0.0,0.0018
19.411,262,17.7,0.4595,0.8125,0.0305,-0.5918,0.9398,-0.2471,0.0,0,1.0,7,0,4,0.0124,0.0,0.0049
19.472,263,17.7,0.6063,0.7272,0.0241,-0.6927,0.9504,-0.1967,0.0,0,1.0,7,0,4,0.0098,0.0,0.0039
19.531,264,17.7,0.6911,0.5994,0.0244,-0.7613,0.8905,-0.1967,0.0,0,1.0,4,0,4,0.0098,0.0,0.0039
19.587,265,17.7,0.7956,0.5724,0.0475,-0.7635,0.9264,0.0915,0.0,0,1.0,10,0,4,0.0046,0.0,0.0018
19.645,266,17.7,0.852,0.523,0.0521,-0.7894,0.9164,-0.1612,0.0,0,1.0,8,0,4,0.0081,0.0,0.0032
19.703,267,17.7,0.5841,0.697,0.0192,-0.7019,0.9126,-0.2099,0.0,0,1.0,10,0,4,0.0105,0.0,0.0042
19.767,268,17.7,0.7805,0.4797,0.036,-0.8106,0.84,-0.2099,0.0,0,1.0,8,0,4,0.0105,0.0,0.0042
19.82,269,17.7,0.5788,0.6671,0.0647,-0.617,0.8845,0.0915,0.0,0,1.0,14,0,4,0.0046,0.0,0.0018
19.882,270,17.7,0.604,0.6843,0.0531,-0.6467,0.9131,0.0915,0.0,0,1.0,5,0,4,0.0046,0.0,0.0018
19.942,271,17.3,0.6149,0.6774,0.0521,-0.6553,0.9134,0.0045,0.0,0,1.0,10,0,4,0.0002,0.0,0.0001
20.006,272,17.3,0.6481,0.6848,0.0122,-0.7438,0.9382,0.0045,0.0,0,1.0,8,0,4,0.0002,0.0,0.0001
20.059,273,17.3,0.6574,0.6761,0.0127,-0.7486,0.9361,-0.1876,0.0,0,1.0,9,0,4,0.0094,0.0,0.0038
20.109,274,17.3,0.5881,0.7323,0.022,-0.6883,0.9445,-0.0737,0.0,0,1.0,9,0,4,0.0037,0.0,0.0015
20.164,275,17.3,0.7607,0.5469,0.0,-0.8487,0.8854,0.0915,0.0,0,1.0,5,0,4,0.0046,0.0,0.0018
20.219,276,17.3,0.8584,0.3803,0.0,-0.5813,0.8001,0.0915,0.0,0,1.0,5,0,4,0.0046,0.0,0.0018
20.28,277,17.3,0.4843,0.8178,0.0357,-0.5923,0.9582,-0.2471,0.0,0,1.0,6,0,4,0.0124,0.0,0.0049
20.334,278,17.3,0.4661,0.8256,0.0335,-0.586,0.9545,-0.1129,0.0,0,1.0,8,0,4,0.0056,0.0,0.0023
20.385,279,17.3,0.4664,0.8524,0.0061,-0.6426,0.9772,-0.1129,0.0,0,1.0,8,0,4,0.0056,0.0,0.0023
20.434,280,17.3,0.4409,0.8987,0.007,-0.6194,1.0,-0.1129,0.0,0,1.0,7,0,4,0.0056,0.0,0.0023
20.486,281,17.3,0.4279,0.8913,0.0083,-0.6118,0.9883,-0.1129,0.0,0,1.0,6,0,4,0.0056,0.0,0.0023
20.538,282,17.3,0.4152,0.8906,0.0082,-0.4171,0.9806,-0.7,0.0,0,1.0,7,0,4,0.035,0.0,0.014
20.6,283,17.3,0.1949,0.8426,0.2844,0.1241,0.8671,-0.7,0.0,0,1.0,10,0,4,0.035,0.0,0.014
20.663,284,17.3,0.2374,0.8023,0.3089,0.0917,0.8469,-0.7,0.0,0,1.0,10,0,4,0.035,0.0,0.014
20.724,285,17.3,0.0741,0.5743,0.6882,0.676,0.8678,-0.2303,0.0,0,1.0,13,0,4,0.0115,0.0,0.0046
20.78,286,17.3,0.1022,0.5266,0.7118,0.6515,0.8409,0.0045,0.0,0,1.0,11,0,4,0.0002,0.0,0.0001
20.837,287,17.3,0.1031,0.5222,0.7146,0.6526,0.8388,-0.158,0.0,0,1.0,10,0,4,0.0079,0.0,0.0032
20.899,288,17.3,0.1705,0.4503,0.7092,0.5607,0.7754,-0.158,0.0,0,1.0,12,0,4,0.0079,0.0,0.0032
20.962,289,17.3,0.3381,0.4007,0.5652,0.2368,0.6531,-0.158,0.0,0,1.0,10,0,4,0.0079,0.0,0.0032
21.019,290,17.3,0.2882,0.6446,0.3612,0.0878,0.7438,-0.152,0.0,0,1.0,13,0,4,0.0076,0.0,0.003
21.068,291,17.3,0.1623,0.4909,0.6427,0.5263,0.7722,-0.1198,0.0,0,1.0,9,0,4,0.006,0.0,0.0024
21.119,292,17.3,0.3075,0.7145,0.2666,-0.0524,0.7724,-0.1198,0.0,0,1.0,11,0,4,0.006,0.0,0.0024
21.169,293,17.3,0.3171,0.7131,0.2607,-0.0719,0.7766,-0.0835,0.0,0,1.0,11,0,4,0.0042,0.0,0.0017
21.219,294,17.3,0.5364,0.6645,0.0881,-0.5506,0.8586,0.0045,0.0,0,1.0,9,0,4,0.0002,0.0,0.0001
21.272,295,17.3,0.3948,0.8495,0.032,-0.5447,0.9347,0.0045,0.0,0,1.0,9,0,4,0.0002,0.0,0.0001
21.327,296,17.3,0.6308,0.6341,0.0074,-0.7632,0.8859,0.0915,0.0,0,1.0,9,0,4,0.0046,0.0,0.0018
21.381,297,17.3,0.4465,0.5752,0.2686,-0.2054,0.7332,-0.0737,0.0,0,1.0,10,0,4,0.0037,0.0,0.0015
21.439,298,17.3,0.426,0.5909,0.2733,-0.0542,0.7349,-0.0737,0.0,0,1.0,9,0,4,0.0037,0.0,0.0015
21.496,299,17.3,0.2433,0.5285,0.5129,0.3046,0.7311,-0.1911,0.0,0,1.0,9,0,4,0.0096,0.0,0.0038
21.567,300,17.3,0.2934,0.49,0.5216,0.2477,0.7037,-0.1876,0.0,0,1.0,10,0,4,0.0094,0.0,0.0038
21.629,301,17.8,0.2399,0.5305,0.5188,0.314,0.7361,-0.1363,0.0,0,1.0,8,0,4,0.0068,0.0,0.0027
21.687,302,17.8,0.306,0.4802,0.5149,0.2265,0.6917,-0.2099,0.0,0,1.0,11,0,4,0.0105,0.0,0.0042
21.746,303,17.8,0.3624,0.6477,0.2755,-0.1059,0.747,-0.2099,0.0,0,1.0,12,0,4,0.0105,0.0,0.0042
21.803,304,17.8,0.2874,0.7457,0.2517,-0.0471,0.7873,-0.0835,0.0,0,1.0,12,0,4,0.0042,0.0,0.0017
21.86,305,17.8,0.1719,1.0,0.136,-0.065,0.9363,-0.0737,0.0,0,1.0,10,0,4,0.0037,0.0,0.0015
21.922,306,17.8,0.1704,0.9614,0.152,-0.0327,0.903,0.0,0.0,0,1.0,10,0,4,0.0,0.0,0.0
21.979,307,17.8,0.1712,0.9721,0.1387,-0.059,0.9124,0.0,0.0,0,1.0,10,0,4,0.0,0.0,0.0
22.033,308,17.8,0.3128,0.7173,0.2472,-0.0853,0.7777,0.0,0.0,0,1.0,11,0,4,0.0,0.0,0.0
22.081,309,17.8,0.2893,0.807,0.1886,-0.1416,0.8399,0.0,0.0,0,1.0,10,0,4,0.0,0.0,0.0
22.133,310,17.8,0.365,0.6488,0.2738,-0.111,0.7494,0.0045,0.0,0,1.0,10,0,4,0.0002,0.0,0.0001
22.184,311,17.8,0.424,0.5923,0.2726,-0.1769,0.735,0.0045,0.0,0,1.0,10,0,4,0.0002,0.0,0.0001
22.231,312,17.8,0.4248,0.5938,0.2721,-0.1783,0.7367,-0.2596,0.0,0,1.0,10,0,4,0.013,0.0,0.0052
22.297,313,17.8,0.2182,0.9556,0.163,-0.0868,0.9249,-0.152,0.0,0,1.0,10,0,4,0.0076,0.0,0.003
22.352,314,17.8,0.3337,0.6917,0.2793,-0.0669,0.7679,0.0,0.0,0,1.0,13,0,4,0.0,0.0,0.0
22.413,315,17.8,0.2181,0.9283,0.1783,-0.0614,0.9019,-0.1363,0.0,0,1.0,13,0,4,0.0068,0.0,0.0027
22.471,316,17.8,0.3331,0.8528,0.1791,-0.203,0.9029,-0.1363,0.0,0,1.0,13,0,4,0.0068,0.0,0.0027
22.532,317,17.8,0.2456,0.9946,0.179,-0.0957,0.973,0.0,0.0,0,1.0,10,0,4,0.0,0.0,0.0
22.592,318,17.8,0.2471,1.0,0.1366,-0.1708,0.9784,-0.2303,0.0,0,1.0,10,0,4,0.0115,0.0,0.0046
22.645,319,17.8,0.2483,1.0,0.1367,-0.1721,0.9791,0.0,0.0,0,1.0,11,0,4,0.0,0.0,0.0
22.706,320,17.8,0.2803,1.0,0.0941,-0.2928,0.997,0.0,0.0,0,1.0,10,0,4,0.0,0.0,0.0
22.77,321,17.8,0.2804,1.0,0.0943,-0.2925,0.997,0.0,0.0,0,1.0,12,0,4,0.0,0.0,0.0
22.832,322,17.8,0.2832,1.0,0.094,-0.296,0.9986,0.0,0.0,0,1.0,10,0,4,0.0,0.0,0.0
22.888,323,17.8,0.2724,1.0,0.0918,-0.2898,0.9926,0.0,0.0,0,1.0,10,0,4,0.0,0.0,0.0
22.945,324,17.8,0.2456,1.0,0.1249,-0.1912,0.9775,0.0,0.0,0,1.0,10,0,4,0.0,0.0,0.0
23.002,325,17.8,0.1163,0.6892,0.5701,0.515,0.8981,0.0,0.0,0,1.0,11,0,4,0.0,0.0,0.0
23.047,326,17.8,0.1122,0.6791,0.5674,0.5226,0.8882,0.0,0.0,0,1.0,12,0,4,0.0,0.0,0.0
23.1,327,17.8,0.0586,0.6239,0.6394,0.6686,0.8821,0.0915,0.0,0,1.0,12,0,4,0.0046,0.0,0.0018
23.15,328,17.8,0.0719,0.6065,0.6111,0.6354,0.8517,0.0915,0.0,0,1.0,12,0,4,0.0046,0.0,0.0018
23.202,329,17.8,0.4285,0.774,0.0197,-0.2588,0.8902,0.0045,0.0,0,1.0,13,0,4,0.0002,0.0,0.0001
23.252,330,17.8,0.2324,0.7991,0.1851,-0.0734,0.8013,-0.7,0.0,0,1.0,12,0,4,0.035,0.0,0.014
23.302,331,17.8,0.5865,0.5627,0.0328,-0.7154,0.8011,-0.7,0.0,0,1.0,10,0,4,0.035,0.0,0.014
23.35,332,17.8,0.1415,1.0,0.0395,-0.2756,0.9192,0.0,0.0,0,1.0,10,0,4,0.0,0.0,0.0
23.404,333,17.8,0.1305,1.0,0.0472,-0.2281,0.9131,0.0,0.0,0,1.0,11,0,4,0.0,0.0,0.0
23.462,334,17.8,0.1183,1.0,0.0863,-0.0784,0.9062,0.0,0.0,0,1.0,15,1,4,0.0,0.0,0.0
23.51,335,17.8,0.1162,1.0,0.0896,-0.0651,0.9051,0.0,0.0,0,1.0,14,1,4,0.0,0.0,0.0
23.576,336,17.8,0.1159,1.0,0.0909,-0.0608,0.9049,0.0,0.0,0,1.0,15,1,4,0.0,0.0,0.0
23.638,337,17.8,0.0583,0.8821,0.3062,0.4119,0.9124,0.0,0.0,0,1.0,12,1,4,0.0,0.0,0.0
23.696,338,17.8,0.1024,0.5714,0.5977,0.5818,0.8147,0.0,0.0,0,1.0,11,1,4,0.0,0.0,0.0
23.752,339,17.8,0.068,0.9016,0.3414,0.4156,0.9486,0.0045,0.0,0,1.0,14,1,4,0.0002,0.0,0.0001
23.803,340,17.8,0.2195,0.7718,0.2851,0.0899,0.808,0.0,0.0,0,1.0,10,1,4,0.0,0.0,0.0
23.85,341,17.8,0.3209,0.7583,0.1574,-0.2341,0.8167,0.0,0.0,0,1.0,7,1,4,0.0,0.0,0.0
23.907,342,17.8,0.3567,0.8871,0.0297,-0.5203,0.9449,-0.7,0.0,0,1.0,10,1,4,0.035,0.0,0.014
23.965,343,17.8,0.3675,0.8744,0.0072,-0.5886,0.9403,-0.7,0.0,0,1.0,9,1,4,0.035,0.0,0.014
24.019,344,17.8,0.3199,0.9216,0.015,-0.5314,0.9533,-0.7,0.0,0,1.0,10,1,4,0.035,0.0,0.014
24.065,345,17.8,0.2856,0.9481,0.0273,-0.4692,0.9564,-0.7,0.0,0,1.0,9,1,4,0.035,0.0,0.014
24.116,346,17.8,0.3421,0.8421,0.0252,-0.5306,0.8989,0.0,0.0,0,1.0,7,1,4,0.0,0.0,0.0
24.169,347,17.8,0.2682,0.9769,0.0114,-0.5022,0.9708,0.0,0.0,0,1.0,9,1,4,0.0,0.0,0.0
24.219,348,17.8,0.103,0.7452,0.4681,0.463,0.8881,0.0,0.0,0,1.0,10,1,4,0.0,0.0,0.0
24.272,349,17.8,0.1732,0.6647,0.476,0.3615,0.8249,0.0,0.0,0,1.0,10,1,4,0.0,0.0,0.0
24.327,350,17.8,0.1736,0.6703,0.4738,0.3583,0.8283,0.0045,0.0,0,1.0,11,1,4,0.0002,0.0,0.0001
24.381,351,17.8,0.2332,0.6184,0.4678,0.2698,0.7815,-0.2303,0.0,0,1.0,12,1,4,0.0115,0.0,0.0046
24.438,352,17.8,0.2408,0.6182,0.4625,0.2544,0.7783,-0.2303,0.0,0,1.0,13,1,4,0.0115,0.0,0.0046
24.496,353,17.8,0.2101,0.6661,0.4435,0.2772,0.8079,-0.0961,0.0,0,1.0,11,1,4,0.0048,0.0,0.0019
24.554,354,17.8,0.2917,0.8839,0.0471,-0.4278,0.9058,0.0045,0.0,0,1.0,8,1,4,0.0002,0.0,0.0001
24.626,355,17.8,0.6025,0.5817,0.0231,-0.7365,0.826,0.0,0.0,0,1.0,5,1,4,0.0,0.0,0.0
24.688,356,17.8,0.3099,0.6286,0.3678,0.0679,0.7339,0.0045,0.0,0,1.0,8,1,4,0.0002,0.0,0.0001
24.744,357,17.8,0.262,0.6837,0.3652,0.1253,0.7788,-0.1716,0.0,0,1.0,5,1,4,0.0086,0.0,0.0034
24.794,358,17.8,0.2384,0.6896,0.362,0.1546,0.782,-0.1716,0.0,0,1.0,5,1,4,0.0086,0.0,0.0034
24.845,359,17.8,0.199,0.6571,0.3602,0.2151,0.7537,0.0915,0.0,0,1.0,4,1,4,0.0046,0.0,0.0018
24.911,360,17.8,0.2466,0.713,0.3476,0.1262,0.7936,0.0,0.0,0,1.0,6,1,4,0.0,0.0,0.0
24.979,361,18.1,0.0664,1.0,0.2139,0.1655,0.9598,0.0045,0.0,0,1.0,6,1,4,0.0002,0.0,0.0001
25.034,362,18.1,0.1063,1.0,0.1912,0.1578,0.9471,0.0,0.0,0,1.0,8,1,4,0.0,0.0,0.0
25.082,363,18.1,0.1739,0.8367,0.3544,0.234,0.9013,0.0,0.0,0,1.0,5,1,4,0.0,0.0,0.0
25.135,364,18.1,0.1542,0.8962,0.3503,0.2576,0.949,0.0,0.0,0,1.0,6,1,4,0.0,0.0,0.0
25.185,365,18.1,0.1181,0.8554,0.3655,0.3394,0.9232,-0.1363,0.0,0,1.0,5,1,4,0.0068,0.0,0.0027
25.231,366,18.1,0.1448,0.6134,0.3533,0.3084,0.7131,-0.7,0.0,0,1.0,3,1,4,0.035,0.0,0.014
25.286,367,18.1,0.2836,1.0,0.0768,-0.3344,0.9988,-0.7,0.0,0,1.0,9,1,4,0.035,0.0,0.014
25.342,368,18.1,0.1542,0.9179,0.3225,0.2285,0.9516,-0.7,0.0,0,1.0,7,1,4,0.035,0.0,0.014
25.392,369,18.1,0.0855,1.0,0.1759,0.1847,0.9385,0.0,0.0,0,1.0,8,1,4,0.0,0.0,0.0
25.445,370,18.1,0.3214,0.6959,0.2901,-0.0385,0.7646,0.0,0.0,0,1.0,7,1,4,0.0,0.0,0.0
25.496,371,18.1,0.6225,0.62,0.0124,-0.7542,0.8694,0.0,0.0,0,1.0,7,1,4,0.0,0.0,0.0
25.554,372,18.1,0.1961,0.8744,0.0818,-0.2313,0.8443,-0.0737,0.0,0,1.0,6,1,4,0.0037,0.0,0.0015
25.611,373,18.1,0.5064,0.6245,0.0409,-0.64,0.8081,0.0,0.0,0,1.0,7,1,4,0.0,0.0,0.0
25.671,374,18.1,0.5586,0.5983,0.0324,-0.6923,0.8154,0.0045,0.0,0,1.0,7,1,4,0.0002,0.0,0.0001
25.728,375,18.1,0.1876,0.8583,0.1248,-0.1174,0.826,0.0915,0.0,0,1.0,5,1,4,0.0046,0.0,0.0018
25.79,376,18.1,0.4034,0.7589,0.029,-0.5758,0.8633,0.0915,0.0,0,1.0,6,1,4,0.0046,0.0,0.0018
25.845,377,18.1,0.4306,0.8075,0.0075,-0.633,0.9194,0.0,0.0,0,1.0,6,1,4,0.0,0.0,0.0
25.907,378,18.1,0.1942,0.743,0.3815,0.2364,0.8378,-0.7,0.0,0,1.0,9,1,4,0.035,0.0,0.014
25.964,379,18.1,0.1178,0.782,0.4204,0.395,0.8923,-0.2303,0.0,0,1.0,11,1,4,0.0115,0.0,0.0046
26.018,380,18.1,0.2128,0.6564,0.4535,0.2828,0.8053,-0.7,0.0,0,1.0,11,1,4,0.035,0.0,0.014
26.07,381,18.1,0.2691,0.5776,0.4705,0.2265,0.7487,-0.7,0.0,0,1.0,9,1,4,0.035,0.0,0.014
26.124,382,18.1,0.2106,0.6179,0.4941,0.1651,0.7957,-0.1363,0.0,0,1.0,9,1,4,0.0068,0.0,0.0027
26.177,383,18.1,0.2012,0.615,0.5107,0.3524,0.8026,-0.2664,0.0,0,1.0,8,1,4,0.0133,0.0,0.0053
26.226,384,18.1,0.1984,0.6208,0.5179,0.3612,0.8115,-0.2664,0.0,0,1.0,9,1,4,0.0133,0.0,0.0053
26.278,385,18.1,0.2598,0.5376,0.5218,0.2875,0.7437,-0.2122,0.0,0,1.0,9,1,4,0.0106,0.0,0.0042
26.332,386,18.1,0.2379,0.5601,0.5189,0.3129,0.7611,-0.2303,0.0,0,1.0,10,1,4,0.0115,0.0,0.0046
26.39,387,18.1,0.2012,0.6074,0.4989,0.3443,0.7896,-0.158,0.0,0,1.0,10,1,4,0.0079,0.0,0.0032
26.446,388,18.1,0.3793,0.8411,0.0175,-0.5737,0.9189,-0.158,0.0,0,1.0,7,1,4,0.0079,0.0,0.0032
26.505,389,18.1,0.4445,0.7824,0.0191,-0.6172,0.9062,-0.2122,0.0,0,1.0,7,1,4,0.0106,0.0,0.0042
26.563,390,18.1,0.3916,0.8206,0.0334,-0.545,0.9086,-0.1967,0.0,0,1.0,9,1,4,0.0098,0.0,0.0039
26.619,391,18.2,0.3896,0.8362,0.0296,-0.5499,0.9205,-0.7,0.0,0,1.0,9,1,4,0.035,0.0,0.014
26.677,392,18.2,0.4379,0.7556,0.0125,-0.6363,0.8799,-0.7,0.0,0,1.0,6,1,4,0.035,0.0,0.014
26.728,393,18.2,0.2853,0.9017,0.0198,-0.4981,0.9172,-0.7,0.0,0,1.0,8,1,4,0.035,0.0,0.014
26.789,394,18.2,0.1942,0.6234,0.4756,0.3341,0.79,-0.4651,0.0,0,1.0,11,1,4,0.0233,0.0,0.0093
26.846,395,18.2,0.1122,0.8602,0.3601,0.3452,0.9242,0.0045,0.0,0,1.0,12,1,4,0.0002,0.0,0.0001
26.907,396,18.2,0.1821,0.6009,0.5354,0.4023,0.8046,-0.7,0.0,0,1.0,11,1,4,0.035,0.0,0.014
26.965,397,18.2,0.3629,0.3928,0.5426,0.1877,0.6338,-0.1967,0.0,0,1.0,9,1,4,0.0098,0.0,0.0039
27.019,398,18.2,0.162,0.5026,0.6364,0.5203,0.7786,-0.1967,0.0,0,1.0,10,1,4,0.0098,0.0,0.0039
27.078,399,18.2,0.1789,0.4995,0.6243,0.4869,0.7692,-0.2303,0.0,0,1.0,11,1,4,0.0115,0.0,0.0046
27.138,400,18.2,0.4809,0.2834,0.5019,0.0216,0.5192,-0.1438,0.0,0,1.0,9,1,4,0.0072,0.0,0.0029
27.196,401,18.2,0.2969,0.4882,0.4911,0.2165,0.6851,0.0045,0.0,0,1.0,9,1,4,0.0002,0.0,0.0001
27.252,402,18.2,0.4051,0.6169,0.2674,-0.1634,0.7451,0.0045,0.0,0,1.0,12,1,4,0.0002,0.0,0.0001
27.3,403,18.2,0.5174,0.7312,0.0187,-0.6655,0.9039,-0.2303,0.0,0,1.0,7,1,4,0.0115,0.0,0.0046
27.35,404,18.2,0.4083,0.8456,0.0355,-0.5454,0.939,0.0915,0.0,0,1.0,7,1,4,0.0046,0.0,0.0018
27.403,405,18.2,0.6534,0.6082,0.0063,-0.7818,0.8767,0.0915,0.0,0,1.0,8,1,4,0.0046,0.0,0.0018
27.461,406,18.2,0.3459,0.4925,0.46,0.1247,0.6713,-0.7,0.0,0,1.0,9,1,4,0.035,0.0,0.014
27.511,407,18.2,0.5386,0.6941,0.0171,-0.6884,0.8847,-0.2156,0.0,0,1.0,10,1,4,0.0108,0.0,0.0043
27.571,408,18.2,0.4685,0.7616,0.0147,-0.6443,0.9021,0.0915,0.0,0,1.0,10,1,4,0.0046,0.0,0.0018
27.63,409,18.2,0.4698,0.7214,0.0175,-0.6485,0.8691,0.0915,0.0,0,1.0,8,1,4,0.0046,0.0,0.0018
27.687,410,18.2,0.1852,0.6232,0.4856,0.3562,0.7954,-0.1129,0.0,0,1.0,15,1,4,0.0056,0.0,0.0023
27.744,411,18.2,0.1832,0.6013,0.5115,0.3829,0.7916,-0.0961,0.0,0,1.0,10,1,4,0.0048,0.0,0.0019
27.795,412,18.2,0.1751,0.6,0.5195,0.4019,0.7949,-0.1363,0.0,0,1.0,14,1,4,0.0068,0.0,0.0027
27.854,413,18.2,0.0751,0.5977,0.6315,0.6418,0.8557,-0.1363,0.0,0,1.0,15,1,4,0.0068,0.0,0.0027
27.914,414,18.2,0.0859,0.6386,0.5867,0.5889,0.865,-0.1235,0.0,0,1.0,12,1,4,0.0062,0.0,0.0025
27.972,415,18.2,0.2507,0.4976,0.5243,0.3077,0.7116,0.0915,0.0,0,1.0,8,1,4,0.0046,0.0,0.0018
28.027,416,18.2,0.2454,0.4942,0.5085,0.3026,0.6999,-0.1632,0.0,0,1.0,8,1,4,0.0082,0.0,0.0033
28.077,417,18.2,0.519,0.7103,0.0234,-0.6612,0.8873,-0.1632,0.0,0,1.0,6,1,4,0.0082,0.0,0.0033
28.132,418,18.2,0.6415,0.6017,0.0159,-0.7599,0.8646,-0.1129,0.0,0,1.0,8,1,4,0.0056,0.0,0.0023
28.185,419,18.2,0.6064,0.6761,0.0047,-0.7471,0.9075,-0.0737,0.0,0,1.0,10,1,4,0.0037,0.0,0.0015
28.233,420,18.2,0.631,0.6523,0.0048,-0.763,0.9013,-0.0737,0.0,0,1.0,10,1,4,0.0037,0.0,0.0015
28.284,421,18.0,0.3258,0.9157,0.0482,-0.4479,0.9516,0.0915,0.0,0,1.0,8,1,4,0.0046,0.0,0.0018
28.334,422,18.0,0.5549,0.7098,0.0127,-0.7004,0.907,0.0,0.0,0,1.0,8,1,4,0.0,0.0,0.0
28.383,423,18.0,0.3148,0.9308,0.0368,-0.4668,0.9582,0.0,0.0,0,1.0,7,1,4,0.0,0.0,0.0
28.446,424,18.0,0.3182,0.9265,0.0316,-0.4836,0.9565,0.0915,0.0,0,1.0,8,2,4,0.0046,0.0,0.0018
28.504,425,18.0,0.1671,0.7311,0.4206,0.3166,0.8496,0.0,0.0,1,1.0,12,2,4,0.0,1.0,0.0
28.562,426,18.0,0.2079,0.6731,0.4463,0.2821,0.8153,-0.2303,0.0,1,1.0,10,2,4,0.0115,0.8,0.0046
28.62,427,18.0,0.0441,0.6364,0.7795,0.7446,0.9711,-0.2303,0.0,1,1.0,10,2,4,0.0115,0.8,0.0046
28.68,428,18.0,0.0895,0.6567,0.4287,0.478,0.7917,-0.2303,0.0,1,1.0,11,2,4,0.0115,0.8,0.0046
28.733,429,18.0,0.1935,0.9288,0.0301,-0.3821,0.8886,-0.1464,0.0,1,1.0,10,2,4,0.0073,0.8,0.0029
28.796,430,18.0,0.1473,0.9343,0.0483,-0.2558,0.8673,0.0,0.0,1,1.0,10,2,4,0.0,0.8,0.0
28.85,431,18.0,0.1302,1.0,0.2218,0.1505,0.9642,0.0,0.0,1,1.0,7,2,4,0.0,0.8,0.0
28.905,432,18.0,0.1081,0.7251,0.4474,0.4424,0.8596,0.0,0.0,1,1.0,5,2,4,0.0,0.8,0.0
28.963,433,18.0,0.0778,0.6373,0.508,0.5599,0.8198,-0.1129,0.0,1,1.0,16,2,4,0.0056,0.8,0.0023
29.018,434,18.0,0.651,0.8076,0.1252,-0.5228,1.0,-0.1129,0.0,1,1.0,3,2,4,0.0056,0.8,0.0023
29.065,435,18.0,0.6593,0.7447,0.1044,-0.5705,0.9948,-0.152,0.0,1,1.0,3,2,4,0.0076,0.8,0.003
29.116,436,18.0,0.0042,0.7688,0.0588,0.3668,0.6787,-0.2303,0.0,1,1.0,2,2,4,0.0115,0.8,0.0046
29.167,437,18.0,0.2337,1.0,0.0,-0.5191,0.9709,0.0,0.0,0,1.0,3,2,4,0.0,0.8,0.0
29.224,438,18.0,0.5202,0.864,0.0,-0.6757,1.0,0.0,0.0,0,1.0,5,2,4,0.0,0.0,0.0
29.279,439,18.0,0.3387,0.9101,0.0392,-0.4806,0.9542,0.0,0.0,0,1.0,8,2,4,0.0,0.0,0.0
29.334,440,18.0,0.3441,0.9223,0.0,-0.5882,0.9674,0.0,0.0,0,1.0,9,2,4,0.0,0.0,0.0
29.382,441,18.0,0.2011,0.9804,0.0,-0.503,0.9362,0.0,0.0,0,1.0,5,2,4,0.0,0.0,0.0
29.437,442,18.0,0.2305,0.9613,0.0,-0.5224,0.9366,0.0,0.0,0,1.0,13,2,4,0.0,0.0,0.0
29.498,443,18.0,0.2144,0.9601,0.0,-0.5134,0.9265,0.0,0.0,0,1.0,19,2,4,0.0,0.0,0.0
29.552,444,18.0,0.3515,0.8198,0.0,-0.6121,0.8855,0.0,0.0,0,1.0,14,2,4,0.0,0.0,0.0
29.612,445,18.0,0.3188,0.8464,0.0,-0.5898,0.8895,-0.7,0.0,0,1.0,14,2,4,0.035,0.0,0.014
29.671,446,18.0,0.3034,0.8668,0.0,-0.5778,0.898,0.0,0.0,0,1.0,16,2,4,0.0,0.0,0.0
29.729,447,18.0,0.3926,0.8194,0.0,-0.6321,0.9081,0.0,0.0,0,1.0,15,2,4,0.0,0.0,0.0
29.787,448,18.0,0.4373,0.818,0.0,-0.6526,0.9321,-0.7,0.0,0,1.0,16,2,4,0.035,0.0,0.014
29.848,449,18.0,0.1142,1.0,0.0409,-0.2233,0.9039,-0.4651,0.0,0,1.0,10,2,4,0.0233,0.0,0.0093
29.908,450,18.0,0.0847,0.8777,0.1624,0.1713,0.8282,0.0,0.0,0,1.0,5,2,4,0.0,0.0,0.0
29.967,451,17.9,0.4254,0.7128,0.0,-0.674,0.837,0.0,0.0,0,1.0,8,2,4,0.0,0.0,0.0
30.02,452,17.9,0.2604,0.8708,0.0021,-0.5456,0.8773,0.0,0.0,0,1.0,11,2,4,0.0,0.0,0.0
30.076,453,17.9,0.3426,0.7193,0.0133,-0.5904,0.796,-0.7,0.0,0,1.0,6,2,4,0.035,0.0,0.014
30.126,454,17.9,0.5577,0.5464,0.0105,-0.7591,0.7713,0.0,0.0,0,1.0,8,2,4,0.0,0.0,0.0
30.181,455,17.9,0.1642,0.5433,0.3116,0.2331,0.6309,0.0,0.0,0,1.0,8,2,4,0.0,0.0,0.0
30.238,456,17.9,0.3313,0.6882,0.0588,-0.4637,0.7636,0.0915,0.0,0,1.0,10,2,4,0.0046,0.0,0.0018
30.292,457,17.9,0.5381,0.4897,0.0,-0.7998,0.7127,-0.2303,0.0,0,1.0,8,2,4,0.0115,0.0,0.0046
30.345,458,17.9,0.4886,0.5881,0.0,-0.7412,0.7676,0.0915,0.0,0,1.0,10,2,4,0.0046,0.0,0.0018
30.409,459,17.9,0.2334,0.8765,0.0219,-0.4553,0.867,-0.1129,0.0,0,1.0,5,2,4,0.0056,0.0,0.0023
30.462,460,17.9,0.2246,0.5366,0.0,-0.6079,0.5765,-0.1129,0.0,0,1.0,2,2,4,0.0056,0.0,0.0023
30.524,461,17.9,0.0154,0.6033,0.5342,0.7179,0.8059,0.0,0.0,0,1.0,3,2,4,0.0,0.0,0.0
30.583,462,17.9,0.0705,0.7786,0.4671,0.5186,0.9156,0.0045,0.0,0,1.0,8,2,4,0.0002,0.0,0.0001
30.64,463,17.9,0.2682,0.763,0.0587,-0.3923,0.7912,-0.1129,0.0,0,1.0,8,2,4,0.0056,0.0,0.0023
30.699,464,17.9,0.0,0.3192,0.3662,0.8088,0.4732,0.0,0.0,0,1.0,2,2,4,0.0,0.0,0.0
30.76,465,17.9,0.1463,0.9451,0.0227,-0.3565,0.8758,0.0,0.0,0,1.0,7,2,4,0.0,0.0,0.0
30.815,466,17.9,0.0625,1.0,0.027,-0.1703,0.875,-0.7,0.0,0,1.0,11,2,4,0.035,0.0,0.014
30.872,467,17.9,0.0862,0.9382,0.052,-0.1159,0.8364,0.0,0.0,0,1.0,6,2,4,0.0,0.0,0.0
30.932,468,17.9,0.294,0.6895,0.0257,-0.5254,0.7438,0.0,0.0,0,1.0,8,2,4,0.0,0.0,0.0
30.99,469,17.9,0.0968,0.7025,0.553,0.5361,0.8998,0.0,0.0,0,1.0,6,2,4,0.0,0.0,0.0
31.043,470,17.9,0.1731,0.4586,0.6005,0.4903,0.7215,0.0045,0.0,0,1.0,4,2,4,0.0002,0.0,0.0001
31.093,471,17.9,0.1524,0.4763,0.6363,0.5422,0.7564,0.0045,0.0,0,1.0,5,2,4,0.0002,0.0,0.0001
31.145,472,17.9,0.2324,0.5304,0.5586,0.4369,0.7584,-0.1876,0.0,0,1.0,5,2,4,0.0094,0.0,0.0038
31.205,473,17.9,0.5661,0.3857,0.0478,-0.7396,0.641,-0.158,0.0,0,1.0,6,2,4,0.0079,0.0,0.0032
31.26,474,17.9,0.2801,0.8317,0.0336,-0.4637,0.8554,0.0045,0.0,0,1.0,6,2,4,0.0002,0.0,0.0001
31.312,475,17.9,0.2657,0.6128,0.2674,0.0024,0.6645,0.0045,0.0,0,1.0,12,2,4,0.0002,0.0,0.0001
31.377,476,17.9,0.5151,0.6779,0.0,-0.7227,0.8579,0.0,0.0,0,1.0,14,2,4,0.0,0.0,0.0
31.439,477,17.9,0.2481,0.6675,0.5206,0.287,0.8523,0.0,0.0,0,1.0,12,2,4,0.0,0.0,0.0
31.496,478,17.9,0.6173,0.6835,0.027,-0.7032,0.9198,-0.0835,0.0,0,1.0,10,2,4,0.0042,0.0,0.0017
31.556,479,17.9,0.3692,0.6834,0.0515,-0.5135,0.7809,-0.1876,0.0,0,1.0,14,2,4,0.0094,0.0,0.0038
31.618,480,17.9,0.3991,0.9203,0.0111,-0.5855,0.9966,-0.7,0.0,0,1.0,16,2,4,0.035,0.0,0.014
31.673,481,17.5,0.0859,0.9157,0.0962,0.0284,0.8231,-0.7,0.0,0,1.0,13,2,4,0.035,0.0,0.014
31.732,482,17.5,0.468,0.6236,0.0,-0.7201,0.7858,0.0,0.0,0,1.0,15,2,4,0.0,0.0,0.0
31.786,483,17.5,0.2737,0.8274,0.0387,-0.4439,0.8483,0.0,0.0,0,1.0,13,2,4,0.0,0.0,0.0
31.846,484,17.5,0.2243,0.795,0.0,-0.5449,0.7934,-0.1129,0.0,0,1.0,7,2,4,0.0056,0.0,0.0023
31.911,485,17.5,0.1671,0.1389,0.6449,0.6338,0.4778,0.0,0.0,0,1.0,8,2,4,0.0,0.0,0.0
31.971,486,17.5,0.1489,0.4234,0.4655,0.4416,0.6164,-0.1612,0.0,0,1.0,5,2,4,0.0081,0.0,0.0032
32.03,487,17.5,0.3925,0.5542,0.0,-0.7083,0.6853,0.0045,0.0,0,1.0,4,2,4,0.0002,0.0,0.0001
32.087,488,17.5,0.1196,0.5719,0.2798,0.283,0.6371,0.0045,0.0,0,1.0,7,2,4,0.0002,0.0,0.0001
32.133,489,17.5,0.0298,0.8957,0.1791,0.371,0.8527,-0.7,0.0,0,1.0,7,2,4,0.035,0.0,0.014
32.184,490,17.5,0.022,0.792,0.2346,0.4686,0.7966,0.0,0.0,0,1.0,7,2,4,0.0,0.0,0.0
32.236,491,17.5,0.2462,0.8281,0.0473,-0.393,0.8335,0.0,0.0,0,1.0,12,2,4,0.0,0.0,0.0
32.285,492,17.5,0.252,0.6406,0.1204,-0.2364,0.6792,0.0,0.0,0,1.0,10,2,4,0.0,0.0,0.0
32.333,493,17.5,0.1078,0.8595,0.1611,0.111,0.8122,0.0,0.0,0,1.0,11,2,4,0.0,0.0,0.0
32.383,494,17.5,0.2037,0.7887,0.0664,-0.2919,0.7766,0.0,0.0,0,1.0,13,2,4,0.0,0.0,0.0
32.439,495,17.5,0.4202,0.595,0.0367,-0.6084,0.7352,0.0,0.0,0,1.0,13,2,4,0.0,0.0,0.0
32.498,496,17.5,0.2067,1.0,0.0688,-0.2711,0.9558,-0.7,0.0,0,1.0,9,2,4,0.035,0.0,0.014
32.556,497,17.5,0.0502,0.7798,0.2849,0.4289,0.8146,-0.7,0.0,0,1.0,7,2,4,0.035,0.0,0.014
32.617,498,17.5,0.2287,0.7957,0.0982,-0.2413,0.7965,0.0,0.0,0,1.0,9,2,4,0.0,0.0,0.0
32.678,499,17.5,0.2555,0.4807,0.2581,0.004,0.5483,0.0,0.0,0,1.0,7,2,4,0.0,0.0,0.0
32.738,500,17.5,0.1948,0.8906,0.0575,-0.2968,0.8572,0.0,0.0,0,1.0,9,2,4,0.0,0.0,0.0
32.797,501,17.5,0.2138,0.5014,0.2794,0.1033,0.5776,0.0,0.0,0,1.0,9,2,4,0.0,0.0,0.0
32.855,502,17.5,0.5069,0.4696,0.0,-0.796,0.6783,-0.2303,0.0,0,1.0,6,2,4,0.0115,0.0,0.0046
32.917,503,17.5,0.455,0.6486,0.0,-0.7063,0.7996,-0.0835,0.0,0,1.0,9,2,4,0.0042,0.0,0.0017
32.975,504,17.5,0.4431,0.6629,0.0,-0.6965,0.805,-0.1129,0.0,0,1.0,9,2,4,0.0056,0.0,0.0023
33.026,505,17.5,0.3874,0.5776,0.0388,-0.5861,0.7021,-0.1129,0.0,0,1.0,7,2,4,0.0056,0.0,0.0023
33.075,506,17.5,0.2792,0.4956,0.0,-0.6627,0.5726,-0.1129,0.0,0,1.0,2,2,4,0.0056,0.0,0.0023
33.126,507,17.5,0.4393,0.5833,0.1025,-0.4752,0.736,0.0,0.0,0,1.0,7,2,4,0.0,0.0,0.0
33.175,508,17.5,0.3732,0.5538,0.0653,-0.5135,0.6742,0.0,0.0,0,1.0,8,2,4,0.0,0.0,0.0
33.226,509,17.5,0.7908,0.591,0.0092,-0.8237,0.9393,-0.4651,0.0,0,1.0,14,2,4,0.0233,0.0,0.0093
33.278,510,17.5,0.0609,0.8268,0.243,0.3511,0.8306,-0.2122,0.0,0,1.0,9,2,4,0.0106,0.0,0.0042
33.329,511,18.1,0.0959,0.7157,0.3391,0.3788,0.7911,0.0,0.0,0,1.0,15,2,4,0.0,0.0,0.0
33.389,512,18.1,0.2866,0.634,0.1223,-0.277,0.6931,0.0,0.0,0,1.0,11,2,4,0.0,0.0,0.0
33.449,513,18.1,0.572,0.3497,0.083,-0.6776,0.6141,0.0,0.0,0,1.0,15,2,4,0.0,0.0,0.0
33.512,514,18.1,0.1509,0.8341,0.1356,-0.0308,0.7851,0.0,0.0,0,1.0,14,3,4,0.0,0.0,0.0
33.571,515,18.1,0.1536,1.0,0.1833,0.0504,0.9426,0.0,0.0,0,1.0,12,3,4,0.0,0.0,0.0
33.633,516,18.1,0.3378,0.5195,0.1522,-0.2908,0.6255,0.0,0.0,0,1.0,10,3,4,0.0,0.0,0.0
33.688,517,18.1,0.1988,0.9499,0.0533,-0.3093,0.9092,0.0,0.0,0,1.0,13,3,4,0.0,0.0,0.0
33.747,518,18.1,0.1351,0.867,0.1116,-0.0521,0.804,0.0,0.0,0,1.0,22,3,4,0.0,0.0,0.0
33.808,519,18.1,0.0232,1.0,0.0908,0.2646,0.8908,0.0,0.0,0,1.0,13,3,4,0.0,0.0,0.0
33.868,520,18.1,0.2699,0.796,0.0497,-0.4137,0.8198,0.0,0.0,0,1.0,12,3,4,0.0,0.0,0.0
33.922,521,18.1,0.4487,0.7277,0.049,-0.563,0.8625,0.0,0.0,0,1.0,22,3,4,0.0,0.0,0.0
33.982,522,18.1,0.3464,0.6041,0.256,-0.117,0.7014,0.0,0.0,0,1.0,17,3,4,0.0,0.0,0.0
34.04,523,18.1,0.0,0.7297,0.2728,0.5886,0.7658,-0.1967,0.0,0,1.0,15,3,4,0.0098,0.0,0.0039
34.094,524,18.1,0.1424,0.7131,0.1788,0.0703,0.6991,-0.1363,0.0,0,1.0,16,3,4,0.0068,0.0,0.0027
34.144,525,18.1,0.0377,0.922,0.1813,0.3418,0.876,0.0,0.0,0,1.0,21,3,4,0.0,0.0,0.0
34.194,526,18.1,0.0388,0.7671,0.2778,0.4571,0.8,0.0,0.0,0,1.0,12,3,4,0.0,0.0,0.0
34.246,527,18.1,0.0565,0.7908,0.2506,0.376,0.8046,0.0,0.0,0,1.0,12,3,4,0.0,0.0,0.0
34.304,528,18.1,0.3362,0.7581,0.0295,-0.5313,0.8251,0.0,0.0,0,1.0,15,3,4,0.0,0.0,0.0
34.363,529,18.1,0.0453,1.0,0.1134,0.2041,0.9035,0.0,0.0,0,1.0,11,3,4,0.0,0.0,0.0
34.429,530,18.1,0.3004,0.8329,0.0397,-0.4625,0.8678,0.0,0.0,0,1.0,9,3,4,0.0,0.0,0.0
34.489,531,18.1,0.2387,0.8341,0.1217,-0.1993,0.8343,0.0,0.0,0,1.0,17,3,4,0.0,0.0,0.0
34.549,532,18.1,0.0931,0.7504,0.687,0.6,1.0,0.0,0.0,0,1.0,16,3,4,0.0,0.0,0.0
34.61,533,18.1,0.3147,0.8664,0.0212,-0.5195,0.9041,-0.0659,0.0,0,1.0,6,3,4,0.0033,0.0,0.0013
34.671,534,18.1,0.2211,0.8357,0.0735,-0.29,0.8258,0.0,0.0,0,1.0,5,3,4,0.0,0.0,0.0
34.73,535,18.1,0.169,0.9191,0.0639,-0.239,0.8667,0.0,0.0,0,1.0,5,3,4,0.0,0.0,0.0
34.79,536,18.1,0.6562,0.5262,0.2903,-0.3479,0.8095,0.0,0.0,0,1.0,9,3,4,0.0,0.0,0.0
34.847,537,18.1,0.2396,0.7533,0.074,-0.3205,0.767,0.0,0.0,0,1.0,10,3,4,0.0,0.0,0.0
34.91,538,18.1,0.1585,0.9521,0.1233,-0.0689,0.8886,-0.2664,0.0,0,1.0,9,3,4,0.0133,0.0,0.0053
34.975,539,18.1,0.106,0.7995,0.5186,0.4812,0.962,0.0,0.0,0,1.0,6,3,4,0.0,0.0,0.0
35.03,540,18.1,0.0744,0.6767,0.5771,0.5957,0.8916,0.0045,0.0,0,1.0,15,3,4,0.0002,0.0,0.0001
35.087,541,17.1,0.5137,0.6907,0.0103,-0.694,0.8678,0.0915,0.0,0,1.0,11,3,4,0.0046,0.0,0.0018
35.137,542,17.1,0.0908,0.8574,0.4728,0.4699,0.985,0.0915,0.0,0,1.0,11,3,4,0.0046,0.0,0.0018
35.196,543,17.1,0.3841,0.8443,0.0587,-0.4768,0.9243,-0.0835,0.0,0,1.0,5,3,4,0.0042,0.0,0.0017
35.255,544,17.1,0.2628,0.834,0.0712,-0.3444,0.8477,-0.1129,0.0,0,1.0,14,3,4,0.0056,0.0,0.0023
35.31,545,17.1,0.1279,0.9544,0.1127,-0.0335,0.8733,0.0,0.0,0,1.0,12,3,4,0.0,0.0,0.0
35.368,546,17.1,0.147,0.8591,0.1411,-0.0118,0.804,0.0,0.0,0,1.0,6,3,4,0.0,0.0,0.0
35.423,547,17.1,0.1882,0.3883,0.3864,0.2971,0.5426,0.0,0.0,0,1.0,5,3,4,0.0,0.0,0.0
35.481,548,17.1,0.423,0.3411,0.2455,-0.2433,0.5234,0.0045,0.0,0,1.0,5,3,4,0.0002,0.0,0.0001
35.541,549,17.1,0.2592,0.5962,0.2276,-0.0479,0.6459,0.0045,0.0,0,1.0,12,3,4,0.0002,0.0,0.0001
35.599,550,17.1,0.0409,0.7966,0.2122,0.3806,0.7879,-0.1833,0.0,0,1.0,8,3,4,0.0092,0.0,0.0037
35.657,551,17.1,0.022,0.7199,0.2596,0.503,0.7501,0.0,0.0,0,1.0,4,3,4,0.0,0.0,0.0
35.712,552,17.1,0.4086,0.5456,0.1423,-0.3781,0.6871,0.0,0.0,0,1.0,7,3,4,0.0,0.0,0.0
35.771,553,17.1,0.3246,0.4926,0.4936,0.1827,0.6902,-0.7,0.0,0,1.0,7,3,4,0.035,0.0,0.014
35.833,554,17.1,0.0745,0.5177,0.3492,0.4785,0.6304,-0.7,0.0,0,1.0,4,3,4,0.035,0.0,0.014
35.889,555,17.1,0.1449,0.5391,0.3051,0.2641,0.6237,-0.2471,0.0,0,1.0,5,3,4,0.0124,0.0,0.0049
35.947,556,17.1,0.1874,0.8139,0.1124,-0.1467,0.7886,0.0,0.0,0,1.0,6,3,4,0.0,0.0,0.0
36.004,557,17.1,0.2436,0.7664,0.0884,-0.2869,0.7802,0.0,0.0,0,1.0,6,3,4,0.0,0.0,0.0
36.058,558,17.1,0.2044,0.8798,0.0,-0.5184,0.8535,0.0,0.0,0,1.0,6,3,4,0.0,0.0,0.0
36.11,559,17.1,0.099,0.7992,0.1463,0.1073,0.7532,0.0,0.0,0,1.0,5,3,4,0.0,0.0,0.0
36.158,560,17.1,0.0984,0.7252,0.0995,0.0032,0.6649,0.0,0.0,0,1.0,3,3,4,0.0,0.0,0.0
36.208,561,17.1,0.1945,0.7334,0.0,-0.5361,0.725,0.0,0.0,0,1.0,3,3,4,0.0,0.0,0.0
36.262,562,17.1,0.066,0.5207,0.173,0.2797,0.5343,0.0,0.0,0,1.0,2,3,4,0.0,0.0,0.0
36.321,563,17.1,0.1441,0.3066,0.0,-0.6286,0.3383,0.0,0.0,0,1.0,1,3,4,0.0,0.0,0.0
36.377,564,17.1,0.0749,0.6466,0.048,-0.1079,0.5851,0.0,0.0,0,1.0,2,3,4,0.0,0.0,0.0
36.43,565,17.1,0.093,0.5744,0.3148,0.3854,0.6588,0.0,0.0,0,1.0,5,3,4,0.0,0.0,0.0
36.488,566,17.1,0.3045,0.3588,0.0,-0.7456,0.4719,0.0,0.0,0,1.0,2,3,4,0.0,0.0,0.0
36.546,567,17.1,0.0684,0.4477,0.2255,0.3705,0.5024,0.0,0.0,0,1.0,2,3,4,0.0,0.0,0.0
36.607,568,17.1,0.2577,0.6023,0.0,-0.6117,0.6503,0.0,0.0,0,1.0,3,3,4,0.0,0.0,0.0
36.664,569,17.1,0.0683,0.5434,0.3916,0.5237,0.6757,0.0,0.0,0,1.0,5,3,4,0.0,0.0,0.0
36.723,570,17.1,0.2436,0.4731,0.0,-0.6455,0.5338,0.0,0.0,0,1.0,2,3,4,0.0,0.0,0.0
36.779,571,17.7,0.5058,0.4346,0.1766,-0.4211,0.6483,0.0,0.0,0,1.0,5,3,4,0.0,0.0,0.0
36.84,572,17.7,0.2457,0.6268,0.0,-0.5965,0.6641,0.0,0.0,0,1.0,3,3,4,0.0,0.0,0.0
36.898,573,17.7,0.1603,0.3032,0.0,-0.6505,0.3445,-0.2303,0.0,0,1.0,1,3,4,0.0115,0.0,0.0046
36.959,574,17.7,0.0788,0.3729,0.2854,0.4398,0.4731,0.0,0.0,0,1.0,2,3,4,0.0,0.0,0.0
37.012,575,17.7,0.4631,0.3689,0.2835,-0.2219,0.5693,0.0,0.0,0,1.0,5,3,4,0.0,0.0,0.0
37.068,576,17.7,0.123,0.3346,0.0,-0.5857,0.3499,-0.2303,0.0,0,1.0,1,3,4,0.0115,0.0,0.0046
37.118,577,17.7,0.0722,0.8553,0.188,0.2475,0.8238,-0.2303,0.0,0,1.0,5,3,4,0.0115,0.0,0.0046
37.168,578,17.7,0.0155,0.9028,0.2239,0.4667,0.8837,0.0,0.0,0,1.0,6,3,4,0.0,0.0,0.0
37.222,579,17.7,0.0,0.2543,0.4829,0.9103,0.484,0.0,0.0,0,1.0,2,3,4,0.0,0.0,0.0
37.278,580,17.7,0.1044,0.4581,0.3148,0.3821,0.5611,-0.1129,0.0,0,1.0,3,3,4,0.0056,0.0,0.0023
37.332,581,17.7,0.1111,0.4832,0.3604,0.4682,0.6077,0.0,0.0,0,1.0,4,3,4,0.0,0.0,0.0
37.386,582,17.7,0.1186,0.7688,0.0532,-0.1955,0.7122,0.0,0.0,0,1.0,3,3,4,0.0,0.0,0.0
37.442,583,17.7,0.5243,0.5688,0.054,-0.6371,0.7714,-0.7,0.0,0,1.0,5,3,4,0.035,0.0,0.014
37.496,584,17.7,0.2306,0.4875,0.0,-0.6297,0.5386,0.0915,0.0,0,1.0,2,3,4,0.0046,0.0,0.0018
37.555,585,17.7,0.5399,0.3127,0.0,-0.8919,0.565,0.0,0.0,0,1.0,2,3,4,0.0,0.0,0.0
37.614,586,17.7,0.1081,0.5882,0.2869,0.3157,0.6547,0.0915,0.0,0,1.0,4,3,4,0.0046,0.0,0.0018
37.671,587,17.7,0.0127,0.6812,0.3209,0.5876,0.7519,0.0,0.0,0,1.0,4,3,4,0.0,0.0,0.0
37.732,588,17.7,0.1102,0.5778,0.3279,0.3589,0.669,0.0,0.0,0,1.0,6,3,4,0.0,0.0,0.0
37.787,589,17.7,0.1389,0.546,0.3175,0.2905,0.6364,0.0,0.0,0,1.0,5,3,4,0.0,0.0,0.0
37.845,590,17.7,0.1177,0.5395,0.3513,0.3738,0.6499,0.0,0.0,0,1.0,7,3,4,0.0,0.0,0.0
37.906,591,17.7,0.1394,0.4683,0.2638,0.2309,0.5411,0.0,0.0,0,1.0,3,3,4,0.0,0.0,0.0
37.964,592,17.7,0.1406,0.514,0.3394,0.3171,0.6218,0.0,0.0,0,1.0,5,3,4,0.0,0.0,0.0
38.017,593,17.7,0.0946,0.5251,0.3742,0.4509,0.6506,0.0,0.0,0,1.0,5,3,4,0.0,0.0,0.0
38.078,594,17.7,0.4019,0.6198,0.0348,-0.5945,0.7457,0.0,0.0,0,1.0,7,3,4,0.0,0.0,0.0
38.14,595,17.7,0.0936,0.681,0.2816,0.3298,0.7297,-0.7,0.0,0,1.0,8,3,4,0.035,0.0,0.014
38.19,596,17.7,0.0697,0.4616,0.479,0.6088,0.656,-0.7,0.0,0,1.0,5,3,4,0.035,0.0,0.014
38.246,597,17.7,0.142,0.9363,0.2196,0.1274,0.9094,-0.1129,0.0,0,1.0,9,3,4,0.0056,0.0,0.0023
38.302,598,17.7,0.0578,0.7723,0.2964,0.4205,0.8147,-0.1129,0.0,0,1.0,7,3,4,0.0056,0.0,0.0023
38.35,599,17.7,0.084,1.0,0.0792,-0.014,0.887,0.0,0.0,0,1.0,10,3,4,0.0,0.0,0.0
38.401,600,17.7,0.2039,0.9361,0.0469,-0.3365,0.9005,0.0,0.0,0,1.0,7,3,4,0.0,0.0,0.0
38.455,601,17.9,0.2117,0.4406,0.4817,0.3402,0.6398,0.0,0.0,0,1.0,8,3,4,0.0,0.0,0.0
38.512,602,17.9,0.2356,0.7335,0.2534,0.0254,0.758,0.0,0.0,0,1.0,10,3,4,0.0,0.0,0.0
38.572,603,17.9,0.1718,0.574,0.4909,0.39,0.7571,-0.1363,0.0,0,1.0,9,3,4,0.0068,0.0,0.0027
38.631,604,17.9,0.1646,0.5438,0.6587,0.5196,0.8257,0.0,0.0,0,1.0,9,4,4,0.0,0.0,0.0
38.687,605,17.9,0.0362,0.5246,0.8243,0.8077,0.9022,-0.1612,0.0,0,1.0,7,4,4,0.0081,0.0,0.0032
38.746,606,17.9,0.1792,0.4155,0.871,0.6337,0.8368,-0.2393,0.0,0,1.0,5,4,4,0.012,0.0,0.0048
38.801,607,17.9,0.0,0.5115,0.6719,0.8369,0.8059,-0.2393,0.0,0,1.0,3,4,4,0.012,0.0,0.0048
38.852,608,17.9,0.0,0.0,0.0,0.0,0.3,-0.2393,0.0,0,1.0,0,0,4,0.012,0.0,0.0048
38.906,609,17.9,0.0,0.2293,0.574,0.9603,0.514,0.0045,0.0,0,1.0,1,0,4,0.0002,0.0,0.0001
38.961,610,17.9,0.1056,0.4545,0.6441,0.6343,0.7424,0.0045,0.0,0,1.0,3,0,4,0.0002,0.0,0.0001
39.018,611,17.9,0.3911,0.0848,0.0,-1.0,0.2902,0.0915,0.0,0,1.0,1,0,4,0.0046,0.0,0.0018
39.075,612,17.9,0.7111,0.2802,0.0,-0.9625,0.6336,-0.7,0.0,0,1.0,5,0,4,0.035,0.0,0.014
39.126,613,17.9,0.6716,0.5052,0.0195,-0.7974,0.8005,-0.0737,0.0,0,1.0,8,0,4,0.0037,0.0,0.0015
39.174,614,17.9,0.649,0.5779,0.0,-0.8043,0.8488,-0.0737,0.0,0,1.0,8,0,4,0.0037,0.0,0.0015
39.226,615,17.9,0.4242,0.7298,0.0,-0.6688,0.8506,-0.0737,0.0,0,1.0,4,0,4,0.0037,0.0,0.0015
39.277,616,17.9,0.7295,0.3851,0.0,-0.9098,0.732,-0.7,0.0,0,1.0,4,0,4,0.035,0.0,0.014
39.325,617,17.9,0.6374,0.2425,0.0,-0.9685,0.5606,-0.7,0.0,1,1.0,2,0,4,0.035,1.0,0.014
39.375,618,17.9,0.6038,0.238,0.0,-0.9625,0.5381,-0.2122,0.0,1,1.0,2,0,4,0.0106,0.8,0.0042
39.429,619,17.9,0.706,0.6422,0.0,-0.7999,0.9348,0.0045,0.0,1,1.0,5,0,4,0.0002,0.8,0.0001
39.486,620,17.9,0.9978,0.3437,0.0,-0.9848,0.8475,0.0045,0.0,1,1.0,3,0,4,0.0002,0.8,0.0001
39.556,621,17.9,0.8904,0.412,0.0254,-0.8872,0.8447,-0.0737,0.0,1,1.0,3,0,4,0.0037,0.8,0.0015
39.619,622,17.9,0.992,0.3555,0.0,-0.9784,0.8542,-0.1876,0.0,1,1.0,3,0,4,0.0094,0.8,0.0038
39.678,623,17.9,0.9919,0.3555,0.0,-0.9784,0.8541,-0.1876,0.0,1,1.0,3,0,4,0.0094,0.8,0.0038
39.735,624,17.9,0.0,0.0,0.0,0.0,0.3,-0.1876,0.0,1,1.0,0,0,4,0.0094,0.8,0.0038
39.784,625,17.9,0.9922,0.3551,0.0,-0.9786,0.8539,-0.1876,0.0,1,1.0,3,0,4,0.0094,0.8,0.0038
39.839,626,17.9,0.8344,0.4373,0.2516,-0.5146,0.8346,-0.1876,0.0,1,1.0,4,0,4,0.0094,0.8,0.0038
39.903,627,17.9,0.9705,0.3169,0.0,-0.9932,0.8097,-0.1859,0.0,1,1.0,3,0,4,0.0093,0.8,0.0037
39.964,628,17.9,0.8403,0.2329,0.0,-1.0,0.6662,-0.1859,0.0,1,1.0,2,0,4,0.0093,0.8,0.0037
40.019,629,17.9,0.3509,0.4591,0.0194,-0.6581,0.5821,-0.1876,0.0,0,1.0,3,0,4,0.0094,0.8,0.0038
40.077,630,17.9,0.6365,0.2421,0.0,-0.9685,0.5598,-0.7,0.0,0,1.0,2,0,4,0.035,0.0,0.014
40.127,631,17.9,0.6375,0.431,0.0532,-0.742,0.7191,-0.0737,0.0,0,1.0,5,0,4,0.0037,0.0,0.0015
40.177,632,17.9,0.0,0.5639,0.1043,0.4911,0.5321,-0.0737,0.0,0,1.0,2,0,4,0.0037,0.0,0.0015
40.229,633,17.9,0.3354,0.3269,0.068,-0.546,0.4624,0.0,0.0,0,1.0,2,0,4,0.0,0.0,0.0
40.29,634,17.9,0.2768,0.8374,0.346,0.0798,0.8972,0.0,0.0,0,1.0,6,0,4,0.0,0.0,0.0
40.342,635,17.9,0.7948,0.6533,0.2155,-0.499,0.9938,-0.1876,0.0,0,1.0,6,0,4,0.0094,0.0,0.0038
40.393,636,17.9,0.9503,0.5801,0.0394,-0.064,1.0,-0.1876,0.0,0,1.0,11,0,4,0.0094,0.0,0.0038
40.447,637,17.9,0.8309,0.6483,0.0123,-0.8104,1.0,-0.2393,0.0,0,1.0,10,0,4,0.012,0.0,0.0048
40.506,638,17.9,0.2486,0.9389,0.0588,-0.3502,0.9279,-0.1876,0.0,0,1.0,7,0,4,0.0094,0.0,0.0038
40.567,639,17.9,0.1703,0.8864,0.4675,0.3315,1.0,0.0,0.0,0,1.6,13,0,5,0.0,0.0,0.0
40.622,640,17.9,0.0,0.6746,0.6759,0.7804,1.0,0.0,0.0,0,1.56,10,0,5,0.0,0.0,0.0
40.688,641,17.9,0.7447,0.4477,0.141,-0.6256,1.0,-0.3242,0.0,0,1.52,13,0,5,0.0162,0.0,0.0065
40.744,642,17.9,0.7606,0.5847,0.0312,-0.7767,1.0,0.0045,0.0,0,1.48,9,0,5,0.0002,0.0,0.0001
40.804,643,17.9,0.8225,0.4456,0.2795,-0.4721,1.0,-0.2122,0.0,0,1.44,14,0,5,0.0106,0.0,0.0042
40.863,644,17.9,0.8419,0.4584,0.3039,-0.4507,1.0,-0.2219,0.0,0,1.4,10,0,5,0.0111,0.0,0.0044
40.922,645,17.9,0.7388,0.5679,0.3722,-0.3022,1.0,-0.2219,0.0,0,1.36,13,0,5,0.0111,0.0,0.0044
40.979,646,17.9,0.7704,0.5345,0.3513,-0.347,1.0,-0.2234,0.0,0,1.32,10,0,5,0.0112,0.0,0.0045
41.034,647,17.9,0.8505,0.6565,0.0893,-0.6922,1.0,-0.2682,0.0,0,1.28,6,0,5,0.0134,0.0,0.0054
41.084,648,17.9,0.5113,0.6261,0.4031,-0.1017,1.0,-0.2682,0.0,0,1.24,14,0,5,0.0134,0.0,0.0054
41.135,649,17.9,0.637,0.597,0.266,-0.3557,1.0,-0.2722,0.0,0,1.2,15,0,5,0.0136,0.0,0.0054
41.181,650,17.9,0.5883,0.7198,0.2954,-0.2728,1.0,-0.2491,0.0,0,1.16,12,0,5,0.0125,0.0,0.005
41.238,651,17.9,0.6236,0.7192,0.2571,-0.3422,1.0,-0.2491,0.0,0,1.12,14,0,5,0.0125,0.0,0.005
41.293,652,17.9,0.7078,0.5843,0.301,-0.3597,0.9582,-0.1833,0.0,0,1.08,14,0,5,0.0092,0.0,0.0037
41.345,653,17.9,0.522,0.4092,0.329,-0.2103,0.6615,-0.1833,0.0,0,1.04,14,0,5,0.0092,0.0,0.0037
41.404,654,17.9,0.497,0.3968,0.3353,-0.1805,0.6116,-0.1967,0.0,0,1.0,14,0,5,0.0098,0.0,0.0039
41.459,655,17.9,0.4644,0.4838,0.2906,-0.2007,0.6665,-0.2491,0.0,0,1.0,12,0,5,0.0125,0.0,0.005
41.513,656,17.9,0.6783,0.396,0.0276,-0.828,0.7125,-0.2664,0.0,0,1.0,9,0,5,0.0133,0.0,0.0053
41.572,657,17.9,0.2213,0.7721,0.0581,-0.3406,0.7725,-0.2664,0.0,0,1.0,10,0,5,0.0133,0.0,0.0053
41.629,658,17.9,0.0938,0.9061,0.0548,-0.1255,0.8136,-0.0737,0.0,0,1.0,4,0,5,0.0037,0.0,0.0015
41.686,659,17.9,0.6624,0.6194,0.3251,-0.2992,0.8913,0.0,0.0,0,1.0,10,0,5,0.0,0.0,0.0
41.735,660,17.9,0.717,0.5344,0.4167,-0.2466,0.8504,-0.2303,0.0,0,1.0,10,0,5,0.0115,0.0,0.0046
41.787,661,18.1,0.7173,0.497,0.4385,-0.2285,0.8191,-0.2303,0.0,0,1.0,7,0,5,0.0115,0.0,0.0046
41.854,662,18.1,0.7286,0.5785,0.3828,-0.284,0.894,-0.2722,0.0,0,1.0,10,0,5,0.0136,0.0,0.0054
41.915,663,18.1,0.717,0.5502,0.4031,-0.0613,0.8637,-0.2122,0.0,0,1.0,8,0,5,0.0106,0.0,0.0042
41.975,664,18.1,0.717,0.5496,0.4249,-0.2371,0.8632,-0.2974,0.0,0,1.0,8,0,5,0.0149,0.0,0.0059
42.031,665,18.1,0.7161,0.5476,0.4225,-0.2391,0.861,-0.2974,0.0,0,1.0,10,0,5,0.0149,0.0,0.0059
42.099,666,18.1,0.717,0.5702,0.3788,-0.2817,0.8805,-0.2471,0.0,0,1.0,9,0,5,0.0124,0.0,0.0049
42.149,667,18.1,0.7162,0.6934,0.2462,-0.4143,0.9835,-0.2564,0.0,0,1.0,7,0,5,0.0128,0.0,0.0051
42.203,668,18.1,0.7943,0.5768,0.2289,-0.4958,0.9293,-0.2122,0.0,0,1.0,6,0,5,0.0106,0.0,0.0042
42.265,669,18.1,0.776,0.6718,0.1941,-0.5136,0.9989,-0.2122,0.0,0,1.0,10,0,5,0.0106,0.0,0.0042
42.316,670,18.1,0.8161,0.6529,0.0427,-0.7539,1.0,-0.1967,0.0,0,1.0,16,0,5,0.0098,0.0,0.0039
42.37,671,18.1,0.0196,0.6767,0.4647,0.653,0.8287,-0.2156,0.0,0,1.0,8,0,5,0.0108,0.0,0.0043
42.429,672,18.1,0.1028,0.7625,0.0859,0.1926,0.6981,-0.2156,0.0,0,1.0,3,0,5,0.0108,0.0,0.0043
42.486,673,18.1,0.9304,0.5479,0.0382,-0.8257,0.9813,-0.1129,0.0,0,1.0,6,0,5,0.0056,0.0,0.0023
42.546,674,18.1,0.0,1.0,0.1082,0.442,0.9006,0.0,0.0,0,1.0,6,0,5,0.0,0.0,0.0
42.604,675,18.1,0.0444,0.8124,0.1296,0.2488,0.755,-0.1876,0.0,0,1.0,3,0,5,0.0094,0.0,0.0038
42.665,676,18.1,0.516,0.6577,0.0454,-0.6261,0.8415,0.0,0.0,0,1.0,5,0,5,0.0,0.0,0.0
42.717,677,18.1,0.7222,0.7847,0.0418,-0.6897,1.0,0.0915,0.0,0,1.0,5,0,5,0.0046,0.0,0.0018
42.77,678,18.1,0.7991,0.5987,0.0203,-0.8034,0.9504,0.0915,0.0,0,1.0,4,0,5,0.0046,0.0,0.0018
42.826,679,18.1,0.6775,0.4892,0.0366,-0.7704,0.7903,-0.0737,0.0,0,1.0,3,0,5,0.0037,0.0,0.0015
42.88,680,18.1,0.7529,0.2965,0.0,-0.9627,1.0,-0.2179,0.0,0,1.6,2,0,6,0.0109,0.0,0.0044
42.94,681,18.1,0.9197,0.3584,0.0,-0.9645,1.0,-0.2471,0.0,0,1.56,3,0,6,0.0124,0.0,0.0049
42.997,682,18.1,0.9166,0.3145,0.0,-0.9854,1.0,-0.2471,0.0,0,1.52,3,0,6,0.0124,0.0,0.0049
43.05,683,18.1,0.7038,0.5983,0.0,-0.814,1.0,-0.1876,0.0,0,1.48,4,0,6,0.0094,0.0,0.0038
43.098,684,18.1,0.7316,0.6675,0.0701,-0.6752,1.0,-0.0737,0.0,0,1.44,4,0,6,0.0037,0.0,0.0015
43.15,685,18.1,0.7184,0.3203,0.3269,-0.3756,0.9399,-0.0737,0.0,0,1.4,4,0,6,0.0037,0.0,0.0015
43.2,686,18.1,0.6828,0.3738,0.2959,-0.3826,0.947,-0.2471,0.0,0,1.36,5,0,6,0.0124,0.0,0.0049
43.255,687,18.1,0.8031,0.3548,0.1349,-0.6907,0.987,-0.2303,0.0,0,1.32,4,0,6,0.0115,0.0,0.0046
43.308,688,18.1,0.7891,0.4791,0.0384,-0.8091,1.0,-0.2303,0.0,0,1.28,5,0,6,0.0115,0.0,0.0046
43.356,689,18.1,0.7497,0.4218,0.0,-0.8976,0.9599,-0.0783,0.0,0,1.24,3,0,6,0.0039,0.0,0.0016
43.407,690,18.1,0.6872,0.3439,0.0,-0.9198,0.8084,-0.2471,0.0,0,1.2,2,0,6,0.0124,0.0,0.0049
43.461,691,17.9,0.6684,0.3546,0.0,-0.9088,0.7798,-0.2471,0.0,0,1.16,2,0,6,0.0124,0.0,0.0049
43.516,692,17.9,0.3674,0.9047,0.0,-0.6026,1.0,-0.0737,0.0,0,1.12,2,0,6,0.0037,0.0,0.0015
43.566,693,17.9,0.3941,0.8422,0.0,-0.6278,1.0,-0.7,0.0,0,1.08,3,0,6,0.035,0.0,0.014
43.618,694,17.9,0.0,0.0,0.0,0.0,0.3,-0.7,0.0,0,1.04,0,0,6,0.035,0.0,0.014
43.669,695,17.9,0.3221,0.1485,0.0,-0.9349,0.3052,-0.7,0.0,0,1.0,1,0,6,0.035,0.0,0.014
43.727,696,17.9,0.5452,0.4378,0.0,-0.8259,0.673,0.0,0.0,0,1.0,2,0,6,0.0,0.0,0.0
43.774,697,17.9,0.4482,0.2548,0.0,-0.8955,0.465,0.0915,0.0,0,1.0,2,0,6,0.0046,0.0,0.0018
43.831,698,17.9,0.2481,0.2046,0.5945,0.4258,0.5048,-0.1129,0.0,0,1.0,3,0,6,0.0056,0.0,0.0023
43.888,699,17.9,0.0318,0.6778,0.0,-0.3976,0.5872,-0.1129,0.0,0,1.0,1,0,6,0.0056,0.0,0.0023
43.946,700,17.9,0.0764,0.4083,0.3634,0.5193,0.5464,-0.2393,0.0,0,1.0,2,0,6,0.012,0.0,0.0048
44.003,701,17.9,0.3042,0.7789,0.0,-0.596,0.8246,-0.7,0.0,0,1.0,2,0,6,0.035,0.0,0.014
44.06,702,17.9,0.3417,0.9747,0.1161,-0.3096,1.0,0.0,0.0,0,1.0,4,0,6,0.0,0.0,0.0
44.106,703,17.9,0.3233,1.0,0.127,-0.2706,1.0,0.0,0.0,0,1.0,4,0,6,0.0,0.0,0.0
44.159,704,17.9,0.321,1.0,0.1257,-0.7297,1.0,0.0,0.0,0,1.0,6,0,6,0.0,0.0,0.0
44.217,705,17.9,0.3001,0.6988,0.0,-0.6123,0.7551,0.0,0.0,0,1.0,2,0,6,0.0,0.0,0.0
44.27,706,17.9,0.2948,0.7405,0.0,-0.5992,0.7871,0.0,0.0,0,1.0,2,0,6,0.0,0.0,0.0
44.326,707,17.9,0.3355,0.1881,0.2389,-0.1669,0.3459,0.0,0.0,0,1.0,2,0,6,0.0,0.0,0.0
44.375,708,17.9,0.3121,0.894,0.0,-0.5774,0.9258,0.0,0.0,0,1.0,3,0,6,0.0,0.0,0.0
44.423,709,17.9,0.2612,0.9179,0.0,-0.5461,0.9173,-0.4651,0.0,0,1.0,3,0,6,0.0233,0.0,0.0093
44.476,710,17.9,0.2836,0.6956,0.0,-0.6033,0.7431,0.0,0.0,0,1.0,2,0,6,0.0,0.0,0.0
44.529,711,17.9,0.3083,0.7377,0.0,-0.6076,0.7923,0.0,0.0,0,1.0,2,0,6,0.0,0.0,0.0
44.589,712,17.9,0.179,0.3402,0.0,-0.6496,0.386,0.0,0.0,0,1.0,1,0,6,0.0,0.0,0.0
44.648,713,17.9,0.242,0.8852,0.1396,-0.1645,0.8791,0.0,0.0,0,1.0,4,0,6,0.0,0.0,0.0
44.702,714,17.9,0.1883,1.0,0.2119,0.0355,0.9587,0.0,0.0,0,1.0,6,0,6,0.0,0.0,0.0
44.751,715,17.9,0.5393,0.7689,0.0866,-0.533,0.9479,0.0,0.0,0,1.0,3,0,6,0.0,0.0,0.0
44.804,716,17.9,0.1845,0.6623,0.182,-0.0045,0.6597,0.0,0.0,0,1.0,2,0,6,0.0,0.0,0.0
44.862,717,17.9,0.1219,0.8085,0.1651,0.0873,0.7716,0.0915,0.0,0,1.0,3,0,6,0.0046,0.0,0.0018
44.922,718,17.9,0.324,0.6416,0.0443,-0.5061,0.7203,0.0,0.0,0,1.0,4,0,6,0.0,0.0,0.0
44.978,719,17.9,0.3558,0.6846,0.0275,-0.5666,0.7743,0.0,0.0,0,1.0,5,0,6,0.0,0.0,0.0
45.03,720,17.9,0.2568,0.5634,0.0,-0.623,0.6171,-0.7,0.0,0,1.0,2,0,6,0.035,0.0,0.014
45.084,721,18.5,0.1588,0.7821,0.0272,-0.3691,0.7459,0.0,0.0,0,1.0,3,0,6,0.0,0.0,0.0
45.13,722,18.5,0.3353,0.1539,0.0,-0.9357,0.3171,0.0,0.0,0,1.0,1,0,6,0.0,0.0,0.0
45.181,723,18.5,0.1845,0.2596,0.3309,0.2608,0.4033,0.0,0.0,0,1.0,2,0,6,0.0,0.0,0.0
45.234,724,18.5,0.3355,0.154,0.0,-0.9357,0.3172,0.0,0.0,0,1.0,1,0,6,0.0,0.0,0.0
45.289,725,18.5,0.4471,0.9047,0.0269,-0.5752,1.0,0.0,0.0,0,1.0,4,0,6,0.0,0.0,0.0
45.339,726,18.5,0.1845,0.5949,0.1719,-0.024,0.603,0.0,0.0,0,1.0,3,0,6,0.0,0.0,0.0
45.39,727,18.5,0.3429,0.7342,0.2191,-0.1596,0.8088,0.0,0.0,0,1.0,3,0,6,0.0,0.0,0.0
45.44,728,18.5,0.0,0.0,0.0,0.0,0.3,0.0,0.0,0,1.0,0,0,6,0.0,0.0,0.0
45.495,729,18.5,0.2136,0.648,0.0,-0.5683,0.664,0.0045,0.0,0,1.0,1,0,6,0.0002,0.0,0.0001
45.551,730,18.5,0.1963,0.668,0.0,-0.5507,0.6711,0.0045,0.0,0,1.0,1,0,6,0.0002,0.0,0.0001
45.601,731,18.5,0.1852,0.6302,0.0,-0.5508,0.6331,0.0,0.0,0,1.0,1,0,6,0.0,0.0,0.0
45.651,732,18.5,0.1833,0.5737,0.0457,-0.3604,0.5846,0.0,0.0,0,1.0,2,0,6,0.0,0.0,0.0
45.701,733,18.5,0.3401,0.7826,0.0,-0.6144,0.8478,0.0,0.0,0,1.0,2,0,6,0.0,0.0,0.0
45.75,734,18.5,0.889,0.1743,0.0,-1.0,0.6443,0.0,0.0,0,1.0,2,0,6,0.0,0.0,0.0
45.801,735,18.5,0.7544,0.3134,0.0,-0.9534,0.6858,0.0,0.0,0,1.0,2,0,6,0.0,0.0,0.0
45.854,736,18.5,0.3232,0.1491,0.0,-0.9349,0.3062,-0.2471,0.0,0,1.0,1,0,6,0.0124,0.0,0.0049
45.915,737,18.5,0.4535,0.9993,0.0,-0.6222,1.0,0.0,0.0,0,1.0,5,0,6,0.0,0.0,0.0
45.969,738,18.5,0.0,0.0,0.0,0.0,0.3,0.0,0.0,0,1.0,0,0,6,0.0,0.0,0.0
46.015,739,18.5,0.0,0.0,0.0,0.0,0.3,0.0,0.0,0,1.0,0,0,6,0.0,0.0,0.0
46.067,740,18.5,0.0,0.0,0.0,0.0,0.3,0.0,0.0,0,1.0,0,0,6,0.0,0.0,0.0
46.116,741,18.5,0.0,0.0,0.0,0.0,0.3,0.0,0.0,0,1.0,0,0,6,0.0,0.0,0.0
46.165,742,18.5,0.0411,0.7805,0.0,-0.5209,0.6786,0.0,0.0,0,1.0,1,0,6,0.0,0.0,0.0
46.214,743,18.5,0.1136,1.0,0.0,-0.4457,0.9036,-0.1129,0.0,0,1.0,2,0,6,0.0056,0.0,0.0023
46.278,744,18.5,0.3991,0.8921,0.0,-0.6196,0.9728,0.0,0.0,0,1.0,2,0,6,0.0,0.0,0.0
46.337,745,18.5,0.5231,0.2855,0.0,-0.9034,0.5328,0.0,0.0,0,1.0,1,0,6,0.0,0.0,0.0
46.39,746,18.5,0.0,0.5583,0.0346,0.409,0.4883,0.0,0.0,0,1.0,1,0,6,0.0,0.0,0.0
46.441,747,18.5,0.0,0.0,0.0,0.0,0.3,0.0,0.0,0,1.0,0,0,6,0.0,0.0,0.0
46.492,748,18.5,0.6293,0.1794,0.0,-1.0,0.5031,0.0915,0.0,0,1.0,1,0,6,0.0046,0.0,0.0018
46.545,749,18.5,0.0,0.0,0.0,0.0,0.3,0.0915,0.0,0,1.0,0,0,6,0.0046,0.0,0.0018
46.602,750,18.5,0.8059,0.2683,0.0,-0.9902,0.6767,-0.0737,0.0,0,1.0,2,0,6,0.0037,0.0,0.0015
46.655,751,19.1,0.6243,0.1845,0.0,-1.0,0.5046,-0.2156,0.0,0,1.0,1,0,6,0.0108,0.0,0.0043
46.714,752,19.1,0.8123,0.4094,0.0,-0.9185,0.7988,-0.2156,0.0,0,1.0,3,0,6,0.0108,0.0,0.0043
46.769,753,19.1,0.1062,0.3889,0.0,-0.5403,0.3862,-0.1876,0.0,0,1.0,1,0,6,0.0094,0.0,0.0038
46.826,754,19.1,0.0,0.0,0.0,0.0,0.3,-0.1876,0.0,0,1.0,0,0,6,0.0094,0.0,0.0038
46.88,755,19.1,0.5398,0.2674,0.0,-0.9553,0.5269,0.0,0.0,0,1.0,1,0,6,0.0,0.0,0.0
46.936,756,19.1,0.5913,0.4953,0.1248,-0.5579,0.7472,0.0915,0.0,0,1.0,3,0,6,0.0046,0.0,0.0018
46.995,757,19.1,0.0,0.0155,0.4086,1.0,0.2418,0.0915,0.0,0,1.0,1,0,6,0.0046,0.0,0.0018
47.05,758,19.1,0.3722,0.497,0.1555,-0.3254,0.6259,0.0915,0.0,0,1.0,4,0,6,0.0046,0.0,0.0018
47.108,759,19.1,0.6828,0.4189,0.0,-0.8806,0.7342,-0.4651,0.0,0,1.0,2,0,6,0.0233,0.0,0.0093
47.16,760,19.1,0.3215,0.4617,0.0,-0.7048,0.5679,-0.0737,0.0,0,1.0,2,0,6,0.0037,0.0,0.0015
47.206,761,19.1,0.2411,0.8811,0.0088,-0.5072,0.8751,-0.0737,0.0,0,1.0,4,0,6,0.0037,0.0,0.0015
47.263,762,19.1,0.4283,0.3829,0.0,-0.8035,0.5614,0.0,0.0,0,1.0,2,0,6,0.0,0.0,0.0
47.314,763,19.1,0.7339,0.4952,0.0,-0.8615,0.827,-0.7,0.0,0,1.0,3,0,6,0.035,0.0,0.014
47.367,764,19.1,0.2396,0.5182,0.0,-0.6256,0.5694,-0.7,0.0,0,1.0,2,0,6,0.035,0.0,0.014
47.417,765,19.1,0.2268,0.5247,0.0,-0.6135,0.5678,-0.2122,0.0,0,1.0,2,0,6,0.0106,0.0,0.0042
47.469,766,19.1,0.4062,0.0472,0.0,-1.0,0.2672,0.0,0.0,0,1.0,1,0,6,0.0,0.0,0.0
47.529,767,19.1,0.0,0.0,0.0,0.0,0.3,0.0,0.0,0,1.0,0,0,6,0.0,0.0,0.0
47.586,768,19.1,0.2135,0.607,0.0081,-0.542,0.6294,-0.7,0.0,0,1.0,2,0,6,0.035,0.0,0.014
47.642,769,19.1,0.7395,0.4319,0.0,-0.8903,0.7769,0.0,0.0,0,1.0,3,0,6,0.0,0.0,0.0
47.691,770,19.1,0.6145,0.3097,0.0,-0.9185,0.6043,0.0,0.0,0,1.0,2,0,6,0.0,0.0,0.0
47.741,771,19.1,0.4666,0.9178,0.0265,-0.5834,1.0,-0.2471,0.0,0,1.0,6,0,6,0.0124,0.0,0.0049
47.792,772,19.1,0.296,0.9635,0.0,-0.5574,0.9751,-0.1129,0.0,0,1.0,8,0,6,0.0056,0.0,0.0023
47.847,773,19.1,0.2028,1.0,0.043,-0.3417,0.9536,-0.1129,0.0,0,1.0,9,0,6,0.0056,0.0,0.0023
47.906,774,19.1,0.2776,0.8904,0.0449,-0.421,0.9034,0.0,0.0,0,1.0,6,0,6,0.0,0.0,0.0
47.959,775,19.1,0.1105,1.0,0.0401,-0.2195,0.9019,0.0,0.0,0,1.0,6,0,6,0.0,0.0,0.0
48.018,776,19.1,0.1319,1.0,0.0364,-0.2731,0.9139,0.0,0.0,0,1.0,7,0,6,0.0,0.0,0.0
48.066,777,19.1,0.1011,1.0,0.0337,-0.2298,0.8966,0.0,0.0,0,1.0,3,0,6,0.0,0.0,0.0
48.12,778,19.1,0.1937,1.0,0.0341,-0.3613,0.9485,0.0,0.0,0,1.0,5,0,6,0.0,0.0,0.0
48.176,779,19.1,0.1702,1.0,0.0319,-0.3431,0.9353,0.0,0.0,0,1.0,4,0,6,0.0,0.0,0.0
48.225,780,19.1,0.1639,1.0,0.0387,-0.3098,0.9318,0.0,0.0,0,1.0,5,0,6,0.0,0.0,0.0
48.278,781,18.5,0.4398,1.0,0.0315,-0.545,1.0,0.0,0.0,0,1.0,5,0,6,0.0,0.0,0.0
48.333,782,18.5,0.4671,1.0,0.0202,-0.5826,1.0,0.0,0.0,0,1.0,4,0,6,0.0,0.0,0.0
48.383,783,18.5,0.4604,0.9805,0.0171,-0.5896,1.0,-0.1129,0.0,0,1.0,4,0,6,0.0056,0.0,0.0023
48.439,784,18.5,0.3772,0.8691,0.0,-0.6142,0.9413,-0.1967,0.0,0,1.0,2,0,6,0.0098,0.0,0.0039
48.497,785,18.5,0.0224,0.8062,0.0,-0.3827,0.6898,-0.1967,0.0,0,1.0,1,0,6,0.0098,0.0,0.0039
48.553,786,18.5,0.0795,1.0,0.0,-0.4219,0.8845,-0.7,0.0,0,1.0,2,0,6,0.035,0.0,0.014
48.611,787,18.5,0.0456,0.8292,0.0,-0.4038,0.722,-0.7,0.0,0,1.0,1,0,6,0.035,0.0,0.014
48.66,788,18.5,0.0602,0.8149,0.0,-0.4178,0.7182,0.0,0.0,0,1.0,1,0,6,0.0,0.0,0.0
48.72,789,18.5,0.1728,1.0,0.0061,-0.4542,0.9368,0.0,0.0,0,1.0,5,0,6,0.0,0.0,0.0
48.778,790,18.5,0.0928,0.9828,0.0262,-0.2519,0.8775,0.0,0.0,0,1.0,3,0,6,0.0,0.0,0.0
48.838,791,18.5,0.0878,0.8377,0.02,-0.2869,0.7529,0.0,0.0,0,1.0,4,0,6,0.0,0.0,0.0
48.899,792,18.5,0.0594,0.7902,0.112,0.1563,0.7265,0.0,0.0,0,1.0,4,0,6,0.0,0.0,0.0
48.957,793,18.5,0.3146,0.4051,0.0838,-0.4498,0.5165,0.0,0.0,0,1.0,3,0,6,0.0,0.0,0.0
49.015,794,18.5,0.1006,1.0,0.0067,-0.3866,0.8964,0.0,0.0,0,1.0,11,0,6,0.0,0.0,0.0
49.077,795,18.5,0.1669,0.789,0.0345,-0.349,0.7562,0.0,0.0,0,1.0,10,0,6,0.0,0.0,0.0
49.135,796,18.5,0.2263,0.7784,0.0014,-0.5432,0.7806,0.0,0.0,0,1.0,12,0,6,0.0,0.0,0.0
49.182,797,18.5,0.1697,0.8644,0.0582,-0.2618,0.8212,0.0,0.0,0,1.0,13,0,6,0.0,0.0,0.0
49.235,798,18.5,0.4863,0.6354,0.0188,-0.6775,0.8061,0.0,0.0,0,1.0,16,0,6,0.0,0.0,0.0
49.29,799,18.5,0.4792,0.5557,0.0536,-0.616,0.7352,0.0,0.0,0,1.0,14,0,6,0.0,0.0,0.0
49.343,800,18.5,0.3814,0.5587,0.0804,-0.4824,0.6829,-0.1129,0.0,0,1.0,14,0,6,0.0056,0.0,0.0023
49.395,801,18.5,0.2413,0.8056,0.0569,-0.3631,0.8119,-0.4651,0.0,0,1.0,14,0,6,0.0233,0.0,0.0093
49.456,802,18.5,0.1332,0.4405,0.749,0.6424,0.7895,0.0,0.0,0,1.0,13,0,6,0.0,0.0,0.0
49.516,803,18.5,0.2412,0.5512,0.5302,0.3184,0.7599,-0.1967,0.0,0,1.0,15,0,6,0.0098,0.0,0.0039
49.581,804,18.5,0.1307,0.5763,0.6065,0.5367,0.8238,-0.1967,0.0,0,1.0,15,0,6,0.0098,0.0,0.0039
49.635,805,18.5,0.2548,0.5809,0.4899,0.2626,0.7623,-0.2099,0.0,0,1.0,13,0,6,0.0105,0.0,0.0042
49.698,806,18.5,0.5228,0.4783,0.0884,-0.5908,0.6945,-0.158,0.0,0,1.0,10,0,6,0.0079,0.0,0.0032
49.756,807,18.5,0.108,0.6849,0.0603,-0.1491,0.6359,0.0915,0.0,0,1.0,3,0,6,0.0046,0.0,0.0018
49.814,808,18.5,0.1966,0.373,0.4711,0.3696,0.5772,0.0,0.0,0,1.0,8,0,6,0.0,0.0,0.0
49.876,809,18.5,0.0353,0.6004,0.7185,0.75,0.9067,-0.1235,0.0,0,1.0,14,0,6,0.0062,0.0,0.0025
49.943,810,18.5,0.1072,0.6942,0.2966,0.3137,0.7492,-0.1235,0.0,0,1.0,14,0,6,0.0062,0.0,0.0025
50.006,811,17.5,0.1954,0.9338,0.0489,-0.3203,0.8938,-0.1235,0.0,0,1.0,11,0,6,0.0062,0.0,0.0025
50.06,812,17.5,0.4969,0.5326,0.0898,-0.5552,0.7257,0.0,0.0,0,1.0,9,0,6,0.0,0.0,0.0
50.122,813,17.5,0.5751,0.4393,0.0798,-0.6525,0.691,-0.0961,0.0,0,1.0,10,0,6,0.0048,0.0,0.0019
50.18,814,17.5,0.1494,0.8695,0.0883,-0.1389,0.814,0.0915,0.0,0,1.0,12,0,6,0.0046,0.0,0.0018
50.237,815,17.5,0.0759,0.8892,0.1522,0.1778,0.8322,0.0,0.0,0,1.0,11,0,6,0.0,0.0,0.0
50.297,816,17.5,0.2874,0.6221,0.1165,-0.2922,0.6835,0.0,0.0,0,1.0,11,0,6,0.0,0.0,0.0
50.352,817,17.5,0.4515,0.6276,0.0104,-0.6839,0.78,0.0,0.0,0,1.0,8,0,6,0.0,0.0,0.0
50.402,818,17.5,0.4622,0.444,0.1499,-0.4322,0.6318,0.0,0.0,0,1.0,7,0,6,0.0,0.0,0.0
50.454,819,17.5,0.0112,0.6182,0.3698,0.6403,0.7264,0.0045,0.0,0,1.0,7,0,6,0.0002,0.0,0.0001
50.521,820,17.5,0.3951,0.6501,0.0619,-0.5154,0.7673,-0.7,0.0,0,1.0,9,0,6,0.035,0.0,0.014
50.591,821,17.5,0.0941,0.9098,0.3731,0.3851,0.9732,-0.7,0.0,0,1.0,10,0,6,0.035,0.0,0.014
50.652,822,17.5,0.4233,0.6138,0.0239,-0.6377,0.7527,-0.7,0.0,0,1.0,13,0,6,0.035,0.0,0.014
50.705,823,17.5,0.666,0.4564,0.0,-0.8585,0.7563,-0.7,0.0,0,1.0,14,0,6,0.035,0.0,0.014
50.765,824,17.5,0.1413,0.6759,0.3141,0.2649,0.7437,-0.0737,0.0,0,1.0,9,0,6,0.0037,0.0,0.0015
50.823,825,17.5,0.2127,0.6812,0.0932,-0.2424,0.6913,0.0,0.0,0,1.0,8,0,6,0.0,0.0,0.0
50.884,826,17.5,0.3613,0.5073,0.2216,-0.1938,0.6285,0.0,0.0,0,1.0,12,0,6,0.0,0.0,0.0
50.942,827,17.5,0.3066,0.605,0.4554,0.1618,0.7632,-0.1129,0.0,0,1.0,8,0,6,0.0056,0.0,0.0023
51.0,828,17.5,0.5748,0.5029,0.0,-0.808,0.7443,-0.1129,0.0,0,1.0,4,0,6,0.0056,0.0,0.0023
51.054,829,17.5,0.2853,0.6746,0.4814,0.2064,0.8363,-0.2303,0.0,0,1.0,13,0,6,0.0115,0.0,0.0046
51.114,830,17.5,0.8275,0.2287,0.2484,-0.5666,0.6555,-0.2664,0.0,0,1.0,14,0,6,0.0133,0.0,0.0053
51.173,831,17.5,0.0324,0.6044,0.6986,0.7472,0.8989,-0.1668,0.0,0,1.0,10,0,6,0.0083,0.0,0.0033
51.23,832,17.5,0.0112,0.5159,0.8065,0.8511,0.885,-0.1668,0.0,0,1.0,13,0,6,0.0083,0.0,0.0033
51.293,833,17.5,0.192,0.4025,0.494,0.3916,0.6148,-0.1235,0.0,0,1.0,17,0,6,0.0062,0.0,0.0025
51.354,834,17.5,0.1532,0.6794,0.4521,0.3732,0.8239,-0.0835,0.0,0,1.0,8,0,6,0.0042,0.0,0.0017
51.411,835,17.5,0.0378,0.6372,0.6744,0.718,0.9129,0.0915,0.0,0,1.0,11,0,6,0.0046,0.0,0.0018
51.475,836,17.5,0.3765,0.59,0.4482,0.0738,0.7465,0.0045,0.0,0,1.0,15,0,6,0.0002,0.0,0.0001
51.536,837,17.5,0.3415,0.5291,0.1722,-0.2551,0.6357,0.0045,0.0,0,1.0,12,0,6,0.0002,0.0,0.0001
51.599,838,17.5,0.3939,0.3557,0.2436,-0.212,0.5194,-0.2627,0.0,0,1.0,16,0,6,0.0131,0.0,0.0053
51.655,839,17.5,0.1031,0.8482,0.4383,0.4255,0.9579,-0.2303,0.0,0,1.0,10,0,6,0.0115,0.0,0.0046
51.715,840,17.5,0.4079,0.4505,0.4995,0.093,0.6581,-0.2303,0.0,0,1.0,16,0,6,0.0115,0.0,0.0046
51.776,841,16.9,0.2577,0.5738,0.5584,0.2857,0.7947,-0.2491,0.0,0,1.0,17,0,6,0.0125,0.0,0.005
51.832,842,16.9,0.1447,0.6316,0.5114,0.4404,0.817,-0.2491,0.0,0,1.0,13,0,6,0.0125,0.0,0.005
51.894,843,16.9,0.0244,0.7953,0.5304,0.6433,0.9651,-0.2156,0.0,0,1.0,10,0,6,0.0108,0.0,0.0043
51.961,844,16.9,0.0612,0.7993,0.6279,0.4924,1.0,0.0045,0.0,0,1.0,18,0,6,0.0002,0.0,0.0001
52.02,845,16.9,0.0646,0.6851,0.5826,0.6147,0.9017,-0.1716,0.0,0,1.0,15,0,6,0.0086,0.0,0.0034
52.082,846,16.9,0.4985,0.783,0.1546,-0.5043,0.9369,0.0915,0.0,0,1.0,13,0,6,0.0046,0.0,0.0018
52.142,847,16.9,0.1639,0.5353,0.6642,0.5258,0.8216,0.0045,0.0,0,1.0,14,0,6,0.0002,0.0,0.0001
52.196,848,16.9,0.1856,0.7214,0.472,0.3313,0.8703,0.0045,0.0,0,1.0,12,0,6,0.0002,0.0,0.0001
52.255,849,16.9,0.0766,0.5178,0.6841,0.6867,0.818,-0.1612,0.0,0,1.0,12,0,6,0.0081,0.0,0.0032
52.314,850,16.9,0.2609,0.5119,0.5659,0.3242,0.7469,0.0045,0.0,0,1.0,11,0,6,0.0002,0.0,0.0001
52.372,851,16.9,0.3253,0.6368,0.4057,0.089,0.7621,0.0045,0.0,0,1.0,11,0,6,0.0002,0.0,0.0001
52.431,852,16.9,0.2998,0.6931,0.4036,0.1155,0.8082,-0.2303,0.0,0,1.0,18,0,6,0.0115,0.0,0.0046
52.49,853,16.9,0.1908,0.5688,0.2698,0.1262,0.6288,-0.2773,0.0,0,1.0,15,0,6,0.0139,0.0,0.0055
52.55,854,16.9,0.221,0.6666,0.4237,0.243,0.7972,-0.2303,0.0,0,1.0,11,0,6,0.0115,0.0,0.0046
52.607,855,16.9,0.2382,0.531,0.5848,0.3667,0.7736,-0.7,0.0,0,1.0,13,0,6,0.035,0.0,0.014
52.669,856,16.9,0.4999,0.8253,0.2454,-0.2591,0.9732,-0.1967,0.0,0,1.0,11,0,6,0.0098,0.0,0.0039
52.737,857,16.9,0.2211,0.7047,0.1576,-0.1095,0.7157,-0.1967,0.0,0,1.0,6,1,6,0.0098,0.0,0.0039
52.798,858,16.9,0.323,0.2526,0.2434,-0.1322,0.3931,-0.0737,0.0,0,1.0,3,1,6,0.0037,0.0,0.0015
52.861,859,16.9,0.2911,0.9367,0.0,-0.5592,0.9498,0.0,0.0,0,1.0,13,1,6,0.0,0.0,0.0
52.926,860,16.9,0.1068,0.6963,0.5019,0.488,0.866,0.0,0.0,1,1.0,9,1,6,0.0,1.0,0.0
52.989,861,16.9,0.0703,0.3621,0.5506,0.6888,0.6125,-0.1967,0.0,1,1.0,9,1,6,0.0098,0.8,0.0039
53.043,862,16.9,0.5987,0.4381,0.0256,-0.7836,0.7033,0.0045,0.0,1,1.0,10,1,6,0.0002,0.8,0.0001
53.1,863,16.9,0.7298,0.3153,0.0638,-0.8067,0.6735,0.0045,0.0,1,1.0,7,1,6,0.0002,0.8,0.0001
53.151,864,16.9,0.5598,0.4264,0.1033,-0.5997,0.6716,0.0915,0.0,1,1.0,9,1,6,0.0046,0.8,0.0018
53.201,865,16.9,0.6359,0.193,0.0,-1.0,0.5182,0.0915,0.0,1,1.0,2,1,6,0.0046,0.8,0.0018
53.256,866,16.9,0.4423,0.1541,0.0,-1.0,0.3771,-0.0737,0.0,1,1.0,1,1,6,0.0037,0.8,0.0015
53.31,867,16.9,0.7184,0.669,0.1517,-0.5438,0.9643,-0.0737,0.0,1,1.0,6,1,6,0.0037,0.8,0.0015
53.359,868,16.9,0.535,0.6502,0.034,-0.662,0.8458,-0.1129,0.0,1,1.0,6,1,6,0.0056,0.8,0.0023
53.407,869,16.9,0.3094,0.9053,0.0,-0.5739,0.9337,0.0915,0.0,1,1.0,12,1,6,0.0046,0.8,0.0018
53.46,870,16.9,0.0,0.5059,0.0197,0.3915,0.436,0.0915,0.0,1,1.0,1,1,6,0.0046,0.8,0.0018
53.514,871,17.2,0.2664,1.0,0.0057,-0.5171,0.9892,0.0,0.0,1,1.0,8,1,6,0.0,0.8,0.0
53.571,872,17.2,0.3353,0.9355,0.0311,-0.4951,0.9736,0.0,0.0,0,1.0,9,1,6,0.0,0.8,0.0
53.632,873,17.2,0.4701,0.5835,0.093,-0.7208,0.7534,0.0,0.0,0,1.0,7,1,6,0.0,0.0,0.0
53.694,874,17.2,0.0884,0.7438,0.1537,0.1527,0.7108,-0.1129,0.0,0,1.0,11,1,6,0.0056,0.0,0.0023
53.757,875,17.2,0.2132,0.6048,0.4324,0.2695,0.7502,0.0,0.0,0,1.0,8,1,6,0.0,0.0,0.0
53.815,876,17.2,0.2511,0.7554,0.071,-0.3416,0.7751,-0.7,0.0,0,1.0,13,1,6,0.035,0.0,0.014
53.874,877,17.2,0.3057,0.6779,0.4418,0.1458,0.8168,0.0,0.0,0,1.0,16,1,6,0.0,0.0,0.0
53.943,878,17.2,0.6921,0.6583,0.2559,-0.3938,0.9406,-0.2303,0.0,0,1.0,20,1,6,0.0115,0.0,0.0046
54.001,879,17.2,0.6515,0.7981,0.0065,-0.725,1.0,-0.2303,0.0,0,1.0,11,1,6,0.0115,0.0,0.0046
54.052,880,17.2,1.0,0.4168,0.0251,-0.9104,0.9101,-0.1632,0.0,0,1.0,17,1,6,0.0082,0.0,0.0033
54.108,881,17.2,0.6723,0.6547,0.1561,-0.5166,0.9264,-0.1876,0.0,0,1.0,21,1,6,0.0094,0.0,0.0038
54.162,882,17.2,0.6092,0.6885,0.2581,-0.3353,0.9195,-0.1876,0.0,0,1.0,22,1,6,0.0094,0.0,0.0038
54.222,883,17.2,0.0,0.9233,0.5436,0.6713,1.0,-0.1632,0.0,0,1.0,23,1,6,0.0082,0.0,0.0033
54.283,884,17.2,0.0134,0.7427,0.7461,0.7571,1.0,0.0045,0.0,0,1.0,19,1,6,0.0002,0.0,0.0001
54.336,885,17.2,0.0961,0.5169,0.6786,0.6495,0.8142,-0.1967,0.0,0,1.0,17,1,6,0.0098,0.0,0.0039
54.398,886,17.2,0.1404,0.9577,0.3638,0.2879,1.0,-0.1967,0.0,0,1.0,19,1,6,0.0098,0.0,0.0039
54.453,887,17.2,0.1243,0.7711,0.5045,0.2275,0.9302,-0.0659,0.0,0,1.0,17,1,6,0.0033,0.0,0.0013
54.516,888,17.2,0.0818,0.481,0.5251,0.6051,0.6981,0.0045,0.0,0,1.0,15,1,6,0.0002,0.0,0.0001
54.573,889,17.2,0.7288,0.4627,0.2484,-0.4571,0.7968,0.0045,0.0,0,1.0,18,1,6,0.0002,0.0,0.0001
54.633,890,17.2,0.6922,0.611,0.3148,-0.3308,0.9008,-0.1851,0.0,0,1.0,18,1,6,0.0093,0.0,0.0037
54.695,891,17.2,0.2734,0.6601,0.468,0.2111,0.8166,-0.1851,0.0,0,1.0,14,1,6,0.0093,0.0,0.0037
54.757,892,17.2,0.5022,0.5878,0.1139,-0.4978,0.775,-0.289,0.0,0,1.0,10,1,6,0.0144,0.0,0.0058
54.816,893,17.2,0.6323,0.5202,0.3018,-0.3183,0.791,-0.0835,0.0,0,1.0,12,1,6,0.0042,0.0,0.0017
54.883,894,17.2,0.2486,0.3916,0.4677,0.2762,0.5909,-0.1967,0.0,0,1.0,11,1,6,0.0098,0.0,0.0039
54.954,895,17.2,0.3919,0.8394,0.1566,-0.2968,0.9245,-0.0835,0.0,0,1.0,15,1,6,0.0042,0.0,0.0017
55.016,896,17.2,0.2088,0.4026,0.5139,0.3798,0.626,-0.0835,0.0,0,1.0,9,1,6,0.0042,0.0,0.0017
55.068,897,17.2,0.0004,0.8684,0.575,0.6939,1.0,-0.0737,0.0,0,1.0,10,1,6,0.0037,0.0,0.0015
55.118,898,17.2,0.0,0.144,0.8762,1.0,0.6116,-0.0961,0.0,0,1.0,5,1,6,0.0048,0.0,0.0019
55.169,899,17.2,0.0328,0.7796,0.6502,0.6799,1.0,-0.2393,0.0,0,1.0,10,1,6,0.012,0.0,0.0048
55.218,900,17.2,0.5141,0.9494,0.2206,-0.8181,1.0,-0.2393,0.0,0,1.0,16,1,6,0.012,0.0,0.0048
55.276,901,17.1,0.6367,0.7509,0.1804,-0.4455,0.9873,-0.1275,0.0,0,1.0,11,1,6,0.0064,0.0,0.0026
55.328,902,17.1,0.1581,0.918,0.2885,0.1855,0.9327,-0.2099,0.0,0,1.0,8,1,6,0.0105,0.0,0.0042
55.385,903,17.1,0.2328,0.3834,0.5724,0.3919,0.6426,-0.2099,0.0,0,1.0,8,1,6,0.0105,0.0,0.0042
55.435,904,17.1,0.2199,0.8199,0.3046,0.1111,0.8592,-0.4651,0.0,0,1.0,8,1,6,0.0233,0.0,0.0093
55.486,905,17.1,0.1227,0.5664,0.6998,0.6016,0.8677,-0.2303,0.0,0,1.0,10,1,6,0.0115,0.0,0.0046
55.547,906,17.1,0.1128,0.489,0.5296,0.5431,0.7074,-0.1967,0.0,0,1.0,10,1,6,0.0098,0.0,0.0039
55.605,907,17.1,0.0464,0.6279,0.7543,0.7346,1.0,-0.1967,0.0,0,1.6,11,0,7,0.0098,0.0,0.0039
55.661,908,17.1,0.0982,0.5933,0.7176,0.6426,1.0,0.0045,0.0,0,1.56,8,0,7,0.0002,0.0,0.0001
55.722,909,17.1,0.1261,0.5766,0.6929,0.5903,1.0,-0.158,0.0,0,1.52,10,0,7,0.0079,0.0,0.0032
55.779,910,17.1,0.0446,0.888,0.4811,0.5583,1.0,-0.1967,0.0,0,1.48,15,0,7,0.0098,0.0,0.0039
55.838,911,17.1,0.0609,0.8768,0.3217,0.4193,1.0,-0.1129,0.0,0,1.44,9,0,7,0.0056,0.0,0.0023
55.904,912,17.1,0.289,0.433,0.623,0.3404,0.9976,-0.1129,0.0,0,1.4,11,0,7,0.0056,0.0,0.0023
55.965,913,17.1,0.0927,0.5685,0.6376,0.621,1.0,0.0,0.0,0,1.36,7,0,7,0.0,0.0,0.0
56.017,914,17.1,0.0289,0.819,0.2769,0.4773,1.0,-0.0737,0.0,0,1.32,5,0,7,0.0037,0.0,0.0015
56.068,915,17.1,0.1242,0.7515,0.0719,-0.1426,0.897,0.0,0.0,0,1.28,3,0,7,0.0,0.0,0.0
56.12,916,17.1,0.0769,0.5783,0.501,0.5723,0.9502,0.0,0.0,0,1.24,8,0,7,0.0,0.0,0.0
56.174,917,17.1,0.0763,0.5533,0.4329,0.534,0.8486,0.0,0.0,0,1.2,5,0,7,0.0,0.0,0.0
56.227,918,17.1,0.0495,0.3741,0.6889,0.7946,0.8121,-0.7,0.0,0,1.16,5,0,7,0.035,0.0,0.014
56.28,919,17.1,0.8151,0.367,0.0,-0.9392,0.8565,0.0045,0.0,0,1.12,2,0,7,0.0002,0.0,0.0001
56.335,920,17.1,0.2536,0.623,0.4001,0.177,0.8071,0.0045,0.0,0,1.08,5,0,7,0.0002,0.0,0.0001
56.381,921,17.1,0.4124,0.0156,0.0,-1.0,0.2538,-0.2156,0.0,0,1.04,1,0,7,0.0108,0.0,0.0043
56.436,922,17.1,0.0,0.0,0.0,0.0,0.3,-0.2156,0.0,0,1.0,0,0,7,0.0108,0.0,0.0043
56.487,923,17.1,0.1841,0.3327,0.0,-0.6592,0.3826,-0.7,0.0,0,1.0,1,0,7,0.035,0.0,0.014
56.546,924,17.1,0.1224,0.1143,0.5754,0.7022,0.4182,-0.7,0.0,0,1.0,3,0,7,0.035,0.0,0.014
56.604,925,17.1,0.3985,0.0242,0.0,-1.0,0.2435,0.0045,0.0,0,1.0,1,0,7,0.0002,0.0,0.0001
56.66,926,17.1,0.1816,0.892,0.0,-0.5021,0.851,-0.7,0.0,0,1.0,6,0,7,0.035,0.0,0.014
56.714,927,17.1,0.5894,0.5657,0.0032,-0.7812,0.8053,0.0,0.0,0,1.0,6,0,7,0.0,0.0,0.0
56.772,928,17.1,0.0513,0.745,0.1207,0.2088,0.6934,0.0,0.0,0,1.0,3,0,7,0.0,0.0,0.0
56.828,929,17.1,0.509,0.7324,0.0,-0.7044,0.9002,0.0915,0.0,0,1.0,5,0,7,0.0046,0.0,0.0018
56.888,930,17.1,0.4843,0.2404,0.0,-0.9214,0.4731,-0.0835,0.0,0,1.0,2,0,7,0.0042,0.0,0.0017
56.949,931,18.0,0.1272,0.5588,0.066,-0.1823,0.5406,-0.1129,0.0,0,1.0,2,0,7,0.0056,0.0,0.0023
57.01,932,18.0,0.2193,0.7645,0.0,-0.5473,0.765,0.0,0.0,0,1.0,4,0,7,0.0,0.0,0.0
57.074,933,18.0,0.0717,0.986,0.0795,0.0244,0.8728,0.0,0.0,0,1.0,9,0,7,0.0,0.0,0.0
57.127,934,18.0,0.4495,0.5679,0.0293,-0.6532,0.7288,0.0,0.0,0,1.0,3,0,7,0.0,0.0,0.0
57.174,935,18.0,0.2167,0.1872,0.0,-0.8106,0.4458,0.0,0.0,0,1.6,1,0,8,0.0,0.0,0.0
57.223,936,18.0,0.3313,0.5178,0.0,-0.6878,0.9679,0.0,0.0,0,1.56,2,0,8,0.0,0.0,0.0
57.278,937,18.0,0.0148,0.5897,0.2368,0.5393,0.9546,0.0,0.0,0,1.52,3,0,8,0.0,0.0,0.0
57.327,938,18.0,0.1942,0.693,0.0153,-0.4738,1.0,0.0,0.0,0,1.48,3,0,8,0.0,0.0,0.0
57.374,939,18.0,0.3795,0.7677,0.2625,-0.1353,1.0,0.0,0.0,0,1.44,8,0,8,0.0,0.0,0.0
57.426,940,18.0,0.5232,0.9315,0.0135,-0.6335,1.0,-0.1876,0.0,0,1.4,11,0,8,0.0094,0.0,0.0038
57.477,941,18.0,0.2006,0.8868,0.0075,-0.4822,1.0,-0.1876,0.0,0,1.36,10,0,8,0.0094,0.0,0.0038
57.538,942,18.0,0.4124,0.8724,0.0329,-0.5488,1.0,0.0915,0.0,0,1.32,8,0,8,0.0046,0.0,0.0018
57.595,943,18.0,0.2012,1.0,0.042,-0.3432,1.0,0.0,0.0,0,1.28,5,0,8,0.0,0.0,0.0
57.65,944,18.0,0.1953,0.9998,0.0469,-0.3209,1.0,0.0,0.0,0,1.24,5,0,8,0.0,0.0,0.0
57.705,945,18.0,0.3871,0.7378,0.0297,-0.5687,1.0,0.0,0.0,0,1.2,4,0,8,0.0,0.0,0.0
57.759,946,18.0,0.4489,0.7287,0.0336,-0.5978,1.0,-0.7,0.0,0,1.16,8,0,8,0.035,0.0,0.014
57.811,947,18.0,0.1027,0.6452,0.6267,0.5788,1.0,-0.1967,0.0,0,1.12,9,0,8,0.0098,0.0,0.0039
57.869,948,18.0,0.1862,0.6453,0.5538,0.4017,0.9203,-0.1967,0.0,0,1.08,8,0,8,0.0098,0.0,0.0039
57.93,949,18.0,0.0,0.5278,0.7859,0.8625,0.9188,-0.1129,0.0,0,1.04,5,0,8,0.0056,0.0,0.0023
57.983,950,18.0,0.1027,0.6121,0.5707,0.556,0.8337,-0.2122,0.0,0,1.0,10,0,8,0.0106,0.0,0.0042
58.034,951,18.0,0.455,0.5862,0.1543,-0.3889,0.7472,0.0915,0.0,0,1.0,5,0,8,0.0046,0.0,0.0018
58.084,952,18.0,0.0375,0.6291,0.7044,0.7322,0.9229,0.0915,0.0,0,1.0,6,0,8,0.0046,0.0,0.0018
58.129,953,18.0,0.0145,0.5494,0.3709,0.6532,0.6692,-0.1235,0.0,0,1.0,4,0,8,0.0062,0.0,0.0025
58.183,954,18.0,0.122,0.9634,0.011,-0.3856,0.8776,-0.7,0.0,0,1.0,4,0,8,0.035,0.0,0.014
58.232,955,18.0,0.1916,0.8947,0.0557,-0.2976,0.8588,-0.7,0.0,0,1.0,5,0,8,0.035,0.0,0.014
58.282,956,18.0,0.0401,0.7208,0.5353,0.6307,0.9053,0.0,0.0,0,1.0,4,0,8,0.0,0.0,0.0
58.333,957,18.0,0.0,0.3772,0.7453,0.9177,0.7342,0.0045,0.0,0,1.0,3,0,8,0.0002,0.0,0.0001
58.384,958,18.0,0.1696,0.7664,0.5253,0.3887,0.938,0.0045,0.0,0,1.0,5,0,8,0.0002,0.0,0.0001
58.436,959,18.0,0.5575,0.5588,0.2894,-0.2742,0.7816,-0.1967,0.0,0,1.0,4,0,8,0.0098,0.0,0.0039
58.486,960,18.0,0.4875,0.6935,0.2809,-0.2155,0.8556,-0.1876,0.0,0,1.0,5,0,8,0.0094,0.0,0.0038
58.546,961,18.8,0.4882,0.7015,0.2708,-0.2281,0.8626,-0.1876,0.0,0,1.0,6,0,8,0.0094,0.0,0.0038
58.602,962,18.8,0.8774,0.5251,0.1464,-0.6535,0.9324,-0.2722,0.0,0,1.0,6,0,8,0.0136,0.0,0.0054
58.651,963,18.8,0.575,0.8172,0.1411,-0.4558,1.0,-0.2825,0.0,0,1.6,6,0,9,0.0141,0.0,0.0056
58.7,964,18.8,0.8842,0.3772,0.1883,-0.6369,1.0,0.0915,0.0,0,1.56,4,0,9,0.0046,0.0,0.0018
58.763,965,18.8,0.9129,0.4817,0.0815,-0.774,1.0,0.0915,0.0,0,1.52,7,0,9,0.0046,0.0,0.0018
58.817,966,18.8,0.803,0.5969,0.0,-0.8418,1.0,-0.2538,0.0,0,1.48,4,0,9,0.0127,0.0,0.0051
58.869,967,18.8,0.8363,0.6053,0.0,-0.8473,1.0,-0.2156,0.0,0,1.44,4,0,9,0.0108,0.0,0.0043
58.931,968,18.8,0.423,0.4334,0.0101,-0.7434,0.8413,-0.2156,0.0,0,1.4,2,0,9,0.0108,0.0,0.0043
58.983,969,18.8,0.6965,0.8394,0.0629,-0.6333,1.0,-0.1876,0.0,0,1.36,5,0,9,0.0094,0.0,0.0038
59.03,970,18.8,0.4224,0.9305,0.0,-0.6222,1.0,-0.0737,0.0,0,1.32,3,0,9,0.0037,0.0,0.0015
59.083,971,18.8,0.344,0.7619,0.1252,-0.3172,1.0,-0.0737,0.0,0,1.28,3,0,9,0.0037,0.0,0.0015
59.137,972,18.8,0.3059,0.8365,0.1973,-0.1458,1.0,-0.7,0.0,0,1.24,4,0,9,0.035,0.0,0.014
59.191,973,18.8,0.1261,0.8917,0.1966,0.1273,1.0,-0.2303,0.0,0,1.2,3,0,9,0.0115,0.0,0.0046
59.242,974,18.8,0.1814,1.0,0.1884,0.0111,1.0,0.0,0.0,0,1.16,4,0,9,0.0,0.0,0.0
59.29,975,18.8,0.1783,1.0,0.1834,0.0083,1.0,0.0,0.0,0,1.12,5,0,9,0.0,0.0,0.0
59.338,976,18.8,0.6745,0.6169,0.1075,-0.6016,0.9677,0.0,0.0,0,1.08,4,0,9,0.0,0.0,0.0
59.391,977,18.8,0.499,0.5629,0.111,-0.5069,0.7824,-0.2303,0.0,0,1.04,2,0,9,0.0115,0.0,0.0046
59.443,978,18.8,0.342,0.7002,0.1311,-0.3093,0.7796,-0.2303,0.0,0,1.0,6,0,9,0.0115,0.0,0.0046
59.493,979,18.8,0.0836,0.9909,0.1614,0.1673,0.9228,0.0045,0.0,0,1.0,4,0,9,0.0002,0.0,0.0001
59.552,980,18.8,0.6658,0.4526,0.0,-0.8601,0.753,0.0,0.0,0,1.0,2,0,9,0.0,0.0,0.0
59.599,981,18.8,0.0327,0.5188,0.0,-0.4099,0.4541,0.0,0.0,0,1.0,1,0,9,0.0,0.0,0.0
59.651,982,18.8,0.2122,0.6122,0.0,-0.5762,0.6331,-0.0737,0.0,0,1.0,2,0,9,0.0037,0.0,0.0015
59.7,983,18.8,0.0,0.7575,0.0312,0.3932,0.6538,-0.0737,0.0,0,1.0,1,0,9,0.0037,0.0,0.0015
59.758,984,18.8,0.0,0.0,0.0,0.0,0.3,-0.0737,0.0,0,1.0,0,0,9,0.0037,0.0,0.0015
59.809,985,18.8,0.0,0.0,0.0,0.0,0.3,-0.0737,0.0,0,1.0,0,0,9,0.0037,0.0,0.0015
59.861,986,18.8,0.6419,0.4121,0.0396,-0.7807,0.7056,0.0,0.0,0,1.0,2,0,9,0.0,0.0,0.0
59.923,987,18.8,0.3329,0.1535,0.0,-0.9349,0.3154,0.0,0.0,0,1.0,1,0,9,0.0,0.0,0.0
59.977,988,18.8,0.2913,1.0,0.0198,-0.4883,1.0,-0.0737,0.0,0,1.0,4,0,9,0.0037,0.0,0.0015
60.023,989,18.8,0.3724,0.4424,0.0644,-0.5482,0.5802,0.0,0.0,0,1.0,3,0,9,0.0,0.0,0.0
60.074,990,18.8,0.3222,0.3327,0.0666,-0.5342,0.4599,0.0,0.0,0,1.0,2,0,9,0.0,0.0,0.0
60.142,991,18.9,0.5214,0.8691,0.038,-0.5953,1.0,0.0,0.0,0,1.0,3,0,9,0.0,0.0,0.0
60.203,992,18.9,0.331,0.901,0.038,-0.4795,0.9422,0.0,0.0,0,1.0,3,0,9,0.0,0.0,0.0
60.257,993,18.9,0.3373,0.801,0.0,-0.6089,0.8617,0.0,0.0,0,1.0,2,0,9,0.0,0.0,0.0
60.312,994,18.9,0.3435,0.7965,0.0,-0.6131,0.8615,0.0,0.0,0,1.0,2,0,9,0.0,0.0,0.0
60.369,995,18.9,0.159,0.7134,0.0,-0.5131,0.6883,0.0,0.0,0,1.0,1,0,9,0.0,0.0,0.0
60.415,996,18.9,0.3414,0.7986,0.0,-0.6116,0.862,0.0,0.0,0,1.0,2,0,9,0.0,0.0,0.0
60.468,997,18.9,0.1543,0.7169,0.0,-0.5088,0.6886,0.0,0.0,0,1.0,1,0,9,0.0,0.0,0.0
60.53,998,18.9,0.3329,0.8049,0.0,-0.6058,0.8625,0.0,0.0,0,1.0,2,0,9,0.0,0.0,0.0
60.584,999,18.9,0.3231,0.8154,0.0,-0.8367,0.8659,0.0,0.0,0,1.0,2,0,9,0.0,0.0,0.0
60.635,1000,18.9,0.5934,0.8393,0.0,-0.7079,1.0,0.0,0.0,0,1.0,3,0,9,0.0,0.0,0.0
60.685,1001,18.9,0.2419,0.2984,0.1292,-0.2506,0.3861,0.0,0.0,0,1.0,2,0,9,0.0,0.0,0.0
60.736,1002,18.9,0.939,0.3174,0.0,-0.9878,0.7924,0.0915,0.0,0,1.0,3,0,9,0.0046,0.0,0.0018
60.792,1003,18.9,0.7976,0.557,0.0072,-0.8411,0.9145,-0.1876,0.0,0,1.0,5,0,9,0.0094,0.0,0.0038
60.843,1004,18.9,0.3332,1.0,0.03,-0.4873,1.0,-0.1876,0.0,0,1.0,6,0,9,0.0094,0.0,0.0038
60.907,1005,18.9,0.5287,0.9716,0.0,-0.656,1.0,-0.2179,0.0,0,1.0,6,0,9,0.0109,0.0,0.0044
60.97,1006,18.9,0.2674,1.0,0.0345,-0.428,0.9898,0.0,0.0,0,1.0,7,0,9,0.0,0.0,0.0
61.026,1007,18.9,0.2177,0.7873,0.1922,-0.0403,0.7832,0.0,0.0,0,1.0,4,0,9,0.0,0.0,0.0
61.075,1008,18.9,0.4907,0.909,0.0,-0.6545,1.0,0.0,0.0,0,1.0,3,0,9,0.0,0.0,0.0
61.129,1009,18.9,0.7205,0.7174,0.0,-0.7809,1.0,0.0,0.0,0,1.0,4,0,9,0.0,0.0,0.0
61.181,1010,18.9,0.366,0.793,0.0,-0.6253,0.8711,-0.1129,0.0,0,1.0,2,0,9,0.0056,0.0,0.0023
61.235,1011,18.9,0.0829,0.466,0.0,-0.4869,0.4379,-0.7,0.0,0,1.0,1,0,9,0.035,0.0,0.014
61.295,1012,18.9,0.07,0.9947,0.0,-0.7237,0.8747,0.0,0.0,0,1.0,2,0,9,0.0,0.0,0.0
61.351,1013,18.9,0.0834,0.8771,0.0,-0.4329,0.7835,0.0,0.0,0,1.0,2,0,9,0.0,0.0,0.0
61.399,1014,18.9,0.1628,0.6778,0.0,-0.5226,0.6605,0.0,0.0,0,1.0,2,0,9,0.0,0.0,0.0
61.452,1015,18.9,0.1798,0.9638,0.0,-0.4921,0.9103,0.0,0.0,0,1.0,3,0,9,0.0,0.0,0.0
61.509,1016,18.9,0.1585,0.9363,0.0,-0.4816,0.8753,0.0,0.0,0,1.0,3,0,9,0.0,0.0,0.0
61.568,1017,18.9,0.2158,1.0,0.0,-0.5091,0.9608,0.0,0.0,0,1.0,4,0,9,0.0,0.0,0.0
61.629,1018,18.9,0.1028,1.0,0.006,-0.3933,0.8976,0.0,0.0,0,1.0,6,0,9,0.0,0.0,0.0
61.687,1019,18.9,0.6026,0.1501,0.0,-1.0,0.4635,0.0,0.0,0,1.0,2,0,9,0.0,0.0,0.0
61.744,1020,18.9,0.6514,0.3522,0.0,-0.9052,0.6606,0.0045,0.0,0,1.0,4,0,9,0.0002,0.0,0.0001
61.801,1021,18.0,0.3254,0.9507,0.0,-0.5742,0.9808,0.0045,0.0,0,1.0,3,0,9,0.0002,0.0,0.0001
61.85,1022,18.0,0.3344,0.9262,0.0,-0.5828,0.9653,-0.0737,0.0,0,1.0,3,0,9,0.0037,0.0,0.0015
61.905,1023,18.0,0.374,0.9415,0.0,-0.5988,1.0,0.0,0.0,0,1.0,5,0,9,0.0,0.0,0.0
61.962,1024,18.0,0.3687,0.9945,0.0,-0.5872,1.0,0.0,0.0,0,1.0,5,0,9,0.0,0.0,0.0
62.017,1025,18.0,0.4042,1.0,0.0,-0.5149,1.0,0.0,0.0,0,1.0,4,0,9,0.0,0.0,0.0
62.063,1026,18.0,0.1686,1.0,0.0,-0.4812,0.9344,-0.7,0.0,0,1.0,4,0,9,0.035,0.0,0.014
62.117,1027,18.0,0.0228,0.7604,0.0,-0.3845,0.6515,-0.7,0.0,0,1.0,1,0,9,0.035,0.0,0.014
62.165,1028,18.0,0.1694,1.0,0.0268,-0.3617,0.9348,0.0,0.0,0,1.0,4,0,9,0.0,0.0,0.0
62.216,1029,18.0,0.1223,1.0,0.0,-0.4515,0.9085,0.0,0.0,0,1.0,3,0,9,0.0,0.0,0.0
62.267,1030,18.0,0.2032,1.0,0.0124,-0.4506,0.9538,0.0,0.0,0,1.0,6,0,9,0.0,0.0,0.0
62.314,1031,18.0,0.2158,1.0,0.0,-0.5091,0.9608,0.0,0.0,0,1.0,6,0,9,0.0,0.0,0.0
62.366,1032,18.0,0.5204,1.0,0.0065,-0.6338,1.0,0.0,0.0,0,1.0,6,0,9,0.0,0.0,0.0
62.417,1033,18.0,0.5396,0.9277,0.0,-0.6689,1.0,0.0,0.0,0,1.0,3,0,9,0.0,0.0,0.0
62.467,1034,18.0,0.1036,1.0,0.0,-0.4389,0.898,0.0915,0.0,0,1.0,3,0,9,0.0046,0.0,0.0018
62.522,1035,18.0,0.3062,1.0,0.0,-0.5569,1.0,0.0,0.0,0,1.0,4,0,9,0.0,0.0,0.0
62.577,1036,18.0,0.1108,0.8893,0.0,-0.4988,0.8091,0.0,0.0,0,1.0,2,0,9,0.0,0.0,0.0
62.633,1037,18.0,0.2346,1.0,0.022,-0.4404,0.9714,0.0,0.0,0,1.0,3,0,9,0.0,0.0,0.0
62.684,1038,18.0,0.2585,1.0,0.0235,-0.4541,0.9848,0.0,0.0,0,1.0,5,0,9,0.0,0.0,0.0
62.736,1039,18.0,0.1372,0.7238,0.0,-0.4939,0.6849,0.0,0.0,0,1.0,1,0,9,0.0,0.0,0.0
62.793,1040,18.0,0.1581,1.0,0.0118,-0.4148,0.9285,0.0,0.0,0,1.0,3,0,9,0.0,0.0,0.0
62.843,1041,18.0,0.155,1.0,0.027,-0.3439,0.9268,0.0,0.0,0,1.0,3,0,9,0.0,0.0,0.0
62.894,1042,18.0,0.3235,0.9467,0.0448,-0.4504,0.9764,0.0,0.0,0,1.0,5,0,9,0.0,0.0,0.0
62.958,1043,18.0,0.1188,0.8159,0.0924,-0.0666,0.7519,0.0,0.0,0,1.0,5,0,9,0.0,0.0,0.0
63.013,1044,18.0,0.1741,0.461,0.3084,0.2199,0.5599,0.0,0.0,0,1.0,5,0,9,0.0,0.0,0.0
63.069,1045,18.0,0.1771,0.524,0.2119,0.0641,0.5588,0.0,0.0,0,1.0,5,0,9,0.0,0.0,0.0
63.119,1046,18.0,0.0,0.4488,0.3908,0.751,0.5958,0.0,0.0,0,1.0,3,0,9,0.0,0.0,0.0
63.177,1047,18.0,0.1702,0.9257,0.0,-0.4905,0.8729,0.0,0.0,0,1.0,8,0,9,0.0,0.0,0.0
63.225,1048,18.0,0.3706,0.5738,0.0526,-0.5384,0.6896,0.0,0.0,0,1.0,6,0,9,0.0,0.0,0.0
63.278,1049,18.0,0.1791,0.3636,0.521,0.4459,0.5972,0.0,0.0,0,1.0,9,0,9,0.0,0.0,0.0
63.342,1050,18.0,0.2337,0.3139,0.4718,0.3176,0.5278,0.0,0.0,0,1.0,13,0,9,0.0,0.0,0.0
63.409,1051,18.8,0.3128,0.7658,0.0466,-0.4654,0.8185,-0.1198,0.0,0,1.0,11,0,9,0.006,0.0,0.0024
63.462,1052,18.8,0.1479,0.9428,0.0588,-0.2203,0.8748,0.0,0.0,0,1.0,12,0,9,0.0,0.0,0.0
63.523,1053,18.8,0.2816,0.8031,0.0357,-0.4633,0.8323,0.0,0.0,0,1.0,11,0,9,0.0,0.0,0.0
63.579,1054,18.8,0.4658,0.6723,0.007,-0.6858,0.8256,0.0,0.0,0,1.0,11,0,9,0.0,0.0,0.0
63.637,1055,18.8,0.4617,0.3945,0.1998,-0.3509,0.5899,-0.1129,0.0,0,1.0,11,0,9,0.0056,0.0,0.0023
63.695,1056,18.8,0.4052,0.7083,0.0,-0.6657,0.8218,-0.1129,0.0,0,1.0,13,0,9,0.0056,0.0,0.0023
63.756,1057,18.8,0.487,0.5682,0.0,-0.7477,0.75,-0.2303,0.0,0,1.0,9,0,9,0.0115,0.0,0.0046
63.812,1058,18.8,0.498,0.5271,0.0574,-0.6275,0.7216,-0.7,0.0,0,1.0,12,0,9,0.035,0.0,0.014
63.872,1059,18.8,0.4636,0.5137,0.0239,-0.6937,0.6911,-0.1967,0.0,0,1.0,9,0,9,0.0098,0.0,0.0039
63.936,1060,18.8,0.2203,0.6806,0.1426,-0.1395,0.6951,-0.1129,0.0,0,1.0,5,0,9,0.0056,0.0,0.0023
63.999,1061,18.8,0.5212,0.4719,0.0257,-0.7346,0.6883,0.0,0.0,0,1.0,12,0,9,0.0,0.0,0.0
64.056,1062,18.8,0.4903,0.5053,0.0561,-0.633,0.699,0.0915,0.0,0,1.0,4,0,9,0.0046,0.0,0.0018
64.113,1063,18.8,0.5822,0.5332,0.0109,-0.7729,0.7739,0.0915,0.0,0,1.0,11,0,9,0.0046,0.0,0.0018
64.171,1064,18.8,0.1632,0.6848,0.2012,0.068,0.6879,0.0045,0.0,0,1.0,8,0,9,0.0002,0.0,0.0001
64.228,1065,18.8,0.2953,0.7334,0.0843,-0.3594,0.7814,0.0,0.0,0,1.0,6,0,9,0.0,0.0,0.0
64.278,1066,18.8,0.4324,0.5626,0.0494,-0.5943,0.7148,0.0,0.0,0,1.0,9,0,9,0.0,0.0,0.0
64.334,1067,18.8,0.0,0.6743,0.4136,0.6793,0.798,0.0,0.0,0,1.0,8,0,9,0.0,0.0,0.0
64.394,1068,18.8,0.2315,0.5808,0.318,0.1209,0.666,-0.4651,0.0,0,1.0,7,0,9,0.0233,0.0,0.0093
64.444,1069,18.8,0.2134,0.6044,0.3205,0.1513,0.6872,-0.7,0.0,0,1.0,14,0,9,0.035,0.0,0.014
64.507,1070,18.8,0.688,0.1371,0.1603,-0.6737,0.5005,0.1784,0.0,0,1.0,6,0,9,0.0089,0.0,0.0036
64.566,1071,18.8,0.1422,0.4321,0.6185,0.5608,0.7094,-0.1363,0.0,0,1.0,14,0,9,0.0068,0.0,0.0027
64.622,1072,18.8,0.1819,0.9112,0.1203,-0.116,0.8673,-0.1363,0.0,0,1.0,16,0,9,0.0068,0.0,0.0027
64.678,1073,18.8,0.2467,0.6688,0.2028,-0.0681,0.7,-0.1038,0.0,0,1.0,12,0,9,0.0052,0.0,0.0021
64.741,1074,18.8,0.1729,0.8952,0.0983,-0.1527,0.8487,0.0,0.0,0,1.0,15,0,9,0.0,0.0,0.0
64.797,1075,18.8,0.2371,0.8244,0.0871,-0.2763,0.8253,0.0,0.0,0,1.0,13,1,9,0.0,0.0,0.0
64.856,1076,18.8,0.0088,0.8453,0.2165,0.4949,0.8313,0.0,0.0,0,1.0,10,1,9,0.0,0.0,0.0
64.918,1077,18.8,0.3478,0.5628,0.0389,-0.5607,0.6675,0.0,0.0,0,1.0,3,1,9,0.0,0.0,0.0
64.98,1078,18.8,0.3842,0.827,0.1815,-0.2512,0.9098,0.0,0.0,0,1.0,12,1,9,0.0,0.0,0.0
65.037,1079,18.8,0.4146,0.4489,0.2618,-0.1954,0.6092,-0.2303,0.0,0,1.0,13,1,9,0.0115,0.0,0.0046
65.098,1080,18.8,0.2744,0.9281,0.0382,-0.432,0.9332,-0.2303,0.0,0,1.0,15,1,9,0.0115,0.0,0.0046
65.159,1081,17.1,0.4805,0.528,0.2322,-0.2935,0.7126,-0.0894,0.0,0,1.0,9,1,9,0.0045,0.0,0.0018
65.209,1082,17.1,0.5923,0.5329,0.1741,-0.4668,0.7793,0.0,0.0,0,1.0,15,1,9,0.0,0.0,0.0
65.263,1083,17.1,0.5575,0.4829,0.1548,-0.4866,0.7178,-0.1235,0.0,0,1.0,17,1,9,0.0062,0.0,0.0025
65.321,1084,17.1,0.0721,0.7227,0.3041,0.3992,0.7773,-0.1235,0.0,0,1.0,10,1,9,0.0062,0.0,0.0025
65.38,1085,17.1,0.6059,0.4436,0.0526,-0.7241,0.7119,-0.1363,0.0,0,1.0,12,1,9,0.0068,0.0,0.0027
65.437,1086,17.1,0.5726,0.6694,0.0332,-0.6759,0.8829,0.0915,0.0,0,1.0,14,1,9,0.0046,0.0,0.0018
65.5,1087,17.1,0.3881,0.8709,0.0873,-0.4155,0.9488,0.0915,0.0,0,1.0,18,1,9,0.0046,0.0,0.0018
65.569,1088,17.1,0.6027,0.7678,0.0173,-0.6942,0.9825,-0.7,0.0,0,1.0,22,1,9,0.035,0.0,0.014
65.63,1089,17.1,0.6962,0.7539,0.0,-0.7633,1.0,-0.7,0.0,0,1.0,20,1,9,0.035,0.0,0.014
65.687,1090,17.1,0.4844,0.9078,0.0321,-0.582,1.0,0.0045,0.0,0,1.0,16,1,9,0.0002,0.0,0.0001
65.748,1091,17.1,0.4615,0.8138,0.0,-0.664,0.9421,-0.1129,0.0,0,1.0,17,1,9,0.0056,0.0,0.0023
65.803,1092,17.1,0.4744,0.8092,0.0,-0.6704,0.9454,-0.1967,0.0,0,1.0,17,1,9,0.0098,0.0,0.0039
65.865,1093,17.1,0.5512,0.8849,0.0,-0.6824,1.0,-0.1129,0.0,0,1.0,13,1,9,0.0056,0.0,0.0023
65.926,1094,17.1,0.3332,0.5399,0.4866,0.1621,0.726,-0.1129,0.0,0,1.0,11,1,9,0.0056,0.0,0.0023
65.99,1095,17.1,0.0686,0.7187,0.2951,0.3999,0.7689,0.0915,0.0,0,1.0,8,1,9,0.0046,0.0,0.0018
66.042,1096,17.1,0.1381,1.0,0.0255,-0.3291,0.9174,-0.2303,0.0,0,1.0,15,1,9,0.0115,0.0,0.0046
66.094,1097,17.1,0.1303,0.9812,0.0255,-0.3196,0.8972,0.0,0.0,0,1.0,8,1,9,0.0,0.0,0.0
66.147,1098,17.1,0.1158,1.0,0.0342,-0.2556,0.9049,0.0,0.0,0,1.0,8,1,9,0.0,0.0,0.0
66.202,1099,17.1,0.1556,0.9528,0.0451,-0.2786,0.8875,0.0,0.0,0,1.0,12,1,9,0.0,0.0,0.0
66.254,1100,17.1,0.1744,0.8085,0.1129,-0.1243,0.7769,0.0,0.0,0,1.0,7,1,9,0.0,0.0,0.0
66.312,1101,17.1,0.3107,0.7437,0.0653,-0.419,0.7987,0.0,0.0,0,1.0,12,1,9,0.0,0.0,0.0
66.375,1102,17.1,0.051,0.9242,0.1193,0.1969,0.8431,0.0,0.0,0,1.0,9,1,9,0.0,0.0,0.0
66.425,1103,17.1,0.3865,0.9297,0.0234,-0.5466,0.9974,0.0,0.0,0,1.0,10,1,9,0.0,0.0,0.0
66.478,1104,17.1,0.2511,1.0,0.0034,-0.5161,0.9806,-0.4651,0.0,0,1.0,12,1,9,0.0233,0.0,0.0093
66.546,1105,17.1,0.1948,1.0,0.0681,-0.2578,0.9491,-0.4651,0.0,0,1.0,10,1,9,0.0233,0.0,0.0093
66.605,1106,17.1,0.1448,1.0,0.0574,-0.2168,0.9211,0.0,0.0,0,1.0,8,1,9,0.0,0.0,0.0
66.665,1107,17.1,0.3494,1.0,0.0054,-0.5624,1.0,0.0,0.0,0,1.0,14,1,9,0.0,0.0,0.0
66.722,1108,17.1,0.0757,1.0,0.0949,0.0543,0.8932,0.0,0.0,0,1.0,11,1,9,0.0,0.0,0.0
66.78,1109,17.1,0.177,1.0,0.0311,-0.3539,0.9391,0.0,0.0,0,1.0,17,1,9,0.0,0.0,0.0
66.841,1110,17.1,0.0,1.0,0.1352,0.46,0.9157,0.0,0.0,0,1.0,14,1,9,0.0,0.0,0.0
66.898,1111,17.2,0.0,1.0,0.2301,0.5171,0.9689,0.0,0.0,0,1.0,17,1,9,0.0,0.0,0.0
66.96,1112,17.2,0.0114,1.0,0.2343,0.477,0.9712,0.0,0.0,0,1.0,17,1,9,0.0,0.0,0.0
67.02,1113,17.2,0.0913,0.9432,0.2373,0.2564,0.9251,0.0,0.0,0,1.0,14,1,9,0.0,0.0,0.0
67.075,1114,17.2,0.0,1.0,0.1927,0.4957,0.9479,0.0,0.0,0,1.0,13,1,9,0.0,0.0,0.0
67.126,1115,17.2,0.0918,1.0,0.1527,0.1308,0.9255,0.0,0.0,0,1.0,10,1,9,0.0,0.0,0.0
67.175,1116,17.2,0.0896,1.0,0.0517,-0.1244,0.8902,0.0,0.0,0,1.0,14,1,9,0.0,0.0,0.0
67.226,1117,17.2,0.1132,1.0,0.0899,-0.0574,0.9034,0.0,0.0,0,1.0,9,1,9,0.0,0.0,0.0
67.281,1118,17.2,0.2418,1.0,0.0,-0.5236,0.9754,0.0,0.0,0,1.0,5,1,9,0.0,0.0,0.0
67.333,1119,17.2,0.1844,1.0,0.0251,-0.3844,0.9432,0.0,0.0,0,1.0,7,1,9,0.0,0.0,0.0
67.394,1120,17.2,0.1539,1.0,0.0805,-0.1628,0.9262,0.0,0.0,0,1.0,6,1,9,0.0,0.0,0.0
67.447,1121,17.2,0.2237,1.0,0.0198,-0.4392,0.9653,0.0,0.0,0,1.0,8,1,9,0.0,0.0,0.0
67.507,1122,17.2,0.1904,1.0,0.051,-0.358,0.9466,0.0,0.0,0,1.0,6,1,9,0.0,0.0,0.0
67.566,1123,17.2,0.1984,1.0,0.0498,-0.3156,0.9511,0.0,0.0,0,1.0,9,1,9,0.0,0.0,0.0
67.623,1124,17.2,0.1766,1.0,0.027,-0.369,0.9389,0.0,0.0,0,1.0,10,1,9,0.0,0.0,0.0
67.684,1125,17.2,0.1268,1.0,0.1211,-0.0121,0.911,0.0,0.0,0,1.0,12,1,9,0.0,0.0,0.0
67.748,1126,17.2,0.0457,1.0,0.2681,0.3972,0.9901,0.0,0.0,0,1.0,14,1,9,0.0,0.0,0.0
67.803,1127,17.2,0.1501,1.0,0.18,0.0514,0.9408,0.0,0.0,0,1.0,10,1,9,0.0,0.0,0.0
67.863,1128,17.2,0.7391,0.3517,0.0945,-0.7352,0.7094,0.0,0.0,0,1.0,13,1,9,0.0,0.0,0.0
67.923,1129,17.2,0.3009,0.6564,0.4247,0.1367,0.7892,-0.2122,0.0,0,1.0,9,1,9,0.0106,0.0,0.0042
67.982,1130,17.2,0.4222,0.5366,0.4234,0.0013,0.6879,-0.2303,0.0,0,1.0,12,1,9,0.0115,0.0,0.0046
68.04,1131,17.2,0.4302,0.545,0.407,-0.0241,0.6987,-0.2303,0.0,0,1.0,8,1,9,0.0115,0.0,0.0046
68.092,1132,17.2,0.3446,0.6141,0.2309,-0.1515,0.7088,-0.7,0.0,0,1.0,10,1,9,0.035,0.0,0.014
68.147,1133,17.2,0.5814,0.5219,0.0693,-0.6501,0.7639,-0.4651,0.0,0,1.0,12,1,9,0.0233,0.0,0.0093
68.202,1134,17.2,0.7099,0.4004,0.0555,-0.7793,0.7338,0.0915,0.0,0,1.0,8,1,9,0.0046,0.0,0.0018
68.251,1135,17.2,0.7534,0.3602,0.0623,-0.7986,0.7245,0.0915,0.0,0,1.0,8,1,9,0.0046,0.0,0.0018
68.305,1136,17.2,0.5858,0.2076,0.3651,-0.2436,0.5025,-0.0737,0.0,0,1.0,7,1,9,0.0037,0.0,0.0015
68.361,1137,17.2,0.3221,0.8853,0.2625,-0.0709,0.924,-0.2825,0.0,0,1.0,8,1,9,0.0141,0.0,0.0056
68.419,1138,17.2,0.4382,0.8484,0.0,-0.6461,0.958,-0.0737,0.0,0,1.0,10,1,9,0.0037,0.0,0.0015
68.469,1139,17.2,0.2898,0.4864,0.5501,0.2764,0.7166,-0.0737,0.0,0,1.0,6,1,9,0.0037,0.0,0.0015
68.53,1140,17.2,0.3757,0.2071,0.4568,0.1006,0.4297,-0.4651,0.0,0,1.0,9,1,9,0.0233,0.0,0.0093
68.588,1141,17.8,0.1998,1.0,0.2809,0.1067,0.9973,-0.287,0.0,0,1.0,14,1,9,0.0143,0.0,0.0057
68.647,1142,17.8,0.242,0.763,0.4304,0.1317,0.8819,-0.2303,0.0,0,1.0,14,1,9,0.0115,0.0,0.0046
68.708,1143,17.8,0.8566,0.2243,0.1266,-0.7752,0.6681,-0.2303,0.0,1,1.0,10,1,9,0.0115,1.0,0.0046
68.765,1144,17.8,0.5088,0.1852,0.3975,-0.1299,0.4405,-0.2303,0.0,1,1.0,8,1,9,0.0115,0.8,0.0046
68.82,1145,17.8,0.0,0.4969,0.656,0.838,0.7848,-0.2303,0.0,1,1.0,8,1,9,0.0115,0.8,0.0046
68.881,1146,17.8,0.1964,0.714,0.0852,-0.2359,0.7097,0.0045,0.0,1,1.0,10,1,9,0.0002,0.8,0.0001
68.941,1147,17.8,0.5386,0.4494,0.0119,-0.787,0.6791,0.0,0.0,1,1.0,4,1,9,0.0,0.8,0.0
69.002,1148,17.8,0.5786,0.3371,0.0642,-0.7291,0.6072,0.0,0.0,1,1.0,4,1,9,0.0,0.8,0.0
69.05,1149,17.8,0.3319,0.3347,0.2171,-0.1844,0.467,0.0915,0.0,1,1.0,3,1,9,0.0046,0.8,0.0018
69.1,1150,17.8,0.3344,0.6826,0.3681,0.0377,0.7795,0.1784,0.0,1,1.0,5,1,9,0.0089,0.8,0.0036
69.153,1151,17.8,0.3772,0.5397,0.3504,-0.0311,0.6646,0.1784,0.0,1,1.0,8,1,9,0.0089,0.8,0.0036
69.21,1152,17.8,0.2064,0.7203,0.4618,0.2921,0.8637,-0.0961,0.0,1,1.0,9,1,9,0.0048,0.8,0.0019
69.263,1153,17.8,0.3193,0.9037,0.0382,-0.4703,0.9379,-0.2303,0.0,1,1.0,11,1,9,0.0115,0.8,0.0046
69.316,1154,17.8,0.0896,0.7339,0.1781,0.1934,0.7162,0.0,0.0,1,1.0,5,1,9,0.0,0.8,0.0
69.377,1155,17.8,0.4233,0.3644,0.216,-0.2902,0.5431,0.0,0.0,0,1.0,13,1,9,0.0,0.8,0.0
69.44,1156,17.8,0.0834,0.7456,0.3772,0.4343,0.8375,0.0,0.0,0,1.0,23,1,9,0.0,0.0,0.0
69.496,1157,17.8,0.0857,0.748,0.2775,0.3351,0.7837,-0.7,0.0,0,1.0,22,1,9,0.035,0.0,0.014
69.561,1158,17.8,0.337,0.4981,0.5502,0.2158,0.7265,0.0,0.0,0,1.0,29,1,9,0.0,0.0,0.0
69.621,1159,17.8,0.1156,0.7102,0.5304,0.4881,0.8936,-0.2491,0.0,0,1.0,27,1,9,0.0125,0.0,0.005
69.679,1160,17.8,0.2886,0.5552,0.5719,0.2867,0.7867,0.0045,0.0,0,1.0,32,1,9,0.0002,0.0,0.0001
69.743,1161,17.8,0.0949,0.9384,0.0892,-0.0154,0.8414,0.0045,0.0,0,1.0,18,1,9,0.0002,0.0,0.0001
69.811,1162,17.8,0.0112,0.6655,0.7543,0.7857,0.9814,0.0,0.0,0,1.0,27,1,9,0.0,0.0,0.0
69.877,1163,17.8,0.0558,0.776,0.6011,0.6184,0.9885,0.0,0.0,0,1.0,20,1,9,0.0,0.0,0.0
69.95,1164,17.8,0.3445,0.8585,0.0088,-0.5747,0.914,-0.1967,0.0,0,1.0,16,1,9,0.0098,0.0,0.0039
70.005,1165,17.8,0.6426,0.8261,0.1847,-0.4319,1.0,0.0915,0.0,0,1.0,18,2,9,0.0046,0.0,0.0018
70.063,1166,17.8,0.3058,1.0,0.154,-0.2061,1.0,-0.1833,0.0,0,1.0,18,2,9,0.0092,0.0,0.0037
70.121,1167,17.8,0.2913,0.9593,0.2433,-0.0593,0.9689,-0.1833,0.0,0,1.0,21,2,9,0.0092,0.0,0.0037
70.181,1168,17.8,0.0124,0.6209,0.6907,0.7776,0.9083,0.0,0.0,0,1.0,26,2,9,0.0,0.0,0.0
70.234,1169,17.8,0.0,0.5862,0.7779,0.839,0.928,0.0915,0.0,0,1.0,21,2,9,0.0046,0.0,0.0018
70.294,1170,17.8,0.176,0.686,0.6198,0.4524,0.9233,-0.1967,0.0,0,1.0,17,2,9,0.0098,0.0,0.0039
70.343,1171,17.0,0.016,0.6243,0.6302,0.7483,0.8773,-0.1967,0.0,0,1.0,21,2,9,0.0098,0.0,0.0039
70.402,1172,17.0,0.062,0.7107,0.6265,0.6341,0.9478,-0.1833,0.0,0,1.0,11,2,9,0.0092,0.0,0.0037
70.461,1173,17.0,0.0302,0.6345,0.5238,0.6697,0.8263,-0.1716,0.0,0,1.0,17,2,9,0.0086,0.0,0.0034
70.52,1174,17.0,0.1481,0.5085,0.5033,0.4536,0.709,0.0045,0.0,0,1.0,21,2,9,0.0002,0.0,0.0001
70.583,1175,17.0,0.4877,0.3259,0.1557,-0.4735,0.5469,-0.0961,0.0,0,1.0,12,2,9,0.0048,0.0,0.0019
70.64,1176,17.0,0.1407,0.7399,0.4426,0.378,0.8694,-0.0961,0.0,0,1.0,19,2,9,0.0048,0.0,0.0019
70.695,1177,17.0,0.1024,0.7931,0.2537,0.2634,0.8083,0.0045,0.0,0,1.0,22,2,9,0.0002,0.0,0.0001
70.758,1178,17.0,0.599,0.4868,0.1202,-0.5731,0.7444,0.0,0.0,0,1.0,27,2,9,0.0,0.0,0.0
70.816,1179,17.0,0.0494,0.7113,0.2785,0.4368,0.7535,0.0915,0.0,0,1.0,13,2,9,0.0046,0.0,0.0018
70.877,1180,17.0,0.3118,1.0,0.0217,-0.4957,1.0,0.0,0.0,0,1.0,11,2,9,0.0,0.0,0.0
70.943,1181,17.0,0.1409,0.5078,0.34,0.3182,0.617,0.0,0.0,0,1.0,14,2,9,0.0,0.0,0.0
70.999,1182,17.0,0.3525,0.9197,0.0282,-0.5161,0.9699,0.0,0.0,0,1.0,9,2,9,0.0,0.0,0.0
71.053,1183,17.0,0.0813,0.8387,0.22,0.2679,0.8277,0.0,0.0,0,1.0,14,2,9,0.0,0.0,0.0
71.11,1184,17.0,0.227,0.3372,0.3746,0.2204,0.4931,0.0,0.0,0,1.0,7,2,9,0.0,0.0,0.0
71.173,1185,17.0,0.0054,1.0,0.1171,0.412,0.9056,0.0045,0.0,0,1.0,16,2,9,0.0002,0.0,0.0001
71.226,1186,17.0,0.138,0.9935,0.012,-0.3947,0.9118,0.0,0.0,0,1.0,17,2,9,0.0,0.0,0.0
71.277,1187,17.0,0.345,0.7492,0.0694,-0.4383,0.8225,0.0,0.0,0,1.0,10,2,9,0.0,0.0,0.0
71.333,1188,17.0,0.732,0.4552,0.2022,-0.5244,0.7922,0.0,0.0,0,1.0,17,2,9,0.0,0.0,0.0
71.388,1189,17.0,0.1737,0.7849,0.1461,-0.0109,0.7566,0.0,0.0,0,1.0,17,2,9,0.0,0.0,0.0
71.443,1190,17.0,0.0,0.3112,0.6653,0.9323,0.6339,-0.2405,0.0,0,1.0,12,2,9,0.012,0.0,0.0048
71.496,1191,17.0,0.2034,0.7964,0.1213,-0.1525,0.7829,0.0045,0.0,0,1.0,18,2,9,0.0002,0.0,0.0001
71.557,1192,17.0,0.4867,0.4927,0.1853,-0.3789,0.6864,0.0,0.0,0,1.0,11,2,9,0.0,0.0,0.0
71.613,1193,17.0,0.4266,0.5303,0.2625,-0.1988,0.6843,0.0,0.0,0,1.0,13,2,9,0.0,0.0,0.0
71.675,1194,17.0,0.0421,0.7444,0.3784,0.5304,0.8372,0.0045,0.0,0,1.0,9,2,9,0.0002,0.0,0.0001
71.728,1195,17.0,0.0221,0.6445,0.4129,0.6274,0.7726,-0.0395,0.0,0,1.0,7,2,9,0.002,0.0,0.0008
71.789,1196,17.0,0.4193,0.7663,0.0722,-0.4859,0.8785,-0.7,0.0,0,1.0,7,2,9,0.035,0.0,0.014
71.845,1197,17.0,0.9013,0.621,0.0093,-0.8418,1.0,-0.7,0.0,0,1.0,10,2,9,0.035,0.0,0.014
71.913,1198,17.0,0.2376,0.7349,0.077,-0.3122,0.7504,-0.7,0.0,0,1.0,4,2,9,0.035,0.0,0.014
71.984,1199,17.0,0.0503,0.7524,0.7233,0.6678,1.0,-0.1876,0.0,0,1.0,9,2,9,0.0094,0.0,0.0038
72.043,1200,17.0,0.0304,0.5987,0.6304,0.727,0.8559,0.0,0.0,0,1.0,8,2,9,0.0,0.0,0.0
72.101,1201,17.1,0.1015,1.0,0.0419,-0.1936,0.8969,0.0045,0.0,0,1.0,8,2,9,0.0002,0.0,0.0001
72.152,1202,17.1,0.0253,0.8507,0.3065,0.5049,0.8862,0.0,0.0,0,1.0,11,2,9,0.0,0.0,0.0
72.211,1203,17.1,0.1185,0.9841,0.0699,-0.1278,0.893,0.0,0.0,0,1.0,8,2,9,0.0,0.0,0.0
72.262,1204,17.1,0.0665,0.5839,0.5324,0.6109,0.7886,0.0,0.0,0,1.0,9,2,9,0.0,0.0,0.0
72.316,1205,17.1,0.0,0.5724,0.3216,0.6622,0.6609,0.0,0.0,0,1.0,2,2,9,0.0,0.0,0.0
72.376,1206,17.1,0.0414,0.7249,0.357,0.5212,0.8088,0.0045,0.0,0,1.0,5,2,9,0.0002,0.0,0.0001
72.426,1207,17.1,0.0634,0.6869,0.326,0.4477,0.7595,-0.7,0.0,0,1.0,3,2,9,0.035,0.0,0.014
72.476,1208,17.1,0.118,0.5417,0.5502,0.5329,0.7631,0.0,0.0,0,1.0,7,2,9,0.0,0.0,0.0
72.526,1209,17.1,0.0605,0.688,0.6907,0.6699,0.9647,0.0,0.0,0,1.0,10,2,9,0.0,0.0,0.0
72.58,1210,17.1,0.075,0.8311,0.5392,0.5419,1.0,0.0045,0.0,0,1.0,10,2,9,0.0002,0.0,0.0001
72.637,1211,17.1,0.0076,0.9024,0.6499,0.6976,1.0,0.0045,0.0,0,1.0,13,2,9,0.0002,0.0,0.0001
72.695,1212,17.1,0.0703,0.8179,0.6231,0.5942,1.0,0.0045,0.0,0,1.0,12,2,9,0.0002,0.0,0.0001
72.755,1213,17.1,0.0511,0.674,0.7808,0.7228,1.0,0.0045,0.0,0,1.0,11,2,9,0.0002,0.0,0.0001
72.81,1214,17.1,0.0478,0.739,0.7334,0.6948,1.0,-0.1235,0.0,0,1.0,11,2,9,0.0062,0.0,0.0025
72.876,1215,17.1,0.7343,0.5262,0.3431,-0.3357,0.8532,-0.1967,0.0,0,1.0,9,2,9,0.0098,0.0,0.0039
72.932,1216,17.1,0.6721,0.6076,0.3448,-0.2851,0.8868,-0.1198,0.0,0,1.0,12,2,9,0.006,0.0,0.0024
72.989,1217,17.1,0.7532,0.5035,0.3256,-0.3697,0.8447,-0.1198,0.0,0,1.0,12,2,9,0.006,0.0,0.0024
73.04,1218,17.1,0.692,0.5756,0.3429,-0.3036,0.8711,-0.1716,0.0,0,1.0,10,2,9,0.0086,0.0,0.0034
73.093,1219,17.1,0.7855,0.8178,0.1211,-0.5875,1.0,-0.1275,0.0,0,1.0,15,2,9,0.0064,0.0,0.0026
73.142,1220,17.1,0.6816,0.6852,0.2115,-0.4396,0.9572,-0.1275,0.0,0,1.0,7,2,9,0.0064,0.0,0.0026
73.193,1221,17.1,0.6591,0.676,0.2872,-0.3341,0.937,-0.1967,0.0,0,1.0,9,2,9,0.0098,0.0,0.0039
73.244,1222,17.1,0.6753,0.7747,0.1259,-0.5396,1.0,-0.1967,0.0,0,1.0,7,2,9,0.0098,0.0,0.0039
73.302,1223,17.1,0.1422,0.9983,0.176,0.0598,0.9371,-0.2491,0.0,0,1.0,4,2,9,0.0125,0.0,0.005
73.358,1224,17.1,0.1436,0.6423,0.2147,0.1311,0.6598,-0.2664,0.0,0,1.0,3,2,9,0.0133,0.0,0.0053
73.407,1225,17.1,0.1589,0.8579,0.0743,-0.1956,0.8096,0.0,0.0,0,1.0,6,2,9,0.0,0.0,0.0
73.461,1226,17.1,0.3727,1.0,0.0003,-0.5873,1.0,0.0,0.0,0,1.0,4,2,9,0.0,0.0,0.0
73.52,1227,17.1,0.304,1.0,0.0122,-0.5184,1.0,0.0,0.0,0,1.0,7,2,9,0.0,0.0,0.0
73.583,1228,17.1,0.16,0.717,0.4085,0.3197,0.831,0.0,0.0,0,1.0,5,2,9,0.0,0.0,0.0
73.637,1229,17.1,0.1339,0.966,0.2946,0.2317,0.9764,0.0,0.0,0,1.0,6,2,9,0.0,0.0,0.0
73.694,1230,17.1,0.1298,0.89,0.4711,0.3967,1.0,0.0,0.0,0,1.0,7,2,9,0.0,0.0,0.0
73.753,1231,18.2,0.1211,1.0,0.2618,0.2177,0.9866,-0.1129,0.0,0,1.0,15,2,9,0.0056,0.0,0.0023
73.811,1232,18.2,0.2251,1.0,0.2301,0.0069,0.9688,0.0,0.0,0,1.0,8,2,9,0.0,0.0,0.0
73.87,1233,18.2,0.1106,1.0,0.4009,0.3657,1.0,0.0,0.0,0,1.0,11,2,9,0.0,0.0,0.0
73.933,1234,18.2,0.209,0.955,0.2673,0.0783,0.9519,0.0,0.0,0,1.0,9,2,9,0.0,0.0,0.0
73.989,1235,18.2,0.1714,0.8871,0.4462,0.3136,0.995,-0.7,0.0,0,1.0,6,2,9,0.035,0.0,0.014
74.045,1236,18.2,0.1863,0.8717,0.3922,0.2474,0.9519,-0.1876,0.0,0,1.0,9,2,9,0.0094,0.0,0.0038
74.109,1237,18.2,0.2195,1.0,0.2124,-0.0101,0.9629,-0.1876,0.0,0,1.0,11,2,9,0.0094,0.0,0.0038
74.162,1238,18.2,0.087,1.0,0.2624,0.2898,0.9869,-0.1876,0.0,0,1.0,14,2,9,0.0094,0.0,0.0038
74.218,1239,18.2,0.26,1.0,0.1973,-0.0855,0.9856,0.0,0.0,0,1.0,9,2,9,0.0,0.0,0.0
74.266,1240,18.2,0.1206,1.0,0.2,0.1397,0.952,0.0,0.0,0,1.0,5,2,9,0.0,0.0,0.0
74.315,1241,18.2,0.469,0.6615,0.0169,-0.6659,0.8183,0.0,0.0,0,1.0,7,2,9,0.0,0.0,0.0
74.371,1242,18.2,0.328,0.741,0.0436,-0.4902,0.8061,0.0,0.0,0,1.0,5,2,9,0.0,0.0,0.0
74.426,1243,18.2,0.3881,0.938,0.0,-0.6058,1.0,-0.1129,0.0,0,1.0,7,2,9,0.0056,0.0,0.0023
74.479,1244,18.2,0.1444,1.0,0.1205,-0.0484,0.9209,0.0,0.0,0,1.0,7,2,9,0.0,0.0,0.0
74.536,1245,18.2,0.1544,1.0,0.2514,0.1441,0.9808,0.0,0.0,0,1.0,8,2,9,0.0,0.0,0.0
74.595,1246,18.2,0.1696,1.0,0.2179,0.0741,0.962,0.0,0.0,0,1.0,8,2,9,0.0,0.0,0.0
74.654,1247,18.2,0.2142,1.0,0.0028,-0.4965,0.96,0.0,0.0,0,1.0,10,2,9,0.0,0.0,0.0
74.714,1248,18.2,0.1081,1.0,0.0079,-0.3865,0.9005,0.0,0.0,0,1.0,8,2,9,0.0,0.0,0.0
74.773,1249,18.2,0.1525,1.0,0.0127,-0.4056,0.9254,0.0,0.0,0,1.0,7,2,9,0.0,0.0,0.0
74.83,1250,18.2,0.1508,1.0,0.0058,-0.4387,0.9244,0.0,0.0,0,1.0,7,2,9,0.0,0.0,0.0
74.889,1251,18.2,0.016,1.0,0.365,0.542,1.0,0.0,0.0,0,1.0,6,2,9,0.0,0.0,0.0
74.946,1252,18.2,0.0192,1.0,0.3802,0.542,1.0,0.0,0.0,0,1.0,6,2,9,0.0,0.0,0.0
75.004,1253,18.2,0.2098,0.9598,0.3373,0.1549,0.9952,0.0,0.0,0,1.0,13,2,9,0.0,0.0,0.0
75.058,1254,18.2,0.0843,1.0,0.2584,0.2919,0.9847,-0.2303,0.0,0,1.0,7,2,9,0.0115,0.0,0.0046
75.111,1255,18.2,0.3935,0.7091,0.0321,-0.5732,0.816,0.0,0.0,0,1.0,5,3,9,0.0,0.0,0.0
75.158,1256,18.2,0.1061,0.4327,0.0,-0.5254,0.4229,0.0,0.0,0,1.0,1,3,9,0.0,0.0,0.0
75.209,1257,18.2,0.0,0.0,0.0,0.0,0.3,0.0,0.0,0,1.0,0,0,9,0.0,0.0,0.0
75.261,1258,18.2,0.0,0.36,0.18,0.64,0.4032,0.0,0.0,0,1.0,1,0,9,0.0,0.0,0.0
75.312,1259,18.2,0.0,0.3676,0.1979,0.654,0.4196,0.0,0.0,0,1.0,1,0,9,0.0,0.0,0.0
75.367,1260,18.2,0.0,0.0,0.0,0.0,0.3,0.0,0.0,0,1.0,0,0,9,0.0,0.0,0.0
75.427,1261,17.9,0.3781,0.0951,0.0,-1.0,0.2917,0.0,0.0,0,1.0,1,0,9,0.0,0.0,0.0
75.481,1262,17.9,0.0897,0.7855,0.2596,0.3009,0.8052,-0.7,0.0,0,1.0,5,0,9,0.035,0.0,0.014
75.538,1263,17.9,0.6348,0.0862,0.0,-1.0,0.428,0.0,0.0,0,1.0,2,0,9,0.0,0.0,0.0
75.593,1264,17.9,0.3767,0.5912,0.0308,-0.5964,0.7076,0.0,0.0,0,1.0,4,0,9,0.0,0.0,0.0
75.651,1265,17.9,0.1431,0.8766,0.0197,-0.3723,0.8165,-0.0737,0.0,0,1.0,4,0,9,0.0037,0.0,0.0015
75.699,1266,17.9,0.5517,0.2324,0.0,-0.951,0.5042,0.0,0.0,0,1.0,3,0,9,0.0,0.0,0.0
75.75,1267,17.9,0.5466,0.2486,0.0,-0.9374,0.515,0.0915,0.0,0,1.0,3,0,9,0.0046,0.0,0.0018
75.805,1268,17.9,0.0,0.0,0.0,0.0,0.3,0.0915,0.0,0,1.0,0,0,9,0.0046,0.0,0.0018
75.865,1269,17.9,0.5524,0.5512,0.0,-0.7804,0.7724,0.0915,0.0,0,1.0,3,0,9,0.0046,0.0,0.0018
75.92,1270,17.9,0.4508,0.5138,0.0,-0.7526,0.684,0.0915,0.0,0,1.0,2,0,9,0.0046,0.0,0.0018
75.984,1271,17.9,0.2649,0.5569,0.0,-0.6308,0.6162,-0.1129,0.0,0,1.0,2,0,9,0.0056,0.0,0.0023
76.032,1272,17.9,0.4137,0.5508,0.0,-0.7203,0.6943,0.0,0.0,0,1.0,3,0,9,0.0,0.0,0.0
76.084,1273,17.9,0.3911,0.5987,0.0,-0.6919,0.7219,0.0,0.0,0,1.0,2,0,9,0.0,0.0,0.0
76.132,1274,17.9,0.3251,0.8641,0.0519,-0.4457,0.9079,-0.7,0.0,0,1.0,4,0,9,0.035,0.0,0.014
76.188,1275,17.9,0.3988,0.8428,0.0029,-0.622,0.9313,0.0,0.0,0,1.0,4,0,9,0.0,0.0,0.0
76.251,1276,17.9,0.489,0.7531,0.0,-0.6907,0.9064,-0.7,0.0,0,1.0,4,0,9,0.035,0.0,0.014
76.303,1277,17.9,0.3759,0.7789,0.0,-0.6334,0.8648,-0.7,0.0,0,1.0,3,0,9,0.035,0.0,0.014
76.364,1278,17.9,0.3557,0.7581,0.0006,-0.6265,0.836,-0.1129,0.0,0,1.0,9,0,9,0.0056,0.0,0.0023
76.416,1279,17.9,0.6871,0.3385,0.0,-0.9227,0.6691,0.0,0.0,0,1.0,5,0,9,0.0,0.0,0.0
76.465,1280,17.9,0.6277,0.3956,0.0,-0.8752,0.6838,-0.0737,0.0,0,1.0,8,0,9,0.0037,0.0,0.0015
76.519,1281,17.9,0.5671,0.4569,0.0128,-0.7931,0.7013,-0.0737,0.0,0,1.0,5,0,9,0.0037,0.0,0.0015
76.58,1282,17.9,0.4183,0.5131,0.0261,-0.6619,0.6653,-0.1876,0.0,0,1.0,4,0,9,0.0094,0.0,0.0038
76.637,1283,17.9,0.3557,0.5295,0.0756,-0.4787,0.644,-0.7,0.0,0,1.0,4,0,9,0.035,0.0,0.014
76.695,1284,17.9,0.2808,0.723,0.2044,-0.1098,0.7645,-0.7,0.0,0,1.0,3,0,9,0.035,0.0,0.014
76.753,1285,17.9,0.7392,0.2886,0.0349,-0.8842,0.6564,-0.4651,0.0,0,1.0,6,0,9,0.0233,0.0,0.0093
76.814,1286,17.9,0.6985,0.6382,0.0532,-0.6989,0.9273,-0.4651,0.0,0,1.0,8,0,9,0.0233,0.0,0.0093
76.871,1287,17.9,0.3747,0.4979,0.4535,0.0841,0.6722,-0.2122,0.0,0,1.0,5,0,9,0.0106,0.0,0.0042
76.932,1288,17.9,0.2843,0.4073,0.6085,0.3403,0.6829,-0.2471,0.0,0,1.0,4,0,9,0.0124,0.0,0.0049
76.993,1289,17.9,0.8584,0.2879,0.3415,-0.4469,0.7226,-0.1716,0.0,0,1.0,4,0,9,0.0086,0.0,0.0034
77.048,1290,17.9,0.9334,0.4681,0.0,-0.9195,0.9159,-0.1716,0.0,0,1.0,9,0,9,0.0086,0.0,0.0034
77.098,1291,17.8,0.919,0.3553,0.0736,-0.8334,0.8131,-0.243,0.0,0,1.0,4,0,9,0.0121,0.0,0.0049
77.152,1292,17.8,0.9163,0.425,0.0647,-0.8213,0.8702,-0.2664,0.0,0,1.0,5,0,9,0.0133,0.0,0.0053
77.202,1293,17.8,0.9733,0.3507,0.0218,-0.9381,1.0,-0.2664,0.0,0,1.6,4,0,10,0.0133,0.0,0.0053
77.257,1294,17.8,0.8395,0.4149,0.0197,-0.884,1.0,-0.2099,0.0,0,1.56,3,0,10,0.0105,0.0,0.0042
77.308,1295,17.8,0.3383,1.0,0.0,-0.5724,1.0,-0.1876,0.0,0,1.52,5,0,10,0.0094,0.0,0.0038
77.356,1296,17.8,0.2765,0.8726,0.0,-0.5621,1.0,-0.1876,0.0,0,1.48,4,0,10,0.0094,0.0,0.0038
77.406,1297,17.8,0.0932,0.8544,0.0017,-0.428,1.0,0.0,0.0,0,1.44,2,0,10,0.0,0.0,0.0
77.458,1298,17.8,0.1688,0.9154,0.0231,-0.3837,1.0,0.0,0.0,0,1.4,4,0,10,0.0,0.0,0.0
77.51,1299,17.8,0.1993,0.8702,0.0647,-0.2832,1.0,0.0,0.0,0,1.36,6,0,10,0.0,0.0,0.0
77.568,1300,17.8,0.2158,0.8584,0.0,-0.5288,1.0,0.0,0.0,0,1.32,8,0,10,0.0,0.0,0.0
77.627,1301,17.8,0.3711,0.6616,0.0,-0.6619,0.9774,0.0,0.0,0,1.28,5,0,10,0.0,0.0,0.0
77.682,1302,17.8,0.2599,0.7638,0.0,-0.5733,0.976,0.0,0.0,0,1.24,4,0,10,0.0,0.0,0.0
77.733,1303,17.8,0.1526,0.8679,0.0,-0.4856,0.9774,-0.7,0.0,0,1.2,3,0,10,0.035,0.0,0.014
77.785,1304,17.8,0.1411,0.9431,0.014,-0.3924,1.0,0.0,0.0,0,1.16,6,0,10,0.0,0.0,0.0
77.842,1305,17.8,0.0631,0.812,0.1,0.113,0.8266,0.0,0.0,0,1.12,4,0,10,0.0,0.0,0.0
77.896,1306,17.8,0.3734,1.0,0.0,-0.5884,1.0,0.0,0.0,0,1.08,6,0,10,0.0,0.0,0.0
77.954,1307,17.8,0.1653,0.7799,0.0368,-0.3387,0.7776,0.0,0.0,0,1.04,3,0,10,0.0,0.0,0.0
78.011,1308,17.8,0.1916,0.5166,0.086,-0.2488,0.5413,0.0,0.0,0,1.0,2,0,10,0.0,0.0,0.0
78.056,1309,17.8,0.2834,0.7379,0.1555,-0.1961,0.7785,0.0,0.0,0,1.0,4,0,10,0.0,0.0,0.0
78.107,1310,17.8,0.0,0.0,0.0,0.0,0.3,0.0,0.0,0,1.0,0,0,10,0.0,0.0,0.0
78.157,1311,17.8,0.1484,0.8912,0.1491,0.0014,0.8321,0.0,0.0,0,1.0,6,0,10,0.0,0.0,0.0
78.207,1312,17.8,0.1121,0.678,0.0,-0.4791,0.6323,0.0,0.0,0,1.0,3,0,10,0.0,0.0,0.0
78.262,1313,17.8,0.0,0.2001,0.3136,0.8728,0.3437,0.0,0.0,0,1.0,1,0,10,0.0,0.0,0.0
78.309,1314,17.8,0.0228,0.5944,0.3887,0.6256,0.717,0.0,0.0,0,1.0,5,0,10,0.0,0.0,0.0
78.363,1315,17.8,0.0,0.6705,0.0853,0.4548,0.611,0.0,0.0,0,1.0,2,0,10,0.0,0.0,0.0
78.42,1316,17.8,0.0152,0.7712,0.2867,0.5364,0.8084,0.0,0.0,0,1.0,6,0,10,0.0,0.0,0.0
78.472,1317,17.8,0.0156,0.7939,0.2392,0.495,0.8008,0.0,0.0,0,1.0,7,0,10,0.0,0.0,0.0
78.525,1318,17.8,0.0061,0.7439,0.3143,0.5896,0.8008,0.0,0.0,0,1.0,8,0,10,0.0,0.0,0.0
78.577,1319,17.8,0.0,0.6938,0.0807,0.4476,0.628,0.0,0.0,0,1.0,2,0,10,0.0,0.0,0.0
78.635,1320,17.8,0.0229,0.9157,0.2404,0.4524,0.9038,0.0,0.0,0,1.0,7,0,10,0.0,0.0,0.0
78.694,1321,18.9,0.0,0.8954,0.1999,0.5133,0.8641,0.0,0.0,0,1.0,4,0,10,0.0,0.0,0.0
78.752,1322,18.9,0.0197,1.0,0.1396,0.3576,0.9182,0.0,0.0,0,1.0,6,0,10,0.0,0.0,0.0
78.815,1323,18.9,0.0504,1.0,0.1066,0.1697,0.8997,0.0,0.0,0,1.0,7,0,10,0.0,0.0,0.0
78.869,1324,18.9,0.0637,1.0,0.0558,-0.0296,0.8756,0.0,0.0,0,1.0,10,0,10,0.0,0.0,0.0
78.929,1325,18.9,0.0767,1.0,0.0375,-0.1528,0.8829,0.0,0.0,0,1.0,10,0,10,0.0,0.0,0.0
78.99,1326,18.9,0.1985,1.0,0.0,-0.4991,0.9512,0.0,0.0,0,1.0,9,0,10,0.0,0.0,0.0
79.041,1327,18.9,0.1862,1.0,0.0,-0.4919,0.9443,0.0,0.0,0,1.0,8,0,10,0.0,0.0,0.0
79.093,1328,18.9,0.3427,0.7626,0.0,-0.6204,0.8325,0.0,0.0,0,1.0,7,0,10,0.0,0.0,0.0
79.139,1329,18.9,0.3272,0.7843,0.0,-0.6073,0.842,0.0,0.0,0,1.0,7,0,10,0.0,0.0,0.0
79.19,1330,18.9,0.3064,0.816,0.0,-0.5893,0.857,0.0,0.0,0,1.0,8,0,10,0.0,0.0,0.0
79.241,1331,18.9,0.4783,0.4989,0.0,-0.7711,0.6869,0.0,0.0,0,1.0,9,0,10,0.0,0.0,0.0
79.29,1332,18.9,0.6542,0.2397,0.0,-0.9747,0.5677,-0.1129,0.0,0,1.0,5,0,10,0.0056,0.0,0.0023
79.341,1333,18.9,0.5451,0.3637,0.0,-0.8638,0.6107,-0.1129,0.0,0,1.0,5,0,10,0.0056,0.0,0.0023
79.39,1334,18.9,0.3709,0.5713,0.0,-0.6907,0.6876,-0.0737,0.0,0,1.0,4,0,10,0.0037,0.0,0.0015
79.447,1335,18.9,0.1019,0.8578,0.185,0.1654,0.8242,-0.7,0.0,0,1.0,7,0,10,0.035,0.0,0.014
79.508,1336,18.9,0.0,0.5007,0.5075,0.7828,0.7048,0.0,0.0,0,1.0,5,0,10,0.0,0.0,0.0
79.561,1337,18.9,0.0433,0.655,0.3988,0.5616,0.7735,0.0,0.0,0,1.0,5,0,10,0.0,0.0,0.0
79.62,1338,18.9,0.0,0.3747,0.6163,0.8824,0.6598,-0.0835,0.0,0,1.0,5,0,10,0.0042,0.0,0.0017
79.676,1339,18.9,0.0,0.6481,0.3702,0.6654,0.7518,0.0915,0.0,0,1.0,5,0,10,0.0046,0.0,0.0018
79.728,1340,18.9,0.1385,0.5338,0.2407,0.1911,0.5832,-0.7,0.0,0,1.0,8,0,10,0.035,0.0,0.014
79.791,1341,18.9,0.0118,0.8496,0.4153,0.6055,0.9463,0.0,0.0,0,1.0,6,0,10,0.0,0.0,0.0
79.847,1342,18.9,0.017,0.6959,0.5305,0.8831,0.8817,0.0,0.0,0,1.0,8,0,10,0.0,0.0,0.0
79.905,1343,18.9,0.0915,0.9312,0.2634,0.2866,0.9297,-0.7,0.0,0,1.0,9,0,10,0.035,0.0,0.014
79.963,1344,18.9,0.0233,1.0,0.2125,0.4173,0.959,0.0,0.0,0,1.0,10,0,10,0.0,0.0,0.0
80.018,1345,18.9,0.0312,1.0,0.12,0.2761,0.9072,0.0,0.0,0,1.0,19,0,10,0.0,0.0,0.0
80.068,1346,18.9,0.1209,1.0,0.0858,-0.0854,0.9077,0.0,0.0,0,1.0,17,0,10,0.0,0.0,0.0
80.12,1347,18.9,0.107,1.0,0.0195,-0.3142,0.8999,0.0,0.0,0,1.0,16,0,10,0.0,0.0,0.0
80.174,1348,18.9,0.8956,0.6183,0.0,-0.857,1.0,0.0,0.0,0,1.0,11,0,10,0.0,0.0,0.0
80.224,1349,18.9,1.0,0.5494,0.0,-0.9021,1.0,0.0,0.0,0,1.0,11,0,10,0.0,0.0,0.0
80.277,1350,18.9,0.853,0.7697,0.0,-0.8015,1.0,-0.1876,0.0,0,1.0,10,0,10,0.0094,0.0,0.0038
80.337,1351,18.3,0.7924,0.8244,0.0,-0.7717,1.0,-0.1876,0.0,0,1.0,14,0,10,0.0094,0.0,0.0038
80.394,1352,18.3,0.8374,0.774,0.0222,-0.7606,1.0,-0.1876,0.0,0,1.0,13,0,10,0.0094,0.0,0.0038
80.454,1353,18.3,0.7863,0.7831,0.0516,-0.6963,1.0,-0.2441,0.0,0,1.6,13,0,11,0.0122,0.0,0.0049
80.52,1354,18.3,0.2667,0.9296,0.2009,-0.0902,1.0,-0.2122,0.0,0,1.56,11,0,11,0.0106,0.0,0.0042
80.577,1355,18.3,0.8354,0.5988,0.1779,-0.5762,1.0,-0.7,0.0,0,1.52,13,0,11,0.035,0.0,0.014
80.638,1356,18.3,0.846,0.6305,0.1387,-0.6264,1.0,-0.7,0.0,0,1.48,13,0,11,0.035,0.0,0.014
80.693,1357,18.3,0.9403,0.5345,0.0535,-0.8087,1.0,-0.2027,0.0,0,1.44,12,0,11,0.0101,0.0,0.0041
80.744,1358,18.3,0.9573,0.5171,0.0327,-0.8516,1.0,-0.2099,0.0,0,1.4,12,0,11,0.0105,0.0,0.0042
80.808,1359,18.3,0.4554,0.4045,0.2787,-0.217,0.8089,-0.1876,0.0,0,1.36,12,0,11,0.0094,0.0,0.0038
80.864,1360,18.3,0.4644,0.5629,0.112,-0.4799,0.9675,-0.1876,0.0,0,1.32,15,0,11,0.0094,0.0,0.0038
80.923,1361,18.3,0.3508,0.8568,0.0285,-0.5249,1.0,-0.2825,0.0,0,1.28,14,0,11,0.0141,0.0,0.0056
80.977,1362,18.3,0.4991,0.6066,0.0676,-0.583,0.9784,-0.7,0.0,0,1.24,16,0,11,0.035,0.0,0.014
81.032,1363,18.3,0.4814,0.6681,0.0372,-0.6228,0.9969,-0.1967,0.0,0,1.2,16,0,11,0.0098,0.0,0.0039
81.084,1364,18.3,0.1432,0.6862,0.2042,0.1128,0.8013,-0.1967,0.0,0,1.16,15,0,11,0.0098,0.0,0.0039
81.132,1365,18.3,0.0904,0.9599,0.0805,-0.0282,0.9598,-0.1129,0.0,0,1.12,12,0,11,0.0056,0.0,0.0023
81.185,1366,18.3,0.0546,0.6919,0.2785,0.4253,0.7961,0.0,0.0,0,1.08,18,0,11,0.0,0.0,0.0
81.232,1367,18.3,0.0754,0.7391,0.2561,0.338,0.7948,0.0,0.0,0,1.04,17,0,11,0.0,0.0,0.0
81.285,1368,18.3,0.0736,0.8841,0.1574,0.1935,0.8308,0.0,0.0,0,1.0,21,0,11,0.0,0.0,0.0
81.341,1369,18.3,0.0089,0.7582,0.2703,0.5486,0.7883,0.0,0.0,0,1.0,17,0,11,0.0,0.0,0.0
81.391,1370,18.3,0.0042,0.7272,0.2968,0.5889,0.7771,0.0,0.0,0,1.0,18,0,11,0.0,0.0,0.0
81.452,1371,18.3,0.189,0.605,0.248,0.0961,0.647,0.0,0.0,0,1.0,19,0,11,0.0,0.0,0.0
81.503,1372,18.3,0.0071,0.7501,0.2737,0.5592,0.7833,-0.4651,0.0,0,1.0,17,0,11,0.0233,0.0,0.0093
81.562,1373,18.3,0.0032,0.7648,0.2631,0.5632,0.7898,-0.4651,0.0,0,1.0,23,0,11,0.0233,0.0,0.0093
81.637,1374,18.3,0.0148,0.966,0.1638,0.4099,0.9031,0.0,0.0,0,1.0,21,0,11,0.0,0.0,0.0
81.696,1375,18.3,0.1047,0.8336,0.0673,-0.1097,0.7589,0.0,0.0,0,1.0,16,0,11,0.0,0.0,0.0
81.751,1376,18.3,0.4602,0.5913,0.1185,-0.4578,0.7544,0.0,0.0,0,1.0,12,0,11,0.0,0.0,0.0
81.811,1377,18.3,0.753,0.7068,0.0032,-0.7874,1.0,-0.1967,0.0,0,1.0,16,0,11,0.0098,0.0,0.0039
81.869,1378,18.3,0.4676,0.7064,0.039,-0.6013,0.8552,-0.2471,0.0,0,1.0,17,0,11,0.0124,0.0,0.0049
81.93,1379,18.3,0.5167,0.3876,0.2339,-0.3444,0.6149,-0.1129,0.0,0,1.0,17,0,11,0.0056,0.0,0.0023
81.987,1380,18.3,0.4559,0.3948,0.3124,-0.1709,0.5869,-0.1129,0.0,0,1.0,10,0,11,0.0056,0.0,0.0023
82.045,1381,17.5,0.4553,0.4863,0.1974,-0.3324,1.0,-0.2664,0.0,0,1.6,10,0,12,0.0133,0.0,0.0053
82.099,1382,17.5,0.4553,0.5853,0.0965,-0.4991,1.0,-0.2303,0.0,0,1.56,7,0,12,0.0115,0.0,0.0046
82.151,1383,17.5,0.5519,0.5358,0.0743,-0.6199,1.0,-0.2303,0.0,0,1.52,20,0,12,0.0115,0.0,0.0046
82.201,1384,17.5,0.5279,0.5616,0.0788,-0.5895,1.0,-0.1967,0.0,0,1.48,21,0,12,0.0098,0.0,0.0039
82.257,1385,17.5,0.5316,0.5381,0.0948,-0.5661,1.0,0.0915,0.0,0,1.44,21,0,12,0.0046,0.0,0.0018
82.319,1386,17.5,0.4897,0.5132,0.1588,-0.4229,0.9874,0.0915,0.0,0,1.4,22,0,12,0.0046,0.0,0.0018
82.378,1387,17.5,0.0625,0.6273,0.3687,0.4987,0.9975,0.0915,0.0,0,1.36,22,0,12,0.0046,0.0,0.0018
82.437,1388,17.5,0.0032,0.623,0.4519,0.7046,1.0,-0.2122,0.0,0,1.32,23,0,12,0.0106,0.0,0.0042
82.495,1389,17.5,0.0424,0.9194,0.1996,0.3477,1.0,-0.7,0.0,0,1.28,24,0,12,0.035,0.0,0.014
82.553,1390,17.5,0.0354,0.6598,0.3621,0.5554,0.9386,0.0,0.0,0,1.24,17,0,12,0.0,0.0,0.0
82.62,1391,17.5,0.1798,0.5879,0.3161,0.2046,0.805,-0.7,0.0,0,1.2,17,0,12,0.035,0.0,0.014
82.68,1392,17.5,0.0,0.7232,0.3333,0.7778,0.9212,-0.2303,0.0,0,1.16,19,0,12,0.0115,0.0,0.0046
82.739,1393,17.5,0.6331,0.4927,0.1364,-0.5628,0.8606,0.0,0.0,0,1.12,21,0,12,0.0,0.0,0.0
82.8,1394,17.5,0.0176,0.7377,0.3301,0.5655,0.8689,0.0,0.0,0,1.08,18,0,12,0.0,0.0,0.0
82.862,1395,17.5,0.0033,0.7727,0.3022,0.585,0.8511,-0.2664,0.0,0,1.04,20,0,12,0.0133,0.0,0.0053
82.922,1396,17.5,0.4555,0.5984,0.1251,-0.4403,0.7577,0.0,0.0,0,1.0,24,0,12,0.0,0.0,0.0
82.98,1397,17.5,0.0576,0.925,0.1698,0.2594,0.8721,-0.1967,0.0,0,1.0,22,0,12,0.0098,0.0,0.0039
83.034,1398,17.5,0.0,0.7923,0.3374,0.6109,0.8545,0.0,0.0,0,1.0,19,0,12,0.0,0.0,0.0
83.084,1399,17.5,0.4575,0.6076,0.1314,-0.4283,0.7666,0.0,0.0,0,1.0,17,0,12,0.0,0.0,0.0
83.133,1400,17.5,0.0776,0.7145,0.3038,0.3869,0.7703,0.0,0.0,0,1.0,18,0,12,0.0,0.0,0.0
83.183,1401,17.5,0.126,0.8452,0.2199,0.1639,0.8331,0.0,0.0,0,1.0,18,0,12,0.0,0.0,0.0
83.233,1402,17.5,0.2487,0.5888,0.2419,-0.0103,0.6338,0.0,0.0,0,1.0,20,0,12,0.0,0.0,0.0
83.286,1403,17.5,0.0005,0.9379,0.1801,0.4931,0.8887,0.0,0.0,0,1.0,18,0,12,0.0,0.0,0.0
83.341,1404,17.5,0.0571,0.9349,0.1336,0.2016,0.8601,0.0,0.0,0,1.0,16,0,12,0.0,0.0,0.0
83.392,1405,17.5,0.4744,0.6419,0.0936,-0.5057,0.8049,0.0,0.0,0,1.0,24,0,12,0.0,0.0,0.0
83.445,1406,17.5,0.0613,0.6715,0.5782,0.6223,0.8879,0.0045,0.0,0,1.0,18,0,12,0.0002,0.0,0.0001
83.505,1407,17.5,0.0651,0.6429,0.6389,0.6513,0.8979,0.0045,0.0,0,1.0,19,0,12,0.0002,0.0,0.0001
83.563,1408,17.5,0.056,0.6681,0.5782,0.6332,0.885,0.0915,0.0,0,1.0,16,0,12,0.0046,0.0,0.0018
83.625,1409,17.5,0.2523,0.8273,0.0495,-0.3928,0.8362,0.0915,0.0,0,1.0,19,0,12,0.0046,0.0,0.0018
83.678,1410,17.5,0.1165,0.8902,0.1127,0.2471,0.813,0.0,0.0,0,1.0,21,0,12,0.0,0.0,0.0
83.737,1411,17.7,0.3626,0.7897,0.0153,-0.5808,0.8664,0.0,0.0,0,1.0,19,0,12,0.0,0.0,0.0
83.797,1412,17.7,0.1195,0.6971,0.2813,0.2692,0.7431,-0.7,0.0,0,1.0,17,0,12,0.035,0.0,0.014
83.855,1413,17.7,0.2938,0.865,0.0038,-0.5602,0.8911,0.0,0.0,0,1.0,17,0,12,0.0,0.0,0.0
83.915,1414,17.7,0.6778,0.6608,0.0171,-0.7517,0.9346,0.0,0.0,0,1.0,11,0,12,0.0,0.0,0.0
83.972,1415,17.7,0.2711,0.5042,0.5653,0.3109,0.74,0.0,0.0,0,1.0,19,0,12,0.0,0.0,0.0
84.029,1416,17.7,0.2498,0.7996,0.0475,-0.4,0.8116,-0.0737,0.0,0,1.0,17,0,12,0.0037,0.0,0.0015
84.081,1417,17.7,0.2921,0.8301,0.0263,-0.4949,0.8609,0.0,0.0,0,1.0,20,0,12,0.0,0.0,0.0
84.134,1418,17.7,0.2638,0.6264,0.1655,-0.1606,0.6739,0.0,0.0,0,1.0,18,0,12,0.0,0.0,0.0
84.18,1419,17.7,0.2683,0.7177,0.1051,-0.283,0.7531,0.0,0.0,0,1.0,18,0,12,0.0,0.0,0.0
84.235,1420,17.7,0.493,0.8675,0.0615,-0.535,1.0,0.0,0.0,0,1.0,17,0,12,0.0,0.0,0.0
84.281,1421,17.7,0.5221,0.8967,0.0396,-0.5871,1.0,0.1039,0.0,0,1.0,19,0,12,0.0052,0.0,0.0021
84.336,1422,17.7,0.1401,0.6424,0.5592,0.4782,0.8527,0.1039,0.0,0,1.0,16,0,12,0.0052,0.0,0.0021
84.39,1423,17.7,0.876,0.5143,0.0927,-0.7348,0.9226,0.0915,0.0,0,1.0,19,0,12,0.0046,0.0,0.0018
84.445,1424,17.7,0.8602,0.5301,0.1028,-0.7093,0.927,-0.0835,0.0,0,1.0,21,0,12,0.0042,0.0,0.0017
84.507,1425,17.7,0.4281,0.7914,0.3594,0.4599,0.9044,-0.2825,0.0,0,1.0,19,0,12,0.0141,0.0,0.0056
84.564,1426,17.7,0.4995,0.4164,0.2398,-0.3152,0.6295,-0.2825,0.0,0,1.0,22,0,12,0.0141,0.0,0.0056
84.627,1427,17.7,0.699,0.48,0.0817,-0.696,0.7946,-0.1716,0.0,0,1.0,21,0,12,0.0086,0.0,0.0034
84.69,1428,17.7,0.6152,0.8139,0.0155,-0.1132,1.0,0.0915,0.0,0,1.0,22,0,12,0.0046,0.0,0.0018
84.751,1429,17.7,0.6955,0.6993,0.041,-0.7029,0.9769,-0.1876,0.0,0,1.0,24,0,12,0.0094,0.0,0.0038
84.815,1430,17.7,0.6045,0.616,0.0298,-0.7122,0.856,-0.0737,0.0,0,1.0,25,0,12,0.0037,0.0,0.0015
84.872,1431,17.7,0.0585,0.9197,0.2121,0.3128,0.8913,0.0045,0.0,0,1.0,26,0,12,0.0002,0.0,0.0001
84.934,1432,17.7,0.6924,0.5724,0.026,-0.7677,0.8685,0.0045,0.0,0,1.0,29,0,12,0.0002,0.0,0.0001
84.988,1433,17.7,0.2576,0.7829,0.0953,-0.2855,0.8019,0.0,0.0,0,1.0,23,0,12,0.0,0.0,0.0
85.042,1434,17.7,0.345,0.8133,0.0029,-0.6013,0.8764,-0.0737,0.0,0,1.0,25,0,12,0.0037,0.0,0.0015
85.093,1435,17.7,0.8471,0.7242,0.0,-0.8129,1.0,0.0,0.0,0,1.0,28,0,12,0.0,0.0,0.0
85.141,1436,17.7,0.5218,0.5236,0.134,-0.489,0.7321,0.0,0.0,0,1.0,23,0,12,0.0,0.0,0.0
85.192,1437,17.7,0.1946,0.588,0.355,0.1893,0.6928,-0.1876,0.0,0,1.0,26,0,12,0.0094,0.0,0.0038
85.253,1438,17.7,0.1703,0.9064,0.1993,0.0474,0.873,-0.7,0.0,0,1.0,26,0,12,0.035,0.0,0.014
85.31,1439,17.7,0.0931,0.9771,0.2103,0.2159,0.9385,0.0,0.0,0,1.0,26,0,12,0.0,0.0,0.0
85.36,1440,17.7,0.1181,0.7107,0.4231,0.4075,0.8339,0.0,0.0,0,1.0,26,0,12,0.0,0.0,0.0
85.423,1441,17.8,0.1599,0.779,0.321,0.2281,0.8341,0.0,0.0,0,1.0,16,0,12,0.0,0.0,0.0
85.48,1442,17.8,0.4944,0.4729,0.2711,-0.2565,0.6741,-0.7,0.0,0,1.0,27,0,12,0.035,0.0,0.014
85.54,1443,17.8,0.4626,0.6527,0.0985,-0.4855,0.8073,-0.2491,0.0,0,1.0,27,0,12,0.0125,0.0,0.005
85.598,1444,17.8,0.526,0.6363,0.0723,-0.5817,0.829,-0.1129,0.0,0,1.0,29,0,12,0.0056,0.0,0.0023
85.656,1445,17.8,0.4997,0.5307,0.2053,-0.3505,0.7257,-0.1129,0.0,0,1.0,21,0,12,0.0056,0.0,0.0023
85.713,1446,17.8,0.2821,0.7253,0.4041,0.1366,0.8356,0.0915,0.0,0,1.0,22,0,12,0.0046,0.0,0.0018
85.77,1447,17.8,0.3467,0.6451,0.4038,0.0618,0.7681,-0.0737,0.0,0,1.0,21,0,12,0.0037,0.0,0.0015
85.831,1448,17.8,0.3532,0.5041,0.5493,0.1954,0.7311,-0.2156,0.0,0,1.0,15,0,12,0.0108,0.0,0.0043
85.893,1449,17.8,0.0874,0.7562,0.5623,0.5468,0.9501,-0.2209,0.0,0,1.0,17,0,12,0.011,0.0,0.0044
85.958,1450,17.8,0.4908,0.7569,0.3234,-0.1635,0.9106,-0.2209,0.0,0,1.0,17,0,12,0.011,0.0,0.0044
86.013,1451,17.8,0.4501,0.8665,0.1626,-0.3322,0.9799,0.0045,0.0,0,1.0,25,0,12,0.0002,0.0,0.0001
86.07,1452,17.8,0.4738,0.8309,0.1621,-0.355,0.9633,-0.2027,0.0,0,1.0,27,0,12,0.0101,0.0,0.0041
86.125,1453,17.8,0.497,0.6409,0.2925,-0.2134,0.8167,-0.1612,0.0,0,1.0,27,0,12,0.0081,0.0,0.0032
86.179,1454,17.8,0.494,0.8828,0.0754,-0.5068,1.0,-0.1612,0.0,0,1.0,22,0,12,0.0081,0.0,0.0032
86.237,1455,17.8,0.1429,0.9381,0.0782,-0.1523,0.868,-0.1833,0.0,0,1.0,27,0,12,0.0092,0.0,0.0037
86.293,1456,17.8,0.7687,0.6726,0.0,-0.808,0.9954,0.0,0.0,0,1.0,15,0,12,0.0,0.0,0.0
86.344,1457,17.8,0.7767,0.6685,0.0212,-0.7737,0.9965,-0.2471,0.0,0,1.0,17,0,12,0.0124,0.0,0.0049
86.393,1458,17.8,1.0,0.4515,0.0,-0.9387,0.9392,-0.2471,0.0,0,1.0,21,0,12,0.0124,0.0,0.0049
86.446,1459,17.8,0.6949,0.811,0.0,-0.7476,1.0,-0.2303,0.0,0,1.0,14,0,12,0.0115,0.0,0.0046
86.503,1460,17.8,1.0,0.4768,0.0044,-0.9214,0.9605,-0.0737,0.0,0,1.0,17,0,12,0.0037,0.0,0.0015
86.563,1461,17.8,1.0,0.4772,0.0,-0.9286,0.9608,-0.1876,0.0,0,1.0,15,0,12,0.0094,0.0,0.0038
86.626,1462,17.8,1.0,0.4597,0.0,-0.9354,0.9462,-0.1876,0.0,0,1.0,11,0,12,0.0094,0.0,0.0038
86.688,1463,17.8,1.0,0.4861,0.0,-0.9253,0.9683,-0.1876,0.0,0,1.0,13,0,12,0.0094,0.0,0.0038
86.745,1464,17.8,1.0,0.516,0.0,-0.9141,0.9934,-0.1876,0.0,0,1.0,14,0,12,0.0094,0.0,0.0038
86.806,1465,17.8,1.0,0.4846,0.0,-0.9258,0.9671,-0.1876,0.0,0,1.0,10,0,12,0.0094,0.0,0.0038
86.868,1466,17.8,1.0,0.4825,0.0,-0.9266,0.9653,-0.1876,0.0,0,1.0,13,0,12,0.0094,0.0,0.0038
86.935,1467,17.8,0.9822,0.5504,0.0031,-0.8933,1.0,-0.1876,0.0,0,1.0,11,0,12,0.0094,0.0,0.0038
86.997,1468,17.8,0.9241,0.5964,0.0119,-0.8509,1.0,-0.1876,0.0,0,1.0,12,0,12,0.0094,0.0,0.0038
87.054,1469,17.8,0.9742,0.5456,0.0022,-0.8948,1.0,-0.1876,0.0,0,1.0,16,0,12,0.0094,0.0,0.0038
87.113,1470,17.8,0.9288,0.5854,0.0024,-0.8713,1.0,-0.1876,0.0,0,1.0,11,1,12,0.0094,0.0,0.0038
87.169,1471,17.1,0.9343,0.5455,0.0084,-0.8761,0.9814,-0.1876,0.0,0,1.0,10,1,12,0.0094,0.0,0.0038
87.228,1472,17.1,0.9846,0.5073,0.0055,-0.9052,0.9775,-0.1876,0.0,0,1.0,7,1,12,0.0094,0.0,0.0038
87.285,1473,17.1,0.5412,0.6526,0.0236,-0.687,0.8513,-0.1876,0.0,0,1.0,12,1,12,0.0094,0.0,0.0038
87.332,1474,17.1,0.5317,0.6688,0.0226,-0.6804,0.8595,-0.1876,0.0,0,1.0,11,1,12,0.0094,0.0,0.0038
87.383,1475,17.1,0.4553,0.7332,0.0336,-0.6004,0.8709,0.0915,0.0,0,1.0,14,1,12,0.0046,0.0,0.0018
87.439,1476,17.1,0.3738,0.8634,0.0268,-0.5425,0.9346,-0.1967,0.0,0,1.0,18,1,12,0.0098,0.0,0.0039
87.498,1477,17.1,0.6063,0.4848,0.109,-0.5984,0.7468,-0.1967,0.0,0,1.0,20,1,12,0.0098,0.0,0.0039
87.557,1478,17.1,0.642,0.5596,0.0126,-0.7815,0.8295,0.0,0.0,0,1.0,19,1,12,0.0,0.0,0.0
87.613,1479,17.1,0.5361,0.3688,0.1674,-0.4775,0.61,0.0915,0.0,0,1.0,20,1,12,0.0046,0.0,0.0018
87.669,1480,17.1,0.4232,0.5181,0.1302,-0.1361,0.6722,-0.1363,0.0,0,1.0,25,1,12,0.0068,0.0,0.0027
87.73,1481,17.1,0.6403,0.4478,0.101,-0.6428,0.7347,-0.7,0.0,0,1.0,16,1,12,0.035,0.0,0.014
87.787,1482,17.1,0.1154,0.859,0.1438,0.0607,0.8021,-0.7,0.0,0,1.0,19,1,12,0.035,0.0,0.014
87.848,1483,17.1,0.4561,0.4662,0.2101,-0.3154,0.6471,-0.2303,0.0,0,1.0,19,1,12,0.0115,0.0,0.0046
87.907,1484,17.1,0.0512,0.911,0.1647,0.2739,0.8575,0.0915,0.0,0,1.0,13,1,12,0.0046,0.0,0.0018
87.965,1485,17.1,0.6841,0.5491,0.1705,-0.5237,0.8443,0.0,0.0,0,1.0,14,1,12,0.0,0.0,0.0
88.032,1486,17.1,0.6752,0.6767,0.0931,-0.6111,0.9465,-0.2027,0.0,0,1.0,19,1,12,0.0101,0.0,0.0041
88.099,1487,17.1,0.909,0.4656,0.0891,-0.7662,0.9002,-0.1363,0.0,0,1.0,13,1,12,0.0068,0.0,0.0027
88.153,1488,17.1,0.9122,0.5129,0.0472,-0.8181,0.9416,-0.1363,0.0,0,1.0,18,1,12,0.0068,0.0,0.0027
88.211,1489,17.1,0.8952,0.531,0.0595,-0.7877,0.9473,-0.2722,0.0,0,1.0,21,1,12,0.0136,0.0,0.0054
88.269,1490,17.1,0.8867,0.3589,0.207,-0.6168,0.798,-0.2303,0.0,0,1.0,17,1,12,0.0115,0.0,0.0046
88.328,1491,17.1,0.8965,0.4341,0.1101,-0.7398,0.8667,-0.237,0.0,0,1.0,9,1,12,0.0118,0.0,0.0047
88.385,1492,17.1,0.8903,0.472,0.1078,-0.7294,0.8951,-0.237,0.0,0,1.0,16,1,12,0.0118,0.0,0.0047
88.435,1493,17.1,0.887,0.4052,0.146,-0.691,0.837,-0.2722,0.0,0,1.0,7,1,12,0.0136,0.0,0.0054
88.496,1494,17.1,0.7857,0.331,0.4469,-0.281,0.7181,-0.2722,0.0,0,1.0,11,1,12,0.0136,0.0,0.0054
88.555,1495,17.1,0.895,0.3769,0.1902,-0.6388,0.8178,-0.2722,0.0,0,1.0,13,1,12,0.0136,0.0,0.0054
88.613,1496,17.1,0.8953,0.4029,0.1735,-0.6551,0.8398,-0.237,0.0,0,1.0,13,1,12,0.0118,0.0,0.0047
88.672,1497,17.1,0.8935,0.3384,0.2148,-0.6145,0.7846,-0.2538,0.0,0,1.0,11,1,12,0.0127,0.0,0.0051
88.732,1498,17.1,0.0286,1.0,0.2357,0.4197,0.972,-0.1967,0.0,0,1.0,16,1,12,0.0098,0.0,0.0039
88.789,1499,17.1,0.9004,0.1063,0.0542,-0.9891,0.5935,-0.1967,0.0,0,1.0,12,1,12,0.0098,0.0,0.0039
88.847,1500,17.1,0.0,0.6322,0.425,0.6977,0.7691,0.0,0.0,0,1.0,12,1,12,0.0,0.0,0.0
88.907,1501,17.3,0.0967,1.0,0.0641,-0.0965,0.8941,-0.2099,0.0,0,1.0,21,1,12,0.0105,0.0,0.0042
88.962,1502,17.3,0.142,0.9878,0.07,-0.1726,0.9093,0.0,0.0,0,1.0,25,1,12,0.0,0.0,0.0
89.022,1503,17.3,0.1948,0.9546,0.0579,-0.2904,0.911,0.0,0.0,0,1.0,21,1,12,0.0,0.0,0.0
89.079,1504,17.3,0.2381,0.9029,0.0682,-0.3176,0.8917,0.0,0.0,0,1.0,23,1,12,0.0,0.0,0.0
89.132,1505,17.3,0.1942,0.9843,0.0503,-0.3102,0.9355,0.0,0.0,0,1.0,22,1,12,0.0,0.0,0.0
89.187,1506,17.3,0.1458,0.9144,0.3737,0.2914,0.9774,0.0,0.0,0,1.0,25,1,12,0.0,0.0,0.0
89.248,1507,17.3,0.1217,1.0,0.0968,-0.0582,0.9081,0.0,0.0,0,1.0,28,1,12,0.0,0.0,0.0
89.299,1508,17.3,0.3579,0.8393,0.0592,-0.4575,0.9055,-0.7,0.0,0,1.0,35,1,12,0.035,0.0,0.014
89.35,1509,17.3,0.2082,0.7006,0.3092,0.1399,0.7617,-0.7,0.0,0,1.0,39,1,12,0.035,0.0,0.014
89.401,1510,17.3,0.4101,0.7578,0.064,-0.4988,0.8662,-0.7,0.0,0,1.0,38,1,12,0.035,0.0,0.014
89.461,1511,17.3,0.3855,0.924,0.0031,-0.5989,0.9921,0.0045,0.0,0,1.0,39,1,12,0.0002,0.0,0.0001
89.526,1512,17.3,0.1486,0.968,0.3447,0.2557,1.0,-0.7,0.0,0,1.0,38,1,12,0.035,0.0,0.014
89.587,1513,17.3,0.066,0.9149,0.4048,0.4645,0.9952,0.0,0.0,0,1.0,53,1,12,0.0,0.0,0.0
89.651,1514,17.3,0.1467,1.0,0.0649,-0.1957,0.9221,-0.7,0.0,0,1.0,49,1,12,0.035,0.0,0.014
89.714,1515,17.3,0.173,1.0,0.0637,-0.2405,0.9369,0.0,0.0,0,1.0,52,1,12,0.0,0.0,0.0
89.771,1516,17.3,0.2411,0.9413,0.0208,-0.4567,0.9257,0.0,0.0,0,1.0,38,1,12,0.0,0.0,0.0
89.829,1517,17.3,0.2727,0.9355,0.0224,-0.4763,0.9385,0.0,0.0,0,1.0,37,1,12,0.0,0.0,0.0
89.888,1518,17.3,0.2465,0.9998,0.0144,-0.4748,0.9779,0.0,0.0,0,1.0,45,1,12,0.0,0.0,0.0
89.949,1519,17.3,0.1252,0.9102,0.3487,0.3054,0.9599,0.0,0.0,0,1.0,54,1,12,0.0,0.0,0.0
90.005,1520,17.3,0.0778,0.8308,0.3568,0.4162,0.8977,0.0,0.0,0,1.0,52,1,12,0.0,0.0,0.0
90.062,1521,17.3,0.2375,0.8875,0.0657,-0.3253,0.8785,-0.7,0.0,0,1.0,60,1,12,0.035,0.0,0.014
90.118,1522,17.3,0.3088,0.8221,0.0634,-0.41,0.8635,-0.7,0.0,0,1.0,48,1,12,0.035,0.0,0.014
90.166,1523,17.3,0.3352,0.8352,0.038,-0.4932,0.8893,0.0,0.0,0,1.0,55,1,12,0.0,0.0,0.0
90.217,1524,17.3,0.3666,0.9108,0.0145,-0.5616,0.9704,0.0,0.0,0,1.0,48,1,12,0.0,0.0,0.0
90.28,1525,17.3,0.0744,0.8996,0.3915,0.4402,0.9749,0.0,0.0,0,1.0,49,1,12,0.0,0.0,0.0
90.333,1526,17.3,0.1138,1.0,0.0637,-0.1374,0.9038,-0.7,0.0,0,1.0,34,1,12,0.035,0.0,0.014
90.386,1527,17.3,0.0808,0.6057,0.5842,0.6053,0.8359,0.0,0.0,0,1.0,46,1,12,0.0,0.0,0.0
90.447,1528,17.3,0.2284,0.8326,0.0749,-0.2956,0.8273,0.0915,0.0,0,1.0,41,1,12,0.0046,0.0,0.0018
90.504,1529,17.3,0.1097,1.0,0.0356,-0.2381,0.9014,0.0,0.0,0,1.0,46,1,12,0.0,0.0,0.0
90.562,1530,17.3,0.1301,1.0,0.0702,-0.1494,0.9128,0.0,0.0,0,1.0,44,1,12,0.0,0.0,0.0
90.62,1531,17.5,0.111,1.0,0.0351,-0.2426,0.9021,0.0,0.0,0,1.0,49,1,12,0.0,0.0,0.0
90.68,1532,17.5,0.2362,0.894,0.0,-0.5356,0.8832,0.0,0.0,0,1.0,40,1,12,0.0,0.0,0.0
90.738,1533,17.5,0.0984,0.9974,0.0385,-0.2017,0.8929,0.0,0.0,0,1.0,37,1,12,0.0,0.0,0.0
90.797,1534,17.5,0.1913,0.9706,0.0278,-0.3841,0.9224,0.0,0.0,0,1.0,29,1,12,0.0,0.0,0.0
90.858,1535,17.5,0.3305,0.7789,0.0742,-0.4098,0.8394,0.0,0.0,0,1.0,35,1,12,0.0,0.0,0.0
90.922,1536,17.5,0.3274,0.836,0.0,-0.5964,0.8856,0.0,0.0,0,1.0,30,1,12,0.0,0.0,0.0
90.977,1537,17.5,0.1415,0.9704,0.002,-0.455,0.8943,0.0,0.0,0,1.0,14,1,12,0.0,0.0,0.0
91.032,1538,17.5,0.1981,0.9299,0.004,-0.4896,0.8921,0.0,0.0,0,1.0,13,1,12,0.0,0.0,0.0
91.082,1539,17.5,0.2027,0.9489,0.0048,-0.487,0.9105,0.0,0.0,0,1.0,18,1,12,0.0,0.0,0.0
91.138,1540,17.5,0.2377,0.8661,0.0196,-0.4682,0.8606,0.0,0.0,0,1.0,17,1,12,0.0,0.0,0.0
91.196,1541,17.5,0.1875,0.9228,0.0227,-0.4045,0.8802,0.0,0.0,0,1.0,16,1,12,0.0,0.0,0.0
91.261,1542,17.5,0.2958,0.7487,0.0915,-0.341,0.7946,0.0,0.0,0,1.0,12,1,12,0.0,0.0,0.0
91.318,1543,17.5,0.0937,0.6882,0.224,0.2565,0.7036,0.0,0.0,0,1.0,9,1,12,0.0,0.0,0.0
91.369,1544,17.5,0.3306,0.7271,0.1188,-0.321,0.7959,0.0,0.0,0,1.0,9,1,12,0.0,0.0,0.0
91.428,1545,17.5,0.1111,0.6318,0.2899,0.3059,0.693,0.0,0.0,0,1.0,10,1,12,0.0,0.0,0.0
91.485,1546,17.5,0.1758,0.6086,0.2602,0.1375,0.6569,0.0,0.0,0,1.0,11,1,12,0.0,0.0,0.0
91.549,1547,17.5,0.3133,0.684,0.1378,-0.2699,0.75,0.0045,0.0,0,1.0,14,1,12,0.0002,0.0,0.0001
91.606,1548,17.5,0.2649,0.6529,0.2285,-0.0533,0.6968,0.0045,0.0,0,1.0,13,1,12,0.0002,0.0,0.0001
91.668,1549,17.5,0.3323,0.6781,0.1437,-0.2799,0.7557,0.0,0.0,0,1.0,11,1,12,0.0,0.0,0.0
91.729,1550,17.5,0.3029,0.5169,0.4265,0.1443,0.6731,0.0,0.0,0,1.0,10,1,12,0.0,0.0,0.0
91.787,1551,17.5,0.1179,0.4072,0.7399,0.674,0.7564,-0.2303,0.0,0,1.0,13,1,12,0.0115,0.0,0.0046
91.847,1552,17.5,0.3066,0.6817,0.3723,0.0754,0.7811,-0.1967,0.0,0,1.0,17,1,12,0.0098,0.0,0.0039
91.909,1553,17.5,0.239,0.6928,0.5166,0.2932,0.8713,-0.2303,0.0,0,1.0,13,1,12,0.0115,0.0,0.0046
91.965,1554,17.5,0.2837,0.5297,0.5882,0.3083,0.7744,-0.2303,0.0,0,1.0,18,1,12,0.0115,0.0,0.0046
92.018,1555,17.5,0.0786,0.6361,0.5162,0.5636,0.8234,-0.1967,0.0,0,1.0,12,1,12,0.0098,0.0,0.0039
92.07,1556,17.5,0.3167,0.5575,0.5212,0.211,0.7602,0.0045,0.0,0,1.0,11,1,12,0.0002,0.0,0.0001
92.129,1557,17.5,0.0875,0.7229,0.5654,0.5553,0.9238,0.0045,0.0,0,1.0,11,1,12,0.0002,0.0,0.0001
92.183,1558,17.5,0.2112,0.7111,0.4323,0.2609,0.8395,-0.2825,0.0,0,1.0,12,1,12,0.0141,0.0,0.0056
92.235,1559,17.5,0.1101,0.7759,0.5331,0.4871,0.9503,-0.7,0.0,0,1.0,17,1,12,0.035,0.0,0.014
92.294,1560,17.5,0.0255,1.0,0.1541,0.3494,0.9263,0.0045,0.0,0,1.0,19,2,12,0.0002,0.0,0.0001
92.355,1561,17.3,0.0985,0.6239,0.3583,0.4066,0.7247,0.0,0.0,1,1.0,13,2,12,0.0,1.0,0.0
92.413,1562,17.3,0.2493,0.7902,0.076,-0.3224,0.8034,0.0,0.0,1,1.0,10,2,12,0.0,0.8,0.0
92.471,1563,17.3,0.2675,0.7359,0.0553,-0.4049,0.768,-0.7,0.0,1,1.0,27,2,12,0.035,0.8,0.014
92.53,1564,17.3,0.6622,0.777,0.02,-0.7085,1.0,0.0,0.0,1,1.0,26,2,12,0.0,0.8,0.0
92.588,1565,17.3,0.7087,0.7335,0.0,-0.7728,1.0,-0.0737,0.0,1,1.0,17,2,12,0.0037,0.8,0.0015
92.645,1566,17.3,0.1323,0.7454,0.0447,-0.2579,0.7002,-0.0737,0.0,1,1.0,3,2,12,0.0037,0.8,0.0015
92.702,1567,17.3,0.5072,0.5227,0.064,-0.6195,1.0,0.0,0.0,1,1.6,9,0,13,0.0,0.8,0.0
92.757,1568,17.3,0.8744,0.4816,0.0283,-0.8509,1.0,0.0,0.0,1,1.56,4,0,13,0.0,0.8,0.0
92.81,1569,17.3,0.4796,0.5318,0.1476,-0.4313,1.0,-0.0835,0.0,1,1.52,11,0,13,0.0042,0.8,0.0017
92.87,1570,17.3,0.7967,0.7677,0.0308,-0.7365,1.0,-0.0961,0.0,1,1.48,23,0,13,0.0048,0.8,0.0019
92.929,1571,17.3,0.7982,0.8996,0.0,-0.7549,1.0,-0.2027,0.0,1,1.44,29,0,13,0.0101,0.8,0.0041
92.986,1572,17.3,0.9124,0.6837,0.0,-0.8402,1.0,-0.2027,0.0,1,1.4,16,0,13,0.0101,0.8,0.0041
93.045,1573,17.3,0.8463,0.6029,0.0391,-0.7837,1.0,-0.2179,0.0,0,1.36,22,0,13,0.0109,0.8,0.0044
93.1,1574,17.3,0.9579,0.5253,0.0,-0.9025,1.0,-0.1876,0.0,0,1.32,18,0,13,0.0094,0.0,0.0038
93.148,1575,17.3,0.8146,0.5412,0.2175,-0.5271,1.0,-0.1876,0.0,0,1.28,19,0,13,0.0094,0.0,0.0038
93.2,1576,17.3,0.8311,0.5003,0.2216,-0.5381,1.0,-0.1876,0.0,0,1.24,16,0,13,0.0094,0.0,0.0038
93.255,1577,17.3,0.986,0.477,0.0,-0.9261,1.0,-0.1967,0.0,0,1.2,15,0,13,0.0098,0.0,0.0039
93.313,1578,17.3,0.7966,0.5352,0.2463,-0.4829,1.0,-0.1967,0.0,0,1.16,18,0,13,0.0098,0.0,0.0039
93.37,1579,17.3,0.9069,0.5852,0.0,-0.8706,1.0,-0.1876,0.0,0,1.12,11,0,13,0.0094,0.0,0.0038
93.425,1580,17.3,0.8199,0.6672,0.0111,-0.8039,1.0,-0.1876,0.0,0,1.08,13,0,13,0.0094,0.0,0.0038
93.477,1581,17.3,0.5057,0.5231,0.0691,-0.6074,0.7515,-0.1876,0.0,0,1.04,9,0,13,0.0094,0.0,0.0038
93.537,1582,17.3,0.438,0.4738,0.1638,-0.3781,0.6432,-0.1876,0.0,0,1.0,8,0,13,0.0094,0.0,0.0038
93.593,1583,17.3,0.5068,0.355,0.2472,-0.3205,0.582,0.0045,0.0,0,1.0,7,0,13,0.0002,0.0,0.0001
93.654,1584,17.3,0.5845,0.5472,0.0,-0.7939,0.787,-0.2664,0.0,0,1.0,11,0,13,0.0133,0.0,0.0053
93.714,1585,17.3,0.4395,0.4245,0.214,-0.3,0.6027,0.0915,0.0,0,1.0,6,0,13,0.0046,0.0,0.0018
93.768,1586,17.3,0.2711,0.8037,0.097,-0.2949,0.8269,0.0915,0.0,0,1.0,7,0,13,0.0046,0.0,0.0018
93.827,1587,17.3,0.4399,0.5079,0.1696,-0.3629,0.673,-0.4651,0.0,0,1.0,7,0,13,0.0233,0.0,0.0093
93.888,1588,17.3,0.578,0.5533,0.0,-0.7892,0.7885,0.0045,0.0,0,1.0,7,0,13,0.0002,0.0,0.0001
93.947,1589,17.3,0.4461,0.5366,0.0,-0.7413,0.7006,0.0915,0.0,0,1.0,4,0,13,0.0046,0.0,0.0018
94.003,1590,17.3,0.9566,0.4567,0.0,-0.9286,0.9194,-0.1129,0.0,0,1.0,9,0,13,0.0056,0.0,0.0023
94.062,1591,17.5,0.9739,0.4989,0.0,-0.9155,0.9644,-0.1129,0.0,0,1.0,7,0,13,0.0056,0.0,0.0023
94.117,1592,17.5,0.9388,0.4774,0.0,-0.9168,0.9267,-0.1876,0.0,0,1.0,6,0,13,0.0094,0.0,0.0038
94.171,1593,17.5,0.5302,0.4584,0.0,-0.8105,0.682,-0.1876,0.0,0,1.0,3,0,13,0.0094,0.0,0.0038
94.228,1594,17.5,0.2328,1.0,0.0268,-0.4231,0.9704,-0.1876,0.0,0,1.0,10,0,13,0.0094,0.0,0.0038
94.296,1595,17.5,0.5988,0.5071,0.0347,-0.736,1.0,0.0915,0.0,0,1.6,9,0,14,0.0046,0.0,0.0018
94.352,1596,17.5,0.51,0.5192,0.0225,-0.7191,1.0,0.0,0.0,0,1.56,9,0,14,0.0,0.0,0.0
94.411,1597,17.5,1.0,0.3416,0.0,-0.9861,1.0,-0.0835,0.0,0,1.52,20,0,14,0.0042,0.0,0.0017
94.474,1598,17.5,0.7675,0.5826,0.0431,-0.7585,1.0,-0.1876,0.0,0,1.48,18,0,14,0.0094,0.0,0.0038
94.531,1599,17.5,0.4533,1.0,0.0232,-0.5696,1.0,-0.1876,0.0,0,1.44,23,0,14,0.0094,0.0,0.0038
94.587,1600,17.5,0.28,0.902,0.07,-0.3569,1.0,-0.2122,0.0,0,1.4,11,0,14,0.0106,0.0,0.0042
94.65,1601,17.5,0.0841,1.0,0.0943,0.0278,1.0,0.0,0.0,0,1.36,13,0,14,0.0,0.0,0.0
94.714,1602,17.5,0.1061,1.0,0.0767,-0.0787,1.0,0.0,0.0,0,1.32,17,0,14,0.0,0.0,0.0
94.77,1603,17.5,0.5048,0.6043,0.0,-0.7423,1.0,0.0,0.0,0,1.28,24,0,14,0.0,0.0,0.0
94.827,1604,17.5,0.4763,0.4336,0.1311,-0.4832,0.7823,0.0045,0.0,0,1.24,27,0,14,0.0002,0.0,0.0001
94.888,1605,17.5,0.9414,0.4221,0.0,-0.94,1.0,0.0045,0.0,0,1.2,20,0,14,0.0002,0.0,0.0001
94.948,1606,17.5,0.3841,0.6979,0.0171,-0.6099,0.9295,0.0045,0.0,0,1.16,27,0,14,0.0002,0.0,0.0001
95.003,1607,17.5,0.2253,0.711,0.1419,-0.1467,0.8102,-0.1876,0.0,0,1.12,25,0,14,0.0094,0.0,0.0038
95.063,1608,17.5,0.1443,0.5781,0.5881,0.5026,0.8802,0.0,0.0,0,1.08,15,0,14,0.0,0.0,0.0
95.118,1609,17.5,0.2467,0.4774,0.6517,0.4095,0.7966,0.0045,0.0,0,1.04,19,0,14,0.0002,0.0,0.0001
95.166,1610,17.5,0.6401,0.4704,0.0225,-0.7935,0.7536,0.0045,0.0,0,1.0,13,0,14,0.0002,0.0,0.0001
95.216,1611,17.5,0.4556,0.6755,0.018,-0.6525,0.8226,-0.2303,0.0,0,1.0,26,0,14,0.0115,0.0,0.0046
95.27,1612,17.5,0.5256,0.639,0.0,-0.7391,0.8311,-0.1967,0.0,0,1.0,23,0,14,0.0098,0.0,0.0039
95.326,1613,17.5,0.2719,1.0,0.0174,-0.4826,0.9923,0.0915,0.0,0,1.0,18,0,14,0.0046,0.0,0.0018
95.379,1614,17.5,0.3225,0.9199,0.0384,-0.4696,0.9533,0.0915,0.0,0,1.0,21,0,14,0.0046,0.0,0.0018
95.438,1615,17.5,0.5746,0.5646,0.0,-0.7837,0.7961,0.0,0.0,0,1.0,11,0,14,0.0,0.0,0.0
95.495,1616,17.5,0.3129,1.0,0.0739,-0.3671,1.0,0.0,0.0,0,1.0,25,0,14,0.0,0.0,0.0
95.553,1617,17.5,0.2387,1.0,0.0637,-0.3212,0.9737,0.0,0.0,0,1.0,16,0,14,0.0,0.0,0.0
95.611,1618,17.5,0.2283,1.0,0.0529,-0.3396,0.9678,0.0,0.0,0,1.0,29,0,14,0.0,0.0,0.0
95.672,1619,17.5,0.1915,1.0,0.1071,-0.1564,0.9473,0.0,0.0,0,1.0,10,0,14,0.0,0.0,0.0
95.729,1620,17.5,0.3744,1.0,0.0144,-0.5512,1.0,0.0,0.0,0,1.0,20,0,14,0.0,0.0,0.0
95.785,1621,17.4,0.441,0.9282,0.0391,-0.5411,1.0,0.0,0.0,0,1.0,13,0,14,0.0,0.0,0.0
95.845,1622,17.4,0.2612,0.7166,0.0682,-0.366,0.7482,0.0,0.0,0,1.0,11,0,14,0.0,0.0,0.0
95.915,1623,17.4,0.6167,0.8392,0.0,-0.7158,1.0,0.0,0.0,0,1.0,9,0,14,0.0,0.0,0.0
95.971,1624,17.4,0.5544,0.5809,0.0681,-0.6207,0.7985,-0.1876,0.0,0,1.0,20,0,14,0.0094,0.0,0.0038
96.026,1625,17.4,0.3522,0.9631,0.1117,-0.3282,1.0,0.0915,0.0,0,1.0,11,0,14,0.0046,0.0,0.0018
96.081,1626,17.4,0.2511,0.4882,0.6339,0.3899,0.7651,0.0915,0.0,0,1.0,7,0,14,0.0046,0.0,0.0018
96.132,1627,17.4,0.2179,0.5043,0.626,0.4285,0.7742,-0.7,0.0,0,1.0,7,0,14,0.035,0.0,0.014
96.182,1628,17.4,0.235,0.5837,0.5817,0.3609,0.8161,-0.1198,0.0,0,1.0,15,0,14,0.006,0.0,0.0024
96.24,1629,17.4,0.4021,0.8625,0.3212,-0.0831,0.9496,-0.1198,0.0,0,1.0,13,0,14,0.006,0.0,0.0024
96.293,1630,17.4,0.2431,0.574,0.5817,0.3512,0.8079,-0.1967,0.0,0,1.0,29,0,14,0.0098,0.0,0.0039
96.343,1631,17.4,0.5137,0.83,0.1806,-0.3562,0.9849,-0.2209,0.0,0,1.0,9,0,14,0.011,0.0,0.0044
96.405,1632,17.4,0.1714,0.6685,0.6037,0.4523,0.8996,-0.1876,0.0,0,1.0,18,0,14,0.0094,0.0,0.0038
96.466,1633,17.4,0.6652,0.8323,0.1834,-0.4452,1.0,-0.1876,0.0,0,1.0,11,0,14,0.0094,0.0,0.0038
96.529,1634,17.4,0.3713,0.7816,0.3338,-0.0403,0.8645,-0.1363,0.0,0,1.0,6,0,14,0.0068,0.0,0.0027
96.584,1635,17.4,0.3571,0.8557,0.324,-0.0356,0.9188,-0.1129,0.0,0,1.0,8,0,14,0.0056,0.0,0.0023
96.637,1636,17.4,0.067,0.7238,0.6128,0.6158,0.9512,0.0045,0.0,0,1.0,7,0,14,0.0002,0.0,0.0001
96.696,1637,17.4,0.1013,0.578,0.6722,0.6205,0.862,0.0045,0.0,0,1.0,6,0,14,0.0002,0.0,0.0001
96.753,1638,17.4,0.0613,0.6496,0.6326,0.6536,0.8999,0.0915,0.0,0,1.0,5,0,14,0.0046,0.0,0.0018
96.811,1639,17.4,0.1369,0.5866,0.6447,0.5457,0.8538,0.0045,0.0,0,1.0,7,0,14,0.0002,0.0,0.0001
96.874,1640,17.4,0.1405,0.6912,0.5968,0.4912,0.9148,-0.1967,0.0,0,1.0,11,0,14,0.0098,0.0,0.0039
96.94,1641,17.4,0.6222,0.583,0.3135,-0.2895,0.8382,0.0045,0.0,0,1.0,10,0,14,0.0002,0.0,0.0001
96.998,1642,17.4,0.2797,0.9065,0.3099,0.0355,0.935,0.0045,0.0,0,1.0,13,0,14,0.0002,0.0,0.0001
97.05,1643,17.4,0.3977,0.8864,0.2882,-0.1159,0.9673,-0.3018,0.0,0,1.0,11,0,14,0.0151,0.0,0.006
97.102,1644,17.4,0.3843,0.9057,0.3035,-0.0849,0.976,-0.1716,0.0,0,1.0,9,0,14,0.0086,0.0,0.0034
97.151,1645,17.4,0.1013,0.7055,0.5694,0.537,0.9115,-0.1716,0.0,0,1.0,10,0,14,0.0086,0.0,0.0034
97.197,1646,17.4,0.4893,0.7649,0.2782,-0.2147,0.9165,-0.2303,0.0,0,1.0,6,0,14,0.0115,0.0,0.0046
97.254,1647,17.4,0.454,0.7632,0.3564,-0.0954,0.8953,-0.2099,0.0,0,1.0,8,0,14,0.0105,0.0,0.0042
97.31,1648,17.4,0.4914,0.8003,0.2944,-0.1945,0.9474,-0.2099,0.0,0,1.0,15,0,14,0.0105,0.0,0.0042
97.357,1649,17.4,0.5094,0.804,0.2667,-0.2416,0.9606,-0.2405,0.0,0,1.0,12,0,14,0.012,0.0,0.0048
97.41,1650,17.4,0.5525,0.7534,0.2805,-0.2616,0.9423,-0.255,0.0,0,1.0,8,0,14,0.0128,0.0,0.0051
97.461,1651,17.8,0.5733,0.7509,0.2657,-0.2945,0.9518,-0.255,0.0,0,1.0,10,0,14,0.0128,0.0,0.0051
97.525,1652,17.8,0.2431,0.5641,0.5937,0.3611,0.8064,0.0045,0.0,0,1.0,8,0,14,0.0002,0.0,0.0001
97.584,1653,17.8,0.5603,0.4856,0.4575,-0.0937,0.7217,-0.2209,0.0,0,1.0,5,0,14,0.011,0.0,0.0044
97.647,1654,17.8,0.5641,0.5165,0.4532,-0.1,0.7498,-0.2141,0.0,0,1.0,8,0,14,0.0107,0.0,0.0043
97.703,1655,17.8,0.5641,0.4604,0.4942,-0.0625,0.7027,-0.2141,0.0,0,1.0,7,0,14,0.0107,0.0,0.0043
97.761,1656,17.8,0.5224,0.6523,0.4055,-0.1075,0.8405,-0.2141,0.0,0,1.0,12,0,14,0.0107,0.0,0.0043
97.82,1657,17.8,0.5488,0.5712,0.4142,-0.124,0.7871,-0.1967,0.0,0,1.0,14,0,14,0.0098,0.0,0.0039
97.883,1658,17.8,0.5061,0.8261,0.2266,-0.288,0.9773,-0.1927,0.0,0,1.0,16,0,14,0.0096,0.0,0.0039
97.937,1659,17.8,0.2977,1.0,0.2255,-0.0895,1.0,-0.1927,0.0,0,1.0,11,0,14,0.0096,0.0,0.0039
97.994,1660,17.8,0.5314,0.8212,0.2566,-0.269,0.9874,-0.1967,0.0,0,1.0,12,0,14,0.0098,0.0,0.0039
98.049,1661,17.8,0.4927,0.8818,0.2378,-0.2584,1.0,-0.1363,0.0,0,1.0,12,0,14,0.0068,0.0,0.0027
98.103,1662,17.8,0.4648,0.8197,0.2422,-0.2359,0.9489,0.0045,0.0,0,1.0,10,0,14,0.0002,0.0,0.0001
98.162,1663,17.8,0.5025,0.8895,0.2188,-0.2896,1.0,0.0045,0.0,0,1.0,13,0,14,0.0002,0.0,0.0001
98.218,1664,17.8,0.5126,0.6534,0.3943,-0.1106,0.8359,0.0045,0.0,0,1.0,16,0,14,0.0002,0.0,0.0001
98.281,1665,17.8,0.0485,0.6621,0.6495,0.6811,0.9199,-0.2099,0.0,0,1.0,13,0,14,0.0105,0.0,0.0042
98.332,1666,17.8,0.0399,1.0,0.1887,0.3361,0.9457,0.0045,0.0,0,1.0,15,0,14,0.0002,0.0,0.0001
98.382,1667,17.8,0.0145,1.0,0.3014,0.5101,1.0,0.0045,0.0,0,1.0,10,0,14,0.0002,0.0,0.0001
98.432,1668,17.8,0.0871,0.6949,0.5991,0.7675,0.9192,0.0,0.0,0,1.0,12,0,14,0.0,0.0,0.0
98.486,1669,17.8,0.5071,0.7744,0.3251,-0.1739,0.9345,0.0915,0.0,0,1.0,10,0,14,0.0046,0.0,0.0018
98.547,1670,17.8,0.5157,0.8376,0.2509,-0.263,0.9923,-0.2156,0.0,0,1.0,9,0,14,0.0108,0.0,0.0043
98.603,1671,17.8,0.5407,0.7655,0.2817,-0.2504,0.9458,-0.2156,0.0,0,1.0,9,0,14,0.0108,0.0,0.0043
98.662,1672,17.8,0.5018,0.807,0.2846,-0.2139,0.9588,-0.2664,0.0,0,1.0,13,0,14,0.0133,0.0,0.0053
98.721,1673,17.8,0.098,0.7205,0.5654,0.5374,0.9219,-0.2393,0.0,0,1.0,8,0,14,0.012,0.0,0.0048
98.781,1674,17.8,0.5644,0.7294,0.2637,-0.293,0.9288,0.0915,0.0,0,1.0,7,0,14,0.0046,0.0,0.0018
98.835,1675,17.8,0.5416,0.8572,0.2118,-0.3296,1.0,0.0915,0.0,0,1.0,10,0,14,0.0046,0.0,0.0018
98.9,1676,17.8,0.493,0.8131,0.2972,-0.1918,0.9591,-0.1716,0.0,0,1.0,7,0,14,0.0086,0.0,0.0034
98.954,1677,17.8,0.0458,0.8581,0.5503,0.5961,1.0,0.0045,0.0,0,1.0,14,0,14,0.0002,0.0,0.0001
99.011,1678,17.8,0.0747,0.7579,0.5138,0.5426,0.9244,0.0045,0.0,0,1.0,8,0,14,0.0002,0.0,0.0001
99.072,1679,17.8,0.0267,0.8063,0.5704,0.6532,0.9967,0.0045,0.0,0,1.0,13,0,14,0.0002,0.0,0.0001
99.126,1680,17.8,0.0537,0.5133,0.7916,0.7705,0.8745,-0.0835,0.0,0,1.0,7,0,14,0.0042,0.0,0.0017
99.174,1681,17.5,0.0,0.4391,0.7068,0.8781,0.7646,0.0915,0.0,0,1.0,3,0,14,0.0046,0.0,0.0018
99.225,1682,17.5,0.0,0.3792,0.6255,0.883,0.6688,-0.1235,0.0,0,1.0,2,0,14,0.0062,0.0,0.0025
99.28,1683,17.5,0.0,0.3538,0.645,0.7558,0.6584,-0.1235,0.0,0,1.0,2,0,14,0.0062,0.0,0.0025
99.337,1684,17.5,0.1575,0.5336,0.2833,0.2112,0.6069,-0.2303,0.0,0,1.0,7,1,14,0.0115,0.0,0.0046
99.391,1685,17.5,0.1514,0.8945,0.06,-0.2251,0.8361,-0.2303,0.0,0,1.0,5,1,14,0.0115,0.0,0.0046
99.443,1686,17.5,0.4881,0.9478,0.0191,-0.6036,1.0,0.0,0.0,0,1.0,6,1,14,0.0,0.0,0.0
99.499,1687,17.5,0.0403,0.7634,0.5864,0.6436,0.9697,0.0,0.0,0,1.0,8,1,14,0.0,0.0,0.0
99.553,1688,17.5,0.4356,0.9043,0.2602,-0.1828,1.0,-0.1129,0.0,0,1.0,8,1,14,0.0056,0.0,0.0023
99.611,1689,17.5,0.441,0.8979,0.2588,-0.1896,1.0,-0.0737,0.0,0,1.0,9,1,14,0.0037,0.0,0.0015
99.674,1690,17.5,0.4243,0.8815,0.2729,-0.1588,0.9781,-0.1464,0.0,0,1.0,8,1,14,0.0073,0.0,0.0029
99.743,1691,17.5,0.4264,0.9261,0.1212,-0.3746,1.0,0.0045,0.0,0,1.0,6,1,14,0.0002,0.0,0.0001
99.805,1692,17.5,0.0702,0.7884,0.4992,0.5366,0.9418,-0.7,0.0,0,1.0,8,1,14,0.035,0.0,0.014
99.861,1693,17.5,0.4553,0.7746,0.3331,-0.1215,0.9057,-0.7,0.0,0,1.0,9,1,14,0.035,0.0,0.014
99.92,1694,17.5,0.4297,0.625,0.4589,0.0281,0.782,-0.1967,0.0,0,1.0,9,1,14,0.0098,0.0,0.0039
99.979,1695,17.5,0.0,0.4815,0.7165,0.8624,0.8057,-0.2099,0.0,0,1.0,4,1,14,0.0105,0.0,0.0042
100.034,1696,17.5,0.0225,0.7174,0.641,0.9713,0.9616,-0.1235,0.0,0,1.0,7,1,14,0.0062,0.0,0.0025
100.088,1697,17.5,0.4535,1.0,0.1364,-0.3611,1.0,-0.1235,0.0,0,1.0,10,1,14,0.0062,0.0,0.0025
100.141,1698,17.5,0.4648,0.8652,0.2556,-0.2154,0.987,0.0045,0.0,0,1.0,10,1,14,0.0002,0.0,0.0001
100.191,1699,17.5,0.4576,0.9053,0.2434,-0.2219,1.0,-0.1464,0.0,0,1.0,13,1,14,0.0073,0.0,0.0029
100.24,1700,17.5,0.4899,0.9749,0.1364,-0.3887,1.0,-0.1464,0.0,0,1.0,8,1,14,0.0073,0.0,0.0029
100.294,1701,17.5,0.0473,0.8155,0.5037,0.5787,0.9671,0.0045,0.0,0,1.0,10,1,14,0.0002,0.0,0.0001
100.35,1702,17.5,0.4763,0.7784,0.3216,-0.1521,0.9206,-0.1967,0.0,0,1.0,9,1,14,0.0098,0.0,0.0039
100.399,1703,17.5,0.5178,0.7009,0.3544,-0.1546,0.8787,-0.1967,0.0,0,1.0,9,1,14,0.0098,0.0,0.0039
100.45,1704,17.5,0.5081,0.8047,0.2688,-0.238,0.9605,-0.2303,0.0,0,1.0,9,1,14,0.0115,0.0,0.0046
100.505,1705,17.5,0.5233,0.7551,0.2683,-0.2544,0.9273,-0.255,0.0,0,1.0,10,1,14,0.0128,0.0,0.0051
100.564,1706,17.5,0.475,0.8909,0.2374,-0.2445,1.0,-0.255,0.0,0,1.0,10,1,14,0.0128,0.0,0.0051
100.62,1707,17.5,0.0734,0.7481,0.5581,0.5714,0.9409,-0.2773,0.0,0,1.0,9,1,14,0.0139,0.0,0.0055
100.68,1708,17.5,0.2546,1.0,0.193,-0.0852,0.9826,0.0045,0.0,0,1.0,9,1,14,0.0002,0.0,0.0001
100.736,1709,17.5,0.4992,0.8251,0.269,-0.2293,0.9727,-0.4651,0.0,0,1.0,11,1,14,0.0233,0.0,0.0093
100.795,1710,17.5,0.3006,1.0,0.1475,-0.2119,1.0,-0.1911,0.0,0,1.0,9,1,14,0.0096,0.0,0.0038
100.855,1711,18.0,0.4966,0.768,0.2796,-0.2188,0.9233,-0.1911,0.0,0,1.0,9,1,14,0.0096,0.0,0.0038
100.917,1712,18.0,0.4741,0.9255,0.1705,-0.332,1.0,0.0,0.0,0,1.0,7,1,14,0.0,0.0,0.0
100.97,1713,18.0,0.0532,1.0,0.2444,0.3552,0.9769,-0.2303,0.0,0,1.0,11,1,14,0.0115,0.0,0.0046
101.025,1714,18.0,0.5507,0.8398,0.0149,-0.6612,1.0,0.0,0.0,0,1.0,8,1,14,0.0,0.0,0.0
101.079,1715,18.0,0.4835,0.8106,0.296,-0.1856,0.9517,0.0915,0.0,0,1.0,7,1,14,0.0046,0.0,0.0018
101.133,1716,18.0,0.4738,0.8003,0.2677,-0.2124,0.9376,0.0915,0.0,0,1.0,7,1,14,0.0046,0.0,0.0018
101.182,1717,18.0,0.443,0.9411,0.1928,-0.275,1.0,-0.158,0.0,0,1.0,8,1,14,0.0079,0.0,0.0032
101.233,1718,18.0,0.4487,0.7164,0.3628,-0.0854,0.853,-0.0961,0.0,0,1.0,5,1,14,0.0048,0.0,0.0019
101.286,1719,18.0,0.4647,0.8459,0.2676,-0.2018,0.9708,-0.0961,0.0,0,1.0,8,1,14,0.0048,0.0,0.0019
101.341,1720,18.0,0.4945,0.5926,0.4223,-0.0685,0.7747,-0.2405,0.0,0,1.0,9,1,14,0.012,0.0,0.0048
101.392,1721,18.0,0.5215,0.7891,0.2696,-0.2485,0.9548,-0.2491,0.0,0,1.0,13,1,14,0.0125,0.0,0.005
101.445,1722,18.0,0.0,0.5764,0.694,0.8189,0.8729,-0.2491,0.0,0,1.0,6,1,14,0.0125,0.0,0.005
101.506,1723,18.0,0.4978,0.5901,0.4064,-0.0877,0.7745,-0.2471,0.0,0,1.0,7,1,14,0.0124,0.0,0.0049
101.561,1724,18.0,0.4789,0.7876,0.3063,-0.1713,0.9298,-0.2303,0.0,0,1.0,7,1,14,0.0115,0.0,0.0046
101.621,1725,18.0,0.5182,0.8343,0.2329,-0.2878,0.9909,-0.1967,0.0,0,1.0,14,1,14,0.0098,0.0,0.0039
101.682,1726,18.0,0.4806,0.6507,0.3894,-0.0881,0.8158,-0.1967,0.0,0,1.0,8,1,14,0.0098,0.0,0.0039
101.745,1727,18.0,0.4639,0.5932,0.4171,-0.0459,0.7581,-0.2664,0.0,0,1.0,4,1,14,0.0133,0.0,0.0053
101.806,1728,18.0,0.4926,0.8374,0.2406,-0.2586,0.9793,-0.1876,0.0,0,1.0,6,1,14,0.0094,0.0,0.0038
101.866,1729,18.0,0.4605,0.8707,0.2439,-0.2262,0.9893,0.0045,0.0,0,1.0,7,1,14,0.0002,0.0,0.0001
101.932,1730,18.0,0.485,0.8559,0.2169,-0.282,0.9905,0.0045,0.0,0,1.0,6,1,14,0.0002,0.0,0.0001
101.987,1731,18.0,0.5082,0.7741,0.3057,-0.1967,0.9348,0.0045,0.0,0,1.0,9,1,14,0.0002,0.0,0.0001
102.043,1732,18.0,0.4728,0.9221,0.1932,-0.299,1.0,-0.2303,0.0,0,1.0,7,1,14,0.0115,0.0,0.0046
102.093,1733,18.0,0.4841,0.8779,0.2381,-0.2518,1.0,0.0915,0.0,0,1.0,8,1,14,0.0046,0.0,0.0018
102.151,1734,18.0,0.0119,0.9822,0.3618,0.5538,1.0,0.0045,0.0,0,1.0,4,1,14,0.0002,0.0,0.0001
102.199,1735,18.0,0.0015,0.6685,0.6124,0.7584,0.9045,0.0045,0.0,0,1.0,3,1,14,0.0002,0.0,0.0001
102.251,1736,18.0,0.0102,0.7992,0.6302,0.7103,1.0,-0.7,0.0,0,1.0,5,1,14,0.035,0.0,0.014
102.302,1737,18.0,0.0126,0.953,0.314,0.5301,0.9764,0.0045,0.0,0,1.0,3,1,14,0.0002,0.0,0.0001
102.35,1738,18.0,0.4766,0.7493,0.4187,-0.0528,0.8964,0.0045,0.0,0,1.0,11,1,14,0.0002,0.0,0.0001
102.401,1739,18.0,0.4442,0.7993,0.2766,-0.1763,0.9202,0.0,0.0,0,1.0,7,1,14,0.0,0.0,0.0
102.453,1740,18.0,0.0483,0.8111,0.5806,0.6152,1.0,-0.2491,0.0,0,1.0,6,1,14,0.0125,0.0,0.005
102.518,1741,18.1,0.5053,0.9507,0.1479,-0.3842,1.0,-0.2491,0.0,0,1.0,7,1,14,0.0125,0.0,0.005
102.579,1742,18.1,0.0714,1.0,0.077,0.0177,0.8831,0.0915,0.0,0,1.0,6,1,14,0.0046,0.0,0.0018
102.635,1743,18.1,0.0434,0.9567,0.4289,0.5204,1.0,-0.0737,0.0,0,1.0,9,1,14,0.0037,0.0,0.0015
102.696,1744,18.1,0.4463,0.8331,0.3216,-0.1238,0.9497,-0.7,0.0,0,1.0,9,1,14,0.035,0.0,0.014
102.755,1745,18.1,0.4743,0.8386,0.2807,-0.1944,0.97,-0.1716,0.0,0,1.0,10,1,14,0.0086,0.0,0.0034
102.81,1746,18.1,0.0666,0.4133,0.7698,0.7753,0.7783,-0.1716,0.0,0,1.0,7,1,14,0.0086,0.0,0.0034
102.873,1747,18.1,0.4709,0.9586,0.0426,-0.5446,1.0,-0.2491,0.0,0,1.0,9,1,14,0.0125,0.0,0.005
102.93,1748,18.1,0.0408,0.8321,0.5371,0.6048,0.9998,-0.1967,0.0,0,1.0,9,1,14,0.0098,0.0,0.0039
102.989,1749,18.1,0.4544,0.8968,0.2397,-0.2248,1.0,0.0045,0.0,0,1.0,11,1,14,0.0002,0.0,0.0001
103.041,1750,18.1,0.4788,0.8306,0.286,-0.1923,0.9658,0.0045,0.0,0,1.0,9,1,14,0.0002,0.0,0.0001
103.095,1751,18.1,0.4489,0.9756,0.1612,-0.3222,1.0,0.0045,0.0,0,1.0,12,1,14,0.0002,0.0,0.0001
103.153,1752,18.1,0.4409,0.888,0.2774,-0.1675,0.9928,-0.1363,0.0,0,1.0,12,1,14,0.0068,0.0,0.0027
103.209,1753,18.1,0.5039,0.85,0.2282,-0.282,0.9961,-0.2664,0.0,0,1.0,10,1,14,0.0133,0.0,0.0053
103.258,1754,18.1,0.4758,0.6873,0.3117,-0.1685,0.8438,-0.2664,0.0,0,1.0,4,1,14,0.0133,0.0,0.0053
103.309,1755,18.1,0.5029,0.7157,0.3141,-0.1866,0.8828,-0.1363,0.0,0,1.0,8,1,14,0.0068,0.0,0.0027
103.357,1756,18.1,0.4802,0.8156,0.2567,-0.2302,0.954,-0.2068,0.0,0,1.0,10,1,14,0.0103,0.0,0.0041
103.41,1757,18.1,0.4935,0.7941,0.2837,-0.2094,0.9434,-0.2068,0.0,0,1.0,6,1,14,0.0103,0.0,0.0041
103.47,1758,18.1,0.5111,0.7977,0.2548,-0.2581,0.9563,-0.1464,0.0,0,1.0,8,1,14,0.0073,0.0,0.0029
103.53,1759,18.1,0.483,0.8477,0.2555,-0.2314,0.9826,-0.2596,0.0,0,1.0,9,1,14,0.013,0.0,0.0052
103.587,1760,18.1,0.4898,0.7984,0.2944,-0.1934,0.945,-0.1967,0.0,0,1.0,9,1,14,0.0098,0.0,0.0039
103.644,1761,18.1,0.4954,0.8311,0.2583,-0.2388,0.9755,-0.1967,0.0,0,1.0,11,1,14,0.0098,0.0,0.0039
103.71,1762,18.1,0.4975,0.7084,0.3384,-0.155,0.8737,-0.158,0.0,0,1.0,10,1,14,0.0079,0.0,0.0032
103.769,1763,18.1,0.4914,0.8121,0.2924,-0.1962,0.9574,-0.1363,0.0,0,1.0,11,1,14,0.0068,0.0,0.0027
103.828,1764,18.1,0.4835,0.8484,0.2386,-0.2531,0.9834,-0.158,0.0,0,1.0,12,1,14,0.0079,0.0,0.0032
103.887,1765,18.1,0.4971,0.795,0.2975,-0.1959,0.9462,0.0045,0.0,0,1.0,9,1,14,0.0002,0.0,0.0001
103.949,1766,18.1,0.0111,0.775,0.6279,0.7139,1.0,0.0045,0.0,0,1.0,7,1,14,0.0002,0.0,0.0001
104.014,1767,18.1,0.5477,0.8448,0.2104,-0.3369,1.0,-0.1833,0.0,0,1.0,13,1,14,0.0092,0.0,0.0037
104.067,1768,18.1,0.5256,0.933,0.1484,-0.3987,1.0,-0.1716,0.0,0,1.0,9,1,14,0.0086,0.0,0.0034
104.122,1769,18.1,0.469,0.6674,0.2946,-0.1845,0.8232,0.0915,0.0,0,1.0,10,1,14,0.0046,0.0,0.0018
104.173,1770,18.1,0.2993,1.0,0.2171,-0.1028,1.0,0.0915,0.0,0,1.0,9,1,14,0.0046,0.0,0.0018
104.225,1771,17.4,0.5635,0.8275,0.2235,-0.3324,1.0,-0.2303,0.0,0,1.0,9,1,14,0.0115,0.0,0.0046
104.276,1772,17.4,0.5329,0.8199,0.2411,-0.2895,0.9871,-0.1235,0.0,0,1.0,17,1,14,0.0062,0.0,0.0025
104.332,1773,17.4,0.5384,0.8009,0.2527,-0.2808,0.9743,-0.1235,0.0,0,1.0,10,1,14,0.0062,0.0,0.0025
104.383,1774,17.4,0.3554,1.0,0.2105,-0.1699,1.0,-0.2099,0.0,0,1.0,14,2,14,0.0105,0.0,0.0042
104.436,1775,17.4,0.129,1.0,0.3055,0.2497,1.0,0.0,0.0,1,1.0,14,2,14,0.0,1.0,0.0
104.502,1776,17.4,0.5438,0.8158,0.1807,-0.3784,0.9898,0.0,0.0,1,1.0,13,2,14,0.0,0.8,0.0
104.562,1777,17.4,0.0833,0.657,0.0,-0.4545,0.5985,0.0,0.0,1,1.0,1,2,14,0.0,0.8,0.0
104.619,1778,17.4,0.3633,0.6304,0.0182,-0.6122,0.733,-0.1911,0.0,1,1.0,4,2,14,0.0096,0.8,0.0038
104.676,1779,17.4,0.1708,0.8653,0.0345,-0.346,0.8225,-0.7,0.0,1,1.0,14,2,14,0.035,0.8,0.014
104.736,1780,17.4,0.09,1.0,0.0201,-0.2815,0.8904,0.0,0.0,1,1.0,15,2,14,0.0,0.8,0.0
104.793,1781,17.4,0.2116,0.9827,0.0,-0.5088,0.944,0.0,0.0,1,1.0,12,2,14,0.0,0.8,0.0
104.843,1782,17.4,0.6191,0.4751,0.0,-0.8353,0.7458,0.0,0.0,1,1.0,7,2,14,0.0,0.8,0.0
104.908,1783,17.4,0.2109,0.7252,0.108,-0.1989,0.7273,0.0,0.0,1,1.0,7,2,14,0.0,0.8,0.0
104.967,1784,17.4,0.2149,0.7249,0.0,-0.5521,0.7292,-0.1876,0.0,1,1.0,16,2,14,0.0094,0.8,0.0038
105.023,1785,17.4,0.1999,0.5072,0.3065,0.1641,0.5977,0.0,0.0,1,1.0,4,2,14,0.0,0.8,0.0
105.074,1786,17.4,0.3346,0.1543,0.0,-0.9349,0.317,-0.1716,0.0,1,1.0,1,2,14,0.0086,0.8,0.0034
105.126,1787,17.4,0.3325,0.2805,0.0811,-0.8125,0.4218,-0.1716,0.0,0,1.0,2,2,14,0.0086,0.8,0.0034
105.196,1788,17.4,0.5632,0.601,0.0445,-0.6677,0.8202,0.0,0.0,0,1.0,3,2,14,0.0,0.0,0.0
105.248,1789,17.4,0.6448,0.3991,0.0,-0.8789,0.6964,0.0,0.0,0,1.0,2,2,14,0.0,0.0,0.0
105.309,1790,17.4,0.3318,0.153,0.0,-0.9349,0.3144,-0.0737,0.0,0,1.0,1,2,14,0.0037,0.0,0.0015
105.356,1791,17.4,0.3546,0.4464,0.1726,-0.2813,0.5736,0.0,0.0,0,1.0,5,2,14,0.0,0.0,0.0
105.409,1792,17.4,0.6141,0.4743,0.276,-0.3448,0.7423,0.0,0.0,0,1.0,12,2,14,0.0,0.0,0.0
105.46,1793,17.4,0.2105,0.8383,0.2661,0.0775,0.8532,-0.0737,0.0,0,1.0,20,2,14,0.0037,0.0,0.0015
105.516,1794,17.4,0.3496,0.6178,0.0,-0.6636,0.7147,-0.7,0.0,0,1.0,9,2,14,0.035,0.0,0.014
105.569,1795,17.4,0.2184,0.337,0.5593,0.4147,0.5963,0.0,0.0,0,1.0,9,2,14,0.0,0.0,0.0
105.626,1796,17.4,0.2079,0.3424,0.4733,0.358,0.5527,0.0,0.0,0,1.0,15,2,14,0.0,0.0,0.0
105.679,1797,17.4,0.358,0.6866,0.0,-0.6479,0.7772,-0.0659,0.0,0,1.0,19,2,14,0.0033,0.0,0.0013
105.733,1798,17.4,0.333,0.7003,0.011,-0.5959,0.7747,-0.7,0.0,0,1.0,21,2,14,0.035,0.0,0.014
105.785,1799,17.4,0.7613,0.5807,0.064,-0.7207,0.9141,0.0,0.0,0,1.0,18,2,14,0.0,0.0,0.0
105.829,1800,17.4,0.3353,0.1539,0.0,-0.9357,0.3171,0.0,0.0,0,1.0,1,2,14,0.0,0.0,0.0
105.887,1801,18.1,0.4246,0.9673,0.0,-0.6163,1.0,0.0,0.0,0,1.0,23,2,14,0.0,0.0,0.0
105.948,1802,18.1,0.3097,1.0,0.0259,-0.4829,1.0,-0.7,0.0,0,1.0,31,2,14,0.035,0.0,0.014
106.003,1803,18.1,0.0593,1.0,0.1161,0.1571,0.905,0.0,0.0,0,1.0,18,2,14,0.0,0.0,0.0
106.061,1804,18.1,0.1216,0.2054,0.7408,0.7456,0.5874,0.0,0.0,0,1.0,13,2,14,0.0,0.0,0.0
106.127,1805,18.1,0.528,0.3422,0.2879,-0.2801,0.5831,0.0,0.0,0,1.0,25,2,14,0.0,0.0,0.0
106.188,1806,18.1,0.055,0.4421,0.823,0.8036,0.8323,-0.1967,0.0,0,1.0,34,2,14,0.0098,0.0,0.0039
106.242,1807,18.1,0.0843,0.6839,0.5979,0.5869,0.9093,-0.2564,0.0,0,1.0,31,2,14,0.0128,0.0,0.0051
106.304,1808,18.1,0.043,0.9522,0.3184,0.4505,0.9781,0.0915,0.0,0,1.0,33,2,14,0.0046,0.0,0.0018
106.362,1809,18.1,0.0159,1.0,0.3559,0.5374,1.0,0.0915,0.0,0,1.0,39,2,14,0.0046,0.0,0.0018
106.418,1810,18.1,0.0174,1.0,0.2054,0.4328,0.955,0.0,0.0,0,1.0,30,2,14,0.0,0.0,0.0
106.479,1811,18.1,0.0465,1.0,0.1522,0.2655,0.9253,-0.7,0.0,0,1.0,39,2,14,0.035,0.0,0.014
106.537,1812,18.1,0.0289,1.0,0.1069,0.2646,0.8999,0.0,0.0,0,1.0,48,2,14,0.0,0.0,0.0
106.597,1813,18.1,0.1337,1.0,0.1203,-0.028,0.9149,0.0,0.0,0,1.0,41,2,14,0.0,0.0,0.0
106.657,1814,18.1,0.1655,1.0,0.038,-0.3145,0.9327,0.0,0.0,0,1.0,30,2,14,0.0,0.0,0.0
106.717,1815,18.1,0.0632,1.0,0.2889,0.3709,1.0,0.0,0.0,0,1.0,31,2,14,0.0,0.0,0.0
106.777,1816,18.1,0.066,1.0,0.037,-0.1232,0.877,0.0,0.0,0,1.0,24,2,14,0.0,0.0,0.0
106.836,1817,18.1,0.0991,1.0,0.0741,-0.0698,0.8955,0.0,0.0,0,1.0,35,2,14,0.0,0.0,0.0
106.895,1818,18.1,0.0934,1.0,0.0707,-0.066,0.8923,0.0,0.0,0,1.0,30,2,14,0.0,0.0,0.0
106.955,1819,18.1,0.197,1.0,0.1223,-0.1319,0.9503,0.0,0.0,0,1.0,28,2,14,0.0,0.0,0.0
107.011,1820,18.1,0.1965,1.0,0.0825,-0.2218,0.95,0.0,0.0,0,1.0,19,2,14,0.0,0.0,0.0
107.067,1821,18.1,0.2038,1.0,0.0826,-0.2315,0.9541,0.0,0.0,0,1.0,21,2,14,0.0,0.0,0.0
107.124,1822,18.1,0.2187,1.0,0.0742,-0.4077,0.9625,0.0,0.0,0,1.0,27,2,14,0.0,0.0,0.0
107.182,1823,18.1,0.1306,1.0,0.1616,0.0584,0.9305,0.0,0.0,0,1.0,22,2,14,0.0,0.0,0.0
107.231,1824,18.1,0.2071,1.0,0.1648,0.0512,0.956,0.0,0.0,0,1.0,15,2,14,0.0,0.0,0.0
107.283,1825,18.1,0.2112,1.0,0.1238,-0.1489,0.9583,0.0,0.0,0,1.0,16,2,14,0.0,0.0,0.0
107.335,1826,18.1,0.2122,1.0,0.0959,-0.2107,0.9588,0.0,0.0,0,1.0,18,2,14,0.0,0.0,0.0
107.382,1827,18.1,0.2208,1.0,0.0784,-0.2634,0.9636,0.0,0.0,0,1.0,21,2,14,0.0,0.0,0.0
107.435,1828,18.1,0.2484,1.0,0.0834,-0.2831,0.9791,0.0,0.0,0,1.0,16,2,14,0.0,0.0,0.0
107.484,1829,18.1,0.1901,1.0,0.0965,-0.1788,0.9465,0.0,0.0,0,1.0,17,2,14,0.0,0.0,0.0
107.538,1830,18.1,0.4047,0.9113,0.0091,-0.595,0.9921,0.0,0.0,0,1.0,14,2,14,0.0,0.0,0.0
107.595,1831,17.6,0.5459,0.6061,0.0,-0.758,0.8148,0.0,0.0,0,1.0,9,2,14,0.0,0.0,0.0
107.654,1832,17.6,0.0454,1.0,0.0327,-0.0682,0.8654,-0.7,0.0,0,1.0,10,2,14,0.035,0.0,0.014
107.715,1833,17.6,0.2637,1.0,0.0,-0.5353,0.9877,0.0,0.0,0,1.0,13,2,14,0.0,0.0,0.0
107.773,1834,17.6,0.1754,0.8388,0.0761,-0.2186,0.8028,0.0,0.0,0,1.0,8,2,14,0.0,0.0,0.0
107.83,1835,17.6,0.4316,0.9062,0.0117,-0.6024,1.0,0.0,0.0,0,1.0,12,2,14,0.0,0.0,0.0
107.888,1836,17.6,0.0951,0.924,0.0911,-0.0107,0.8294,-0.4651,0.0,0,1.0,17,2,14,0.0233,0.0,0.0093
107.946,1837,17.6,0.1934,0.907,0.0532,-0.3067,0.8702,0.0,0.0,0,1.0,17,2,14,0.0,0.0,0.0
108.004,1838,17.6,0.377,0.7737,0.002,-0.6294,0.861,0.0,0.0,0,1.0,17,2,14,0.0,0.0,0.0
108.06,1839,17.6,0.555,0.5966,0.0,-0.7648,0.8119,0.0,0.0,0,1.0,15,2,14,0.0,0.0,0.0
108.112,1840,17.6,0.2804,0.9988,0.0175,-0.4879,0.996,-0.7,0.0,0,1.0,44,2,14,0.035,0.0,0.014
108.166,1841,17.6,0.2804,0.9988,0.0175,-0.4093,0.996,0.0,0.0,0,1.0,44,2,14,0.0,0.0,0.0
108.22,1842,17.6,0.2804,0.9988,0.0175,-0.4879,1.0,0.0,0.0,0,1.6,44,0,15,0.0,0.0,0.0
108.282,1843,17.6,0.2804,0.9988,0.0175,-0.4879,1.0,0.0,0.0,0,1.56,44,0,15,0.0,0.0,0.0
108.333,1844,17.6,0.2804,0.9988,0.0175,-0.4879,1.0,0.0,0.0,0,1.52,44,0,15,0.0,0.0,0.0
108.391,1845,17.6,0.2804,0.9988,0.0175,0.028,1.0,0.0,0.0,0,1.48,43,0,15,0.0,0.0,0.0
108.444,1846,17.6,0.2804,0.9988,0.0175,-0.4879,1.0,0.0,0.0,0,1.44,44,0,15,0.0,0.0,0.0
108.503,1847,17.6,0.2804,0.9988,0.0175,-0.4879,1.0,0.0,0.0,0,1.4,44,0,15,0.0,0.0,0.0
108.56,1848,17.6,0.2804,0.9988,0.0175,-0.4879,1.0,0.0,0.0,0,1.36,43,0,15,0.0,0.0,0.0
108.621,1849,17.6,0.2804,0.9988,0.0175,-0.4879,1.0,0.0,0.0,0,1.32,44,0,15,0.0,0.0,0.0
108.677,1850,17.6,0.2804,0.9988,0.0175,-0.4879,1.0,0.0,0.0,0,1.28,43,0,15,0.0,0.0,0.0
108.737,1851,17.6,0.2804,0.9988,0.0175,-0.4879,1.0,0.0,0.0,0,1.24,43,0,15,0.0,0.0,0.0
108.796,1852,17.6,0.2804,0.9988,0.0175,-0.4879,1.0,0.0,0.0,0,1.2,43,0,15,0.0,0.0,0.0
108.851,1853,17.6,0.2804,0.9988,0.0175,-0.4879,1.0,0.0,0.0,0,1.16,43,0,15,0.0,0.0,0.0
108.918,1854,17.6,0.2804,0.9988,0.0175,-0.4879,1.0,0.0,0.0,0,1.12,43,0,15,0.0,0.0,0.0
108.981,1855,17.6,0.2804,0.9988,0.0175,-0.4879,1.0,0.0,0.0,0,1.08,43,0,15,0.0,0.0,0.0
109.034,1856,17.6,0.2804,0.9988,0.0175,-0.4879,1.0,0.0,0.0,0,1.04,44,0,15,0.0,0.0,0.0
109.096,1857,17.6,0.2804,0.9988,0.0175,-0.4879,0.996,0.0,0.0,0,1.0,43,0,15,0.0,0.0,0.0
109.151,1858,17.6,0.2804,0.9988,0.0175,-0.4879,0.996,0.0,0.0,0,1.0,44,0,15,0.0,0.0,0.0
109.198,1859,17.6,0.2804,0.9988,0.0175,-0.4879,0.996,0.0,0.0,0,1.0,44,0,15,0.0,0.0,0.0
109.255,1860,17.6,0.2804,0.9988,0.0175,-0.4879,0.996,0.0,0.0,0,1.0,44,0,15,0.0,0.0,0.0
109.314,1861,17.5,0.2804,0.9988,0.0175,-0.4879,0.996,0.0,0.0,0,1.0,44,0,15,0.0,0.0,0.0
109.362,1862,17.5,0.2804,0.9988,0.0175,-0.4879,0.996,0.0,0.0,0,1.0,44,0,15,0.0,0.0,0.0
