timestamp,frame,fps,left,center,right,x,magnitude,fw_bias,visual_bias,escape_active,dopamine,items,skip_focus,collected,reward_rate,escape_rate,orient_rate
4.801,1,0.0,0.4296,0.7764,0.0,-0.6592,0.8928,0.0,0.0,0,1.0,30,0,0,0.0,0.0,0.0
5.008,2,0.0,0.1955,1.0,0.0039,-0.4802,0.9495,-0.7,0.0,0,1.0,36,0,0,0.035,0.0,0.014
5.075,3,0.0,0.2246,1.0,0.003,-0.5022,0.9658,0.0,0.0,0,1.0,32,0,0,0.0,0.0,0.0
5.141,4,0.0,0.2286,0.7718,0.3876,0.1891,0.8654,0.0,0.0,0,1.0,36,0,0,0.0,0.0,0.0
5.203,5,0.0,0.4907,0.7007,0.0,-0.706,0.8634,-0.7,0.0,0,1.0,29,0,0,0.035,0.0,0.014
5.25,6,0.0,0.321,0.925,0.0,-0.5764,0.9568,-0.7,0.0,0,1.0,31,0,0,0.035,0.0,0.014
5.3,7,0.0,0.3113,0.9336,0.0,-0.57,0.9586,0.0,0.0,0,1.0,29,0,0,0.0,0.0,0.0
5.359,8,0.0,0.4938,0.689,0.0,-0.7107,0.8553,0.0,0.0,0,1.0,25,0,0,0.0,0.0,0.0
5.418,9,0.0,0.2909,1.0,0.114,-0.2631,1.0,0.0,0.0,0,1.0,27,0,0,0.0,0.0,0.0
5.478,10,0.0,0.3282,1.0,0.0,-0.5676,1.0,0.0,0.0,0,1.0,30,0,0,0.0,0.0,0.0
5.544,11,0.0,0.3018,0.8813,0.0433,-0.4466,0.9093,0.0,0.0,0,1.0,28,0,0,0.0,0.0,0.0
5.611,12,0.0,0.3398,0.8999,0.0,-0.5902,0.9462,0.0,0.0,0,1.0,30,0,0,0.0,0.0,0.0
5.672,13,0.0,0.3981,0.8178,0.0,-0.635,0.9099,0.0,0.0,0,1.0,27,0,0,0.0,0.0,0.0
5.725,14,0.0,0.2357,1.0,0.0038,-0.5057,0.972,0.0,0.0,0,1.0,29,0,0,0.0,0.0,0.0
5.786,15,0.0,0.1922,1.0,0.0,-0.4954,0.9476,0.0,0.0,0,1.0,30,0,0,0.0,0.0,0.0
5.843,16,0.0,0.5174,0.9403,0.0,-0.6581,1.0,0.0,0.0,0,1.0,28,0,0,0.0,0.0,0.0
5.894,17,0.0,0.3583,0.878,0.0,-0.6034,0.9381,0.0915,0.0,0,1.0,32,0,0,0.0046,0.0,0.0018
5.961,18,0.0,0.7367,0.5025,0.0,-0.8594,0.8347,0.0915,0.0,0,1.0,28,0,0,0.0046,0.0,0.0018
6.021,19,0.0,0.3996,0.8829,0.0,-0.6217,0.9654,-0.7,0.0,0,1.0,26,0,0,0.035,0.0,0.014
6.075,20,0.0,0.541,0.9494,0.0042,-0.6561,1.0,-0.7,0.0,0,1.0,30,0,0,0.035,0.0,0.014
6.124,21,0.0,0.4858,0.9924,0.0156,-0.6021,1.0,-0.7,0.0,0,1.0,25,0,0,0.035,0.0,0.014
6.176,22,0.0,0.5258,0.9781,0.0,-0.6537,1.0,0.0915,0.0,0,1.0,29,0,0,0.0046,0.0,0.0018
6.226,23,0.0,0.4784,1.0,0.0,-0.6318,1.0,0.0915,0.0,0,1.0,27,0,0,0.0046,0.0,0.0018
6.278,24,0.0,0.308,0.9692,0.0,-0.5626,0.9866,0.0915,0.0,0,1.0,35,0,0,0.0046,0.0,0.0018
6.34,25,0.0,0.4025,0.8034,0.0,-0.6404,0.9002,-0.1129,0.0,0,1.0,29,0,0,0.0056,0.0,0.0023
6.394,26,0.0,0.4295,0.7761,0.0,-0.6592,0.8925,-0.7,0.0,0,1.0,26,0,0,0.035,0.0,0.014
6.458,27,0.0,0.4267,0.7793,0.0,-0.6572,0.8936,-0.7,0.0,0,1.0,24,0,0,0.035,0.0,0.014
6.518,28,0.0,0.1633,0.9472,0.3162,0.2049,0.9727,-0.7,0.0,0,1.0,21,0,0,0.035,0.0,0.014
6.578,29,0.0,0.0947,0.956,0.3652,0.3723,1.0,-0.7,0.0,0,1.0,24,0,0,0.035,0.0,0.014
6.634,30,0.0,0.4194,0.7868,0.0,-0.6521,0.8958,-0.7,0.0,0,1.0,22,0,0,0.035,0.0,0.014
6.688,31,4.7,0.2465,1.0,0.0094,-0.492,0.978,-0.7,0.0,0,1.0,26,0,0,0.035,0.0,0.014
6.749,32,4.7,0.1702,1.0,0.2134,0.0668,0.9595,-0.7,0.0,0,1.0,27,0,0,0.035,0.0,0.014
6.807,33,4.7,0.304,1.0,0.2205,-0.1033,1.0,0.0,0.0,0,1.0,25,0,0,0.0,0.0,0.0
6.859,34,4.7,0.7875,0.7536,0.125,-0.5954,1.0,0.0,0.0,0,1.0,24,0,0,0.0,0.0,0.0
6.934,35,4.7,0.4199,0.632,0.436,0.0158,0.775,-0.2596,0.0,0,1.0,23,0,0,0.013,0.0,0.0052
6.99,36,4.7,0.9667,0.5712,0.0,-0.888,1.0,-0.2596,0.0,0,1.0,22,0,0,0.013,0.0,0.0052
7.041,37,4.7,0.8113,0.5667,0.2515,-0.4782,0.9303,0.0045,0.0,0,1.0,26,0,0,0.0002,0.0,0.0001
7.093,38,4.7,0.8464,0.524,0.2556,-0.4982,0.9141,0.0045,0.0,0,1.0,29,0,0,0.0002,0.0,0.0001
7.148,39,4.7,0.8228,0.5172,0.2885,-0.4487,0.8952,-0.2068,0.0,0,1.0,25,0,0,0.0103,0.0,0.0041
7.214,40,4.7,0.8238,0.5239,0.2838,-0.4535,0.9014,-0.1598,0.0,0,1.0,30,0,0,0.008,0.0,0.0032
7.283,41,4.7,0.8236,0.5026,0.3033,-0.4344,0.8834,-0.1833,0.0,0,1.0,33,0,0,0.0092,0.0,0.0037
7.34,42,4.7,0.8472,0.453,0.325,-0.4303,0.855,-0.1833,0.0,0,1.0,32,0,0,0.0092,0.0,0.0037
7.393,43,4.7,0.8447,0.4329,0.3475,-0.4072,0.8366,-0.2234,0.0,0,1.0,29,0,0,0.0112,0.0,0.0045
7.456,44,4.7,1.0,0.5376,0.0947,-0.7637,1.0,-0.2179,0.0,0,1.0,29,0,0,0.0109,0.0,0.0044
7.517,45,4.7,0.9407,0.4624,0.1536,-0.6836,0.9152,-0.2179,0.0,0,1.0,29,0,0,0.0109,0.0,0.0044
7.57,46,4.7,1.0,0.4956,0.0,-0.9217,0.9763,-0.2722,0.0,0,1.0,22,0,0,0.0136,0.0,0.0054
7.633,47,4.7,1.0,0.5453,0.0,-0.9036,1.0,-0.1876,0.0,0,1.0,30,0,0,0.0094,0.0,0.0038
7.686,48,4.7,1.0,0.4794,0.0,-0.9278,0.9627,-0.1876,0.0,0,1.0,24,0,0,0.0094,0.0,0.0038
7.744,49,4.7,1.0,0.5116,0.0038,-0.9095,0.9898,-0.1876,0.0,0,1.0,28,0,0,0.0094,0.0,0.0038
7.793,50,4.7,0.819,0.7026,0.0,-0.8121,1.0,-0.1876,0.0,0,1.0,33,0,0,0.0094,0.0,0.0038
7.844,51,4.7,1.0,0.5001,0.0,-0.9199,0.9801,-0.1876,0.0,0,1.0,37,0,0,0.0094,0.0,0.0038
7.896,52,4.7,0.8993,0.6525,0.0,-0.8468,1.0,-0.1876,0.0,0,1.0,29,0,0,0.0094,0.0,0.0038
7.95,53,4.7,0.9828,0.5434,0.0006,-0.8999,1.0,-0.1876,0.0,0,1.0,30,0,0,0.0094,0.0,0.0038
7.999,54,4.7,0.9662,0.567,0.0,-0.8894,1.0,-0.1876,0.0,0,1.0,30,0,0,0.0094,0.0,0.0038
8.053,55,4.7,0.962,0.5602,0.0065,-0.8802,1.0,-0.1876,0.0,0,1.0,26,0,0,0.0094,0.0,0.0038
8.111,56,4.7,0.9845,0.5369,0.0077,-0.891,1.0,-0.1876,0.0,0,1.0,23,0,0,0.0094,0.0,0.0038
8.166,57,4.7,1.0,0.4961,0.0,-0.9215,0.9767,-0.1876,0.0,0,1.0,28,0,0,0.0094,0.0,0.0038
8.219,58,4.7,1.0,0.504,0.0,-0.9185,0.9834,-0.1876,0.0,0,1.0,26,0,0,0.0094,0.0,0.0038
8.28,59,4.7,1.0,0.52,0.003,-0.9077,0.9968,-0.1876,0.0,0,1.0,28,0,0,0.0094,0.0,0.0038
8.333,60,4.7,0.9807,0.5342,0.0054,-0.895,0.9979,-0.1876,0.0,0,1.0,24,0,0,0.0094,0.0,0.0038
8.387,61,17.7,0.9843,0.5316,0.0115,-0.8867,0.9977,-0.1876,0.0,0,1.0,27,0,0,0.0094,0.0,0.0038
8.451,62,17.7,1.0,0.5198,0.0041,-0.9059,0.9967,-0.1876,0.0,0,1.0,22,0,0,0.0094,0.0,0.0038
8.515,63,17.7,0.8472,0.5369,0.2309,-0.5263,0.9254,-0.1876,0.0,0,1.0,25,0,0,0.0094,0.0,0.0038
8.57,64,17.7,0.8473,0.5306,0.2446,-0.5107,0.9201,-0.2303,0.0,0,1.0,27,0,0,0.0115,0.0,0.0046
8.631,65,17.7,0.8473,0.5202,0.2621,-0.4915,0.9115,-0.2303,0.0,0,1.0,22,0,0,0.0115,0.0,0.0046
8.682,66,17.7,0.8425,0.5179,0.269,-0.407,0.9068,-0.1859,0.0,0,1.0,21,0,0,0.0093,0.0,0.0037
8.733,67,17.7,1.0,0.5166,0.0,-0.9139,0.9939,-0.1859,0.0,0,1.0,22,0,0,0.0093,0.0,0.0037
8.782,68,17.7,0.9037,0.4207,0.3011,-0.4915,0.8595,-0.2441,0.0,0,1.0,20,0,0,0.0122,0.0,0.0049
8.84,69,17.7,1.0,0.5054,0.0,-0.918,0.9846,-0.2441,0.0,0,1.0,20,0,0,0.0122,0.0,0.0049
8.896,70,17.7,0.8557,0.4215,0.3528,-0.409,0.8332,-0.2571,0.0,0,1.0,22,0,0,0.0129,0.0,0.0051
8.95,71,17.7,0.7742,0.8294,0.1064,-0.6011,1.0,-0.2179,0.0,0,1.0,19,0,0,0.0109,0.0,0.0044
8.999,72,17.7,0.9237,0.6976,0.0509,-0.7608,1.0,-0.2179,0.0,0,1.0,20,0,0,0.0109,0.0,0.0044
9.054,73,17.7,0.6742,0.9981,0.0,-0.6986,1.0,-0.2099,0.0,0,1.0,23,0,0,0.0105,0.0,0.0042
9.117,74,17.7,0.633,1.0,0.0,-0.6856,1.0,-0.0737,0.0,0,1.0,23,0,0,0.0037,0.0,0.0015
9.173,75,17.7,1.0,0.516,0.0,-0.9141,0.9934,-0.0737,0.0,0,1.0,22,0,0,0.0037,0.0,0.0015
9.236,76,17.7,0.6735,1.0,0.0,-0.6981,1.0,-0.0737,0.0,0,1.0,24,0,0,0.0037,0.0,0.0015
9.298,77,17.7,0.6655,1.0,0.0,-0.6956,1.0,-0.0737,0.0,0,1.0,20,0,0,0.0037,0.0,0.0015
9.354,78,17.7,0.8734,0.7894,0.0,-0.8012,1.0,-0.0737,0.0,0,1.0,26,0,0,0.0037,0.0,0.0015
9.41,79,17.7,0.6945,0.9698,0.0,-0.7105,1.0,-0.0737,0.0,0,1.0,27,0,0,0.0037,0.0,0.0015
9.473,80,17.7,0.8875,0.7775,0.0,-0.8077,1.0,-0.0737,0.0,0,1.0,25,0,0,0.0037,0.0,0.0015
9.53,81,17.7,0.946,0.6713,0.0,-0.8513,1.0,-0.1876,0.0,0,1.0,29,0,0,0.0094,0.0,0.0038
9.588,82,17.7,0.5473,1.0,0.0,-0.6571,1.0,-0.1876,0.0,0,1.0,33,0,0,0.0094,0.0,0.0038
9.643,83,17.7,0.8658,0.7132,0.0,-0.8206,1.0,0.0915,0.0,0,1.0,32,0,0,0.0046,0.0,0.0018
9.694,84,17.7,0.849,0.7802,0.0058,-0.7884,1.0,0.0915,0.0,0,1.0,36,0,0,0.0046,0.0,0.0018
9.748,85,17.7,1.0,0.5039,0.0,-0.9186,0.9832,-0.1876,0.0,0,1.0,37,0,0,0.0094,0.0,0.0038
9.802,86,17.7,1.0,0.4962,0.0,-0.9214,0.9768,-0.1876,0.0,0,1.0,31,0,0,0.0094,0.0,0.0038
9.849,87,17.7,1.0,0.5279,0.0,-0.9098,1.0,-0.1876,0.0,0,1.0,32,0,0,0.0094,0.0,0.0038
9.899,88,17.7,1.0,0.5042,0.0,-0.9184,0.9835,-0.1876,0.0,0,1.0,32,0,0,0.0094,0.0,0.0038
9.949,89,17.7,1.0,0.5041,0.0,-1.0,0.9835,-0.1876,0.0,0,1.0,32,0,0,0.0094,0.0,0.0038
10.001,90,17.7,1.0,0.5043,0.0,-0.9184,0.9836,-0.1876,0.0,0,1.0,30,1,0,0.0094,0.0,0.0038
10.052,91,18.0,1.0,0.5041,0.0,-0.9185,0.9834,-0.1876,0.0,0,1.0,31,1,0,0.0094,0.0,0.0038
10.102,92,18.0,1.0,0.5033,0.0,-0.9188,0.9827,-0.1876,0.0,0,1.0,29,1,0,0.0094,0.0,0.0038
10.153,93,18.0,0.9075,0.7484,0.0056,-0.8115,1.0,-0.1876,0.0,0,1.0,29,1,0,0.0094,0.0,0.0038
10.211,94,18.0,0.1454,0.8045,0.4555,0.3711,0.9309,-0.1876,0.0,0,1.0,32,1,0,0.0094,0.0,0.0038
10.273,95,18.0,0.2289,0.7317,0.4474,0.2467,0.8652,-0.1876,0.0,0,1.0,28,1,0,0.0094,0.0,0.0038
10.328,96,18.0,0.3527,1.0,0.0,-0.579,1.0,-0.0961,0.0,0,1.0,26,1,0,0.0048,0.0,0.0019
10.394,97,18.0,0.236,0.7113,0.4557,0.2459,0.8527,-0.7,0.0,0,1.0,30,1,0,0.035,0.0,0.014
10.444,98,18.0,0.234,0.726,0.4438,0.2369,0.8584,-0.7,0.0,0,1.0,24,1,0,0.035,0.0,0.014
10.508,99,18.0,0.4351,0.7588,0.0,-0.6661,0.881,-0.0961,0.0,0,1.0,21,1,0,0.0048,0.0,0.0019
10.563,100,18.0,0.2214,1.0,0.2495,0.0375,0.9797,-0.4651,0.0,0,1.0,22,1,0,0.0233,0.0,0.0093
10.622,101,18.0,0.2063,1.0,0.2402,0.0471,0.9745,0.0,0.0,0,1.0,20,1,0,0.0,0.0,0.0
10.674,102,18.0,0.2066,1.0,0.2553,0.066,0.983,0.0,0.0,0,1.0,20,1,0,0.0,0.0,0.0
10.735,103,18.0,0.2289,0.7187,0.4622,0.2606,0.8625,-0.4651,0.0,0,1.0,20,1,0,0.0233,0.0,0.0093
10.786,104,18.0,0.1971,0.8024,0.4613,0.2964,0.9323,-0.0961,0.0,0,1.0,21,1,0,0.0048,0.0,0.0019
10.844,105,18.0,0.0511,1.0,0.2771,0.3909,0.9952,-0.0961,0.0,0,1.0,30,1,0,0.0048,0.0,0.0019
10.904,106,18.0,0.0859,1.0,0.2799,0.3103,0.9967,-0.1235,0.0,0,1.0,29,1,0,0.0062,0.0,0.0025
10.96,107,18.0,0.1968,1.0,0.2755,0.1049,0.9943,0.0,0.0,0,1.0,20,1,0,0.0,0.0,0.0
11.012,108,18.0,0.2618,1.0,0.245,-0.0213,0.9866,-0.2303,0.0,0,1.0,20,1,0,0.0115,0.0,0.0046
11.079,109,18.0,0.2406,1.0,0.2411,0.0007,0.975,-0.2303,0.0,0,1.0,25,1,0,0.0115,0.0,0.0046
11.174,110,18.0,0.2564,0.6853,0.4494,0.2151,0.8273,0.0045,0.0,0,1.0,21,1,0,0.0002,0.0,0.0001
11.253,111,18.0,0.4266,0.7791,0.0,-0.6572,0.8934,0.0,0.0,0,1.0,20,1,0,0.0,0.0,0.0
11.314,112,18.0,0.2112,0.7401,0.4507,0.2737,0.8741,-0.1967,0.0,0,1.0,21,1,0,0.0098,0.0,0.0039
11.379,113,18.0,0.212,0.7637,0.4553,0.274,0.8965,-0.0737,0.0,0,1.0,22,1,0,0.0037,0.0,0.0015
11.452,114,18.0,0.2247,0.768,0.4153,0.2209,0.8777,-0.0737,0.0,0,1.0,24,1,0,0.0037,0.0,0.0015
11.523,115,18.0,0.3517,0.8257,0.0,-0.6109,0.8905,-0.7,0.0,0,1.0,31,1,0,0.035,0.0,0.014
11.591,116,18.0,0.3202,0.8823,0.0,-0.5836,0.9205,-0.7,0.0,0,1.0,27,1,0,0.035,0.0,0.014
11.663,117,18.0,0.3372,0.9462,0.2652,-0.0821,0.9836,-0.7,0.0,0,1.0,23,1,0,0.035,0.0,0.014
11.717,118,18.0,0.2875,1.0,0.2619,-0.0307,1.0,-0.2303,0.0,0,1.0,24,1,0,0.0115,0.0,0.0046
11.776,119,18.0,0.3778,0.881,0.0,-0.6121,0.9516,0.0045,0.0,0,1.0,22,1,0,0.0002,0.0,0.0001
11.824,120,18.0,0.1671,1.0,0.2594,0.1323,0.9853,0.0045,0.0,0,1.0,22,1,0,0.0002,0.0,0.0001
11.877,121,16.5,0.2898,0.9941,0.2807,-0.0106,0.9973,0.0,0.0,0,1.0,21,1,0,0.0,0.0,0.0
11.929,122,16.5,0.3579,1.0,0.154,-0.2566,1.0,0.0,0.0,0,1.0,26,1,0,0.0,0.0,0.0
11.983,123,16.5,0.1327,1.0,0.2744,0.2099,0.9937,0.0,0.0,0,1.0,21,1,0,0.0,0.0,0.0
12.03,124,16.5,0.2167,1.0,0.1417,-0.1217,0.9614,-0.4651,0.0,0,1.0,24,1,0,0.0233,0.0,0.0093
12.084,125,16.5,0.4267,0.7801,0.0,-0.657,0.8942,0.0,0.0,0,1.0,26,1,0,0.0,0.0,0.0
12.147,126,16.5,0.2289,0.6812,0.4942,0.2908,0.8489,0.0,0.0,0,1.0,23,1,0,0.0,0.0,0.0
12.203,127,16.5,0.5076,0.9722,0.0,-0.6481,1.0,-0.7,0.0,0,1.0,23,1,0,0.035,0.0,0.014
12.259,128,16.5,0.4218,1.0,0.0,-0.6092,1.0,-0.0835,0.0,0,1.0,22,1,0,0.0042,0.0,0.0017
12.312,129,16.5,0.4777,0.9871,0.0,-0.634,1.0,-0.0835,0.0,0,1.0,20,1,0,0.0042,0.0,0.0017
12.367,130,16.5,0.4755,0.9877,0.0,-0.633,1.0,-0.7,0.0,0,1.0,23,1,0,0.035,0.0,0.014
12.418,131,16.5,0.404,1.0,0.0,-0.6017,1.0,-0.1129,0.0,0,1.0,21,1,0,0.0056,0.0,0.0023
12.473,132,16.5,0.3895,1.0,0.0,-0.5955,1.0,-0.1129,0.0,0,1.0,20,1,0,0.0056,0.0,0.0023
12.529,133,16.5,0.4272,1.0,0.0,-0.6114,1.0,-0.7,0.0,0,1.0,21,1,0,0.035,0.0,0.014
12.586,134,16.5,0.4267,0.7792,0.0,-0.6572,0.8935,-0.7,0.0,0,1.0,22,1,0,0.035,0.0,0.014
12.646,135,16.5,0.3119,1.0,0.0,-0.5597,1.0,-0.7,0.0,0,1.0,28,1,0,0.035,0.0,0.014
12.702,136,16.5,0.3535,1.0,0.0,-0.5794,1.0,-0.7,0.0,0,1.0,30,1,0,0.035,0.0,0.014
12.76,137,16.5,0.4265,0.7796,0.0,-0.6571,0.8937,0.0,0.0,0,1.0,27,1,0,0.0,0.0,0.0
12.812,138,16.5,0.4921,1.0,0.0,-0.6371,1.0,-0.7,0.0,0,1.0,30,1,0,0.035,0.0,0.014
12.87,139,16.5,0.4468,0.9289,0.0,-0.6328,1.0,-0.7,0.0,0,1.0,29,1,0,0.035,0.0,0.014
12.929,140,16.5,0.4267,0.7795,0.0,-0.6572,0.8937,-0.1129,0.0,0,1.0,28,1,0,0.0056,0.0,0.0023
12.985,141,16.5,0.225,1.0,0.1357,-0.1443,0.966,-0.7,0.0,0,1.0,35,1,0,0.035,0.0,0.014
13.033,142,16.5,0.2742,0.9635,0.1541,-0.1734,0.9629,-0.7,0.0,0,1.0,28,1,0,0.035,0.0,0.014
13.082,143,16.5,0.3218,0.9002,0.182,-0.1526,0.9364,0.0,0.0,0,1.0,26,1,0,0.0,0.0,0.0
13.137,144,16.5,0.4215,0.7594,0.0178,-0.6138,0.874,0.0,0.0,0,1.0,28,1,0,0.0,0.0,0.0
13.196,145,16.5,0.2222,1.0,0.0025,-0.5026,0.9644,0.0,0.0,0,1.0,28,1,0,0.0,0.0,0.0
13.252,146,16.5,0.2587,1.0,0.1527,-0.1558,0.9849,-0.7,0.0,0,1.0,32,1,0,0.035,0.0,0.014
13.317,147,16.5,0.3939,1.0,0.0,-0.5974,1.0,0.0,0.0,0,1.0,21,1,0,0.0,0.0,0.0
13.369,148,16.5,0.6105,0.5938,0.0,-0.7859,0.8407,0.0,0.0,0,1.0,17,1,0,0.0,0.0,0.0
13.418,149,16.5,0.2247,1.0,0.0,-0.5141,0.9658,-0.7,0.0,0,1.0,22,1,0,0.035,0.0,0.014
13.471,150,16.5,0.2755,0.9652,0.0,-0.5465,0.965,0.0,0.0,0,1.0,23,1,0,0.0,0.0,0.0
13.535,151,18.2,0.3317,0.8531,0.0,-0.5951,0.9023,0.0,0.0,0,1.0,20,1,0,0.0,0.0,0.0
13.606,152,18.2,0.5228,0.9415,0.0,-0.6599,1.0,0.0,0.0,0,1.0,30,1,0,0.0,0.0,0.0
13.667,153,18.2,0.184,1.0,0.0145,-0.4261,0.943,0.0,0.0,0,1.0,27,1,0,0.0,0.0,0.0
13.733,154,18.2,0.2258,0.9961,0.0218,-0.4345,0.9631,0.0915,0.0,0,1.0,24,1,0,0.0046,0.0,0.0018
13.797,155,18.2,0.2894,0.952,0.0,-0.5558,0.9617,0.0,0.0,0,1.0,25,1,0,0.0,0.0,0.0
13.852,156,18.2,0.4295,0.7752,0.0,-0.6595,0.8917,0.0,0.0,0,1.0,23,1,0,0.0,0.0,0.0
13.902,157,18.2,0.2937,0.755,0.155,-0.208,0.7987,-0.7,0.0,0,1.0,24,1,0,0.035,0.0,0.014
13.953,158,18.2,0.4109,1.0,0.0,-0.6046,1.0,-0.7,0.0,0,1.0,28,1,0,0.035,0.0,0.014
14.015,159,18.2,0.3658,1.0,0.0,-0.585,1.0,0.0,0.0,0,1.0,26,1,0,0.0,0.0,0.0
14.065,160,18.2,0.4609,0.9599,0.0,-0.6325,1.0,-0.7,0.0,0,1.0,26,1,0,0.035,0.0,0.014
14.116,161,18.2,0.4377,0.7669,0.0,-0.6652,0.8893,-0.7,0.0,0,1.0,25,1,0,0.035,0.0,0.014
14.166,162,18.2,0.4297,0.7768,0.0,-0.6592,0.8932,-0.1967,0.0,0,1.0,28,1,0,0.0098,0.0,0.0039
14.22,163,18.2,0.298,0.965,0.0,-0.2842,0.9775,-0.7,0.0,0,1.0,27,1,0,0.035,0.0,0.014
14.278,164,18.2,0.3017,0.945,0.0,-0.5633,0.9627,0.0,0.0,0,1.0,30,1,0,0.0,0.0,0.0
14.337,165,18.2,0.2932,0.8055,0.0867,-0.3422,0.8409,0.0,0.0,0,1.0,27,1,0,0.0,0.0,0.0
14.394,166,18.2,0.3964,1.0,0.0,-0.5985,1.0,0.0,0.0,0,1.0,29,1,0,0.0,0.0,0.0
14.455,167,18.2,0.4293,0.7757,0.0,-0.6592,0.892,-0.7,0.0,0,1.0,26,1,0,0.035,0.0,0.014
14.516,168,18.2,0.4485,0.8449,0.0,-0.6513,0.9608,-0.7,0.0,0,1.0,25,1,0,0.035,0.0,0.014
14.571,169,18.2,0.4427,0.9315,0.0,-0.6306,1.0,-0.7,0.0,0,1.0,24,1,0,0.035,0.0,0.014
14.626,170,18.2,0.5355,0.9655,0.0,-0.6597,1.0,-0.1129,0.0,0,1.0,22,1,0,0.0056,0.0,0.0023
14.68,171,18.2,0.1993,0.8174,0.4176,0.2553,0.9204,0.0915,0.0,0,1.0,22,1,0,0.0046,0.0,0.0018
14.741,172,18.2,0.2404,0.9769,0.0246,-0.4393,0.9552,0.0915,0.0,0,1.0,26,1,0,0.0046,0.0,0.0018
14.793,173,18.2,0.4076,0.8339,0.0,-0.6358,0.9287,0.0045,0.0,0,1.0,25,1,0,0.0002,0.0,0.0001
14.843,174,18.2,0.3935,0.819,0.0,-0.6326,0.9083,-0.7,0.0,0,1.0,24,1,0,0.035,0.0,0.014
14.89,175,18.2,0.281,0.9583,0.0,-0.5505,0.9623,-0.7,0.0,0,1.0,31,1,0,0.035,0.0,0.014
14.942,176,18.2,0.2743,0.9625,0.0,-0.5463,0.9621,0.0,0.0,0,1.0,27,1,0,0.0,0.0,0.0
14.991,177,18.2,0.42,0.7905,0.0,-0.6515,0.8993,0.0,0.0,0,1.0,27,1,0,0.0,0.0,0.0
15.044,178,18.2,0.059,0.8046,0.6032,0.6074,1.0,0.0,0.0,0,1.0,30,1,0,0.0,0.0,0.0
15.103,179,18.2,0.1276,0.7309,0.5743,0.491,0.9355,0.0045,0.0,0,1.0,30,1,0,0.0002,0.0,0.0001
15.167,180,18.2,0.7311,0.4985,0.0,-0.8595,0.8281,0.0045,0.0,1,1.0,29,2,0,0.0002,1.0,0.0001
15.23,181,17.7,0.3262,0.9065,0.0,-0.5823,0.9441,0.0045,0.0,1,1.0,34,2,0,0.0002,0.8,0.0001
15.288,182,17.7,0.8225,0.6246,0.0409,-0.7671,0.9853,-0.2122,0.0,1,1.0,43,2,0,0.0106,0.8,0.0042
15.344,183,17.7,0.3329,0.7012,0.1595,-0.2488,0.7754,-0.1876,0.0,1,1.0,52,2,0,0.0094,0.8,0.0038
15.403,184,17.7,0.2494,1.0,0.1,-0.5143,0.9797,-0.4651,0.0,1,1.0,58,2,0,0.0233,0.8,0.0093
15.464,185,17.7,0.3618,1.0,0.0,-0.5832,1.0,-0.4651,0.0,1,1.0,41,2,0,0.0233,0.8,0.0093
15.521,186,17.7,0.3964,0.8174,0.29,-0.1152,0.9086,0.0,0.0,1,1.0,33,2,0,0.0,0.8,0.0
15.579,187,17.7,0.3949,0.8158,0.0,-0.634,0.9064,-0.1716,0.0,1,1.0,21,2,0,0.0086,0.8,0.0034
15.637,188,17.7,0.3291,0.8766,0.0047,-0.5749,0.9207,-0.7,0.0,1,1.0,28,2,0,0.035,0.8,0.014
15.691,189,17.7,0.3917,0.8263,0.0,-0.6301,0.9135,-0.7,0.0,1,1.0,48,2,0,0.035,0.8,0.014
15.745,190,17.7,0.2278,1.0,0.2299,0.0028,0.9687,0.0,0.0,1,1.0,53,2,0,0.0,0.8,0.0
15.805,191,17.7,0.3545,0.4987,0.4506,0.1049,0.6713,0.0,0.0,1,1.0,54,2,0,0.0,0.8,0.0
15.912,193,17.7,0.2008,0.68,0.408,0.2575,0.7997,-0.2009,0.0,0,1.0,57,2,0,0.01,0.8,0.004
15.976,194,17.7,0.2172,0.685,0.3858,0.2107,0.7915,0.0045,0.0,0,1.0,55,2,0,0.0002,0.0,0.0001
16.025,195,17.7,0.3292,0.69,0.1969,0.0074,0.764,0.0045,0.0,0,1.0,45,2,0,0.0002,0.0,0.0001
16.077,196,17.7,0.2872,0.8035,0.1105,-0.2835,0.8358,-0.3477,0.0,0,1.0,46,2,0,0.0174,0.0,0.007
16.128,197,17.7,0.303,0.7822,0.1016,-0.3217,0.8267,0.0,0.0,0,1.0,46,2,0,0.0,0.0,0.0
16.193,198,17.7,0.2448,0.9726,0.0181,-0.4645,0.954,0.0,0.0,0,1.0,36,2,0,0.0,0.0,0.0
16.246,199,17.7,0.1653,1.0,0.002,-0.4687,0.9326,0.0,0.0,0,1.0,33,2,0,0.0,0.0,0.0
16.308,200,17.7,0.2379,1.0,0.0047,-0.5036,0.9732,0.0,0.0,0,1.0,26,2,0,0.0,0.0,0.0
16.363,201,17.7,0.3044,0.8388,0.0539,-0.4275,0.875,0.0,0.0,0,1.0,28,2,0,0.0,0.0,0.0
16.421,202,17.7,0.2287,0.7433,0.437,0.2368,0.8691,0.0,0.0,0,1.0,32,2,0,0.0,0.0,0.0
16.485,203,17.7,0.2249,0.7315,0.4533,0.2574,0.8683,0.0,0.0,0,1.0,33,2,0,0.0,0.0,0.0
16.55,204,17.7,0.3352,0.9916,0.2522,-0.095,1.0,-0.2303,0.0,0,1.0,40,2,0,0.0115,0.0,0.0046
16.615,205,17.7,0.2153,0.7176,0.4962,0.3073,0.8807,-0.1363,0.0,0,1.0,37,2,0,0.0068,0.0,0.0027
16.679,206,17.7,0.1718,0.812,0.4137,0.2941,0.9138,-0.2122,0.0,0,1.0,35,2,0,0.0106,0.0,0.0042
16.735,207,17.7,0.1101,0.8489,0.4651,0.4315,0.9735,-0.2122,0.0,0,1.0,36,2,0,0.0106,0.0,0.0042
16.793,208,17.7,0.1101,0.8752,0.4612,0.4252,0.9934,0.0045,0.0,0,1.0,36,2,0,0.0002,0.0,0.0001
16.844,209,17.7,0.0476,0.8759,0.4979,0.5633,1.0,0.0045,0.0,0,1.0,37,2,0,0.0002,0.0,0.0001
16.893,210,17.7,0.0461,0.889,0.4827,0.5558,1.0,0.0045,0.0,0,1.0,31,2,0,0.0002,0.0,0.0001
16.945,211,17.4,0.2106,1.0,0.0401,-0.3594,0.958,-0.1129,0.0,0,1.0,30,2,0,0.0056,0.0,0.0023
17.003,212,17.4,0.4117,0.7945,0.0,-0.6467,0.8979,0.0,0.0,0,1.0,26,2,0,0.0,0.0,0.0
17.063,213,17.4,0.0819,0.9847,0.4445,0.4495,1.0,0.0,0.0,0,1.0,27,2,0,0.0,0.0,0.0
17.12,214,17.4,0.1101,0.8883,0.4466,0.4133,0.9962,-0.7,0.0,0,1.0,27,2,0,0.035,0.0,0.014
17.185,215,17.4,0.101,0.971,0.4442,0.4167,1.0,-0.1967,0.0,0,1.0,27,2,0,0.0098,0.0,0.0039
17.247,216,17.4,0.2772,0.6739,0.445,0.1846,0.8153,-0.1967,0.0,0,1.0,25,2,0,0.0098,0.0,0.0039
17.304,217,17.4,0.1721,0.9943,0.2354,0.0938,0.9671,-0.1967,0.0,0,1.0,27,2,0,0.0098,0.0,0.0039
17.361,218,17.4,0.2631,1.0,0.0061,-0.5139,0.9873,-0.2303,0.0,0,1.0,22,2,0,0.0115,0.0,0.0046
17.418,219,17.4,0.1657,1.0,0.0336,-0.331,0.9328,0.0,0.0,0,1.0,21,2,0,0.0,0.0,0.0
17.471,220,17.4,0.2684,0.9361,0.0052,-0.529,0.9367,0.0,0.0,0,1.0,24,2,0,0.0,0.0,0.0
17.534,221,17.4,0.2288,0.7243,0.4355,0.2371,0.8523,0.0,0.0,0,1.0,25,2,0,0.0,0.0,0.0
17.591,222,17.4,0.2186,1.0,0.2499,0.0419,0.9799,0.0,0.0,0,1.0,31,2,0,0.0,0.0,0.0
17.643,223,17.4,0.3229,0.9889,0.254,-0.08,1.0,0.0,0.0,0,1.0,25,2,0,0.0,0.0,0.0
17.696,224,17.4,0.1814,0.7447,0.4681,0.3316,0.8877,0.0,0.0,0,1.0,26,2,0,0.0,0.0,0.0
17.748,225,17.4,0.1478,0.7789,0.4797,0.3886,0.9229,-0.0737,0.0,0,1.0,26,2,0,0.0037,0.0,0.0015
17.801,226,17.4,0.0477,0.9247,0.4785,0.5442,1.0,-0.0961,0.0,0,1.0,30,2,0,0.0048,0.0,0.0019
17.853,227,17.4,0.0824,0.9656,0.4779,0.4717,1.0,-0.0961,0.0,0,1.0,30,2,0,0.0048,0.0,0.0019
17.919,228,17.4,0.0943,1.0,0.0163,-0.313,0.8928,-0.1129,0.0,0,1.0,39,2,0,0.0056,0.0,0.0023
17.984,229,17.4,0.1133,1.0,0.0503,-0.1843,0.9035,0.0,0.0,0,1.0,47,2,0,0.0,0.0,0.0
18.035,230,17.4,0.1388,1.0,0.0338,-0.2941,0.9177,0.0,0.0,0,1.0,39,2,0,0.0,0.0,0.0
18.084,231,17.4,0.2468,0.9843,0.0095,-0.4941,0.965,0.0,0.0,0,1.0,41,2,0,0.0,0.0,0.0
18.137,232,17.4,0.1917,0.7596,0.4395,0.291,0.8842,0.0,0.0,0,1.0,42,2,0,0.0,0.0,0.0
18.203,233,17.4,0.2039,0.7514,0.4551,0.2869,0.886,0.0,0.0,0,1.0,37,2,0,0.0,0.0,0.0
18.266,234,17.4,0.2982,0.6392,0.4589,0.1731,0.7939,-0.1876,0.0,0,1.0,41,2,0,0.0094,0.0,0.0038
18.318,235,17.4,0.1243,1.0,0.2717,0.2226,0.9922,-0.2122,0.0,0,1.0,38,2,0,0.0106,0.0,0.0042
18.371,236,17.4,0.1303,1.0,0.2648,0.2035,0.9883,-0.2122,0.0,0,1.0,38,2,0,0.0106,0.0,0.0042
18.434,237,17.4,0.1396,0.951,0.2737,0.1993,0.9521,0.0,0.0,0,1.0,33,2,0,0.0,0.0,0.0
18.488,238,17.4,0.2499,1.0,0.0,-0.528,0.98,0.0,0.0,0,1.0,30,2,0,0.0,0.0,0.0
18.552,239,17.4,0.4479,0.7452,0.0,-0.6753,0.8768,0.0,0.0,0,1.0,25,2,0,0.0,0.0,0.0
18.607,240,17.4,0.1165,0.8293,0.4576,0.418,0.9528,-0.1129,0.0,0,1.0,30,2,0,0.0056,0.0,0.0023
18.666,241,17.5,0.0885,1.0,0.2592,0.5005,0.9852,-0.1129,0.0,0,1.0,32,2,0,0.0056,0.0,0.0023
18.716,242,17.5,0.1208,0.8485,0.4804,0.4238,0.9818,0.0045,0.0,0,1.0,22,2,0,0.0002,0.0,0.0001
18.766,243,17.5,0.1364,0.8448,0.4805,0.3986,0.9787,0.0045,0.0,0,1.0,21,2,0,0.0002,0.0,0.0001
18.815,244,17.5,0.2287,0.7021,0.4736,0.272,0.855,0.0045,0.0,0,1.0,21,2,0,0.0002,0.0,0.0001
18.863,245,17.5,0.2288,0.7155,0.4573,0.2569,0.8571,0.0045,0.0,0,1.0,20,2,0,0.0002,0.0,0.0001
18.917,246,17.5,0.2106,0.9819,0.0371,-0.3706,0.9427,-0.0961,0.0,0,1.0,23,2,0,0.0048,0.0,0.0019
18.966,247,17.5,0.1101,0.8376,0.4537,0.4254,0.9577,-0.0961,0.0,0,1.0,29,2,0,0.0048,0.0,0.0019
19.019,248,17.5,0.2106,1.0,0.0155,-0.4444,0.958,0.0,0.0,0,1.0,33,2,0,0.0,0.0,0.0
19.075,249,17.5,0.39,0.8042,0.0,-0.6343,0.8939,0.0,0.0,0,1.0,29,2,0,0.0,0.0,0.0
19.129,250,17.5,0.2109,0.7478,0.4288,0.2546,0.8683,-0.7,0.0,0,1.0,28,2,0,0.035,0.0,0.014
19.185,251,17.5,0.2985,0.859,0.2405,-0.0736,0.8887,-0.7,0.0,0,1.0,31,2,0,0.035,0.0,0.014
19.245,252,17.5,0.2012,0.7436,0.4372,0.2765,0.8694,-0.7,0.0,0,1.0,30,2,0,0.035,0.0,0.014
19.302,253,17.5,0.0971,1.0,0.2923,0.2985,1.0,0.0045,0.0,0,1.0,37,2,0,0.0002,0.0,0.0001
19.365,254,17.5,0.2287,0.9868,0.0187,-0.4484,0.957,0.0045,0.0,0,1.0,37,2,0,0.0002,0.0,0.0001
19.419,255,17.5,0.2287,0.9631,0.0338,-0.4008,0.9371,0.0,0.0,0,1.0,38,2,0,0.0,0.0,0.0
19.48,256,17.5,0.2849,0.989,0.0,-0.5479,0.9903,0.0,0.0,0,1.0,35,2,0,0.0,0.0,0.0
19.538,257,17.5,0.1394,0.9738,0.2934,0.2202,0.9823,0.0,0.0,0,1.0,38,2,0,0.0,0.0,0.0
19.599,258,17.5,0.2505,0.814,0.3319,0.0992,0.8696,0.0,0.0,0,1.0,27,2,0,0.0,0.0,0.0
19.652,259,17.5,0.2066,0.809,0.3868,0.2172,0.8961,0.0,0.0,0,1.0,27,2,0,0.0,0.0,0.0
19.71,260,17.5,0.1814,0.8305,0.3963,0.2621,0.9196,0.0915,0.0,0,1.0,26,2,0,0.0046,0.0,0.0018
19.76,261,17.5,0.0868,0.8736,0.4557,0.4636,0.9891,-0.1876,0.0,0,1.0,25,2,0,0.0094,0.0,0.0038
19.813,262,17.5,0.1159,0.8616,0.4385,0.4009,0.9693,-0.1876,0.0,0,1.0,23,2,0,0.0094,0.0,0.0038
19.867,263,17.5,0.1272,1.0,0.2463,0.1876,0.9779,-0.1129,0.0,0,1.0,24,2,0,0.0056,0.0,0.0023
19.92,264,17.5,0.2002,0.751,0.4467,0.2853,0.881,0.0,0.0,0,1.0,24,2,0,0.0,0.0,0.0
19.977,265,17.5,0.1768,0.8286,0.4092,0.2808,0.9252,0.0,0.0,0,1.0,26,2,0,0.0,0.0,0.0
20.03,266,17.5,0.1464,0.8559,0.41,0.3273,0.9486,-0.1716,0.0,0,1.0,28,2,0,0.0086,0.0,0.0034
20.088,267,17.5,0.1151,0.9709,0.3228,0.2946,0.9963,-0.4651,0.0,0,1.0,30,2,0,0.0233,0.0,0.0093
20.146,268,17.5,0.3464,0.8616,0.0,-0.6009,0.9178,-0.4651,0.0,0,1.0,23,2,0,0.0233,0.0,0.0093
20.207,269,17.5,0.1014,1.0,0.0544,-0.1427,0.8968,0.0,0.0,0,1.0,25,2,0,0.0,0.0,0.0
20.271,270,17.5,0.4274,0.7817,0.0,-0.6569,0.896,0.0,0.0,0,1.0,23,2,0,0.0,0.0,0.0
20.326,271,18.0,0.363,1.0,0.0118,-0.5519,1.0,-0.7,0.0,0,1.0,26,3,0,0.035,0.0,0.014
20.38,272,18.0,0.245,1.0,0.0244,-0.4409,0.9772,-0.7,0.0,0,1.0,21,3,0,0.035,0.0,0.014
20.44,273,18.0,0.4322,0.9141,0.0304,-0.5579,1.0,-0.7,0.0,0,1.0,22,3,0,0.035,0.0,0.014
20.495,274,18.0,0.153,1.0,0.3441,0.2456,1.0,0.0,0.0,0,1.0,22,3,0,0.0,0.0,0.0
20.558,275,18.0,0.0842,1.0,0.4375,0.4387,1.0,0.0,0.0,0,1.0,16,3,0,0.0,0.0,0.0
20.614,276,18.0,0.0236,1.0,0.4459,0.5652,1.0,0.0,0.0,0,1.0,26,3,0,0.0,0.0,0.0
20.672,277,18.0,0.0716,0.8688,0.4288,0.4762,0.97,-0.4651,0.0,0,1.0,16,3,0,0.0233,0.0,0.0093
20.723,278,18.0,0.11,1.0,0.362,0.3361,1.0,-0.7,0.0,0,1.0,19,3,0,0.035,0.0,0.014
20.779,279,18.0,0.3234,1.0,0.0148,-0.5222,1.0,-0.7,0.0,0,1.0,23,3,0,0.035,0.0,0.014
20.843,280,18.0,0.366,0.9861,0.0518,-0.4588,1.0,-0.7,0.0,0,1.0,21,3,0,0.035,0.0,0.014
20.906,281,18.0,0.328,0.7903,0.0733,-0.408,0.8475,0.0,0.0,0,1.0,16,3,0,0.0,0.0,0.0
20.956,282,18.0,0.2712,1.0,0.0229,-0.4651,0.9919,0.0,0.0,0,1.0,23,3,0,0.0,0.0,0.0
21.01,283,18.0,0.2793,0.8203,0.0925,-0.3125,0.8455,0.0,0.0,0,1.0,20,3,0,0.0,0.0,0.0
21.072,284,18.0,0.2932,0.7969,0.1027,-0.3074,0.8336,0.0,0.0,0,1.0,17,3,0,0.0,0.0,0.0
21.128,285,18.0,0.2035,1.0,0.2476,0.0607,0.9787,0.0,0.0,0,1.0,26,3,0,0.0,0.0,0.0
21.189,286,18.0,0.0453,0.9084,0.4787,0.5518,1.0,0.0,0.0,0,1.0,23,3,0,0.0,0.0,0.0
21.248,287,18.0,0.0462,0.7467,0.6271,0.6543,0.9784,0.0,0.0,0,1.0,23,3,0,0.0,0.0,0.0
21.308,288,18.0,0.0462,0.7296,0.6494,0.6678,0.9765,-0.1129,0.0,0,1.0,24,3,0,0.0056,0.0,0.0023
21.362,289,18.0,0.0975,0.7408,0.4159,0.4365,0.8552,0.0045,0.0,0,1.0,22,3,0,0.0002,0.0,0.0001
21.435,290,18.0,0.0085,1.0,0.3011,0.5278,1.0,-0.7,0.0,0,1.0,24,3,0,0.035,0.0,0.014
21.497,291,18.0,0.0,0.8694,0.6569,0.7215,1.0,-0.7,0.0,0,1.0,21,3,0,0.035,0.0,0.014
21.554,292,18.0,0.0462,0.8253,0.5681,0.6103,1.0,0.0,0.0,0,1.0,23,3,0,0.0,0.0,0.0
21.611,293,18.0,0.0963,0.7878,0.4277,0.4399,0.9012,0.0915,0.0,0,1.0,21,3,0,0.0046,0.0,0.0018
21.659,294,18.0,0.1104,0.9244,0.3776,0.356,0.988,0.0915,0.0,0,1.0,24,3,0,0.0046,0.0,0.0018
21.716,295,18.0,0.4261,0.7792,0.0,-0.657,0.8932,-0.7,0.0,0,1.0,22,3,0,0.035,0.0,0.014
21.764,296,18.0,0.1761,0.8791,0.1566,-0.0348,0.8371,-0.7,0.0,0,1.0,24,3,0,0.035,0.0,0.014
21.818,297,18.0,0.3402,0.8561,0.0,-0.5989,0.9096,-0.7,0.0,0,1.0,25,3,0,0.035,0.0,0.014
21.866,298,18.0,0.2616,0.8659,0.0701,-0.3422,0.8739,0.0,0.0,0,1.0,30,3,0,0.0,0.0,0.0
21.917,299,18.0,0.7662,0.6708,0.0,-0.8079,0.9926,0.0,0.0,0,1.0,31,3,0,0.0,0.0,0.0
21.967,300,18.0,0.3442,0.8536,0.0,-0.6014,0.9097,0.0,0.0,0,1.0,26,3,0,0.0,0.0,0.0
22.017,301,17.7,0.6456,0.8163,0.0116,-0.7088,1.0,-0.2471,0.0,0,1.0,30,3,0,0.0124,0.0,0.0049
22.071,302,17.7,0.4723,0.7724,0.0073,-0.661,0.9133,-0.2471,0.0,0,1.0,27,3,0,0.0124,0.0,0.0049
22.131,303,17.7,0.3993,0.7742,0.0734,-0.4678,0.874,-0.0737,0.0,0,1.0,30,3,0,0.0037,0.0,0.0015
22.19,304,17.7,0.7239,0.5559,0.0548,-0.6212,0.8723,-0.1129,0.0,0,1.0,33,3,0,0.0056,0.0,0.0023
22.25,305,17.7,0.5681,0.6521,0.0663,-1.0,0.8659,-0.1716,0.0,0,1.0,32,3,0,0.0086,0.0,0.0034
22.303,306,17.7,0.3778,0.7496,0.3796,0.0019,0.8423,-0.1716,0.0,0,1.0,27,3,0,0.0086,0.0,0.0034
22.363,307,17.7,0.181,0.8312,0.4362,0.2968,0.9424,0.0915,0.0,0,1.0,26,3,0,0.0046,0.0,0.0018
22.419,308,17.7,0.1022,1.0,0.3738,0.36,1.0,-0.1363,0.0,0,1.0,27,3,0,0.0068,0.0,0.0027
22.485,309,17.7,0.0611,1.0,0.4039,0.462,1.0,-0.7,0.0,0,1.0,21,3,0,0.035,0.0,0.014
22.549,310,17.7,0.03,1.0,0.4539,0.5552,1.0,-0.7,0.0,0,1.0,20,3,0,0.035,0.0,0.014
22.602,311,17.7,0.043,0.9482,0.4561,0.5376,1.0,-0.7,0.0,0,1.0,22,3,0,0.035,0.0,0.014
22.664,312,17.7,0.0,1.0,0.3185,0.5629,1.0,-0.1129,0.0,0,1.0,24,3,0,0.0056,0.0,0.0023
22.717,313,17.7,0.0348,1.0,0.2977,0.4505,1.0,0.0,0.0,0,1.0,25,3,0,0.0,0.0,0.0
22.766,314,17.7,0.0142,0.9621,0.3747,0.5579,1.0,0.0,0.0,0,1.0,22,3,0,0.0,0.0,0.0
22.818,315,17.7,0.1076,0.6805,0.5147,0.4979,0.8599,0.0,0.0,0,1.0,21,3,0,0.0,0.0,0.0
22.87,316,17.7,0.4296,0.7764,0.0,-0.6592,0.8927,0.0,0.0,0,1.0,17,3,0,0.0,0.0,0.0
22.93,317,17.7,0.4294,0.7758,0.0,-0.6593,0.8921,-0.152,0.0,0,1.0,17,3,0,0.0076,0.0,0.003
22.981,318,17.7,0.4294,0.7758,0.0,-0.6593,0.8921,-0.7,0.0,0,1.0,17,3,0,0.035,0.0,0.014
23.032,319,17.7,0.4294,0.7757,0.0,-0.6593,0.8921,-0.7,0.0,0,1.0,17,3,0,0.035,0.0,0.014
23.083,320,17.7,0.4294,0.7757,0.0,-0.6593,0.8921,-0.7,0.0,0,1.0,17,3,0,0.035,0.0,0.014
23.135,321,17.7,0.4294,0.7758,0.0,-0.6593,0.8922,-0.7,0.0,0,1.0,17,3,0,0.035,0.0,0.014
23.187,322,17.7,0.1555,0.7314,0.527,0.4167,0.9095,-0.7,0.0,0,1.0,19,3,0,0.035,0.0,0.014
23.248,323,17.7,0.0436,0.9088,0.5679,0.5984,1.0,-0.7,0.0,0,1.0,22,3,0,0.035,0.0,0.014
23.313,324,17.7,0.0723,1.0,0.1634,0.2012,0.9315,0.0915,0.0,0,1.0,22,3,0,0.0046,0.0,0.0018
23.369,325,17.7,0.0947,1.0,0.2737,0.2848,0.9932,0.0,0.0,0,1.0,21,3,0,0.0,0.0,0.0
23.417,326,17.7,0.1556,0.7117,0.5465,0.4327,0.9039,0.0,0.0,0,1.0,19,3,0,0.0,0.0,0.0
23.485,327,17.7,0.4297,0.7764,0.0,-0.6593,0.8928,-0.152,0.0,0,1.0,17,3,0,0.0076,0.0,0.003
23.548,328,17.7,0.4296,0.7762,0.0,-0.6592,0.8926,-0.7,0.0,0,1.0,17,3,0,0.035,0.0,0.014
23.602,329,17.7,0.4296,0.7763,0.0,-0.6592,0.8926,-0.7,0.0,0,1.0,17,3,0,0.035,0.0,0.014
23.651,330,17.7,0.4297,0.7764,0.0,-0.6593,0.8928,-0.7,0.0,0,1.0,17,3,0,0.035,0.0,0.014
23.715,331,17.8,0.1076,0.7814,0.5259,0.486,0.9509,-0.7,0.0,0,1.0,20,3,0,0.035,0.0,0.014
23.765,332,17.8,0.084,0.8288,0.5018,0.5048,0.9772,0.0045,0.0,0,1.0,22,3,0,0.0002,0.0,0.0001
23.814,333,17.8,0.1076,0.6825,0.5277,0.5058,0.8688,0.0045,0.0,0,1.0,20,3,0,0.0002,0.0,0.0001
23.866,334,17.8,0.047,1.0,0.3405,0.4502,1.0,-0.1967,0.0,0,1.0,24,3,0,0.0098,0.0,0.0039
23.913,335,17.8,0.2248,0.6033,0.4301,0.25,0.7476,0.0,0.0,0,1.0,18,3,0,0.0,0.0,0.0
23.966,336,17.8,0.4294,0.7758,0.0,-0.6593,0.8922,0.0,0.0,0,1.0,17,3,0,0.0,0.0,0.0
24.013,337,17.8,0.4294,0.7758,0.0,-0.6593,0.8921,-0.7,0.0,0,1.0,17,3,0,0.035,0.0,0.014
24.069,338,17.8,0.4294,0.7758,0.0,-0.6593,0.8921,-0.7,0.0,0,1.0,17,3,0,0.035,0.0,0.014
24.127,339,17.8,0.4294,0.7758,0.0,-0.6593,0.8921,-0.7,0.0,0,1.0,17,3,0,0.035,0.0,0.014
24.175,340,17.8,0.4294,0.7757,0.0,-0.6593,0.8921,-0.7,0.0,0,1.0,17,3,0,0.035,0.0,0.014
24.226,341,17.8,0.4294,0.7758,0.0,-0.6593,0.8921,-0.7,0.0,0,1.0,17,3,0,0.035,0.0,0.014
24.282,342,17.8,0.2244,0.7517,0.235,0.0157,0.763,-0.7,0.0,0,1.0,19,3,0,0.035,0.0,0.014
24.338,343,17.8,0.0462,0.7629,0.5194,0.6004,0.9317,0.0,0.0,0,1.0,22,3,0,0.0,0.0,0.0
24.393,344,17.8,0.0558,0.7776,0.5129,0.5745,0.9404,0.0,0.0,0,1.0,22,3,0,0.0,0.0,0.0
24.442,345,17.8,0.0254,1.0,0.309,0.4838,1.0,0.0045,0.0,0,1.0,24,3,0,0.0002,0.0,0.0001
24.504,346,17.8,0.0254,0.9928,0.3305,0.4986,1.0,0.0,0.0,0,1.0,23,3,0,0.0,0.0,0.0
24.563,347,17.8,0.1556,0.6641,0.5919,0.4698,0.8893,0.0,0.0,0,1.0,19,3,0,0.0,0.0,0.0
24.618,348,17.8,0.4029,0.804,0.0,-0.6404,0.901,0.0,0.0,0,1.0,17,3,0,0.0,0.0,0.0
24.665,349,17.8,0.4296,0.7763,0.0,-0.6592,0.8926,0.0045,0.0,0,1.0,17,3,0,0.0002,0.0,0.0001
24.715,350,17.8,0.4296,0.7763,0.0,-0.6592,0.8926,-0.7,0.0,0,1.0,17,3,0,0.035,0.0,0.014
24.767,351,17.8,0.4296,0.7763,0.0,-0.6592,0.8926,-0.7,0.0,0,1.0,17,3,0,0.035,0.0,0.014
24.817,352,17.8,0.4296,0.7763,0.0,-0.6592,0.8926,-0.7,0.0,0,1.0,17,3,0,0.035,0.0,0.014
24.868,353,17.8,0.4296,0.7763,0.0,-0.6592,0.8926,-0.7,0.0,0,1.0,17,3,0,0.035,0.0,0.014
24.927,354,17.8,0.0462,0.7391,0.5493,0.6208,0.9285,-0.7,0.0,0,1.0,23,3,0,0.035,0.0,0.014
24.985,355,17.8,0.0254,1.0,0.3221,0.4923,1.0,-0.7,0.0,0,1.0,22,3,0,0.035,0.0,0.014
25.041,356,17.8,0.0254,1.0,0.3269,0.4953,1.0,0.0,0.0,0,1.0,23,3,0,0.0,0.0,0.0
25.095,357,17.8,0.0462,0.6828,0.5745,0.6468,0.8952,0.0,0.0,0,1.0,22,3,0,0.0,0.0,0.0
25.155,358,17.8,0.4294,0.7758,0.0,-0.6593,0.8921,0.0,0.0,0,1.0,17,3,0,0.0,0.0,0.0
25.21,359,17.8,0.4294,0.7758,0.0,-0.6593,0.8921,-0.7,0.0,0,1.0,17,3,0,0.035,0.0,0.014
25.271,360,17.8,0.4294,0.7758,0.0,-0.6593,0.8921,-0.7,0.0,0,1.0,17,3,0,0.035,0.0,0.014
25.34,361,18.5,0.4294,0.7758,0.0,-0.6593,0.8921,-0.7,0.0,0,1.0,17,4,0,0.035,0.0,0.014
25.419,362,18.5,0.2248,0.5855,0.5397,0.3443,0.794,-0.7,0.0,0,1.0,18,4,0,0.035,0.0,0.014
25.489,363,18.5,0.0254,0.9827,0.412,0.5468,1.0,-0.7,0.0,0,1.0,25,4,0,0.035,0.0,0.014
25.56,364,18.5,0.0462,0.6166,0.688,0.2901,0.9032,-0.1235,0.0,0,1.0,25,4,0,0.0062,0.0,0.0025
25.627,365,18.5,0.2951,0.6818,0.2812,-0.0179,0.7379,0.0045,0.0,0,1.0,17,4,0,0.0002,0.0,0.0001
25.688,366,18.5,0.4344,0.7966,0.0,-0.6564,0.9124,0.0045,0.0,0,1.0,16,4,0,0.0002,0.0,0.0001
25.741,367,18.5,0.4347,0.7975,0.0,-0.6563,0.9133,0.0045,0.0,0,1.0,16,4,0,0.0002,0.0,0.0001
25.805,368,18.5,0.4347,0.7975,0.0,-0.6563,0.9133,-0.4651,0.0,0,1.0,16,4,0,0.0233,0.0,0.0093
25.856,369,18.5,0.4347,0.7975,0.0,-0.6563,0.9133,-0.4651,0.0,0,1.0,16,4,0,0.0233,0.0,0.0093
25.91,370,18.5,0.4347,0.7975,0.0,-0.6563,0.9133,-0.4651,0.0,0,1.0,16,4,0,0.0233,0.0,0.0093
25.968,371,18.5,0.1509,0.5233,0.7507,0.5931,0.86,-0.4651,0.0,0,1.0,18,4,0,0.0233,0.0,0.0093
26.013,372,18.5,0.0793,0.5714,0.6899,0.6683,0.8663,-0.1967,0.0,0,1.0,21,4,0,0.0098,0.0,0.0039
26.065,373,18.5,0.0794,0.5499,0.6998,0.6788,0.8538,-0.1967,0.0,1,1.0,20,4,0,0.0098,1.0,0.0039
26.119,374,18.5,0.0794,0.6134,0.6465,0.637,0.8773,-0.1235,0.0,1,1.0,21,4,0,0.0062,0.8,0.0025
26.177,375,18.5,0.0991,0.6172,0.6864,0.6208,0.9028,-0.0737,0.0,1,1.0,24,4,0,0.0037,0.8,0.0015
26.234,376,18.5,0.1935,0.6987,0.3067,0.1609,0.7587,-0.0737,0.0,1,1.0,25,4,0,0.0037,0.8,0.0015
26.285,377,18.5,0.5636,0.6073,0.0,-0.7643,0.8258,-0.0659,0.0,1,1.0,19,4,0,0.0033,0.8,0.0013
26.342,378,18.5,0.2929,0.6112,0.4883,0.2079,0.7869,0.0045,0.0,1,1.0,21,4,0,0.0002,0.8,0.0001
26.405,379,18.5,0.1317,0.6266,0.6584,0.5522,0.895,0.0045,0.0,1,1.0,20,4,0,0.0002,0.8,0.0001
26.462,380,18.5,0.1055,0.4983,0.9084,0.7311,0.9272,-0.158,0.0,1,1.0,20,4,0,0.0079,0.8,0.0032
26.518,381,18.5,0.2127,1.0,0.0,-0.5073,0.9591,-0.2122,0.0,1,1.0,30,4,0,0.0106,0.8,0.0042
26.58,382,18.5,0.3305,0.9172,0.0145,-0.5401,0.9555,0.0,0.0,1,1.0,35,4,0,0.0,0.8,0.0
26.632,383,18.5,0.3579,0.8458,0.0,-0.6098,0.9109,0.0,0.0,1,1.0,33,4,0,0.0,0.8,0.0
26.677,384,18.5,0.3689,0.8357,0.0,-0.6172,0.9086,0.0,0.0,1,1.0,50,4,0,0.0,0.8,0.0
26.729,385,18.5,0.3689,0.8357,0.0,-0.6172,0.9086,0.0,0.0,0,1.0,50,4,0,0.0,0.8,0.0
26.771,386,18.5,0.4135,0.8165,0.0,-0.6424,0.9174,-0.7,0.0,0,1.0,35,4,0,0.035,0.0,0.014
26.811,387,18.5,0.4109,0.8105,0.0,-0.6426,0.9109,-0.7,0.0,0,1.0,35,4,0,0.035,0.0,0.014
26.855,388,18.5,0.336,0.8662,0.0,-0.5948,0.9157,-0.7,0.0,0,1.0,43,4,0,0.035,0.0,0.014
26.903,389,18.5,0.3357,0.8657,0.0,-0.5947,0.9152,0.0,0.0,0,1.0,35,4,0,0.0,0.0,0.0
26.947,390,18.5,0.3357,0.8657,0.0,-0.5947,0.9152,0.0,0.0,0,1.0,40,4,0,0.0,0.0,0.0
26.995,391,17.9,0.3357,0.8657,0.0,-0.5947,0.9152,0.0,0.0,0,1.0,35,4,0,0.0,0.0,0.0
27.048,392,17.9,0.3357,0.8657,0.0,-0.5947,0.9152,0.0,0.0,0,1.0,38,4,0,0.0,0.0,0.0
27.097,393,17.9,0.3357,0.8657,0.0,-0.5947,0.9152,0.0,0.0,0,1.0,34,4,0,0.0,0.0,0.0
27.148,394,17.9,0.3358,0.8658,0.0,-0.5947,0.9153,0.0,0.0,0,1.0,38,4,0,0.0,0.0,0.0
27.195,395,17.9,0.3358,0.8658,0.0,-0.5947,0.9153,0.0,0.0,0,1.0,34,4,0,0.0,0.0,0.0
27.246,396,17.9,0.3358,0.8658,0.0,-0.5947,0.9153,0.0,0.0,0,1.0,37,4,0,0.0,0.0,0.0
27.296,397,17.9,0.3358,0.8658,0.0,-0.5947,0.9153,0.0,0.0,0,1.0,34,4,0,0.0,0.0,0.0
27.347,398,17.9,0.3358,0.8658,0.0,-0.5947,0.9153,0.0,0.0,0,1.0,37,4,0,0.0,0.0,0.0
27.396,399,17.9,0.3358,0.8658,0.0,-0.5947,0.9153,0.0,0.0,0,1.0,34,4,0,0.0,0.0,0.0
27.446,400,17.9,0.3358,0.8658,0.0,-0.5947,0.9153,0.0,0.0,0,1.0,37,4,0,0.0,0.0,0.0
27.502,401,17.9,0.3358,0.8658,0.0,-0.5947,0.9153,0.0,0.0,0,1.0,34,4,0,0.0,0.0,0.0
27.55,402,17.9,0.3358,0.8658,0.0,-0.5947,0.9153,0.0,0.0,0,1.0,37,4,0,0.0,0.0,0.0
27.597,403,17.9,0.3358,0.8658,0.0,-0.5947,0.9153,0.0,0.0,0,1.0,34,4,0,0.0,0.0,0.0
27.645,404,17.9,0.3358,0.8658,0.0,-0.5947,0.9153,0.0,0.0,0,1.0,37,4,0,0.0,0.0,0.0
27.695,405,17.9,0.3358,0.8658,0.0,-0.5947,0.9153,0.0,0.0,0,1.0,34,4,0,0.0,0.0,0.0
27.747,406,17.9,0.3358,0.8658,0.0,-0.5947,0.9153,0.0,0.0,0,1.0,37,4,0,0.0,0.0,0.0
27.795,407,17.9,0.3358,0.8658,0.0,-0.5947,0.9153,0.0,0.0,0,1.0,34,4,0,0.0,0.0,0.0
27.845,408,17.9,0.3358,0.8658,0.0,-0.5947,0.9153,0.0,0.0,0,1.0,37,4,0,0.0,0.0,0.0
27.899,409,17.9,0.3358,0.8658,0.0,-0.5947,0.9153,0.0,0.0,0,1.0,34,4,0,0.0,0.0,0.0
27.946,410,17.9,0.3358,0.8658,0.0,-0.5947,0.9153,0.0,0.0,0,1.0,37,4,0,0.0,0.0,0.0
27.996,411,17.9,0.3358,0.8658,0.0,-0.5947,0.9153,0.0,0.0,0,1.0,34,4,0,0.0,0.0,0.0
28.048,412,17.9,0.3358,0.8658,0.0,-0.5947,0.9153,0.0,0.0,0,1.0,37,4,0,0.0,0.0,0.0
28.098,413,17.9,0.3358,0.8658,0.0,-0.5947,0.9153,0.0,0.0,0,1.0,34,4,0,0.0,0.0,0.0
28.151,414,17.9,0.3358,0.8658,0.0,-0.5947,0.9153,0.0,0.0,0,1.0,37,4,0,0.0,0.0,0.0
28.199,415,17.9,0.3358,0.8658,0.0,-0.5947,0.9153,0.0,0.0,0,1.0,34,4,0,0.0,0.0,0.0
28.249,416,17.9,0.3358,0.8658,0.0,-0.5947,0.9153,0.0,0.0,0,1.0,37,4,0,0.0,0.0,0.0
28.299,417,17.9,0.3358,0.8658,0.0,-0.5947,0.9153,0.0,0.0,0,1.0,34,4,0,0.0,0.0,0.0
28.345,418,17.9,0.3358,0.8658,0.0,-0.5947,0.9153,0.0,0.0,0,1.0,37,4,0,0.0,0.0,0.0
30.199,419,17.9,0.3423,0.8648,0.0,-0.5982,0.9181,0.0,0.0,0,1.0,50,4,0,0.0,0.0,0.0
30.245,420,17.9,0.3423,0.8648,0.0,-0.5982,0.9181,0.0,0.0,0,1.0,50,4,0,0.0,0.0,0.0
30.286,421,9.1,0.3423,0.8648,0.0,-0.5982,0.9181,0.0,0.0,0,1.0,50,4,0,0.0,0.0,0.0
30.328,422,9.1,0.3423,0.8648,0.0,-0.5982,0.9181,0.0,0.0,0,1.0,50,4,0,0.0,0.0,0.0
30.369,423,9.1,0.3423,0.8648,0.0,-0.5982,0.9181,0.0,0.0,0,1.0,50,4,0,0.0,0.0,0.0
30.412,424,9.1,0.3423,0.8648,0.0,-0.5982,0.9181,0.0,0.0,0,1.0,50,4,0,0.0,0.0,0.0
30.454,425,9.1,0.3423,0.8648,0.0,0.0519,0.9181,0.0,0.0,0,1.0,50,4,0,0.0,0.0,0.0
30.506,426,9.1,0.3423,0.8648,0.0,-0.5982,0.9181,0.0,0.0,0,1.0,50,4,0,0.0,0.0,0.0
30.548,427,9.1,0.3423,0.8648,0.0,-0.5982,0.9181,0.0,0.0,0,1.0,50,4,0,0.0,0.0,0.0
30.586,428,9.1,0.3423,0.8648,0.0,-0.5982,0.9181,0.0,0.0,0,1.0,50,4,0,0.0,0.0,0.0
30.638,429,9.1,0.3423,0.8648,0.0,-0.5982,0.9181,0.0,0.0,0,1.0,50,4,0,0.0,0.0,0.0
30.686,430,9.1,0.3423,0.8648,0.0,-0.5982,0.9181,0.0,0.0,0,1.0,50,4,0,0.0,0.0,0.0
30.727,431,9.1,0.3423,0.8648,0.0,-0.5982,0.9181,0.0,0.0,0,1.0,50,4,0,0.0,0.0,0.0
30.769,432,9.1,0.3423,0.8648,0.0,-0.5982,0.9181,0.0,0.0,0,1.0,50,4,0,0.0,0.0,0.0
30.811,433,9.1,0.3423,0.8648,0.0,-0.5982,0.9181,0.0,0.0,0,1.0,50,4,0,0.0,0.0,0.0
30.86,434,9.1,0.3423,0.8648,0.0,-0.7645,0.9181,0.0,0.0,0,1.0,50,4,0,0.0,0.0,0.0
30.901,435,9.1,0.3423,0.8648,0.0,-0.5982,0.9181,0.0,0.0,0,1.0,50,4,0,0.0,0.0,0.0
30.947,436,9.1,0.3423,0.8648,0.0,-0.5982,0.9181,0.0,0.0,0,1.0,50,4,0,0.0,0.0,0.0
30.998,437,9.1,0.3423,0.8648,0.0,-0.5982,0.9181,0.0,0.0,0,1.0,50,4,0,0.0,0.0,0.0
31.047,438,9.1,0.3423,0.8648,0.0,-0.5982,0.9181,0.0,0.0,0,1.0,50,4,0,0.0,0.0,0.0
31.104,439,9.1,0.3423,0.8648,0.0,-0.5982,0.9181,0.0,0.0,0,1.0,50,4,0,0.0,0.0,0.0
31.155,440,9.1,0.3423,0.8648,0.0,-0.5982,0.9181,0.0,0.0,0,1.0,50,4,0,0.0,0.0,0.0
31.207,441,9.1,0.3423,0.8648,0.0,-0.5982,0.9181,0.0,0.0,0,1.0,50,4,0,0.0,0.0,0.0
31.255,442,9.1,0.3423,0.8648,0.0,-0.5982,0.9181,0.0,0.0,0,1.0,50,4,0,0.0,0.0,0.0
31.305,443,9.1,0.3423,0.8648,0.0,-0.5982,0.9181,0.0,0.0,0,1.0,50,4,0,0.0,0.0,0.0
31.356,444,9.1,0.3423,0.8648,0.0,-0.5982,0.9181,0.0,0.0,0,1.0,50,4,0,0.0,0.0,0.0
31.507,445,9.1,0.3423,0.8648,0.0,-0.5982,0.9181,0.0,0.0,0,1.0,49,4,0,0.0,0.0,0.0
31.558,446,9.1,0.3423,0.8648,0.0,-0.5982,0.9181,0.0,0.0,0,1.0,49,4,0,0.0,0.0,0.0
31.607,447,9.1,0.3423,0.8648,0.0,-0.5982,0.9181,0.0,0.0,0,1.0,49,4,0,0.0,0.0,0.0
31.654,448,9.1,0.3423,0.8648,0.0,-0.5982,0.9181,0.0,0.0,0,1.0,49,4,0,0.0,0.0,0.0
31.701,449,9.1,0.3423,0.8648,0.0,-0.5982,0.9181,0.0,0.0,0,1.0,50,4,0,0.0,0.0,0.0
31.742,450,9.1,0.3423,0.8648,0.0,-0.5982,0.9181,0.0,0.0,0,1.0,50,4,0,0.0,0.0,0.0
31.785,451,20.0,0.3423,0.8648,0.0,-0.5982,0.9181,0.0,0.0,0,1.0,50,5,0,0.0,0.0,0.0
31.835,452,20.0,0.3423,0.8648,0.0,-0.5982,0.9181,0.0,0.0,0,1.0,50,5,0,0.0,0.0,0.0
31.877,453,20.0,0.3423,0.8648,0.0,-0.5982,0.9181,0.0,0.0,0,1.0,50,5,0,0.0,0.0,0.0
31.918,454,20.0,0.3423,0.8648,0.0,-0.5982,0.9181,0.0,0.0,0,1.0,50,5,0,0.0,0.0,0.0
31.969,455,20.0,0.3423,0.8648,0.0,-0.5982,0.9181,0.0,0.0,0,1.0,50,5,0,0.0,0.0,0.0
32.02,456,20.0,0.3423,0.8648,0.0,-0.5982,0.9181,0.0,0.0,0,1.0,50,5,0,0.0,0.0,0.0
32.07,457,20.0,0.3423,0.8648,0.0,-0.5982,0.9181,0.0,0.0,0,1.0,50,5,0,0.0,0.0,0.0
32.121,458,20.0,0.3423,0.8648,0.0,-0.5982,0.9181,0.0,0.0,0,1.0,50,5,0,0.0,0.0,0.0
32.17,459,20.0,0.3423,0.8648,0.0,-0.5982,0.9181,0.0,0.0,0,1.0,50,5,0,0.0,0.0,0.0
32.225,460,20.0,0.3423,0.8648,0.0,-0.5982,0.9181,0.0,0.0,0,1.0,50,5,0,0.0,0.0,0.0
32.279,461,20.0,0.3423,0.8648,0.0,-0.5982,0.9181,0.0,0.0,0,1.0,50,5,0,0.0,0.0,0.0
32.33,462,20.0,0.3423,0.8648,0.0,-0.5982,0.9181,0.0,0.0,0,1.0,50,5,0,0.0,0.0,0.0
32.379,463,20.0,0.3423,0.8648,0.0,-0.5982,0.9181,0.0,0.0,0,1.0,50,5,0,0.0,0.0,0.0
32.43,464,20.0,0.3423,0.8648,0.0,-0.5982,0.9181,0.0,0.0,0,1.0,50,5,0,0.0,0.0,0.0
32.481,465,20.0,0.3423,0.8648,0.0,-0.5982,0.9181,0.0,0.0,0,1.0,50,5,0,0.0,0.0,0.0
32.531,466,20.0,0.3423,0.8648,0.0,-0.5982,0.9181,0.0,0.0,0,1.0,50,5,0,0.0,0.0,0.0
32.578,467,20.0,0.3423,0.8648,0.0,-0.5982,0.9181,0.0,0.0,0,1.0,50,5,0,0.0,0.0,0.0
32.63,468,20.0,0.3423,0.8648,0.0,-0.5982,0.9181,0.0,0.0,0,1.0,50,5,0,0.0,0.0,0.0
32.677,469,20.0,0.3423,0.8648,0.0,-0.5982,0.9181,0.0,0.0,0,1.0,50,5,0,0.0,0.0,0.0
32.731,470,20.0,0.3423,0.8648,0.0,-0.5982,0.9181,0.0,0.0,0,1.0,50,5,0,0.0,0.0,0.0
32.777,471,20.0,0.3423,0.8648,0.0,-0.5982,0.9181,0.0,0.0,0,1.0,50,5,0,0.0,0.0,0.0
32.821,472,20.0,0.3423,0.8648,0.0,-0.5982,0.9181,0.0,0.0,0,1.0,50,5,0,0.0,0.0,0.0
32.87,473,20.0,0.3423,0.8648,0.0,-0.5982,0.9181,0.0,0.0,0,1.0,50,5,0,0.0,0.0,0.0
32.917,474,20.0,0.3423,0.8648,0.0,-0.5982,0.9181,0.0,0.0,0,1.0,50,5,0,0.0,0.0,0.0
32.961,475,20.0,0.3423,0.8648,0.0,-0.5982,0.9181,0.0,0.0,0,1.0,50,5,0,0.0,0.0,0.0
33.002,476,20.0,0.3423,0.8648,0.0,-0.5982,0.9181,0.0,0.0,0,1.0,50,5,0,0.0,0.0,0.0
33.045,477,20.0,0.3423,0.8648,0.0,-0.5982,0.9181,0.0,0.0,0,1.0,50,5,0,0.0,0.0,0.0
33.095,478,20.0,0.3423,0.8648,0.0,-0.5982,0.9181,0.0,0.0,0,1.0,50,5,0,0.0,0.0,0.0
33.438,487,20.0,0.3867,0.8202,0.0,-0.6291,0.9055,0.0,0.0,0,1.0,54,5,0,0.0,0.0,0.0
33.523,488,20.0,0.2639,0.6808,0.4441,0.2006,0.8205,0.0,0.0,0,1.0,17,5,0,0.0,0.0,0.0
33.598,489,20.0,0.2252,0.7281,0.4645,0.2667,0.8717,-0.4651,0.0,0,1.0,45,5,0,0.0233,0.0,0.0093
33.658,490,20.0,0.1843,0.7556,0.4741,0.3306,0.9002,-0.1612,0.0,0,1.0,36,5,0,0.0081,0.0,0.0032
33.71,491,20.0,0.2586,1.0,0.0241,-0.4522,0.9848,-0.1612,0.0,0,1.0,33,5,0,0.0081,0.0,0.0032
33.757,492,20.0,0.3434,0.8736,0.0,-0.5971,0.9261,-0.0961,0.0,0,1.0,26,5,0,0.0048,0.0,0.0019
33.805,493,20.0,0.3083,1.0,0.0,-0.5579,1.0,0.0,0.0,0,1.0,25,5,0,0.0,0.0,0.0
33.857,494,20.0,0.1912,1.0,0.0084,-0.4575,0.947,0.0,0.0,0,1.0,27,5,0,0.0,0.0,0.0
33.905,495,20.0,0.732,0.6563,0.0,-0.8029,0.9612,0.0,0.0,0,1.0,22,5,0,0.0,0.0,0.0
33.956,496,20.0,0.7136,0.6679,0.0,-0.7939,0.9607,-0.2122,0.0,0,1.0,32,5,0,0.0106,0.0,0.0042
34.01,497,20.0,0.6297,0.9262,0.0,-0.6999,1.0,-0.2122,0.0,0,1.0,35,5,0,0.0106,0.0,0.0042
34.069,498,20.0,0.3984,1.0,0.003,-0.5916,1.0,-0.0737,0.0,0,1.0,37,5,0,0.0037,0.0,0.0015
34.124,499,20.0,0.4221,0.7933,0.0056,-0.6371,0.9027,-0.7,0.0,0,1.0,39,5,0,0.035,0.0,0.014
34.177,500,20.0,0.3632,0.9547,0.0,-0.5915,1.0,-0.7,0.0,0,1.0,35,5,0,0.035,0.0,0.014
34.258,501,20.0,0.4881,0.717,0.0,-0.7002,0.8756,-0.7,0.0,0,1.0,31,5,0,0.035,0.0,0.014
34.321,502,20.0,0.4786,0.8848,0.0,-0.6549,1.0,-0.7,0.0,0,1.0,32,5,0,0.035,0.0,0.014
34.386,503,20.0,0.4972,0.684,0.0,-0.7136,0.853,-0.1129,0.0,0,1.0,19,5,0,0.0056,0.0,0.0023
34.444,504,20.0,0.402,0.7934,0.0,-0.6425,0.8916,-0.2303,0.0,0,1.0,18,5,0,0.0115,0.0,0.0046
34.509,505,20.0,0.2741,0.7802,0.3254,0.062,0.8376,-0.2303,0.0,0,1.0,16,5,0,0.0115,0.0,0.0046
34.574,506,20.0,0.3376,0.8736,0.0,-0.5942,0.9229,-0.7,0.0,0,1.0,18,5,0,0.035,0.0,0.014
34.636,507,20.0,0.3008,0.9104,0.0,-0.5686,0.9332,-0.1363,0.0,0,1.0,19,5,0,0.0068,0.0,0.0027
34.689,508,20.0,0.2325,0.985,0.0,-0.5204,0.9576,0.0,0.0,0,1.0,21,5,0,0.0,0.0,0.0
34.741,509,20.0,0.1604,1.0,0.0134,-0.4097,0.9298,0.0,0.0,0,1.0,24,5,0,0.0,0.0,0.0
34.793,510,20.0,0.2309,0.9425,0.0365,-0.3968,0.9211,0.0,0.0,0,1.0,23,5,0,0.0,0.0,0.0
34.883,511,9.8,0.427,0.7807,0.0,-0.657,0.8949,0.0,0.0,0,1.0,25,5,0,0.0,0.0,0.0
34.947,512,9.8,0.2848,0.9979,0.0,-0.5465,0.9977,0.0,0.0,0,1.0,30,5,0,0.0,0.0,0.0
35.006,513,9.8,0.4209,0.7874,0.0,-0.6526,0.8971,0.0,0.0,0,1.0,28,5,0,0.0,0.0,0.0
35.063,514,9.8,0.4379,0.7672,0.0,-0.6652,0.8897,-0.7,0.0,0,1.0,26,5,0,0.035,0.0,0.014
35.123,515,9.8,0.4294,0.776,0.0,-0.6592,0.8923,-0.7,0.0,0,1.0,28,5,0,0.035,0.0,0.014
35.175,516,9.8,0.4024,0.8033,0.0,-0.6404,0.9001,-0.4651,0.0,0,1.0,31,5,0,0.0233,0.0,0.0093
35.225,517,9.8,0.4297,0.7769,0.0,-0.6591,0.8933,-0.7,0.0,0,1.0,29,5,0,0.035,0.0,0.014
35.285,518,9.8,0.2795,0.8979,0.0218,-0.4885,0.9108,-0.7,0.0,0,1.0,30,5,0,0.035,0.0,0.014
35.346,519,9.8,0.2246,0.8707,0.3123,0.1112,0.9063,-0.7,0.0,0,1.0,27,5,0,0.035,0.0,0.014
35.407,520,9.8,0.2003,0.8121,0.3894,0.2287,0.9002,0.0045,0.0,0,1.0,27,5,0,0.0002,0.0,0.0001
35.466,521,9.8,0.2018,1.0,0.0131,-0.4467,0.953,0.0045,0.0,0,1.0,32,5,0,0.0002,0.0,0.0001
35.528,522,9.8,0.1579,1.0,0.0044,-0.4517,0.9284,0.0,0.0,0,1.0,37,5,0,0.0,0.0,0.0
35.585,523,9.8,0.2263,0.9443,0.0259,-0.4269,0.92,0.0,0.0,0,1.0,36,5,0,0.0,0.0,0.0
35.641,524,9.8,0.2371,1.0,0.0034,-0.508,0.9728,0.0,0.0,0,1.0,33,5,0,0.0,0.0,0.0
35.692,525,9.8,0.2715,0.9413,0.0,-0.5481,0.9427,0.0,0.0,0,1.0,28,5,0,0.0,0.0,0.0
35.739,526,9.8,0.1948,1.0,0.0,-0.497,0.9491,0.0,0.0,0,1.0,29,5,0,0.0,0.0,0.0
35.787,527,9.8,0.2546,0.995,0.0,-0.5311,0.9783,0.0,0.0,0,1.0,27,5,0,0.0,0.0,0.0
35.841,528,9.8,0.2811,1.0,0.0,-0.5443,0.9974,0.0,0.0,0,1.0,25,5,0,0.0,0.0,0.0
35.89,529,9.8,0.2571,1.0,0.0,-0.5318,0.984,0.0,0.0,0,1.0,26,5,0,0.0,0.0,0.0
35.939,530,9.8,0.185,1.0,0.0253,-0.3842,0.9436,0.0,0.0,0,1.0,25,5,0,0.0,0.0,0.0
35.989,531,9.8,0.2052,1.0,0.0181,-0.43,0.9549,0.0,0.0,0,1.0,20,5,0,0.0,0.0,0.0
36.04,532,9.8,0.2493,0.9974,0.0103,-0.4912,0.9774,0.0,0.0,0,1.0,20,5,0,0.0,0.0,0.0
36.091,533,9.8,0.1492,1.0,0.0033,-0.4508,0.9235,0.0,0.0,0,1.0,21,5,0,0.0,0.0,0.0
36.14,534,9.8,0.2895,0.9445,0.0,-0.5571,0.9555,0.0,0.0,0,1.0,14,5,0,0.0,0.0,0.0
36.191,535,9.8,0.3179,0.9091,0.0,-0.5777,0.9417,0.0,0.0,0,1.0,16,5,0,0.0,0.0,0.0
36.244,536,9.8,0.1892,1.0,0.0,-0.4937,0.946,0.0,0.0,0,1.0,21,5,0,0.0,0.0,0.0
36.303,537,9.8,0.1942,1.0,0.0,-0.4966,0.9487,0.0,0.0,0,1.0,21,5,0,0.0,0.0,0.0
36.357,538,9.8,0.4272,0.7791,0.0,-0.6575,0.8937,0.0,0.0,0,1.0,20,5,0,0.0,0.0,0.0
36.408,539,9.8,0.4268,0.7803,0.0,-0.657,0.8944,-0.7,0.0,0,1.0,19,5,0,0.035,0.0,0.014
36.462,540,9.8,0.4128,0.7924,0.0,-0.6477,0.8968,-0.7,0.0,0,1.0,21,5,0,0.035,0.0,0.014
36.522,541,18.0,0.4265,0.7788,0.0,-0.6572,0.8931,-0.7,0.0,0,1.0,18,6,0,0.035,0.0,0.014
36.578,542,18.0,0.4194,0.7868,0.0,-0.062,0.8958,-0.7,0.0,0,1.0,20,6,0,0.035,0.0,0.014
36.634,543,18.0,0.264,1.0,0.0,-0.5355,0.9879,-0.7,0.0,0,1.0,21,6,0,0.035,0.0,0.014
36.68,544,18.0,0.271,1.0,0.0,-0.5391,0.9918,-0.7,0.0,0,1.0,20,6,0,0.035,0.0,0.014
36.732,545,18.0,0.2795,1.0,0.0,-0.5435,0.9965,0.0,0.0,0,1.0,19,6,0,0.0,0.0,0.0
36.783,546,18.0,0.2981,1.0,0.0,-0.5529,1.0,0.0,0.0,0,1.0,20,6,0,0.0,0.0,0.0
36.83,547,18.0,0.2188,1.0,0.0094,-0.4734,0.9625,0.0,0.0,0,1.0,21,6,0,0.0,0.0,0.0
36.881,548,18.0,0.2236,1.0,0.0104,-0.4729,0.9652,0.0,0.0,0,1.0,20,6,0,0.0,0.0,0.0
36.934,549,18.0,0.3166,1.0,0.0,-0.2904,1.0,0.0,0.0,0,1.0,21,6,0,0.0,0.0,0.0
36.981,550,18.0,0.3173,1.0,0.0,-0.5623,1.0,0.0,0.0,0,1.0,20,6,0,0.0,0.0,0.0
37.037,551,18.0,0.2415,1.0,0.0237,-0.4401,0.9752,0.0,0.0,0,1.0,21,6,0,0.0,0.0,0.0
37.096,552,18.0,0.3262,1.0,0.0,-0.5666,1.0,0.0,0.0,0,1.0,22,6,0,0.0,0.0,0.0
37.151,553,18.0,0.3263,1.0,0.0,-0.5667,1.0,0.0,0.0,0,1.0,19,6,0,0.0,0.0,0.0
37.202,554,18.0,0.4152,1.0,0.0,-0.6064,1.0,0.0,0.0,0,1.0,18,6,0,0.0,0.0,0.0
37.263,555,18.0,0.4175,1.0,0.0,-0.6074,1.0,-0.7,0.0,0,1.0,17,6,0,0.035,0.0,0.014
37.319,556,18.0,0.4081,1.0,0.0,-0.6034,1.0,-0.7,0.0,0,1.0,20,6,0,0.035,0.0,0.014
37.38,557,18.0,0.3932,1.0,0.0041,-0.5864,1.0,-0.7,0.0,0,1.0,22,6,0,0.035,0.0,0.014
37.435,558,18.0,0.3647,1.0,0.0,-0.5845,1.0,-0.7,0.0,0,1.0,24,6,0,0.035,0.0,0.014
37.498,559,18.0,0.3489,1.0,0.0,-0.5773,1.0,-0.7,0.0,0,1.0,22,6,0,0.035,0.0,0.014
37.555,560,18.0,0.4384,0.7934,0.0,-0.659,0.912,0.0,0.0,0,1.0,22,6,0,0.0,0.0,0.0
37.613,561,18.0,0.2757,1.0,0.0,-0.5415,0.9944,0.0,0.0,0,1.0,26,6,0,0.0,0.0,0.0
37.668,562,18.0,0.463,0.7607,0.0,-0.6778,0.8983,0.0,0.0,0,1.0,22,6,0,0.0,0.0,0.0
37.715,563,18.0,0.4546,0.7621,0.0,-0.6738,0.8947,0.0,0.0,0,1.0,25,6,0,0.0,0.0,0.0
37.765,564,18.0,0.4367,0.7876,0.0,-0.6596,0.9062,-0.1129,0.0,0,1.0,27,6,0,0.0056,0.0,0.0023
37.816,565,18.0,0.3071,0.9191,0.0,-0.5704,0.944,-0.4651,0.0,0,1.0,29,6,0,0.0233,0.0,0.0093
37.872,566,18.0,0.2294,0.9956,0.0,-0.5173,0.9647,0.0,0.0,0,1.0,30,6,0,0.0,0.0,0.0
37.93,567,18.0,0.2522,1.0,0.0,-0.5292,0.9812,0.0,0.0,0,1.0,29,6,0,0.0,0.0,0.0
37.979,568,18.0,0.4116,0.7627,0.0,-0.6544,0.8712,0.0,0.0,0,1.0,27,6,0,0.0,0.0,0.0
38.033,569,18.0,0.3407,0.8877,0.0,-0.593,0.9365,-0.7,0.0,0,1.0,29,6,0,0.035,0.0,0.014
38.081,570,18.0,0.3064,0.9171,0.0,-0.5704,0.9419,-0.7,0.0,0,1.0,30,6,0,0.035,0.0,0.014
38.132,571,18.5,0.2137,1.0,0.0,-0.5079,0.9597,0.0,0.0,0,1.0,32,6,0,0.0,0.0,0.0
38.185,572,18.5,0.3642,0.805,0.0,-0.6216,0.8801,0.0,0.0,0,1.0,33,6,0,0.0,0.0,0.0
38.245,573,18.5,0.3308,1.0,0.0,-0.5688,1.0,0.0,0.0,1,1.0,28,6,0,0.0,1.0,0.0
38.3,574,18.5,0.2164,0.9541,0.0353,-0.3853,0.9227,-0.7,0.0,1,1.0,34,6,0,0.035,0.8,0.014
38.354,575,18.5,0.5266,0.7562,0.0302,-0.6384,0.9302,0.0,0.0,1,1.0,29,6,0,0.0,0.8,0.0
38.408,576,18.5,0.2792,0.8865,0.0416,-0.4318,0.9011,0.0,0.0,1,1.0,30,6,0,0.0,0.8,0.0
38.461,577,18.5,0.2164,0.9365,0.0583,-0.3169,0.9079,0.0915,0.0,1,1.0,32,6,0,0.0046,0.8,0.0018
38.519,578,18.5,0.2165,0.9492,0.0371,-0.3801,0.9186,0.0,0.0,1,1.0,31,6,0,0.0,0.8,0.0
38.577,579,18.5,0.4699,0.7047,0.0,-0.696,0.8551,0.0,0.0,1,1.0,22,6,0,0.0,0.8,0.0
38.633,580,18.5,0.3814,1.0,0.0,-0.5919,1.0,-0.1129,0.0,1,1.0,20,6,0,0.0056,0.8,0.0023
38.683,581,18.5,0.3199,0.6438,0.2092,-0.1545,0.7199,-0.1129,0.0,1,1.0,21,6,0,0.0056,0.8,0.0023
38.734,582,18.5,0.3957,0.9295,0.0175,-0.566,1.0,-0.4651,0.0,1,1.0,27,6,0,0.0233,0.8,0.0093
38.785,583,18.5,0.1163,1.0,0.0335,-0.2595,0.9051,-0.7,0.0,1,1.0,21,6,0,0.035,0.8,0.014
38.834,584,18.5,0.3534,0.9271,0.0,-0.5918,0.9766,-0.7,0.0,1,1.0,19,6,0,0.035,0.8,0.014
38.886,585,18.5,0.4724,0.7012,0.0,-0.6981,0.8535,-0.7,0.0,0,1.0,17,6,0,0.035,0.8,0.014
38.935,586,18.5,0.467,0.8886,0.0,-0.6494,1.0,-0.7,0.0,0,1.0,21,6,0,0.035,0.0,0.014
38.982,587,18.5,0.4442,0.8585,0.0,-0.6464,0.9698,-0.1129,0.0,0,1.0,19,6,0,0.0056,0.0,0.0023
39.596,601,18.5,0.4722,0.7828,0.0,-0.676,0.922,-0.1129,0.0,0,1.0,17,6,0,0.0056,0.0,0.0023
39.655,602,18.5,0.4337,0.7772,0.0,-0.6609,0.8957,-0.1129,0.0,0,1.0,19,6,0,0.0056,0.0,0.0023
39.707,603,18.5,0.2933,0.7697,0.128,-0.2579,0.8108,-0.1129,0.0,0,1.0,22,6,0,0.0056,0.0,0.0023
39.754,604,18.5,0.5757,0.6366,0.0,-0.972,0.8572,-0.4651,0.0,0,1.0,17,6,0,0.0233,0.0,0.0093
39.812,605,18.5,0.3835,0.8215,0.0,-0.6273,0.9048,0.0915,0.0,0,1.0,17,6,0,0.0046,0.0,0.0018
39.87,606,18.5,0.4918,0.6935,0.0,-0.7086,0.8579,0.0915,0.0,0,1.0,23,6,0,0.0046,0.0,0.0018
39.923,607,18.5,0.701,0.6818,0.0,-0.7858,0.9653,-0.4651,0.0,0,1.0,22,6,0,0.0233,0.0,0.0093
39.973,608,18.5,0.5372,0.6773,0.0,-0.7316,0.8698,-0.0737,0.0,0,1.0,16,6,0,0.0037,0.0,0.0015
40.022,609,18.5,0.7108,0.447,0.0,-0.8757,0.7735,-0.0737,0.0,0,1.0,17,6,0,0.0037,0.0,0.0015
40.076,610,18.5,0.5795,0.6405,0.0,-0.759,0.8625,-0.0737,0.0,0,1.0,19,6,0,0.0037,0.0,0.0015
40.125,611,18.5,0.7964,0.4827,0.0,-0.883,0.8515,-0.0737,0.0,0,1.0,18,6,0,0.0037,0.0,0.0015
40.179,612,18.5,0.9504,0.4061,0.0,-0.9485,0.8733,0.0915,0.0,0,1.0,19,6,0,0.0046,0.0,0.0018
40.241,613,18.5,0.2548,1.0,0.0,-0.5306,0.9827,-0.1876,0.0,0,1.0,22,6,0,0.0094,0.0,0.0038
40.295,614,18.5,0.2107,0.7337,0.461,0.2837,0.8745,-0.1876,0.0,0,1.0,23,6,0,0.0094,0.0,0.0038
40.351,615,18.5,0.2631,0.6657,0.4711,0.2269,0.823,0.0,0.0,0,1.0,22,6,0,0.0,0.0,0.0
40.402,616,18.5,0.2802,0.6367,0.4805,0.2152,0.8039,-0.1612,0.0,0,1.0,24,6,0,0.0081,0.0,0.0032
40.462,617,18.5,0.11,0.8378,0.4851,0.4467,0.9754,-0.2564,0.0,0,1.0,25,6,0,0.0128,0.0,0.0051
40.519,618,18.5,0.0923,0.8317,0.4874,0.4805,0.9716,-0.2564,0.0,0,1.0,27,6,0,0.0128,0.0,0.0051
40.577,619,18.5,0.2796,1.0,0.0,-0.5436,0.9966,0.0045,0.0,0,1.0,25,6,0,0.0002,0.0,0.0001
40.63,620,18.5,0.2017,1.0,0.2664,0.0868,0.9892,0.0,0.0,0,1.0,39,6,0,0.0,0.0,0.0
40.684,621,18.5,0.1437,0.7831,0.4878,0.4005,0.931,0.0,0.0,0,1.0,33,6,0,0.0,0.0,0.0
40.732,622,18.5,0.1454,1.0,0.0,-0.4666,0.9214,-0.4651,0.0,0,1.0,36,6,0,0.0233,0.0,0.0093
40.781,623,18.5,0.0786,0.8372,0.5023,0.5135,0.9846,0.0,0.0,0,1.0,35,6,0,0.0,0.0,0.0
40.832,624,18.5,0.3412,0.9136,0.0,-0.8257,0.9585,-0.1967,0.0,0,1.0,29,6,0,0.0098,0.0,0.0039
40.881,625,18.5,0.1376,0.7831,0.5202,0.4325,0.9491,-0.1967,0.0,0,1.0,20,6,0,0.0098,0.0,0.0039
40.93,626,18.5,0.1025,0.9911,0.3021,0.2978,1.0,0.0045,0.0,0,1.0,23,6,0,0.0002,0.0,0.0001
40.981,627,18.5,0.0338,1.0,0.3077,0.4603,1.0,0.0,0.0,0,1.0,24,6,0,0.0,0.0,0.0
41.03,628,18.5,0.2287,0.8275,0.3533,0.1513,0.8929,0.0,0.0,0,1.0,22,6,0,0.0,0.0,0.0
41.083,629,18.5,0.2106,0.8012,0.4006,0.2249,0.8974,-0.0961,0.0,0,1.0,23,6,0,0.0048,0.0,0.0019
41.135,630,18.5,0.1838,0.8049,0.4247,0.2857,0.914,-0.0961,0.0,0,1.0,23,6,0,0.0048,0.0,0.0019
41.182,631,9.8,0.1226,0.8818,0.4257,0.377,0.9791,-0.7,0.0,0,1.0,26,6,0,0.035,0.0,0.014
41.236,632,9.8,0.2109,0.8196,0.4185,0.2392,0.9229,-0.7,0.0,0,1.0,25,6,0,0.035,0.0,0.014
41.298,633,9.8,0.4218,0.7678,0.2441,-0.2002,0.8812,-0.7,0.0,0,1.0,23,6,0,0.035,0.0,0.014
41.356,634,9.8,0.487,0.7467,0.2312,-0.2749,0.8999,-0.7,0.0,0,1.0,26,6,0,0.035,0.0,0.014
41.415,635,9.8,0.7348,0.6312,0.1284,-0.5938,0.9417,-0.1363,0.0,0,1.0,23,6,0,0.0068,0.0,0.0027
41.471,636,9.8,0.11,0.7595,0.5378,0.493,0.9392,-0.2471,0.0,0,1.0,23,6,0,0.0124,0.0,0.0049
41.532,637,9.8,0.2289,0.7431,0.4214,0.2226,0.8602,-0.2471,0.0,0,1.0,19,6,0,0.0124,0.0,0.0049
41.589,638,9.8,0.1102,0.8836,0.415,0.3907,0.9746,0.0045,0.0,0,1.0,22,6,0,0.0002,0.0,0.0001
41.643,639,9.8,0.1531,1.0,0.0555,-0.2362,0.9258,-0.7,0.0,0,1.0,24,6,0,0.035,0.0,0.014
41.697,640,9.8,0.2974,0.8921,0.0257,-0.4906,0.9159,0.0,0.0,0,1.0,22,6,0,0.0,0.0,0.0
41.751,641,9.8,0.4379,0.767,0.0,-0.6653,0.8895,0.0,0.0,0,1.0,20,6,0,0.0,0.0,0.0
41.798,642,9.8,0.4379,0.7671,0.0,-0.6653,0.8895,-0.4651,0.0,0,1.0,20,6,0,0.0233,0.0,0.0093
41.849,643,9.8,0.4294,0.7757,0.0,-0.6593,0.892,-0.4651,0.0,0,1.0,23,6,0,0.0233,0.0,0.0093
41.899,644,9.8,0.4117,0.7945,0.0,-0.6467,0.8979,-0.4651,0.0,0,1.0,22,7,0,0.0233,0.0,0.0093
41.949,645,9.8,0.229,0.7608,0.4237,0.2231,0.8764,-0.7,0.0,0,1.0,24,7,0,0.035,0.0,0.014
41.999,646,9.8,0.4266,0.7797,0.0,-0.657,0.8939,-0.7,0.0,0,1.0,26,7,0,0.035,0.0,0.014
42.047,647,9.8,0.4265,0.7796,0.0,-0.657,0.8937,-0.7,0.0,0,1.0,27,7,0,0.035,0.0,0.014
42.1,648,9.8,0.2511,1.0,0.0,-0.9071,0.9806,-0.7,0.0,0,1.0,28,7,0,0.035,0.0,0.014
42.15,649,9.8,0.2971,1.0,0.0,-0.5524,1.0,-0.7,0.0,0,1.0,25,7,0,0.035,0.0,0.014
42.199,650,9.8,0.4266,0.7797,0.0,-0.6571,0.8938,0.0,0.0,0,1.0,25,7,0,0.0,0.0,0.0
42.252,651,9.8,0.2744,1.0,0.0,-0.5409,0.9937,-0.7,0.0,0,1.0,25,7,0,0.035,0.0,0.014
42.314,652,9.8,0.2683,1.0,0.0061,-0.5168,0.9902,-0.7,0.0,0,1.0,25,7,0,0.035,0.0,0.014
42.365,653,9.8,0.2642,1.0,0.0104,-0.5,0.9879,0.0,0.0,0,1.0,23,7,0,0.0,0.0,0.0
42.421,654,9.8,0.2785,0.9088,0.0188,-0.4954,0.9194,0.0,0.0,0,1.0,23,7,0,0.0,0.0,0.0
42.481,655,9.8,0.4292,0.7757,0.0,-0.6592,0.892,0.0,0.0,0,1.0,23,7,0,0.0,0.0,0.0
42.539,656,9.8,0.4293,0.7759,0.0,-0.6592,0.8922,0.0,0.0,0,1.0,22,7,0,0.0,0.0,0.0
42.603,657,9.8,0.4269,0.7787,0.0,-0.6574,0.8932,-0.7,0.0,0,1.0,24,7,0,0.035,0.0,0.014
42.659,658,9.8,0.4268,0.7801,0.0,-0.657,0.8943,-0.7,0.0,0,1.0,22,7,0,0.035,0.0,0.014
42.714,659,9.8,0.4378,0.7669,0.0,-0.6653,0.8894,-0.7,0.0,0,1.0,20,7,0,0.035,0.0,0.014
42.768,660,9.8,0.1102,0.8743,0.4255,0.3998,0.9727,-0.7,0.0,0,1.0,24,7,0,0.035,0.0,0.014
42.827,661,18.4,0.0698,0.9088,0.4511,0.4875,1.0,-0.4651,0.0,0,1.0,22,7,0,0.0233,0.0,0.0093
42.883,662,18.4,0.2289,0.9607,0.0463,-0.363,0.9352,-0.1129,0.0,0,1.0,18,7,0,0.0056,0.0,0.0023
42.932,663,18.4,0.1479,0.8298,0.434,0.3472,0.94,0.0,0.0,0,1.0,19,7,0,0.0,0.0,0.0
42.984,664,18.4,0.2292,0.951,0.0516,-0.3488,0.9272,0.0,0.0,0,1.0,18,7,0,0.0,0.0,0.0
43.053,665,18.4,0.2287,0.7532,0.4238,0.2242,0.87,0.0,0.0,0,1.0,20,7,0,0.0,0.0,0.0
43.12,666,18.4,0.4381,0.7679,0.0,-0.6651,0.8904,-0.7,0.0,0,1.0,17,7,0,0.035,0.0,0.014
43.191,667,18.4,0.2933,0.8663,0.0364,-0.4609,0.8919,-0.4651,0.0,0,1.0,19,7,0,0.0233,0.0,0.0093
43.251,668,18.4,0.4293,0.7759,0.0,-0.6592,0.8922,-0.4651,0.0,0,1.0,18,7,0,0.0233,0.0,0.0093
43.31,669,18.4,0.4293,0.7759,0.0,-0.6592,0.8922,0.0,0.0,0,1.0,18,7,0,0.0,0.0,0.0
43.362,670,18.4,0.4293,0.7759,0.0,-0.6592,0.8922,-0.7,0.0,0,1.0,18,7,0,0.035,0.0,0.014
43.415,671,18.4,0.4293,0.7759,0.0,-0.6592,0.8922,-0.7,0.0,0,1.0,18,7,0,0.035,0.0,0.014
43.468,672,18.4,0.4293,0.7759,0.0,-0.6592,0.8922,-0.7,0.0,0,1.0,18,7,0,0.035,0.0,0.014
43.522,673,18.4,0.4293,0.7759,0.0,-0.6592,0.8922,-0.7,0.0,0,1.0,18,7,0,0.035,0.0,0.014
43.572,674,18.4,0.4293,0.7759,0.0,-0.6592,0.8922,-0.7,0.0,0,1.0,18,7,0,0.035,0.0,0.014
43.618,675,18.4,0.4293,0.7759,0.0,-0.6592,0.8922,-0.7,0.0,0,1.0,18,7,0,0.035,0.0,0.014
43.66,676,18.4,0.4293,0.7759,0.0,-0.6592,0.8922,-0.7,0.0,0,1.0,18,7,0,0.035,0.0,0.014
43.71,677,18.4,0.4293,0.7759,0.0,-0.6592,0.8922,-0.7,0.0,0,1.0,18,7,0,0.035,0.0,0.014
43.757,678,18.4,0.4293,0.7759,0.0,-0.6592,0.8922,-0.7,0.0,0,1.0,18,7,0,0.035,0.0,0.014
43.803,679,18.4,0.4293,0.7759,0.0,-0.6592,0.8922,-0.7,0.0,0,1.0,18,7,0,0.035,0.0,0.014
43.844,680,18.4,0.4293,0.7759,0.0,-0.6592,0.8922,-0.7,0.0,0,1.0,18,7,0,0.035,0.0,0.014
43.893,681,18.4,0.4293,0.7759,0.0,-0.6592,0.8922,-0.7,0.0,0,1.0,18,7,0,0.035,0.0,0.014
43.934,682,18.4,0.4293,0.7759,0.0,-0.6592,0.8922,-0.7,0.0,0,1.0,18,7,0,0.035,0.0,0.014
43.978,683,18.4,0.4293,0.7759,0.0,-0.6592,0.8922,-0.7,0.0,0,1.0,18,7,0,0.035,0.0,0.014
44.053,684,18.4,0.5288,0.8647,0.0,-0.6788,1.0,-0.7,0.0,0,1.0,18,7,0,0.035,0.0,0.014
44.117,685,18.4,0.4264,0.7786,0.0,-0.6572,0.8928,0.0915,0.0,0,1.0,18,7,0,0.0046,0.0,0.0018
44.178,686,18.4,0.5317,0.8631,0.0,-0.6802,1.0,0.0915,0.0,0,1.0,19,7,0,0.0046,0.0,0.0018
44.24,687,18.4,0.2246,0.7322,0.4544,0.2586,0.8695,-0.7,0.0,0,1.0,22,7,0,0.035,0.0,0.014
44.307,688,18.4,0.4293,0.7757,0.0,-0.6593,0.892,0.0915,0.0,0,1.0,22,7,0,0.0046,0.0,0.0018
44.362,689,18.4,0.4378,0.7669,0.0,-0.6653,0.8894,-0.7,0.0,0,1.0,20,7,0,0.035,0.0,0.014
44.429,690,18.4,0.1555,0.6555,0.6023,0.4779,0.8879,-0.7,0.0,0,1.0,22,7,0,0.035,0.0,0.014
44.492,691,18.1,0.1557,0.7126,0.5449,0.4313,0.9037,-0.4651,0.0,0,1.0,20,7,0,0.0233,0.0,0.0093
44.559,692,18.1,0.1077,0.7529,0.5496,0.5053,0.9402,-0.0737,0.0,0,1.0,26,7,0,0.0037,0.0,0.0015
44.624,693,18.1,0.4383,0.944,0.0206,-0.5778,1.0,0.0045,0.0,0,1.0,24,7,0,0.0002,0.0,0.0001
44.689,694,18.1,0.2933,0.8843,0.0345,-0.4636,0.9071,-0.4651,0.0,0,1.0,21,7,0,0.0233,0.0,0.0093
44.745,695,18.1,0.1295,0.7845,0.4884,0.3423,0.9325,-0.4651,0.0,0,1.0,22,7,0,0.0233,0.0,0.0093
44.805,696,18.1,0.1076,0.7039,0.6049,0.5462,0.93,0.0,0.0,0,1.0,23,7,0,0.0,0.0,0.0
44.864,697,18.1,0.1077,0.7542,0.547,0.5035,0.9399,0.0045,0.0,0,1.0,20,7,0,0.0002,0.0,0.0001
44.927,698,18.1,0.2933,0.8816,0.0371,-0.4568,0.9049,0.0045,0.0,0,1.0,21,7,0,0.0002,0.0,0.0001
44.993,699,18.1,0.1555,0.7831,0.4765,0.3734,0.9246,0.0,0.0,0,1.0,23,7,0,0.0,0.0,0.0
45.066,700,18.1,0.4293,0.776,0.0,-0.6592,0.8923,0.0,0.0,0,1.0,22,7,0,0.0,0.0,0.0
45.132,701,18.1,0.148,0.7921,0.4702,0.3795,0.9287,-0.0737,0.0,0,1.0,26,7,0,0.0037,0.0,0.0015
45.195,702,18.1,0.4295,0.7764,0.0,-0.6592,0.8927,-0.0961,0.0,0,1.0,20,7,0,0.0048,0.0,0.0019
45.255,703,18.1,0.2247,0.7328,0.4549,0.2588,0.8703,-0.7,0.0,0,1.0,24,7,0,0.035,0.0,0.014
45.326,704,18.1,0.2289,0.7288,0.4547,0.2532,0.8668,0.0915,0.0,0,1.0,22,7,0,0.0046,0.0,0.0018
45.389,705,18.1,0.4267,0.7796,0.0,-0.6571,0.8939,0.0915,0.0,0,1.0,21,7,0,0.0046,0.0,0.0018
45.444,706,18.1,0.2936,0.881,0.0318,-0.4719,0.9045,-0.0961,0.0,0,1.0,19,7,0,0.0048,0.0,0.0019
45.516,707,18.1,0.4296,0.7767,0.0,-0.6373,0.893,0.0,0.0,0,1.0,19,7,0,0.0,0.0,0.0
45.603,708,18.1,0.4268,0.7803,0.0,-0.657,0.8945,-0.7,0.0,0,1.0,22,7,0,0.035,0.0,0.014
45.668,709,18.1,0.2884,0.7708,0.4552,0.1732,0.9024,-0.7,0.0,0,1.0,26,7,0,0.035,0.0,0.014
45.726,710,18.1,0.4296,0.7764,0.0,-0.6592,0.8927,-0.2393,0.0,0,1.0,24,7,0,0.012,0.0,0.0048
45.779,711,18.1,0.1075,0.7697,0.5353,0.4939,0.9463,-0.2393,0.0,0,1.0,21,7,0,0.012,0.0,0.0048
45.831,712,18.1,0.1555,0.7168,0.5387,0.4269,0.9038,-0.7,0.0,0,1.0,23,7,0,0.035,0.0,0.014
45.885,713,18.1,0.1077,0.7445,0.5535,0.5092,0.9353,-0.152,0.0,0,1.0,21,7,0,0.0076,0.0,0.003
45.942,714,18.1,0.1077,0.754,0.5496,0.5051,0.9411,-0.152,0.0,0,1.0,22,7,0,0.0076,0.0,0.003
45.99,715,18.1,0.1556,0.779,0.4743,0.3722,0.92,0.0045,0.0,0,1.0,22,7,0,0.0002,0.0,0.0001
46.044,716,18.1,0.3038,0.8622,0.0344,-0.4752,0.8944,-0.0737,0.0,0,1.0,21,7,0,0.0037,0.0,0.0015
46.102,717,18.1,0.2313,0.9589,0.017,-0.4597,0.935,-0.0737,0.0,0,1.0,25,7,0,0.0037,0.0,0.0015
46.147,718,18.1,0.2272,0.9724,0.0208,-0.4418,0.944,0.0,0.0,0,1.0,22,7,0,0.0,0.0,0.0
46.202,719,18.1,0.1555,0.7807,0.4762,0.3736,0.9225,0.0,0.0,0,1.0,25,7,0,0.0,0.0,0.0
46.262,720,18.1,0.3451,1.0,0.0099,-0.1543,1.0,-0.0737,0.0,0,1.0,23,7,0,0.0037,0.0,0.0015
46.319,721,16.4,0.2933,0.8708,0.0359,-0.4616,0.8957,-0.0737,0.0,0,1.0,21,7,0,0.0037,0.0,0.0015
46.38,722,16.4,0.1307,0.8218,0.4607,0.397,0.9483,0.0,0.0,0,1.0,24,7,0,0.0,0.0,0.0
46.434,723,16.4,0.0845,0.8253,0.5083,0.6528,0.9779,-0.1129,0.0,0,1.0,21,7,0,0.0056,0.0,0.0023
46.494,724,16.4,0.0915,0.7672,0.5422,0.5264,0.9481,-0.152,0.0,0,1.0,24,7,0,0.0076,0.0,0.003
46.552,725,16.4,0.1134,0.8208,0.466,0.4307,0.9504,-0.152,0.0,0,1.0,23,7,0,0.0076,0.0,0.003
46.613,726,16.4,0.1077,0.8406,0.4514,0.4276,0.9589,0.0045,0.0,0,1.0,26,7,0,0.0002,0.0,0.0001
46.665,727,16.4,0.2242,0.9386,0.024,-0.4322,0.914,-0.1129,0.0,0,1.0,23,7,0,0.0056,0.0,0.0023
46.718,728,16.4,0.1076,0.8171,0.4781,0.4496,0.9541,-0.1129,0.0,0,1.0,28,7,0,0.0056,0.0,0.0023
46.765,729,16.4,0.2251,0.9457,0.0233,-0.4343,0.9204,0.0,0.0,0,1.0,21,7,0,0.0,0.0,0.0
46.815,730,16.4,0.2286,0.9895,0.0086,-0.4844,0.9592,0.0,0.0,0,1.0,18,7,0,0.0,0.0,0.0
46.865,731,16.4,0.4292,0.7757,0.0,-0.6592,0.8919,0.0,0.0,0,1.0,18,7,0,0.0,0.0,0.0
46.918,732,16.4,0.3037,0.866,0.0186,-0.5198,0.8975,0.0,0.0,0,1.0,21,7,0,0.0,0.0,0.0
46.968,733,16.4,0.1557,0.801,0.447,0.3484,0.9232,0.0,0.0,0,1.0,24,7,0,0.0,0.0,0.0
47.019,734,16.4,0.3026,0.8871,0.0,-0.5736,0.9146,0.0,0.0,0,1.0,24,8,0,0.0,0.0,0.0
47.085,735,16.4,0.1532,0.793,0.4558,0.3601,0.9214,-0.0835,0.0,0,1.0,25,8,0,0.0042,0.0,0.0017
47.135,736,16.4,0.1111,0.8431,0.4557,0.4242,0.9634,0.0915,0.0,0,1.0,24,8,0,0.0046,0.0,0.0018
47.191,737,16.4,0.0762,0.8891,0.4549,0.4806,1.0,0.0915,0.0,0,1.0,25,8,0,0.0046,0.0,0.0018
47.252,738,16.4,0.1076,0.8394,0.451,0.4277,0.9576,0.0045,0.0,0,1.0,26,8,0,0.0002,0.0,0.0001
47.309,739,16.4,0.1076,0.8341,0.453,0.4298,0.9543,-0.1129,0.0,0,1.0,24,8,0,0.0056,0.0,0.0023
47.363,740,16.4,0.1076,0.8258,0.4796,0.4492,0.9623,-0.1129,0.0,0,1.0,24,8,0,0.0056,0.0,0.0023
47.419,741,16.4,0.2977,0.8696,0.0352,-0.4673,0.8971,-0.1129,0.0,0,1.0,20,8,0,0.0056,0.0,0.0023
47.488,742,16.4,0.4293,0.7759,0.0,-0.6592,0.8922,0.0,0.0,0,1.0,19,8,0,0.0,0.0,0.0
47.546,743,16.4,0.4295,0.7765,0.0,-0.6592,0.8927,-0.7,0.0,0,1.0,18,8,0,0.035,0.0,0.014
47.606,744,16.4,0.4292,0.7758,0.0,-0.6592,0.892,-0.7,0.0,0,1.0,20,8,0,0.035,0.0,0.014
47.662,745,16.4,0.4293,0.7757,0.0,-0.6593,0.892,-0.7,0.0,0,1.0,17,8,0,0.035,0.0,0.014
47.722,746,16.4,0.1906,0.7773,0.4292,0.2821,0.8933,-0.7,0.0,0,1.0,20,8,0,0.035,0.0,0.014
47.783,747,16.4,0.4377,0.7668,0.0,-0.6653,0.8893,-0.1876,0.0,0,1.0,20,8,0,0.0094,0.0,0.0038
47.838,748,16.4,0.4293,0.7756,0.0,-0.6593,0.8919,-0.4651,0.0,0,1.0,19,8,0,0.0233,0.0,0.0093
47.903,749,16.4,0.4265,0.7796,0.0,-0.657,0.8937,-0.4651,0.0,0,1.0,19,8,0,0.0233,0.0,0.0093
47.959,750,16.4,0.0698,0.9589,0.3982,0.446,1.0,-0.7,0.0,0,1.0,23,8,0,0.035,0.0,0.014
48.011,751,17.7,0.1177,0.9205,0.3824,0.347,0.9873,0.0,0.0,0,1.0,23,8,0,0.0,0.0,0.0
48.07,752,17.7,0.1478,0.8594,0.403,0.3188,0.9475,0.0,0.0,0,1.0,26,8,0,0.0,0.0,0.0
48.135,753,17.7,0.1478,0.8042,0.4639,0.3735,0.9353,-0.4651,0.0,0,1.0,21,8,0,0.0233,0.0,0.0093
48.194,754,17.7,0.2247,0.7326,0.4548,0.2588,0.8701,-0.0961,0.0,0,1.0,22,8,0,0.0048,0.0,0.0019
48.25,755,17.7,0.1498,0.842,0.4102,0.3233,0.937,0.0915,0.0,0,1.0,23,8,0,0.0046,0.0,0.0018
48.301,756,17.7,0.1588,0.8145,0.4462,0.3411,0.9341,0.0915,0.0,0,1.0,26,8,0,0.0046,0.0,0.0018
48.36,757,17.7,0.3628,0.8408,0.0,-0.6132,0.9094,-0.3477,0.0,0,1.0,25,8,0,0.0174,0.0,0.007
48.42,758,17.7,0.4378,0.767,0.0,-0.6652,0.8894,-0.7,0.0,0,1.0,21,8,0,0.035,0.0,0.014
48.48,759,17.7,0.235,0.7657,0.3946,0.1874,0.8641,-0.4651,0.0,0,1.0,25,8,0,0.0233,0.0,0.0093
48.541,760,17.7,0.3454,0.9291,0.2166,-0.1551,0.9739,-0.4651,0.0,0,1.0,32,8,0,0.0233,0.0,0.0093
48.597,761,17.7,0.6246,0.9331,0.0143,-0.67,1.0,-0.7,0.0,0,1.0,26,8,0,0.035,0.0,0.014
48.653,762,17.7,0.4857,0.9069,0.0128,-0.6241,1.0,-0.1876,0.0,0,1.0,25,8,0,0.0094,0.0,0.0038
48.706,763,17.7,0.3834,0.912,0.0077,-0.5879,0.9808,-0.1876,0.0,0,1.0,22,8,0,0.0094,0.0,0.0038
48.767,764,17.7,0.2933,0.8797,0.0275,-0.4841,0.9031,-0.1129,0.0,0,1.0,24,8,0,0.0056,0.0,0.0023
48.823,765,17.7,0.1555,0.7651,0.4909,0.3864,0.9176,0.0,0.0,0,1.0,23,8,0,0.0,0.0,0.0
48.873,766,17.7,0.1075,0.7517,0.5542,0.5084,0.9418,0.0,0.0,0,1.0,23,8,0,0.0,0.0,0.0
48.929,767,17.7,0.1478,0.7679,0.4997,0.4045,0.9249,0.0045,0.0,0,1.0,25,8,0,0.0002,0.0,0.0001
48.984,768,17.7,0.0698,0.8362,0.4997,0.5287,0.9823,-0.0961,0.0,0,1.0,25,8,0,0.0048,0.0,0.0019
49.071,769,17.7,0.0697,0.8362,0.4997,0.5287,0.9822,-0.1967,0.0,0,1.0,25,8,0,0.0098,0.0,0.0039
49.136,770,17.7,0.2974,0.8835,0.0301,-0.4792,0.9087,-0.1967,0.0,0,1.0,22,8,0,0.0098,0.0,0.0039
49.193,771,17.7,0.3925,0.8125,0.0003,-0.6328,0.9023,-0.1967,0.0,0,1.0,24,8,0,0.0098,0.0,0.0039
49.254,772,17.7,0.2933,0.8858,0.0391,-0.4505,0.9083,0.0,0.0,0,1.0,23,8,0,0.0,0.0,0.0
49.309,773,17.7,0.4293,0.776,0.0,-0.6592,0.8922,0.0,0.0,0,1.0,23,8,0,0.0,0.0,0.0
49.363,774,17.7,0.2934,0.9118,0.0068,-0.5422,0.9302,0.0,0.0,0,1.0,23,8,0,0.0,0.0,0.0
49.421,775,17.7,0.4676,1.0,0.0051,-0.6161,1.0,-0.7,0.0,0,1.0,22,8,0,0.035,0.0,0.014
49.48,776,17.7,0.2352,0.7825,0.3806,0.1724,0.8705,-0.1129,0.0,0,1.0,23,8,0,0.0056,0.0,0.0023
49.545,777,17.7,0.1556,0.7735,0.4864,0.3818,0.9222,-0.1363,0.0,0,1.0,28,8,0,0.0068,0.0,0.0027
49.61,778,17.7,0.1137,0.8156,0.4857,0.4443,0.9571,-0.1363,0.0,1,1.0,26,8,0,0.0068,1.0,0.0027
49.665,779,17.7,0.1076,0.7495,0.5549,0.5091,0.9404,-0.0737,0.0,1,1.0,26,8,0,0.0037,0.8,0.0015
49.716,780,17.7,0.2249,0.8454,0.1215,-0.1804,0.8361,0.0045,0.0,1,1.0,39,8,0,0.0002,0.8,0.0001
49.773,781,17.1,0.2301,0.8896,0.074,-0.2947,0.8762,0.0,0.0,1,1.0,31,8,0,0.0,0.8,0.0
49.821,782,17.1,0.1822,1.0,0.0091,-0.4479,0.942,0.0,0.0,1,1.0,28,8,0,0.0,0.8,0.0
49.88,783,17.1,0.1184,1.0,0.0339,-0.2612,0.9063,0.0,0.0,1,1.0,29,8,0,0.0,0.8,0.0
49.936,784,17.1,0.1326,1.0,0.0085,-0.4081,0.9142,0.0,0.0,1,1.0,29,8,0,0.0,0.8,0.0
49.991,785,17.1,0.4019,0.7583,0.0,-0.651,0.862,0.0,0.0,1,1.0,26,8,0,0.0,0.8,0.0
50.041,786,17.1,0.4054,0.6698,0.3313,-0.0804,0.7897,-0.7,0.0,1,1.0,23,8,0,0.035,0.8,0.014
50.089,787,17.1,0.5402,0.8287,0.0,-0.6915,0.9987,-0.7,0.0,1,1.0,21,8,0,0.035,0.8,0.014
50.144,788,17.1,0.7178,0.6789,0.0,-0.7917,0.9722,0.0915,0.0,1,1.0,21,8,0,0.0046,0.8,0.0018
50.203,789,17.1,0.2459,0.8455,0.065,-0.3408,0.848,0.0915,0.0,1,1.0,22,8,0,0.0046,0.8,0.0018
50.264,790,17.1,0.3401,0.9047,0.0,-0.5895,0.9504,-0.0737,0.0,0,1.0,17,8,0,0.0037,0.8,0.0015
50.318,791,17.1,0.4117,0.7948,0.0,-0.6467,0.8982,0.0,0.0,0,1.0,17,8,0,0.0,0.0,0.0
50.378,792,17.1,0.246,0.7566,0.1605,-0.1374,0.7733,-0.7,0.0,0,1.0,20,8,0,0.035,0.0,0.014
50.432,793,17.1,0.1232,0.7701,0.2508,0.2164,0.7873,-0.7,0.0,0,1.0,19,8,0,0.035,0.0,0.014
50.49,794,17.1,0.2258,1.0,0.0382,-0.3804,0.9665,0.0,0.0,0,1.0,19,8,0,0.0,0.0,0.0
50.556,795,17.1,0.2346,0.6568,0.3476,0.1464,0.7464,0.0,0.0,0,1.0,20,8,0,0.0,0.0,0.0
50.613,796,17.1,0.4341,0.753,0.0,-0.6672,0.8756,-0.0961,0.0,0,1.0,18,8,0,0.0048,0.0,0.0019
50.666,797,17.1,0.3948,0.8179,0.0,-0.6335,0.9081,-0.4651,0.0,0,1.0,20,8,0,0.0233,0.0,0.0093
50.715,798,17.1,0.5548,0.7311,0.0,-0.7224,0.9248,-0.4651,0.0,0,1.0,19,8,0,0.0233,0.0,0.0093
50.766,799,17.1,0.2107,0.7739,0.4318,0.255,0.8919,0.0915,0.0,0,1.0,19,8,0,0.0046,0.0,0.0018
50.818,800,17.1,0.259,0.5429,0.5615,0.3191,0.7705,0.0915,0.0,0,1.0,15,8,0,0.0046,0.0,0.0018
50.865,801,17.1,0.2246,0.5028,0.5365,0.3548,0.7228,-0.7,0.0,0,1.0,16,8,0,0.035,0.0,0.014
50.915,802,17.1,0.7094,0.737,0.0,-0.772,1.0,-0.1235,0.0,0,1.0,21,8,0,0.0062,0.0,0.0025
50.967,803,17.1,0.257,0.9599,0.0,-0.5374,0.9502,-0.1235,0.0,0,1.0,26,8,0,0.0062,0.0,0.0025
51.025,804,17.1,0.2361,0.9836,0.0,-0.5226,0.9584,-0.0737,0.0,0,1.0,24,8,0,0.0037,0.0,0.0015
51.085,805,17.1,0.2863,0.9448,0.0,-0.5554,0.954,0.0,0.0,0,1.0,25,8,0,0.0,0.0,0.0
51.135,806,17.1,0.3362,0.8767,0.0,-0.5928,0.9247,0.0,0.0,0,1.0,26,8,0,0.0,0.0,0.0
51.197,807,17.1,0.2919,0.9186,0.0021,-0.5556,0.9351,0.0,0.0,0,1.0,29,8,0,0.0,0.0,0.0
51.255,808,17.1,0.3002,1.0,0.0095,-0.5245,1.0,0.0,0.0,0,1.0,26,8,0,0.0,0.0,0.0
51.316,809,17.1,0.1761,0.982,0.0607,-0.2551,0.9235,0.0,0.0,0,1.0,26,8,0,0.0,0.0,0.0
51.37,810,17.1,0.2142,0.9382,0.0642,-0.2975,0.908,0.0,0.0,0,1.0,22,8,0,0.0,0.0,0.0
51.434,811,18.1,0.4293,0.7759,0.0,-0.6592,0.8922,0.0,0.0,0,1.0,20,8,0,0.0,0.0,0.0
51.492,812,18.1,0.4122,0.7958,0.0,-0.6466,0.8993,0.0,0.0,0,1.0,25,8,0,0.0,0.0,0.0
51.557,813,18.1,0.2938,0.9709,0.0,-0.5551,0.9801,-0.7,0.0,0,1.0,23,8,0,0.035,0.0,0.014
51.616,814,18.1,0.4553,1.0,0.0,-0.6228,1.0,0.0,0.0,0,1.0,29,8,0,0.0,0.0,0.0
51.664,815,18.1,0.4263,0.7785,0.0,-0.6572,0.8927,0.0,0.0,0,1.0,27,8,0,0.0,0.0,0.0
51.718,816,18.1,0.2248,0.8276,0.3381,0.1408,0.8845,-0.1129,0.0,0,1.0,35,8,0,0.0056,0.0,0.0023
51.771,817,18.1,0.442,1.0,0.0,-0.6175,1.0,-0.1716,0.0,0,1.0,35,8,0,0.0086,0.0,0.0034
51.832,818,18.1,0.276,1.0,0.1275,-0.2215,0.9946,-0.1129,0.0,0,1.0,37,8,0,0.0056,0.0,0.0023
51.888,819,18.1,0.1153,0.8746,0.4124,0.3806,0.9656,-0.1129,0.0,0,1.0,42,8,0,0.0056,0.0,0.0023
51.953,820,18.1,0.1413,1.0,0.0035,-0.4435,0.9191,0.0,0.0,0,1.0,39,8,0,0.0,0.0,0.0
52.016,821,18.1,0.3172,1.0,0.003,-0.5533,1.0,0.0,0.0,0,1.0,38,8,0,0.0,0.0,0.0
52.088,822,18.1,0.135,0.8387,0.4537,0.3824,0.9585,0.0,0.0,0,1.0,38,8,0,0.0,0.0,0.0
52.152,823,18.1,0.1185,0.8605,0.4433,0.4,0.971,0.0045,0.0,0,1.0,32,8,0,0.0002,0.0,0.0001
52.211,824,18.1,0.5677,0.6495,0.0,-1.0,0.8635,-0.1129,0.0,0,1.0,29,9,0,0.0056,0.0,0.0023
52.272,825,18.1,0.1764,0.8752,0.4598,0.3178,0.9926,-0.1129,0.0,0,1.0,30,9,0,0.0056,0.0,0.0023
52.326,826,18.1,0.2899,0.7629,0.3578,0.0781,0.8412,0.0045,0.0,0,1.0,23,9,0,0.0002,0.0,0.0001
52.389,827,18.1,0.5609,0.65,0.0,-0.7491,0.8601,-0.1275,0.0,0,1.0,22,9,0,0.0064,0.0,0.0026
52.445,828,18.1,0.5177,0.6959,0.0,-0.7183,0.8745,-0.1275,0.0,0,1.0,23,9,0,0.0064,0.0,0.0026
52.503,829,18.1,0.4731,0.7456,0.0,-0.6861,0.8913,0.0045,0.0,0,1.0,25,9,0,0.0002,0.0,0.0001
52.561,830,18.1,0.2616,0.9855,0.0,-0.5362,0.9743,-0.1129,0.0,0,1.0,27,9,0,0.0056,0.0,0.0023
52.619,831,18.1,0.378,1.0,0.0056,-0.5755,1.0,0.0,0.0,0,1.0,25,9,0,0.0,0.0,0.0
52.685,832,18.1,0.1124,0.9138,0.386,0.3603,0.9837,0.0,0.0,0,1.0,23,9,0,0.0,0.0,0.0
52.743,833,18.1,0.2106,1.0,0.0158,-0.4431,0.9579,-0.7,0.0,0,1.0,26,9,0,0.035,0.0,0.014
52.794,834,18.1,0.4117,0.7946,0.0,-0.6467,0.898,0.0,0.0,0,1.0,25,9,0,0.0,0.0,0.0
52.854,835,18.1,0.2287,0.7558,0.4148,0.2158,0.8672,-0.7,0.0,0,1.0,20,9,0,0.035,0.0,0.014
52.909,836,18.1,0.2106,0.7806,0.4101,0.2353,0.8854,-0.7,0.0,0,1.0,21,9,0,0.035,0.0,0.014
52.956,837,18.1,0.2288,0.7448,0.4276,0.2283,0.8651,-0.7,0.0,0,1.0,22,9,0,0.035,0.0,0.014
53.012,838,18.1,0.1388,0.8795,0.4317,0.3545,0.9805,-0.7,0.0,0,1.0,21,9,0,0.035,0.0,0.014
53.069,839,18.1,0.1318,0.8484,0.4372,0.3741,0.9575,-0.7,0.0,0,1.0,28,9,0,0.035,0.0,0.014
53.125,840,18.1,0.2108,0.7588,0.4342,0.2583,0.8806,-0.4651,0.0,0,1.0,31,9,0,0.0233,0.0,0.0093
53.176,841,17.1,0.2109,0.7582,0.4331,0.2573,0.8794,-0.4651,0.0,0,1.0,32,9,0,0.0233,0.0,0.0093
53.238,842,17.1,0.1102,0.8962,0.4276,0.3985,0.9923,-0.7,0.0,0,1.0,36,9,0,0.035,0.0,0.014
53.297,843,17.1,0.4264,0.7792,0.0,-0.6571,0.8933,-0.7,0.0,0,1.0,34,9,0,0.035,0.0,0.014
53.354,844,17.1,0.0928,1.0,0.0615,-0.0958,0.892,-0.7,0.0,0,1.0,35,9,0,0.035,0.0,0.014
53.412,845,17.1,0.0964,1.0,0.0504,-0.1464,0.894,0.0,0.0,0,1.0,35,9,0,0.0,0.0,0.0
53.473,846,17.1,0.1298,0.9033,0.3814,0.3266,0.9724,0.0,0.0,0,1.0,35,9,0,0.0,0.0,0.0
53.529,847,17.1,0.2714,0.9467,0.0074,-0.5218,0.9472,-0.2303,0.0,0,1.0,36,9,0,0.0115,0.0,0.0046
53.591,848,17.1,0.1668,0.8664,0.3732,0.261,0.9368,0.0,0.0,0,1.0,31,9,0,0.0,0.0,0.0
53.654,849,17.1,0.2909,0.9887,0.0,-0.551,0.9934,0.0,0.0,0,1.0,28,9,0,0.0,0.0,0.0
53.717,850,17.1,0.4263,0.7793,0.0,-0.657,0.8933,-0.1235,0.0,0,1.0,26,9,0,0.0062,0.0,0.0025
53.787,851,17.1,0.4265,0.7797,0.0,-0.657,0.8938,-0.7,0.0,0,1.0,22,9,0,0.035,0.0,0.014
53.844,852,17.1,0.1884,0.8222,0.3903,0.2466,0.9092,-0.7,0.0,0,1.0,27,9,0,0.035,0.0,0.014
53.89,853,17.1,0.2294,0.753,0.4108,0.2115,0.8626,-0.7,0.0,0,1.0,22,9,0,0.035,0.0,0.014
53.941,854,17.1,0.2303,0.7504,0.4185,0.2174,0.8647,0.0045,0.0,0,1.0,26,9,0,0.0002,0.0,0.0001
53.994,855,17.1,0.1442,0.9155,0.3742,0.2945,0.9786,-0.7,0.0,0,1.0,22,9,0,0.035,0.0,0.014
54.054,856,17.1,0.0749,0.9857,0.3583,0.4033,1.0,-0.7,0.0,0,1.0,25,9,0,0.035,0.0,0.014
54.11,857,17.1,0.055,0.9955,0.369,0.4525,1.0,-0.7,0.0,0,1.0,25,9,0,0.035,0.0,0.014
54.18,858,17.1,0.2106,1.0,0.0106,-0.4632,0.9579,-0.7,0.0,0,1.0,19,9,0,0.035,0.0,0.014
54.25,859,17.1,0.11,1.0,0.3018,0.2818,1.0,0.0,0.0,0,1.0,26,9,0,0.0,0.0,0.0
54.311,860,17.1,0.11,1.0,0.1827,0.1366,0.9423,0.0,0.0,0,1.0,28,9,0,0.0,0.0,0.0
54.377,861,17.1,0.11,0.9878,0.3171,0.2975,1.0,0.0,0.0,0,1.0,31,9,0,0.0,0.0,0.0
54.44,862,17.1,0.4116,0.7945,0.0,-0.6467,0.8979,0.0,0.0,0,1.0,35,9,0,0.0,0.0,0.0
54.5,863,17.1,0.0761,1.0,0.1623,0.1885,0.9309,0.0,0.0,0,1.0,39,9,0,0.0,0.0,0.0
54.564,864,17.1,0.078,1.0,0.1606,0.1806,0.9299,-0.7,0.0,0,1.0,40,9,0,0.035,0.0,0.014
54.628,865,17.1,0.1069,1.0,0.0065,-0.4743,0.8999,0.0,0.0,0,1.0,36,9,0,0.0,0.0,0.0
54.683,866,17.1,0.2175,1.0,0.0006,-0.5075,0.9618,0.0,0.0,0,1.0,34,9,0,0.0,0.0,0.0
54.74,867,17.1,0.2912,0.958,0.0,-0.5558,0.9677,0.0,0.0,0,1.0,37,9,0,0.0,0.0,0.0
54.791,868,17.1,0.3023,0.9663,0.0,-0.5602,0.981,0.0,0.0,0,1.0,34,9,0,0.0,0.0,0.0
54.846,869,17.1,0.5368,0.6834,0.0,-0.7295,0.8747,0.0,0.0,0,1.0,27,9,0,0.0,0.0,0.0
54.901,870,17.1,0.5402,0.664,0.0,-0.7368,0.8602,0.0,0.0,0,1.0,29,9,0,0.0,0.0,0.0
54.953,871,16.9,0.4401,1.0,0.0,-0.6167,1.0,0.0915,0.0,0,1.0,32,9,0,0.0046,0.0,0.0018
55.015,872,16.9,0.6061,0.5898,0.0,-0.7857,0.8349,-0.4651,0.0,0,1.0,27,9,0,0.0233,0.0,0.0093
55.073,873,16.9,0.6181,0.5929,0.0,-0.7888,0.8442,-0.4651,0.0,0,1.0,23,9,0,0.0233,0.0,0.0093
55.123,874,16.9,0.5438,0.6493,0.0,-0.6694,0.8499,0.0915,0.0,0,1.0,25,9,0,0.0046,0.0,0.0018
55.175,875,16.9,0.6478,0.5652,0.0,-0.8086,0.8376,0.0915,0.0,0,1.0,24,9,0,0.0046,0.0,0.0018
55.231,876,16.9,0.3227,0.6169,0.4798,0.1635,0.7869,0.0915,0.0,0,1.0,31,9,0,0.0046,0.0,0.0018
55.286,877,16.9,0.2363,0.6932,0.4806,0.2682,0.8514,-0.0737,0.0,0,1.0,22,9,0,0.0037,0.0,0.0015
55.345,878,16.9,0.2318,0.7029,0.4802,0.273,0.8593,-0.0961,0.0,0,1.0,24,9,0,0.0048,0.0,0.0019
55.402,879,16.9,0.1148,0.8356,0.4806,0.4359,0.971,-0.0961,0.0,0,1.0,31,9,0,0.0048,0.0,0.0019
55.464,880,16.9,0.0932,0.8914,0.4622,0.4534,1.0,-0.0961,0.0,0,1.0,25,9,0,0.0048,0.0,0.0019
55.52,881,16.9,0.1101,0.9443,0.3742,0.3516,1.0,-0.1967,0.0,0,1.0,20,9,0,0.0098,0.0,0.0039
55.58,882,16.9,0.1101,0.9141,0.401,0.3764,0.9924,-0.7,0.0,0,1.0,20,9,0,0.035,0.0,0.014
55.636,883,16.9,0.11,0.8737,0.4425,0.4124,0.9817,-0.7,0.0,0,1.0,24,9,0,0.035,0.0,0.014
55.694,884,16.9,0.11,0.8749,0.4459,0.4147,0.9846,-0.7,0.0,0,1.0,24,9,0,0.035,0.0,0.014
55.753,885,16.9,0.4116,0.7944,0.0,-0.6467,0.8978,-0.1967,0.0,0,1.0,19,9,0,0.0098,0.0,0.0039
55.813,886,16.9,0.4116,0.7944,0.0,-0.6467,0.8978,-0.1967,0.0,0,1.0,22,9,0,0.0098,0.0,0.0039
55.867,887,16.9,0.1477,1.0,0.0683,-0.1874,0.9227,-0.7,0.0,0,1.0,24,9,0,0.035,0.0,0.014
55.916,888,16.9,0.2106,1.0,0.0033,-0.4925,0.958,0.0,0.0,0,1.0,22,9,0,0.0,0.0,0.0
55.965,889,16.9,0.2238,1.0,0.0078,-0.4832,0.9653,0.0,0.0,0,1.0,20,9,0,0.0,0.0,0.0
56.019,890,16.9,0.1256,0.942,0.3795,0.3284,1.0,0.0,0.0,0,1.0,22,9,0,0.0,0.0,0.0
56.078,891,16.9,0.1094,0.9838,0.3509,0.3293,1.0,0.0,0.0,0,1.0,22,9,0,0.0,0.0,0.0
56.136,892,16.9,0.1199,0.9634,0.3417,0.3014,1.0,0.0045,0.0,0,1.0,28,9,0,0.0002,0.0,0.0001
56.196,893,16.9,0.1479,0.8677,0.3855,0.3027,0.9448,0.0,0.0,0,1.0,26,9,0,0.0,0.0,0.0
56.257,894,16.9,0.5125,0.7983,0.2943,-0.2115,0.9576,0.0,0.0,0,1.0,24,9,0,0.0,0.0,0.0
56.316,895,16.9,0.541,0.7744,0.2987,-0.23,0.9534,0.0045,0.0,0,1.0,35,9,0,0.0002,0.0,0.0001
56.382,896,16.9,0.5609,0.9076,0.0248,-0.6311,1.0,-0.1363,0.0,0,1.0,29,9,0,0.0068,0.0,0.0027
56.44,897,16.9,0.0843,0.8158,0.5399,0.5284,0.9876,0.0045,0.0,0,1.0,31,9,0,0.0002,0.0,0.0001
56.504,898,16.9,0.5457,0.7641,0.2994,-0.2335,0.9474,0.0045,0.0,0,1.0,31,9,0,0.0002,0.0,0.0001
56.566,899,16.9,0.138,0.7767,0.5422,0.447,0.9561,0.0045,0.0,0,1.0,29,9,0,0.0002,0.0,0.0001
56.635,900,16.9,0.1115,0.7977,0.5469,0.4892,0.9764,0.0045,0.0,0,1.0,31,9,0,0.0002,0.0,0.0001
56.701,901,17.3,0.2484,0.6175,0.5464,0.3123,0.8247,0.0045,0.0,0,1.0,25,9,0,0.0002,0.0,0.0001
56.764,902,17.3,0.1479,0.5847,0.6648,0.5397,0.8634,-0.1876,0.0,0,1.0,25,9,0,0.0094,0.0,0.0038
56.817,903,17.3,0.1555,0.6529,0.588,0.4695,0.8777,-0.1876,0.0,0,1.0,29,9,0,0.0094,0.0,0.0038
56.865,904,17.3,0.1478,0.6592,0.5902,0.4817,0.8842,-0.2303,0.0,0,1.0,30,9,0,0.0115,0.0,0.0046
56.917,905,17.3,0.4291,0.8448,0.3195,-0.1104,0.9499,0.0045,0.0,0,1.0,30,9,0,0.0002,0.0,0.0001
56.969,906,17.3,0.2023,0.7316,0.479,0.3107,0.8828,0.0045,0.0,0,1.0,29,9,0,0.0002,0.0,0.0001
57.016,907,17.3,0.2249,0.7095,0.4804,0.2821,0.865,-0.1833,0.0,0,1.0,24,9,0,0.0092,0.0,0.0037
57.072,908,17.3,0.2249,0.7074,0.4811,0.4603,0.8637,0.0045,0.0,0,1.0,22,9,0,0.0002,0.0,0.0001
57.137,909,17.3,0.4297,0.7766,0.0,-0.6592,0.893,0.0045,0.0,0,1.0,18,9,0,0.0002,0.0,0.0001
57.195,910,17.3,0.1285,1.0,0.2661,0.2084,0.989,0.0045,0.0,0,1.0,23,9,0,0.0002,0.0,0.0001
57.255,911,17.3,0.2316,1.0,0.0,-0.518,0.9697,0.0,0.0,0,1.0,20,9,0,0.0,0.0,0.0
57.309,912,17.3,0.4294,0.776,0.0,-0.6593,0.8923,0.0,0.0,0,1.0,19,9,0,0.0,0.0,0.0
57.37,913,17.3,0.4294,0.7761,0.0,-0.6592,0.8924,0.0,0.0,0,1.0,19,9,0,0.0,0.0,0.0
57.43,914,17.3,0.2246,0.7035,0.4842,0.2862,0.8621,-0.7,0.0,0,1.0,21,10,0,0.035,0.0,0.014
57.496,915,17.3,0.4294,0.7762,0.0,-0.6592,0.8925,0.0818,0.0,0,1.0,22,10,0,0.0041,0.0,0.0016
57.557,916,17.3,0.2247,0.7027,0.4826,0.2849,0.8605,-0.7,0.0,0,1.0,22,10,0,0.035,0.0,0.014
57.61,917,17.3,0.2247,0.7049,0.4819,0.2841,0.862,-0.7,0.0,0,1.0,21,10,0,0.035,0.0,0.014
57.653,918,17.3,0.2287,0.7005,0.4819,0.2789,0.8583,0.0045,0.0,0,1.0,22,10,0,0.0002,0.0,0.0001
57.708,919,17.3,0.2287,0.701,0.4801,0.2775,0.8577,0.0045,0.0,0,1.0,24,10,0,0.0002,0.0,0.0001
57.755,920,17.3,0.1099,0.8933,0.4429,0.4103,0.9984,-0.0961,0.0,0,1.0,22,10,0,0.0048,0.0,0.0019
57.809,921,17.3,0.2106,1.0,0.0178,-0.4358,0.958,-0.1967,0.0,0,1.0,20,10,0,0.0098,0.0,0.0039
57.856,922,17.3,0.2108,1.0,0.0445,-0.3458,0.958,-0.1967,0.0,0,1.0,20,10,0,0.0098,0.0,0.0039
57.905,923,17.3,0.2109,1.0,0.0241,-0.4133,0.9581,0.0,0.0,0,1.0,20,10,0,0.0,0.0,0.0
57.955,924,17.3,0.2295,1.0,0.0094,-0.4809,0.9685,0.0,0.0,0,1.0,21,10,0,0.0,0.0,0.0
58.009,925,17.3,0.4264,0.7793,0.0,-0.6571,0.8933,0.0,0.0,0,1.0,21,10,0,0.0,0.0,0.0
58.058,926,17.3,0.4264,0.7791,0.0,-0.6571,0.8932,0.0,0.0,0,1.0,22,10,0,0.0,0.0,0.0
58.114,927,17.3,0.2287,0.7219,0.4611,0.2595,0.8646,-0.7,0.0,0,1.0,26,10,0,0.035,0.0,0.014
58.171,928,17.3,0.1478,0.7296,0.5209,0.4249,0.9045,-0.7,0.0,0,1.0,26,10,0,0.035,0.0,0.014
58.23,929,17.3,0.1479,0.7236,0.5251,0.4287,0.9019,-0.0961,0.0,0,1.0,28,10,0,0.0048,0.0,0.0019
58.29,930,17.3,0.5571,0.7385,0.2916,-0.2531,0.9323,0.0045,0.0,0,1.0,27,10,0,0.0002,0.0,0.0001
58.349,931,18.1,0.1479,0.7222,0.527,0.4302,0.9018,-0.1833,0.0,0,1.0,29,10,0,0.0092,0.0,0.0037
58.406,932,18.1,0.1478,0.726,0.5259,0.4289,0.9043,-0.1833,0.0,0,1.0,25,10,0,0.0092,0.0,0.0037
58.477,933,18.1,0.1479,0.7291,0.5222,0.4258,0.9049,0.0045,0.0,0,1.0,25,10,0,0.0002,0.0,0.0001
58.54,934,18.1,0.2697,0.92,0.0151,-0.4995,0.9238,0.0045,0.0,0,1.0,23,10,0,0.0002,0.0,0.0001
58.594,935,18.1,0.2317,1.0,0.0,-0.518,0.9698,0.0045,0.0,0,1.0,21,10,0,0.0002,0.0,0.0001
58.651,936,18.1,0.4264,0.7791,0.0,-0.6571,0.8932,0.0,0.0,0,1.0,23,10,0,0.0,0.0,0.0
58.704,937,18.1,0.4264,0.7794,0.0,-0.6132,0.8934,-0.7,0.0,0,1.0,21,10,0,0.035,0.0,0.014
58.756,938,18.1,0.2975,0.8023,0.0763,-0.3709,0.8406,-0.7,0.0,0,1.0,23,10,0,0.035,0.0,0.014
58.806,939,18.1,0.2975,0.8025,0.0834,-0.3543,0.8407,-0.7,0.0,0,1.0,24,10,0,0.035,0.0,0.014
58.858,940,18.1,0.2971,0.7967,0.1014,-0.3143,0.8356,0.0,0.0,0,1.0,26,10,0,0.0,0.0,0.0
58.915,941,18.1,0.1479,0.8971,0.364,0.2809,0.9574,0.0,0.0,0,1.0,24,10,0,0.0,0.0,0.0
58.978,942,18.1,0.4382,0.7669,0.0,-0.6655,0.8896,0.0,0.0,0,1.0,18,10,0,0.0,0.0,0.0
59.036,943,18.1,0.3097,0.8094,0.0981,-0.3328,0.8533,-0.4651,0.0,0,1.0,22,10,0,0.0233,0.0,0.0093
59.091,944,18.1,0.4266,0.7798,0.0,-0.657,0.8939,0.0,0.0,0,1.0,18,10,0,0.0,0.0,0.0
59.156,945,18.1,0.4266,0.7797,0.0,-0.6571,0.8938,0.0,0.0,0,1.0,21,10,0,0.0,0.0,0.0
59.209,946,18.1,0.2935,0.9049,0.0123,-0.5262,0.9245,-0.7,0.0,0,1.0,22,10,0,0.035,0.0,0.014
59.256,947,18.1,0.2287,0.9677,0.0257,-0.4269,0.941,0.0,0.0,0,1.0,27,10,0,0.0,0.0,0.0
59.308,948,18.1,0.2287,0.97,0.0232,-0.4349,0.9429,0.0,0.0,0,1.0,27,10,0,0.0,0.0,0.0
59.362,949,18.1,0.2287,0.97,0.0232,-0.4349,0.9429,0.0,0.0,0,1.0,27,10,0,0.0,0.0,0.0
59.412,950,18.1,0.2287,0.97,0.0232,-0.4349,0.9429,0.0,0.0,0,1.0,27,10,0,0.0,0.0,0.0
59.466,951,18.1,0.2287,0.97,0.0232,-0.4349,0.9429,0.0,0.0,0,1.0,27,10,0,0.0,0.0,0.0
59.534,952,18.1,0.4266,0.7799,0.0,-0.657,0.894,0.0,0.0,0,1.0,27,10,0,0.0,0.0,0.0
59.582,953,18.1,0.3279,0.9728,0.0,-0.5718,1.0,0.0,0.0,0,1.0,28,10,0,0.0,0.0,0.0
59.627,954,18.1,0.3556,1.0,0.0,-0.5803,1.0,0.0,0.0,0,1.0,30,10,0,0.0,0.0,0.0
59.679,955,18.1,0.4268,0.7787,0.0,-0.6574,0.8931,0.0,0.0,0,1.0,18,10,0,0.0,0.0,0.0
59.729,956,18.1,0.2242,0.8022,0.1746,-0.0794,0.7994,-0.7,0.0,0,1.0,25,10,0,0.035,0.0,0.014
59.779,957,18.1,0.4294,0.7762,0.0,-0.6592,0.8925,0.0,0.0,0,1.0,20,10,0,0.0,0.0,0.0
59.835,958,18.1,0.1556,0.6201,0.6395,0.5064,0.879,-0.7,0.0,0,1.0,23,10,0,0.035,0.0,0.014
59.879,959,18.1,0.2287,0.6516,0.5324,0.3243,0.8455,-0.7,0.0,0,1.0,22,10,0,0.035,0.0,0.014
59.934,960,18.1,0.0723,0.9901,0.3666,0.4144,1.0,-0.2303,0.0,0,1.0,24,10,0,0.0115,0.0,0.0046
59.981,961,18.2,0.0765,0.9302,0.4636,0.4792,1.0,-0.2303,0.0,0,1.0,23,10,0,0.0115,0.0,0.0046
60.031,962,18.2,0.2246,0.6357,0.553,0.3472,0.8437,-0.7,0.0,0,1.0,21,10,0,0.035,0.0,0.014
60.085,963,18.2,0.2246,0.6246,0.5616,0.3549,0.8391,-0.1235,0.0,0,1.0,20,10,0,0.0062,0.0,0.0025
60.133,964,18.2,0.2246,0.6115,0.5713,0.3637,0.8335,-0.1235,0.0,0,1.0,21,10,0,0.0062,0.0,0.0025
60.183,965,18.2,0.1784,0.9825,0.1277,-0.0927,0.9252,-0.1235,0.0,0,1.0,25,10,0,0.0062,0.0,0.0025
60.231,966,18.2,0.4265,0.7796,0.0,-0.6571,0.8937,0.0,0.0,0,1.0,26,10,0,0.0,0.0,0.0
60.285,967,18.2,0.2934,0.8767,0.0408,-0.4473,0.9007,-0.7,0.0,0,1.0,22,10,0,0.035,0.0,0.014
60.332,968,18.2,0.4262,0.7788,0.0,-0.6571,0.8929,-0.7,0.0,0,1.0,22,10,0,0.035,0.0,0.014
60.381,969,18.2,0.4111,0.7159,0.0,-0.6664,0.8316,-0.7,0.0,0,1.0,19,10,0,0.035,0.0,0.014
60.439,970,18.2,0.2865,0.906,0.0057,-0.5427,0.9215,-0.7,0.0,1,1.0,22,10,0,0.035,1.0,0.014
60.498,971,18.2,0.4147,0.7771,0.0,-0.6523,0.885,-0.7,0.0,1,1.0,25,10,0,0.035,0.8,0.014
60.553,972,18.2,0.3338,0.7469,0.0,-0.6195,0.8143,0.0,0.0,1,1.0,7,10,0,0.0,0.8,0.0
60.611,973,18.2,0.4277,0.6806,0.0,-0.6842,0.8113,0.0,0.0,1,1.0,6,10,0,0.0,0.8,0.0
60.661,974,18.2,0.4453,0.686,0.0,-0.6907,0.8256,0.0,0.0,1,1.0,11,10,0,0.0,0.8,0.0
60.71,975,18.2,0.7499,0.2818,0.0,-0.9706,0.6566,-0.7,0.0,1,1.0,10,10,0,0.035,0.8,0.014
60.755,976,18.2,0.8176,0.2196,0.0,-1.0,0.6423,-0.7,0.0,1,1.0,9,10,0,0.035,0.8,0.014
60.806,977,18.2,0.7748,0.2574,0.0,-0.9905,0.6501,-0.2471,0.0,1,1.0,9,10,0,0.0124,0.8,0.0049
60.856,978,18.2,0.8282,0.2105,0.0,-1.0,0.6406,-0.2122,0.0,1,1.0,11,10,0,0.0106,0.8,0.0042
60.907,979,18.2,0.6038,0.4151,0.0,-0.8578,0.6868,-0.2122,0.0,1,1.0,8,10,0,0.0106,0.8,0.0042
60.956,980,18.2,0.5678,0.556,0.0,-0.7844,0.785,-0.1876,0.0,1,1.0,8,10,0,0.0094,0.8,0.0038
61.008,981,18.2,0.5349,0.7974,0.0,-0.3215,0.9694,0.0045,0.0,1,1.0,9,10,0,0.0002,0.8,0.0001
61.616,982,18.2,0.2268,1.0,0.0284,-0.4126,0.967,0.0045,0.0,0,1.0,12,10,0,0.0002,0.8,0.0001
61.682,983,18.2,0.0799,1.0,0.0152,-0.2945,0.8847,0.0,0.0,0,1.0,6,10,0,0.0,0.0,0.0
66.124,1089,18.2,0.4964,0.7279,0.003,-0.6933,0.8894,0.0,0.0,0,1.0,57,10,0,0.0,0.0,0.0
66.177,1090,18.2,0.5085,0.7204,0.0,-0.7076,0.8898,0.0,0.0,0,1.0,57,10,0,0.0,0.0,0.0
66.233,1091,18.2,0.3024,1.0,0.0,-0.555,1.0,-0.2303,0.0,0,1.6,56,0,1,0.0115,0.0,0.0046
66.29,1092,18.2,0.4558,0.7634,0.0,-0.6741,1.0,0.0,0.0,0,1.56,41,0,1,0.0,0.0,0.0
66.339,1093,18.2,0.583,0.8364,0.032,-0.6414,1.0,-0.1967,0.0,0,1.52,40,0,1,0.0098,0.0,0.0039
66.39,1094,18.2,0.5866,0.8589,0.032,-0.638,1.0,-0.1967,0.0,0,1.48,41,0,1,0.0098,0.0,0.0039
66.443,1095,18.2,0.6316,0.8132,0.014,-0.7,1.0,0.0915,0.0,0,1.44,37,0,1,0.0046,0.0,0.0018
66.499,1096,18.2,0.1984,1.0,0.0246,-0.4001,1.0,-0.0737,0.0,0,1.4,38,0,1,0.0037,0.0,0.0015
66.547,1097,18.2,0.3233,0.8792,0.0,-0.5858,1.0,-0.0737,0.0,0,1.36,37,0,1,0.0037,0.0,0.0015
66.596,1098,18.2,0.1964,0.9851,0.0411,-0.342,1.0,0.0,0.0,0,1.32,36,0,1,0.0,0.0,0.0
66.645,1099,18.2,0.2297,1.0,0.0138,-0.4652,1.0,0.0,0.0,0,1.28,31,0,1,0.0,0.0,0.0
66.692,1100,18.2,0.4447,0.7684,0.0,-0.6679,1.0,0.0,0.0,0,1.24,30,0,1,0.0,0.0,0.0
66.738,1101,18.2,0.2699,0.9843,0.008,-0.5136,1.0,-0.1129,0.0,0,1.2,30,0,1,0.0056,0.0,0.0023
66.786,1102,18.2,0.3915,0.8045,0.0,-0.635,1.0,-0.1129,0.0,0,1.16,30,0,1,0.0056,0.0,0.0023
66.835,1103,18.2,0.4301,0.7853,0.0,-0.6572,1.0,0.0,0.0,0,1.12,30,0,1,0.0,0.0,0.0
66.879,1104,18.2,0.4821,0.752,0.0,-0.6882,0.9738,-0.7,0.0,0,1.08,30,0,1,0.035,0.0,0.014
66.927,1105,18.2,0.3542,0.8567,0.0,-0.6057,0.9547,-0.7,0.0,0,1.04,34,0,1,0.035,0.0,0.014
66.98,1106,18.2,0.3748,0.8383,0.0,-0.6195,0.914,-0.7,0.0,0,1.0,34,0,1,0.035,0.0,0.014
67.033,1107,18.2,0.2281,1.0,0.0,-0.516,0.9677,0.0,0.0,0,1.0,30,0,1,0.0,0.0,0.0
67.083,1108,18.2,0.1875,1.0,0.0117,-0.4407,0.945,0.0,0.0,0,1.0,32,0,1,0.0,0.0,0.0
67.131,1109,18.2,0.2371,1.0,0.0,-0.521,0.9728,0.0,0.0,0,1.0,32,0,1,0.0,0.0,0.0
67.18,1110,18.2,0.3821,0.8337,0.0,-0.624,0.9143,0.0,0.0,0,1.0,33,0,1,0.0,0.0,0.0
67.233,1111,4.1,0.4569,0.7467,0.0,-0.6789,0.8831,0.0,0.0,0,1.0,32,0,1,0.0,0.0,0.0
67.286,1112,4.1,0.4229,0.7657,0.0114,-0.6292,0.88,-0.4651,0.0,0,1.0,32,0,1,0.0233,0.0,0.0093
67.339,1113,4.1,0.3878,0.7895,0.0208,-0.5806,0.8803,-0.7,0.0,0,1.0,31,0,1,0.035,0.0,0.014
67.391,1114,4.1,0.3879,0.7906,0.0208,-0.5805,0.8813,-0.7,0.0,0,1.0,32,0,1,0.035,0.0,0.014
67.442,1115,4.1,0.3142,0.8446,0.0382,-0.4757,0.8854,-0.7,0.0,0,1.0,32,0,1,0.035,0.0,0.014
67.501,1116,4.1,0.3142,0.8455,0.0383,-0.4752,0.8862,0.0,0.0,0,1.0,32,0,1,0.0,0.0,0.0
67.561,1117,4.1,0.3142,0.8441,0.0385,-0.4751,0.885,0.0,0.0,0,1.0,32,0,1,0.0,0.0,0.0
67.618,1118,4.1,0.3878,0.7896,0.021,-0.5801,0.8804,0.0,0.0,0,1.0,32,0,1,0.0,0.0,0.0
67.671,1119,4.1,0.423,0.7659,0.0116,-0.6287,0.8802,0.0,0.0,0,1.0,32,0,1,0.0,0.0,0.0
67.723,1120,4.1,0.4228,0.7651,0.0116,-0.6286,0.8794,-0.7,0.0,0,1.0,32,0,1,0.035,0.0,0.014
67.774,1121,4.1,0.4463,0.7488,0.0063,-0.6577,0.8789,-0.7,0.0,0,1.0,33,0,1,0.035,0.0,0.014
67.822,1122,4.1,0.4228,0.7658,0.0114,-0.6291,0.8801,-0.7,0.0,0,1.0,32,0,1,0.035,0.0,0.014
67.879,1123,4.1,0.3317,0.8644,0.0115,-0.5585,0.9118,-0.7,0.0,0,1.0,33,0,1,0.035,0.0,0.014
67.935,1124,4.1,0.2914,0.8969,0.0209,-0.4997,0.9165,0.0,0.0,0,1.0,33,0,1,0.0,0.0,0.0
67.99,1125,4.1,0.2911,0.8998,0.0209,-0.4991,0.9189,0.0,0.0,0,1.0,33,0,1,0.0,0.0,0.0
68.041,1126,4.1,0.3786,0.8278,0.0,-0.6236,0.9073,0.0,0.0,0,1.0,32,0,1,0.0,0.0,0.0
68.097,1127,4.1,0.3786,0.8278,0.0,-0.6236,0.9073,0.0,0.0,0,1.0,32,0,1,0.0,0.0,0.0
68.153,1128,4.1,0.3786,0.8278,0.0,-0.5304,0.9074,-0.7,0.0,0,1.0,32,0,1,0.035,0.0,0.014
68.206,1129,4.1,0.2902,0.8963,0.0208,-0.4993,0.9154,-0.7,0.0,0,1.0,33,0,1,0.035,0.0,0.014
68.26,1130,4.1,0.2906,0.8944,0.0206,-0.5006,0.9141,-0.7,0.0,0,1.0,33,0,1,0.035,0.0,0.014
68.309,1131,4.1,0.2905,0.8913,0.021,-0.4998,0.9114,0.0,0.0,0,1.0,33,0,1,0.0,0.0,0.0
68.373,1132,4.1,0.3502,0.8481,0.0063,-0.5872,0.9086,0.0,0.0,0,1.0,33,0,1,0.0,0.0,0.0
68.424,1133,4.1,0.351,0.8507,0.0064,-0.5867,0.9112,-0.7,0.0,0,1.0,33,0,1,0.035,0.0,0.014
68.496,1134,4.1,0.4229,0.7653,0.0116,-0.6287,0.8797,-0.7,0.0,0,1.0,32,0,1,0.035,0.0,0.014
68.561,1135,4.1,0.4229,0.7658,0.0114,-0.6292,0.8801,-0.7,0.0,0,1.0,32,0,1,0.035,0.0,0.014
68.619,1136,4.1,0.3878,0.7897,0.021,-0.58,0.8805,-0.7,0.0,0,1.0,32,0,1,0.035,0.0,0.014
68.679,1137,4.1,0.3142,0.8439,0.0384,-0.4752,0.8848,-0.7,0.0,0,1.0,32,0,1,0.035,0.0,0.014
68.737,1138,4.1,0.3142,0.8454,0.0383,-0.4753,0.8861,-0.7,0.0,0,1.0,32,0,1,0.035,0.0,0.014
68.788,1139,4.1,0.3142,0.8451,0.0383,-0.4753,0.8858,0.0,0.0,0,1.0,32,0,1,0.0,0.0,0.0
68.838,1140,4.1,0.3878,0.7902,0.0211,-0.5797,0.8809,0.0,0.0,0,1.0,31,0,1,0.0,0.0,0.0
68.895,1141,18.1,0.3878,0.7894,0.0208,-0.5806,0.8803,0.0,0.0,0,1.0,32,0,1,0.0,0.0,0.0
68.949,1142,18.1,0.4229,0.7655,0.0115,-0.6288,0.8798,-0.7,0.0,0,1.0,31,0,1,0.035,0.0,0.014
69.006,1143,18.1,0.4229,0.7654,0.0116,-0.6287,0.8798,-0.7,0.0,0,1.0,32,0,1,0.035,0.0,0.014
69.061,1144,18.1,0.4463,0.7487,0.0063,-0.6577,0.8789,-0.7,0.0,0,1.0,32,0,1,0.035,0.0,0.014
69.125,1145,18.1,0.3316,0.864,0.0114,-0.559,0.9114,-0.7,0.0,0,1.0,33,0,1,0.035,0.0,0.014
69.185,1146,18.1,0.457,0.747,0.0,-0.6788,0.8833,0.0,0.0,0,1.0,31,0,1,0.0,0.0,0.0
69.243,1147,18.1,0.2907,0.8959,0.021,-0.4992,0.9153,-0.1967,0.0,0,1.0,33,0,1,0.0098,0.0,0.0039
69.303,1148,18.1,0.3786,0.8278,0.0,-0.6236,0.9073,-0.1967,0.0,0,1.0,32,0,1,0.0098,0.0,0.0039
69.358,1149,18.1,0.3786,0.8278,0.0,-0.6236,0.9073,0.0,0.0,0,1.0,32,0,1,0.0,0.0,0.0
69.418,1150,18.1,0.3786,0.8278,0.0,-0.6236,0.9074,-0.7,0.0,0,1.0,32,0,1,0.035,0.0,0.014
69.481,1151,18.1,0.2902,0.8963,0.0208,-0.4993,0.9154,-0.7,0.0,0,1.0,33,0,1,0.035,0.0,0.014
69.544,1152,18.1,0.3791,0.8281,0.0,-0.6238,0.9079,-0.7,0.0,0,1.0,32,0,1,0.035,0.0,0.014
69.599,1153,18.1,0.3309,0.8611,0.0116,-0.5586,0.9087,0.0,0.0,0,1.0,33,0,1,0.0,0.0,0.0
69.647,1154,18.1,0.351,0.8511,0.0063,-0.587,0.9115,0.0,0.0,0,1.0,33,0,1,0.0,0.0,0.0
69.702,1155,18.1,0.351,0.8507,0.0064,-0.5867,0.9111,-0.7,0.0,0,1.0,33,0,1,0.035,0.0,0.014
69.757,1156,18.1,0.4229,0.7654,0.0116,-0.6286,0.8797,-0.7,0.0,0,1.0,32,0,1,0.035,0.0,0.014
69.808,1157,18.1,0.4229,0.7657,0.0116,-0.6288,0.8801,-0.7,0.0,0,1.0,32,0,1,0.035,0.0,0.014
69.858,1158,18.1,0.3877,0.7891,0.0212,-0.5797,0.88,-0.7,0.0,0,1.0,31,0,1,0.035,0.0,0.014
69.914,1159,18.1,0.3878,0.79,0.0211,-0.5798,0.8807,-0.7,0.0,0,1.0,32,0,1,0.035,0.0,0.014
69.964,1160,18.1,0.3142,0.8444,0.0378,-0.4767,0.8853,-0.7,0.0,0,1.0,32,0,1,0.035,0.0,0.014
70.016,1161,18.1,0.3142,0.8455,0.0383,-0.4752,0.8862,0.0,0.0,0,1.0,32,0,1,0.0,0.0,0.0
70.066,1162,18.1,0.3142,0.8448,0.0382,-0.4756,0.8856,0.0,0.0,0,1.0,32,0,1,0.0,0.0,0.0
70.122,1163,18.1,0.3878,0.7902,0.0207,-0.5807,0.8809,0.0,0.0,0,1.0,32,0,1,0.0,0.0,0.0
70.177,1164,18.1,0.4229,0.766,0.0114,-0.6291,0.8803,-0.7,0.0,0,1.0,32,0,1,0.035,0.0,0.014
70.233,1165,18.1,0.4569,0.7467,0.0,-0.6789,0.8831,-0.7,0.0,0,1.0,32,0,1,0.035,0.0,0.014
70.282,1166,18.1,0.4569,0.7469,0.0,-0.6788,0.8833,-0.7,0.0,0,1.0,32,0,1,0.035,0.0,0.014
70.333,1167,18.1,0.4229,0.7656,0.0114,-0.6293,0.8799,-0.1967,0.0,0,1.0,32,0,1,0.0098,0.0,0.0039
70.395,1168,18.1,0.3316,0.8639,0.0116,-0.5584,0.9114,-0.7,0.0,0,1.0,33,0,1,0.035,0.0,0.014
70.448,1169,18.1,0.2914,0.8957,0.021,-0.4997,0.9156,-0.7,0.0,0,1.0,33,0,1,0.035,0.0,0.014
70.501,1170,18.1,0.2915,0.8987,0.0209,-0.4994,0.9181,0.0,0.0,0,1.0,33,0,1,0.0,0.0,0.0
70.564,1171,18.0,0.3139,0.8554,0.0405,-0.4676,0.8943,0.0,0.0,0,1.0,31,0,1,0.0,0.0,0.0
70.618,1172,18.0,0.3217,0.8545,0.0413,-0.4715,0.898,0.0,0.0,0,1.0,35,0,1,0.0,0.0,0.0
70.676,1173,18.0,0.3998,0.7866,0.022,-0.585,0.8847,0.0,0.0,0,1.0,32,0,1,0.0,0.0,0.0
70.748,1174,18.0,0.4064,0.7819,0.0226,-0.5883,0.8844,-0.7,0.0,0,1.0,30,0,1,0.035,0.0,0.014
70.805,1175,18.0,0.4864,0.7184,0.0,-0.6991,0.8758,-0.7,0.0,0,1.0,31,0,1,0.035,0.0,0.014
70.862,1176,18.0,0.3421,0.8878,0.0,-0.5937,0.9373,-0.7,0.0,0,1.0,35,0,1,0.035,0.0,0.014
70.913,1177,18.0,0.4534,0.7518,0.0,-0.676,0.8854,-0.1129,0.0,0,1.0,33,0,1,0.0056,0.0,0.0023
70.977,1178,18.0,0.353,0.8737,0.0,-0.3351,0.9315,-0.1129,0.0,0,1.0,34,0,1,0.0056,0.0,0.0023
71.033,1179,18.0,0.3311,0.8883,0.0063,-0.5692,0.9316,-0.7,0.0,0,1.0,29,0,1,0.035,0.0,0.014
71.085,1180,18.0,0.5009,0.7122,0.0,-0.7068,0.8788,0.0,0.0,0,1.0,30,1,1,0.0,0.0,0.0
71.15,1181,18.0,0.4585,0.7468,0.0115,-0.6511,0.884,0.0,0.0,0,1.0,29,1,1,0.0,0.0,0.0
71.202,1182,18.0,0.4585,0.746,0.0113,-0.6516,0.8834,-0.0961,0.0,0,1.0,29,1,1,0.0048,0.0,0.0019
71.269,1183,18.0,0.4998,0.7119,0.0,-0.7065,0.8778,-0.1967,0.0,0,1.0,32,1,1,0.0098,0.0,0.0039
71.337,1184,18.0,0.5077,0.7127,0.0,-0.7095,0.883,-0.1967,0.0,0,1.0,32,1,1,0.0098,0.0,0.0039
71.393,1185,18.0,0.483,0.7303,0.0,-0.6944,0.884,-0.0835,0.0,0,1.0,30,1,1,0.0042,0.0,0.0017
71.455,1186,18.0,0.4863,0.73,0.0,-0.6959,0.8855,-0.0835,0.0,0,1.0,30,1,1,0.0042,0.0,0.0017
71.515,1187,18.0,0.4862,0.7218,0.0,-0.6981,0.8786,-0.1129,0.0,0,1.0,29,1,1,0.0056,0.0,0.0023
71.579,1188,18.0,0.4857,0.7246,0.0,-0.6971,0.8807,-0.1129,0.0,0,1.0,30,1,1,0.0056,0.0,0.0023
71.634,1189,18.0,0.2823,1.0,0.0,-0.5449,0.9981,-0.1129,0.0,0,1.0,28,1,1,0.0056,0.0,0.0023
71.685,1190,18.0,0.3122,1.0,0.0,-0.5598,1.0,-0.1129,0.0,0,1.0,29,1,1,0.0056,0.0,0.0023
71.75,1191,18.0,0.313,1.0,0.0,-0.5603,1.0,0.0,0.0,0,1.0,28,1,1,0.0,0.0,0.0
71.797,1192,18.0,0.3102,1.0,0.0,-0.5589,1.0,0.0,0.0,0,1.0,27,1,1,0.0,0.0,0.0
71.849,1193,18.0,0.3187,1.0,0.0,-0.563,1.0,0.0,0.0,0,1.0,27,1,1,0.0,0.0,0.0
71.901,1194,18.0,0.3015,1.0,0.0,-0.5546,1.0,0.0,0.0,0,1.0,30,1,1,0.0,0.0,0.0
71.951,1195,18.0,0.3394,1.0,0.0,-0.5728,1.0,0.0,0.0,0,1.0,29,1,1,0.0,0.0,0.0
72.011,1196,18.0,0.2914,1.0,0.0,-0.5496,1.0,0.0,0.0,0,1.0,25,1,1,0.0,0.0,0.0
72.073,1197,18.0,0.3154,1.0,0.0,-0.5614,1.0,0.0,0.0,0,1.0,26,1,1,0.0,0.0,0.0
72.139,1198,18.0,0.1563,1.0,0.0176,-0.3862,0.9275,0.0,0.0,0,1.0,29,1,1,0.0,0.0,0.0
72.192,1199,18.0,0.2668,1.0,0.0,-0.5369,0.9894,0.0,0.0,0,1.0,24,1,1,0.0,0.0,0.0
72.244,1200,18.0,0.2817,1.0,0.0,-0.5446,0.9978,0.0,0.0,0,1.0,25,1,1,0.0,0.0,0.0
72.301,1201,17.2,0.5047,0.696,0.0,-0.7131,0.8672,0.0,0.0,0,1.0,26,1,1,0.0,0.0,0.0
72.361,1202,17.2,0.3651,1.0,0.0,-0.5846,1.0,0.0,0.0,0,1.0,25,1,1,0.0,0.0,0.0
72.417,1203,17.2,0.3629,1.0,0.0,-0.5837,1.0,-0.7,0.0,0,1.0,29,1,1,0.035,0.0,0.014
72.471,1204,17.2,0.347,1.0,0.0,-0.5764,1.0,-0.7,0.0,0,1.0,22,1,1,0.035,0.0,0.014
72.528,1205,17.2,0.5608,0.6459,0.0,-0.7504,0.8566,-0.7,0.0,0,1.0,22,1,1,0.035,0.0,0.014
72.585,1206,17.2,0.5687,0.6469,0.0,-0.753,0.8619,0.0045,0.0,0,1.0,21,1,1,0.0002,0.0,0.0001
72.639,1207,17.2,0.3477,1.0,0.0,-0.5767,1.0,0.0045,0.0,0,1.0,24,1,1,0.0002,0.0,0.0001
72.688,1208,17.2,0.351,1.0,0.0,-0.5783,1.0,0.0045,0.0,0,1.0,22,1,1,0.0002,0.0,0.0001
72.743,1209,17.2,0.3429,1.0,0.0,-0.5745,1.0,-0.7,0.0,0,1.0,22,1,1,0.035,0.0,0.014
72.803,1210,17.2,0.3473,1.0,0.0,-0.5766,1.0,-0.7,0.0,0,1.0,25,1,1,0.035,0.0,0.014
72.856,1211,17.2,0.5717,0.6407,0.0,-0.7561,0.8583,0.0,0.0,0,1.0,25,1,1,0.0,0.0,0.0
72.906,1212,17.2,0.5717,0.6408,0.0,-0.7561,0.8585,0.0915,0.0,0,1.0,23,1,1,0.0046,0.0,0.0018
72.963,1213,17.2,0.3473,1.0,0.0,-0.5765,1.0,0.0915,0.0,0,1.0,26,1,1,0.0046,0.0,0.0018
73.021,1214,17.2,0.5717,0.6406,0.0,-0.7561,0.8582,0.0915,0.0,0,1.0,26,1,1,0.0046,0.0,0.0018
73.078,1215,17.2,0.5718,0.6406,0.0,-0.7562,0.8584,0.0915,0.0,0,1.0,27,1,1,0.0046,0.0,0.0018
73.139,1216,17.2,0.5719,0.6408,0.0,-0.7561,0.8586,0.0915,0.0,0,1.0,25,1,1,0.0046,0.0,0.0018
73.196,1217,17.2,0.5471,0.8535,0.0,-0.6881,1.0,0.0915,0.0,0,1.0,26,1,1,0.0046,0.0,0.0018
73.255,1218,17.2,0.3058,1.0,0.0012,-0.5531,1.0,0.0915,0.0,0,1.0,25,1,1,0.0046,0.0,0.0018
73.31,1219,17.2,0.3638,0.8455,0.0059,-0.5959,0.9139,0.0,0.0,0,1.0,21,1,1,0.0,0.0,0.0
73.368,1220,17.2,0.3008,1.0,0.0,-0.5542,1.0,0.0,0.0,0,1.0,24,1,1,0.0,0.0,0.0
73.433,1221,17.2,0.275,1.0,0.0,-0.5412,0.994,-0.7,0.0,0,1.0,31,1,1,0.035,0.0,0.014
73.497,1222,17.2,0.1545,1.0,0.0188,-0.3792,0.9265,0.0,0.0,0,1.0,32,1,1,0.0,0.0,0.0
73.562,1223,17.2,0.2814,1.0,0.0,-0.5445,0.9976,0.0,0.0,0,1.0,25,1,1,0.0,0.0,0.0
73.615,1224,17.2,0.4265,0.7797,0.0,-0.3245,0.8938,0.0,0.0,0,1.0,25,1,1,0.0,0.0,0.0
73.664,1225,17.2,0.4265,0.7797,0.0,-0.657,0.8938,0.0,0.0,0,1.0,20,1,1,0.0,0.0,0.0
73.717,1226,17.2,0.2287,1.0,0.0183,-0.4484,0.9681,-0.7,0.0,0,1.0,23,1,1,0.035,0.0,0.014
73.773,1227,17.2,0.2974,0.9056,0.0032,-0.5573,0.9272,0.0,0.0,0,1.0,22,1,1,0.0,0.0,0.0
73.827,1228,17.2,0.1985,1.0,0.0005,-0.4968,0.9512,0.0,0.0,0,1.0,25,1,1,0.0,0.0,0.0
73.892,1229,17.2,0.1948,1.0,0.0,-0.497,0.9491,0.0,0.0,0,1.0,25,1,1,0.0,0.0,0.0
73.939,1230,17.2,0.1976,1.0,0.0,-0.4986,0.9506,0.0,0.0,0,1.0,24,1,1,0.0,0.0,0.0
73.993,1231,17.7,0.1978,1.0,0.0,-0.4987,0.9508,0.0,0.0,0,1.0,26,1,1,0.0,0.0,0.0
74.05,1232,17.7,0.2,1.0,0.0,-0.5,0.952,0.0,0.0,0,1.0,25,1,1,0.0,0.0,0.0
74.099,1233,17.7,0.1993,1.0,0.0,-0.4996,0.9516,0.0,0.0,0,1.0,25,1,1,0.0,0.0,0.0
74.15,1234,17.7,0.258,1.0,0.0,-0.5323,0.9845,0.0,0.0,0,1.0,25,1,1,0.0,0.0,0.0
74.203,1235,17.7,0.195,1.0,0.0,-0.4971,0.9492,0.0,0.0,0,1.0,24,1,1,0.0,0.0,0.0
74.258,1236,17.7,0.2963,0.9137,0.0,-0.5657,0.9334,0.0,0.0,0,1.0,26,1,1,0.0,0.0,0.0
74.311,1237,17.7,0.3066,0.9035,0.0,-0.5728,0.9307,0.0,0.0,0,1.0,26,1,1,0.0,0.0,0.0
74.366,1238,17.7,0.2957,0.9143,0.0,-0.5653,0.9335,0.0,0.0,0,1.0,24,1,1,0.0,0.0,0.0
74.428,1239,17.7,0.295,0.9151,0.0,-0.5648,0.9339,0.0,0.0,0,1.0,30,1,1,0.0,0.0,0.0
74.485,1240,17.7,0.2948,0.9121,0.0,-0.5652,0.9313,0.0,0.0,0,1.0,23,1,1,0.0,0.0,0.0
74.545,1241,17.7,0.2949,0.9108,0.0,-0.5655,0.9302,0.0,0.0,0,1.0,26,1,1,0.0,0.0,0.0
74.604,1242,17.7,0.2947,0.9094,0.0,-0.5656,0.9289,0.0,0.0,0,1.0,27,1,1,0.0,0.0,0.0
74.659,1243,17.7,0.2944,0.909,0.0,-0.5655,0.9284,0.0,0.0,0,1.0,26,1,1,0.0,0.0,0.0
74.709,1244,17.7,0.3047,0.8981,0.0,-0.5728,0.925,0.0,0.0,0,1.0,24,1,1,0.0,0.0,0.0
74.761,1245,17.7,0.2944,0.9094,0.0,-0.5654,0.9288,0.0,0.0,0,1.0,24,1,1,0.0,0.0,0.0
74.816,1246,17.7,0.25,0.9615,0.0,-0.5333,0.9476,0.0,0.0,0,1.0,19,1,1,0.0,0.0,0.0
74.865,1247,17.7,0.2403,0.9721,0.0,-0.5265,0.9511,0.0,0.0,0,1.0,34,1,1,0.0,0.0,0.0
74.92,1248,17.7,0.2317,0.9506,0.0,-0.5246,0.9282,0.0,0.0,0,1.0,41,1,1,0.0,0.0,0.0
74.978,1249,17.7,0.6003,0.4983,0.2491,-0.3677,0.7547,0.0,0.0,0,1.0,36,1,1,0.0,0.0,0.0
75.037,1250,17.7,0.1322,0.6092,0.4907,0.4515,0.7865,-0.2491,0.0,0,1.0,34,1,1,0.0125,0.0,0.005
75.098,1251,17.7,0.0874,0.645,0.467,0.5123,0.8033,0.0045,0.0,0,1.0,26,1,1,0.0002,0.0,0.0001
75.154,1252,17.7,0.0823,0.6637,0.6517,0.6214,0.9224,0.0045,0.0,0,1.0,19,1,1,0.0002,0.0,0.0001
75.215,1253,17.7,0.1203,0.6527,0.627,0.5482,0.8994,-0.1129,0.0,0,1.0,14,1,1,0.0056,0.0,0.0023
75.273,1254,17.7,0.0958,0.6873,0.6169,0.7798,0.9228,-0.158,0.0,0,1.0,11,1,1,0.0079,0.0,0.0032
75.336,1255,17.7,0.2191,0.7708,0.2644,0.064,0.7956,-0.2068,0.0,0,1.0,9,1,1,0.0103,0.0,0.0041
75.406,1256,17.7,0.1366,0.7163,0.5488,0.4635,0.909,-0.2068,0.0,0,1.0,14,1,1,0.0103,0.0,0.0041
75.466,1257,17.7,0.1399,0.6631,0.5923,0.4948,0.8887,-0.7,0.0,0,1.0,8,1,1,0.035,0.0,0.014
75.528,1258,17.7,0.2923,0.919,0.0,-0.5627,0.9356,0.0045,0.0,0,1.0,12,1,1,0.0002,0.0,0.0001
75.6,1259,17.7,0.0874,0.7148,0.5973,0.5741,0.9349,0.0,0.0,0,1.0,13,1,1,0.0,0.0,0.0
75.652,1260,17.7,0.0541,0.7332,0.6116,0.6362,0.9584,0.0,0.0,0,1.0,8,1,1,0.0,0.0,0.0
75.714,1261,17.5,0.1203,0.6519,0.6239,0.5467,0.897,0.0915,0.0,0,1.0,15,1,1,0.0046,0.0,0.0018
75.769,1262,17.5,0.0551,0.4553,0.8969,0.8208,0.8847,0.0915,0.0,0,1.0,14,1,1,0.0046,0.0,0.0018
75.83,1263,17.5,0.046,0.4297,0.7858,0.8127,0.801,-0.2564,0.0,0,1.0,16,1,1,0.0128,0.0,0.0051
75.887,1264,17.5,0.1233,0.6014,0.5055,0.4798,0.7883,-0.2564,0.0,0,1.0,29,1,1,0.0128,0.0,0.0051
75.95,1265,17.5,0.6003,0.4902,0.2885,-0.3162,0.7479,-0.158,0.0,0,1.0,32,1,1,0.0079,0.0,0.0032
76.006,1266,17.5,0.1099,0.6304,0.4956,0.4915,0.8071,-0.1716,0.0,0,1.0,36,1,1,0.0086,0.0,0.0034
76.065,1267,17.5,0.3328,0.8726,0.0,-0.5919,0.9193,0.0045,0.0,0,1.0,50,1,1,0.0002,0.0,0.0001
76.114,1268,17.5,0.25,0.9615,0.0,-0.8953,0.9476,0.0045,0.0,0,1.0,19,1,1,0.0002,0.0,0.0001
76.164,1269,17.5,0.25,0.9615,0.0,-0.5333,0.9476,0.0,0.0,0,1.0,19,1,1,0.0,0.0,0.0
76.224,1270,17.5,0.2209,1.0,0.0194,-0.4384,0.9637,0.0,0.0,0,1.0,33,2,1,0.0,0.0,0.0
76.279,1271,17.5,0.4015,0.9364,0.0,-0.6121,1.0,0.0,0.0,1,1.0,27,2,1,0.0,1.0,0.0
76.333,1272,17.5,0.2996,1.0,0.0122,-0.5157,1.0,-0.7,0.0,1,1.0,26,2,1,0.035,0.8,0.014
76.384,1273,17.5,0.2849,1.0,0.0,-0.5463,0.9996,0.0,0.0,1,1.0,19,2,1,0.0,0.8,0.0
76.435,1274,17.5,0.2701,1.0,0.0,-0.5386,0.9913,0.0,0.0,1,1.0,17,2,1,0.0,0.8,0.0
76.494,1275,17.5,0.531,0.761,0.0,-0.7052,0.9366,0.0,0.0,1,1.0,19,2,1,0.0,0.8,0.0
76.551,1276,17.5,0.11,0.9107,0.4284,0.3975,1.0,0.0915,0.0,1,1.0,24,2,1,0.0046,0.8,0.0018
76.615,1277,17.5,0.3633,1.0,0.0,-0.5838,1.0,0.0915,0.0,1,1.0,17,2,1,0.0046,0.8,0.0018
76.665,1278,17.5,0.3892,0.8161,0.0,-0.6312,0.9035,-0.7,0.0,1,1.0,15,2,1,0.035,0.8,0.014
76.714,1279,17.5,0.7924,0.3767,0.0,-0.9294,0.7601,-0.7,0.0,1,1.0,16,2,1,0.035,0.8,0.014
76.765,1280,17.5,0.3097,0.9083,0.0009,-0.5706,0.9364,-0.7,0.0,1,1.0,34,2,1,0.035,0.8,0.014
76.819,1281,17.5,0.1598,0.7949,0.3747,0.2804,0.8775,0.0,0.0,1,1.0,19,2,1,0.0,0.8,0.0
76.871,1282,17.5,0.2812,1.0,0.0,-0.5444,0.9975,-0.2773,0.0,1,1.0,26,2,1,0.0139,0.8,0.0055
76.921,1283,17.5,0.3565,0.8419,0.0,-0.6099,0.9068,-0.2773,0.0,0,1.0,24,2,1,0.0139,0.8,0.0055
76.972,1284,17.5,0.358,0.8515,0.0,-0.6086,0.9157,-0.7,0.0,0,1.0,23,2,1,0.035,0.0,0.014
77.027,1285,17.5,0.4265,0.7795,0.0,-0.6571,0.8936,-0.7,0.0,0,1.0,22,2,1,0.035,0.0,0.014
77.087,1286,17.5,0.2247,0.719,0.4627,0.2668,0.8631,-0.7,0.0,0,1.0,22,2,1,0.035,0.0,0.014
77.14,1287,17.5,0.133,0.8239,0.4711,0.4003,0.9559,0.0915,0.0,0,1.0,24,2,1,0.0046,0.0,0.0018
77.192,1288,17.5,0.1249,0.8512,0.4806,0.4165,0.9842,0.0915,0.0,0,1.0,19,2,1,0.0046,0.0,0.0018
77.246,1289,17.5,0.141,1.0,0.2651,0.1842,0.9884,-0.1129,0.0,0,1.0,20,2,1,0.0056,0.0,0.0023
77.301,1290,17.5,0.1324,1.0,0.2661,0.2011,0.989,0.0,0.0,0,1.0,20,2,1,0.0,0.0,0.0
77.36,1291,18.2,0.2288,0.6945,0.4842,0.2814,0.8545,0.0,0.0,0,1.0,18,2,1,0.0,0.0,0.0
77.414,1292,18.2,0.1166,1.0,0.267,0.2324,0.9895,0.0,0.0,0,1.0,19,2,1,0.0,0.0,0.0
77.473,1293,18.2,0.11,0.8118,0.5026,0.4622,0.9633,-0.0961,0.0,0,1.0,18,2,1,0.0048,0.0,0.0019
77.528,1294,18.2,0.2288,0.7172,0.464,0.2624,0.8623,-0.0961,0.0,0,1.0,20,2,1,0.0048,0.0,0.0019
77.588,1295,18.2,0.2106,0.7605,0.4389,0.2626,0.8846,-0.0961,0.0,0,1.0,18,2,1,0.0048,0.0,0.0019
77.641,1296,18.2,0.2287,0.7342,0.4473,0.2466,0.8672,-0.0961,0.0,0,1.0,21,2,1,0.0048,0.0,0.0019
77.693,1297,18.2,0.2106,0.7357,0.4663,0.2879,0.8791,-0.0961,0.0,0,1.0,20,2,1,0.0048,0.0,0.0019
77.754,1298,18.2,0.2107,0.7232,0.4798,0.3002,0.8762,-0.0961,0.0,0,1.0,19,2,1,0.0048,0.0,0.0019
77.813,1299,18.2,0.2106,0.724,0.4794,0.2999,0.8766,-0.0737,0.0,0,1.0,22,2,1,0.0037,0.0,0.0015
77.868,1300,18.2,0.4116,0.7945,0.0,-0.6467,0.8979,-0.1363,0.0,0,1.0,23,2,1,0.0068,0.0,0.0027
77.921,1301,18.2,0.2106,0.9941,0.0366,-0.3711,0.953,-0.1363,0.0,0,1.0,27,2,1,0.0068,0.0,0.0027
77.974,1302,18.2,0.5154,0.7706,0.02,-0.6517,0.9359,-0.7,0.0,0,1.0,31,2,1,0.035,0.0,0.014
78.028,1303,18.2,0.1478,1.0,0.0323,-0.3132,0.9228,-0.0835,0.0,0,1.0,33,2,1,0.0042,0.0,0.0017
78.089,1304,18.2,0.5127,0.8572,0.0128,-0.6462,1.0,0.0,0.0,0,1.0,32,2,1,0.0,0.0,0.0
78.145,1305,18.2,0.2675,0.9431,0.0,-0.5456,0.942,-0.0835,0.0,0,1.0,29,2,1,0.0042,0.0,0.0017
78.208,1306,18.2,0.3873,0.8154,0.0,-0.6305,0.9018,-0.0835,0.0,0,1.0,27,2,1,0.0042,0.0,0.0017
78.272,1307,18.2,0.4294,0.7762,0.0,-0.6592,0.8925,0.0,0.0,0,1.0,28,2,1,0.0,0.0,0.0
78.324,1308,18.2,0.3335,0.9541,0.0,-0.5776,0.9882,-0.7,0.0,0,1.0,28,2,1,0.035,0.0,0.014
78.374,1309,18.2,0.4295,0.7762,0.0,-0.6592,0.8925,0.0,0.0,0,1.0,27,2,1,0.0,0.0,0.0
78.425,1310,18.2,0.225,0.9794,0.0164,-0.4544,0.9487,0.0,0.0,0,1.0,30,2,1,0.0,0.0,0.0
78.489,1311,18.2,0.1931,1.0,0.0139,-0.4362,0.9481,0.0,0.0,0,1.0,23,2,1,0.0,0.0,0.0
78.549,1312,18.2,0.2976,0.9039,0.0084,-0.5411,0.926,0.0,0.0,0,1.0,21,2,1,0.0,0.0,0.0
78.608,1313,18.2,0.2977,0.8953,0.0168,-0.5167,0.9188,0.0,0.0,0,1.0,18,2,1,0.0,0.0,0.0
78.656,1314,18.2,0.605,0.8761,0.0058,-0.6918,1.0,0.0,0.0,0,1.0,21,2,1,0.0,0.0,0.0
78.706,1315,18.2,0.6302,0.8576,0.012,-0.6928,1.0,0.0045,0.0,0,1.0,21,2,1,0.0002,0.0,0.0001
78.755,1316,18.2,0.3904,0.7558,0.0209,-0.5894,0.8535,0.0045,0.0,0,1.0,21,2,1,0.0002,0.0,0.0001
78.805,1317,18.2,0.5347,1.0,0.0055,-0.6412,1.0,-0.0737,0.0,0,1.0,24,2,1,0.0037,0.0,0.0015
78.858,1318,18.2,0.2751,1.0,0.2695,-0.0067,0.9941,0.0915,0.0,0,1.0,20,2,1,0.0046,0.0,0.0018
78.907,1319,18.2,0.2206,0.6956,0.4933,0.3001,0.8606,0.0915,0.0,0,1.0,16,2,1,0.0046,0.0,0.0018
78.957,1320,18.2,0.4837,0.8119,0.2796,-0.2051,0.9529,-0.1235,0.0,0,1.0,21,2,1,0.0062,0.0,0.0025
79.009,1321,18.1,0.1766,0.697,0.5158,0.3814,0.8744,-0.1235,0.0,0,1.0,19,2,1,0.0062,0.0,0.0025
79.06,1322,18.1,0.1581,1.0,0.2915,0.1842,1.0,-0.1876,0.0,0,1.0,20,2,1,0.0094,0.0,0.0038
79.118,1323,18.1,0.1884,0.6643,0.5423,0.3875,0.8617,-0.2303,0.0,0,1.0,20,2,1,0.0115,0.0,0.0046
79.175,1324,18.1,0.1888,0.6705,0.5481,0.39,0.8702,-0.2303,0.0,0,1.0,18,2,1,0.0115,0.0,0.0046
79.238,1325,18.1,0.2129,1.0,0.3063,0.1164,1.0,-0.1129,0.0,0,1.0,16,2,1,0.0056,0.0,0.0023
79.293,1326,18.1,0.1449,0.6588,0.5684,0.473,0.8717,-0.2303,0.0,0,1.0,17,2,1,0.0115,0.0,0.0046
79.35,1327,18.1,0.1479,0.6619,0.5514,0.4568,0.8648,-0.2303,0.0,0,1.0,20,2,1,0.0115,0.0,0.0046
79.398,1328,18.1,0.1478,0.6567,0.5503,0.4571,0.8598,0.0045,0.0,0,1.0,20,2,1,0.0002,0.0,0.0001
79.455,1329,18.1,0.2205,1.0,0.1605,-0.0931,0.9635,-0.0835,0.0,0,1.0,21,2,1,0.0042,0.0,0.0017
79.515,1330,18.1,0.2184,1.0,0.1612,-0.089,0.9623,0.0,0.0,0,1.0,22,2,1,0.0,0.0,0.0
79.571,1331,18.1,0.1847,0.9007,0.2981,0.1534,0.9236,0.0,0.0,0,1.0,20,2,1,0.0,0.0,0.0
79.633,1332,18.1,0.225,0.6211,0.543,0.3414,0.8258,0.0,0.0,0,1.0,20,2,1,0.0,0.0,0.0
79.681,1333,18.1,0.2287,0.6183,0.5565,0.3465,0.831,-0.2471,0.0,0,1.0,19,2,1,0.0124,0.0,0.0049
79.731,1334,18.1,0.2247,0.6252,0.5543,0.3494,0.8356,-0.2471,0.0,0,1.0,20,2,1,0.0124,0.0,0.0049
79.78,1335,18.1,0.2246,0.63,0.55,0.3458,0.8372,-0.2122,0.0,0,1.0,18,2,1,0.0106,0.0,0.0042
79.84,1336,18.1,0.2288,0.6319,0.5446,0.3359,0.8358,-0.1235,0.0,0,1.0,21,2,1,0.0062,0.0,0.0025
79.89,1337,18.1,0.2287,0.6362,0.5415,0.333,0.8376,-0.1235,0.0,0,1.0,20,2,1,0.0062,0.0,0.0025
79.943,1338,18.1,0.1478,0.7129,0.5545,0.4499,0.9093,-0.2303,0.0,0,1.0,23,2,1,0.0115,0.0,0.0046
79.995,1339,18.1,0.2107,0.7263,0.4722,0.2937,0.8745,-0.2303,0.0,0,1.0,18,2,1,0.0115,0.0,0.0046
80.052,1340,18.1,0.2162,1.0,0.2506,0.0463,0.9803,-0.0835,0.0,0,1.0,20,2,1,0.0042,0.0,0.0017
80.114,1341,18.1,0.5767,0.7044,0.2653,-0.3023,0.9146,0.0,0.0,0,1.0,26,2,1,0.0,0.0,0.0
80.17,1342,18.1,0.1017,0.8554,0.4983,0.4668,0.9976,0.0,0.0,0,1.0,26,2,1,0.0,0.0,0.0
80.239,1343,18.1,0.406,0.7977,0.0,-0.6433,0.8975,-0.2303,0.0,0,1.0,25,2,1,0.0115,0.0,0.0046
80.298,1344,18.1,0.4072,0.7927,0.0,-0.6451,0.8939,-0.7,0.0,0,1.0,28,2,1,0.035,0.0,0.014
80.353,1345,18.1,0.3374,0.8579,0.0,-0.5971,0.9096,-0.7,0.0,0,1.0,28,2,1,0.035,0.0,0.014
80.413,1346,18.1,0.2714,1.0,0.0,-0.5393,0.992,0.0,0.0,0,1.0,30,2,1,0.0,0.0,0.0
80.47,1347,18.1,0.3056,1.0,0.0,-0.5566,1.0,0.0,0.0,0,1.0,28,2,1,0.0,0.0,0.0
80.532,1348,18.1,0.3878,0.8169,0.0,-0.6304,0.9033,0.0,0.0,0,1.0,23,2,1,0.0,0.0,0.0
80.586,1349,18.1,0.3836,0.8204,0.0,-0.6276,0.904,-0.7,0.0,0,1.0,23,2,1,0.035,0.0,0.014
80.651,1350,18.1,0.3971,0.8095,0.0,-0.6364,0.9024,-0.7,0.0,0,1.0,22,2,1,0.035,0.0,0.014
80.713,1351,17.7,0.4294,0.7759,0.0,-0.6593,0.8922,-0.4651,0.0,0,1.0,22,2,1,0.0233,0.0,0.0093
80.761,1352,17.7,0.5765,0.8942,0.0,-0.6893,1.0,-0.7,0.0,0,1.0,23,2,1,0.035,0.0,0.014
80.814,1353,17.7,0.2338,0.9698,0.0102,-0.4846,0.9456,-0.7,0.0,0,1.0,23,2,1,0.035,0.0,0.014
80.864,1354,17.7,0.1882,1.0,0.0123,-0.4389,0.9454,0.0915,0.0,0,1.0,19,2,1,0.0046,0.0,0.0018
80.914,1355,17.7,0.2976,0.8764,0.0329,-0.4725,0.9028,0.0,0.0,0,1.0,21,2,1,0.0,0.0,0.0
80.964,1356,17.7,0.4911,0.6839,0.0,-0.7111,0.8494,0.0,0.0,0,1.0,21,2,1,0.0,0.0,0.0
81.015,1357,17.7,0.2563,0.857,0.0544,-0.3792,0.8634,0.0,0.0,0,1.0,23,2,1,0.0,0.0,0.0
81.067,1358,17.7,0.4233,0.7191,0.0,-0.6712,0.8411,-0.1129,0.0,0,1.0,23,2,1,0.0056,0.0,0.0023
81.116,1359,17.7,0.3397,0.9954,0.0,-0.5737,1.0,-0.7,0.0,0,1.0,22,2,1,0.035,0.0,0.014
81.165,1360,17.7,0.7575,0.6678,0.0,-0.8064,0.9851,-0.7,0.0,0,1.0,19,3,1,0.035,0.0,0.014
81.219,1361,17.7,0.4596,1.0,0.148,-0.3474,1.0,-0.2471,0.0,0,1.0,21,3,1,0.0124,0.0,0.0049
81.279,1362,17.7,0.3012,0.5879,0.5038,0.2128,0.776,-0.2471,0.0,0,1.0,21,3,1,0.0124,0.0,0.0049
81.333,1363,17.7,0.3011,0.5785,0.512,0.2207,0.7726,-0.0961,0.0,0,1.0,19,3,1,0.0048,0.0,0.0019
81.382,1364,17.7,0.3061,0.5558,0.5278,0.2297,0.7625,-0.1198,0.0,0,1.0,17,3,1,0.006,0.0,0.0024
81.435,1365,17.7,0.3062,0.547,0.534,0.2356,0.7585,-0.1198,0.0,0,1.0,18,3,1,0.006,0.0,0.0024
81.497,1366,17.7,0.1792,0.7048,0.5455,0.3971,0.8975,-0.0835,0.0,0,1.0,18,3,1,0.0042,0.0,0.0017
81.553,1367,17.7,0.2643,0.576,0.5474,0.2969,0.7904,-0.1198,0.0,0,1.0,19,3,1,0.006,0.0,0.0024
81.608,1368,17.7,0.2247,0.6341,0.5454,0.3417,0.838,-0.1198,0.0,0,1.0,23,3,1,0.006,0.0,0.0024
81.66,1369,17.7,0.2248,0.7377,0.4442,0.2492,0.8684,-0.2303,0.0,0,1.0,22,3,1,0.0115,0.0,0.0046
81.718,1370,17.7,0.5345,0.7686,0.2597,-0.2723,0.945,0.0915,0.0,0,1.0,22,3,1,0.0046,0.0,0.0018
81.769,1371,17.7,0.1697,0.9574,0.2739,0.147,0.9576,0.0915,0.0,0,1.0,23,3,1,0.0046,0.0,0.0018
81.824,1372,17.7,0.2065,0.9334,0.2603,0.0737,0.9298,-0.1363,0.0,0,1.0,20,3,1,0.0068,0.0,0.0027
81.887,1373,17.7,0.1751,0.8029,0.4491,0.3193,0.9259,-0.4651,0.0,0,1.0,20,3,1,0.0233,0.0,0.0093
81.944,1374,17.7,0.1104,0.8776,0.4561,0.4207,0.9926,-0.1363,0.0,0,1.0,22,3,1,0.0068,0.0,0.0027
82.006,1375,17.7,0.1101,0.8863,0.4669,0.4274,1.0,-0.1363,0.0,0,1.0,21,3,1,0.0068,0.0,0.0027
82.06,1376,17.7,0.1467,0.83,0.4841,0.3865,0.9683,0.0045,0.0,0,1.0,23,3,1,0.0002,0.0,0.0001
82.125,1377,17.7,0.3875,0.9466,0.0,-0.604,1.0,-0.0961,0.0,0,1.0,20,3,1,0.0048,0.0,0.0019
82.189,1378,17.7,0.3589,1.0,0.011,-0.5519,1.0,-0.7,0.0,0,1.0,27,3,1,0.035,0.0,0.014
82.244,1379,17.7,0.3978,1.0,0.0087,-0.5769,1.0,-0.7,0.0,0,1.0,27,3,1,0.035,0.0,0.014
82.305,1380,17.7,0.5827,0.8338,0.0,-0.7056,1.0,-0.7,0.0,0,1.0,27,3,1,0.035,0.0,0.014
82.362,1381,18.1,0.6349,0.8023,0.0,-0.7311,1.0,0.0915,0.0,0,1.0,28,3,1,0.0046,0.0,0.0018
82.426,1382,18.1,0.6518,0.7668,0.0205,-0.7066,1.0,-0.0737,0.0,0,1.0,27,3,1,0.0037,0.0,0.0015
82.496,1383,18.1,0.7124,0.7359,0.0,-0.7732,1.0,-0.0737,0.0,0,1.0,27,3,1,0.0037,0.0,0.0015
82.559,1384,18.1,0.7488,0.7111,0.0,-0.7908,1.0,-0.0737,0.0,0,1.0,24,3,1,0.0037,0.0,0.0015
82.621,1385,18.1,0.5095,0.9503,0.0172,-0.6164,1.0,-0.2471,0.0,0,1.0,26,3,1,0.0124,0.0,0.0049
82.678,1386,18.1,0.2321,0.9681,0.0187,-0.4534,0.9432,-0.0835,0.0,0,1.0,24,3,1,0.0042,0.0,0.0017
82.738,1387,18.1,0.5779,0.8966,0.0,-0.6892,1.0,-0.0835,0.0,0,1.0,23,3,1,0.0042,0.0,0.0017
82.79,1388,18.1,0.3754,0.8129,0.0138,-0.587,0.893,0.0,0.0,0,1.0,21,3,1,0.0,0.0,0.0
82.843,1389,18.1,0.611,0.8082,0.0178,-0.6864,1.0,0.0,0.0,0,1.0,20,3,1,0.0,0.0,0.0
82.905,1390,18.1,0.6178,0.8763,0.0078,-0.6922,1.0,-0.1876,0.0,0,1.0,23,3,1,0.0094,0.0,0.0038
82.958,1391,18.1,0.7596,0.6765,0.0,-0.8043,0.9936,-0.1876,0.0,0,1.0,20,3,1,0.0094,0.0,0.0038
83.022,1392,18.1,0.5295,0.6427,0.0,-0.7394,0.8364,-0.1876,0.0,0,1.0,20,3,1,0.0094,0.0,0.0038
83.081,1393,18.1,0.2743,0.6329,0.4896,0.231,0.8058,0.0915,0.0,0,1.0,19,3,1,0.0046,0.0,0.0018
83.139,1394,18.1,0.3011,0.6034,0.4889,0.1988,0.7807,-0.2209,0.0,0,1.0,16,3,1,0.011,0.0,0.0044
83.195,1395,18.1,0.1591,0.7378,0.4877,0.2809,0.8928,-0.2209,0.0,0,1.0,21,3,1,0.011,0.0,0.0044
83.256,1396,18.1,0.2819,0.6089,0.5005,0.2326,0.7918,-0.1716,0.0,0,1.0,19,3,1,0.0086,0.0,0.0034
83.326,1397,18.1,0.259,0.6173,0.5142,0.0475,0.8065,-0.2564,0.0,0,1.0,21,3,1,0.0128,0.0,0.0051
83.387,1398,18.1,0.1847,0.7041,0.525,0.3749,0.8854,-0.1363,0.0,0,1.0,21,3,1,0.0068,0.0,0.0027
83.441,1399,18.1,0.1685,0.7143,0.5286,0.4003,0.896,-0.1363,0.0,0,1.0,25,3,1,0.0068,0.0,0.0027
83.538,1400,18.1,0.1124,1.0,0.2914,0.2667,1.0,-0.1363,0.0,0,1.0,27,3,1,0.0068,0.0,0.0027
83.593,1401,18.1,0.0975,1.0,0.2914,0.2968,1.0,-0.1363,0.0,0,1.0,27,3,1,0.0068,0.0,0.0027
83.672,1402,18.1,0.1178,1.0,0.2907,0.2554,1.0,0.0,0.0,0,1.0,22,3,1,0.0,0.0,0.0
83.742,1403,18.1,0.2248,0.6593,0.5213,0.3203,0.8457,0.0,0.0,0,1.0,20,3,1,0.0,0.0,0.0
83.806,1404,18.1,0.4265,0.7796,0.0,-0.657,0.8937,-0.1235,0.0,0,1.0,25,3,1,0.0062,0.0,0.0025
83.862,1405,18.1,0.2289,0.8024,0.3782,0.1775,0.8858,-0.7,0.0,0,1.0,20,3,1,0.035,0.0,0.014
83.919,1406,18.1,0.2287,0.8003,0.3793,0.179,0.8847,-0.7,0.0,0,1.0,25,3,1,0.035,0.0,0.014
83.983,1407,18.1,0.2246,0.7996,0.3845,0.1899,0.887,0.0915,0.0,0,1.0,23,3,1,0.0046,0.0,0.0018
84.045,1408,18.1,0.2287,0.7908,0.3896,0.1896,0.8825,-0.0835,0.0,0,1.0,25,3,1,0.0042,0.0,0.0017
84.117,1409,18.1,0.2105,0.8048,0.3933,0.2181,0.8962,-0.7,0.0,0,1.0,25,3,1,0.035,0.0,0.014
84.176,1410,18.1,0.2288,0.7887,0.3923,0.1923,0.8822,-0.7,0.0,0,1.0,24,3,1,0.035,0.0,0.014
84.237,1411,16.0,0.2075,0.8084,0.3923,0.2212,0.8987,-0.7,0.0,0,1.0,24,3,1,0.035,0.0,0.014
84.289,1412,16.0,0.223,0.7945,0.3923,0.1999,0.8871,-0.0961,0.0,0,1.0,24,3,1,0.0048,0.0,0.0019
