timestamp,frame,fps,left,center,right,x,magnitude,fw_bias,visual_bias,escape_active,dopamine,items,skip_focus,collected,reward_rate,escape_rate,orient_rate
4.133,1,0.0,0.3901,0.8063,0.0,-0.6339,0.8958,0.0,0.0,0,1.0,19,0,0,0.0,0.0,0.0
4.202,2,0.0,0.3952,0.8043,0.0056,-0.6216,0.8969,-0.7,0.0,0,1.0,18,0,0,0.035,0.0,0.014
4.253,3,0.0,0.3741,0.8244,0.0,-0.6222,0.902,-0.7,0.0,0,1.0,19,0,0,0.035,0.0,0.014
4.31,4,0.0,0.4133,0.7928,0.0,-0.6478,0.8974,-0.7,0.0,0,1.0,21,0,0,0.035,0.0,0.014
4.359,5,0.0,0.4207,0.7849,0.0,-0.6531,0.8949,0.0,0.0,0,1.0,22,0,0,0.0,0.0,0.0
4.409,6,0.0,0.4319,0.7577,0.0,-0.665,0.8784,-0.7,0.0,0,1.0,22,0,0,0.035,0.0,0.014
4.471,7,0.0,0.5336,0.6471,0.0,-0.7396,0.8424,-0.4651,0.0,0,1.0,11,0,0,0.0233,0.0,0.0093
4.528,8,0.0,0.4506,0.7274,0.0,-0.6813,0.8634,0.0915,0.0,0,1.0,21,0,0,0.0046,0.0,0.0018
4.589,9,0.0,0.4855,0.6947,0.0,-0.7055,0.8554,0.0915,0.0,0,1.0,24,0,0,0.0046,0.0,0.0018
4.646,10,0.0,0.2944,1.0,0.0,-0.551,1.0,-0.1129,0.0,0,1.0,26,0,0,0.0056,0.0,0.0023
4.711,11,0.0,0.6899,0.7591,0.0052,-0.7501,1.0,0.0,0.0,0,1.0,18,0,0,0.0,0.0,0.0
4.777,12,0.0,0.5752,0.8935,0.0,-0.689,1.0,-0.0737,0.0,0,1.0,25,0,0,0.0037,0.0,0.0015
4.833,13,0.0,0.3911,0.9918,0.0,-0.5975,1.0,0.0915,0.0,0,1.0,30,0,0,0.0046,0.0,0.0018
4.889,14,0.0,0.6809,0.7661,0.0,-0.7553,1.0,-0.7,0.0,0,1.0,25,0,0,0.035,0.0,0.014
4.943,15,0.0,0.5978,0.5128,0.0,-0.8121,0.7655,-0.7,0.0,0,1.0,34,0,0,0.035,0.0,0.014
4.995,16,0.0,0.2876,0.676,0.192,-0.1411,0.7289,-0.0737,0.0,0,1.0,28,0,0,0.0037,0.0,0.0015
5.056,17,0.0,0.2259,1.0,0.1087,-0.1998,0.9665,-0.2303,0.0,0,1.0,32,0,0,0.0115,0.0,0.0046
5.109,18,0.0,0.1604,0.6907,0.3594,0.276,0.7815,0.0,0.0,0,1.0,22,0,0,0.0,0.0,0.0
5.163,19,0.0,0.2476,0.7416,0.1296,-0.2013,0.7616,0.0,0.0,0,1.0,25,0,0,0.0,0.0,0.0
5.232,20,0.0,0.792,0.6263,0.0418,-0.7555,0.9696,-0.2303,0.0,0,1.0,31,0,0,0.0115,0.0,0.0046
5.284,21,0.0,0.5041,0.9584,0.0905,-0.4742,1.0,0.0,0.0,0,1.0,31,0,0,0.0,0.0,0.0
5.338,22,0.0,0.4655,0.9024,0.0851,-0.4687,1.0,-0.0835,0.0,0,1.0,32,0,0,0.0042,0.0,0.0017
5.398,23,0.0,0.4796,0.8605,0.1001,-0.457,0.9914,-0.1129,0.0,0,1.0,29,0,0,0.0056,0.0,0.0023
5.46,24,0.0,0.7702,0.5716,0.11,-0.6521,0.9115,-0.1129,0.0,0,1.0,31,0,0,0.0056,0.0,0.0023
5.525,25,0.0,0.7774,0.73,0.0734,-0.672,1.0,0.0045,0.0,0,1.0,34,0,0,0.0002,0.0,0.0001
5.576,26,0.0,0.9441,0.479,0.089,-0.773,0.931,-0.2471,0.0,0,1.0,34,0,0,0.0124,0.0,0.0049
5.644,27,0.0,1.0,0.3624,0.0,-0.9766,0.8644,-0.2722,0.0,0,1.0,28,0,0,0.0136,0.0,0.0054
5.715,28,0.0,1.0,0.3725,0.1278,-0.7667,0.8729,-0.1876,0.0,0,1.0,40,0,0,0.0094,0.0,0.0038
5.772,29,0.0,0.9485,0.4186,0.1521,-0.7009,0.8827,-0.1876,0.0,0,1.0,41,0,0,0.0094,0.0,0.0038
5.837,30,0.0,0.9605,0.3895,0.1656,-0.9646,0.8651,-0.2722,0.0,0,1.0,40,0,0,0.0136,0.0,0.0054
5.894,31,5.2,0.9799,0.5279,0.0089,-0.8913,0.9922,-0.2141,0.0,0,1.0,39,0,0,0.0107,0.0,0.0043
5.958,32,5.2,0.9653,0.5495,0.0054,-0.8863,1.0,-0.1876,0.0,0,1.0,41,0,0,0.0094,0.0,0.0038
6.009,33,5.2,1.0,0.4892,0.006,-0.9141,0.9709,-0.1876,0.0,0,1.0,38,0,0,0.0094,0.0,0.0038
6.066,34,5.2,0.9523,0.5091,0.0634,-0.8047,0.9609,-0.1876,0.0,0,1.0,42,0,0,0.0094,0.0,0.0038
6.12,35,5.2,0.9465,0.6952,0.0218,-0.8107,1.0,-0.2099,0.0,0,1.0,46,0,0,0.0105,0.0,0.0042
6.177,36,5.2,0.7459,0.5905,0.3403,-0.3376,0.9137,-0.1876,0.0,0,1.0,36,0,0,0.0094,0.0,0.0038
6.229,37,5.2,0.7477,0.5837,0.3467,-0.3326,0.9091,-0.1876,0.0,0,1.0,34,0,0,0.0094,0.0,0.0038
6.283,38,5.2,0.968,0.5825,0.0,-0.8844,1.0,-0.0835,0.0,0,1.0,34,0,0,0.0042,0.0,0.0017
6.334,39,5.2,0.8568,0.5666,0.196,-0.5687,0.9557,-0.1876,0.0,0,1.0,26,0,0,0.0094,0.0,0.0038
6.388,40,5.2,0.9231,0.5053,0.1879,-0.6203,0.9414,-0.1876,0.0,0,1.0,20,0,0,0.0094,0.0,0.0038
6.446,41,5.2,0.5901,0.618,0.0821,0.1742,0.8496,-0.2141,0.0,0,1.0,27,0,0,0.0107,0.0,0.0043
6.502,42,5.2,0.7905,0.705,0.0,-0.804,1.0,0.0915,0.0,0,1.0,22,0,0,0.0046,0.0,0.0018
6.554,43,5.2,0.8055,0.6868,0.0,-0.8134,1.0,-0.2122,0.0,0,1.0,28,0,0,0.0106,0.0,0.0042
6.613,44,5.2,0.8412,0.6494,0.0,-0.834,1.0,-0.2122,0.0,0,1.0,39,0,0,0.0106,0.0,0.0042
6.674,45,5.2,0.8361,0.666,0.0,-0.8276,1.0,-0.2156,0.0,0,1.0,34,0,0,0.0108,0.0,0.0043
6.733,46,5.2,0.8236,0.6733,0.0,-0.8222,1.0,-0.1876,0.0,0,1.0,35,0,0,0.0094,0.0,0.0038
6.794,47,5.2,0.7423,0.7548,0.0074,-0.7632,1.0,-0.1876,0.0,0,1.0,33,0,0,0.0094,0.0,0.0038
6.858,48,5.2,0.7801,0.7173,0.0017,-0.7945,1.0,-0.1876,0.0,0,1.0,30,0,0,0.0094,0.0,0.0038
6.918,49,5.2,0.9641,0.5537,0.0036,-0.5375,1.0,-0.2471,0.0,0,1.0,32,0,0,0.0124,0.0,0.0049
6.968,50,5.2,0.9785,0.5167,0.0,-0.9097,0.982,-0.1876,0.0,0,1.0,26,0,0,0.0094,0.0,0.0038
7.017,51,5.2,0.9908,0.5185,0.0,-0.9114,0.9904,-0.1876,0.0,0,1.0,23,0,0,0.0094,0.0,0.0038
7.08,52,5.2,1.0,0.4921,0.0,-0.9229,0.9734,-0.1876,0.0,0,1.0,28,0,0,0.0094,0.0,0.0038
7.133,53,5.2,1.0,0.4464,0.0,-0.9408,0.935,-0.1876,0.0,0,1.0,29,0,0,0.0094,0.0,0.0038
7.185,54,5.2,1.0,0.5066,0.0,-0.9175,0.9856,-0.1876,0.0,0,1.0,29,0,0,0.0094,0.0,0.0038
7.251,55,5.2,0.8506,0.5032,0.2637,-0.4944,0.899,-0.1876,0.0,0,1.0,29,0,0,0.0094,0.0,0.0038
7.301,56,5.2,1.0,0.4696,0.0,-0.9316,0.9544,-0.1876,0.0,0,1.0,32,0,0,0.0094,0.0,0.0038
7.352,57,5.2,1.0,0.4988,0.0,-0.9205,0.979,-0.1876,0.0,0,1.0,37,0,0,0.0094,0.0,0.0038
7.403,58,5.2,0.823,0.4526,0.3412,-0.3993,0.8411,-0.1876,0.0,0,1.0,30,0,0,0.0094,0.0,0.0038
7.466,59,5.2,1.0,0.5078,0.0,-0.9171,0.9865,-0.1876,0.0,0,1.0,26,0,0,0.0094,0.0,0.0038
7.519,60,5.2,1.0,0.4559,0.0,-0.937,0.9429,-0.1876,0.0,0,1.0,21,0,0,0.0094,0.0,0.0038
7.583,61,17.8,1.0,0.4909,0.0,-0.9234,0.9723,-0.1876,0.0,0,1.0,24,0,0,0.0094,0.0,0.0038
7.643,62,17.8,0.9846,0.3871,0.1459,-0.7313,0.8766,-0.1876,0.0,0,1.0,26,0,0,0.0094,0.0,0.0038
7.707,63,17.8,0.9801,0.3802,0.17,-0.6983,0.8682,-0.1876,0.0,0,1.0,21,0,0,0.0094,0.0,0.0038
7.771,64,17.8,1.0,0.4154,0.0,-0.9535,0.9089,-0.1898,0.0,0,1.0,27,0,0,0.0095,0.0,0.0038
7.84,65,17.8,0.9662,0.4581,0.1164,-0.7459,0.9259,-0.1876,0.0,0,1.0,27,0,0,0.0094,0.0,0.0038
7.893,66,17.8,1.0,0.4544,0.0,-0.9376,0.9417,-0.2564,0.0,0,1.0,22,0,0,0.0128,0.0,0.0051
7.94,67,17.8,1.0,0.499,0.0,-0.9204,0.9792,-0.2564,0.0,0,1.0,26,0,0,0.0128,0.0,0.0051
7.992,68,17.8,0.8947,0.484,0.247,-0.539,0.9076,-0.1876,0.0,0,1.0,35,0,0,0.0094,0.0,0.0038
8.047,69,17.8,0.7497,0.6105,0.3058,-0.3752,0.9327,-0.1876,0.0,0,1.0,30,0,0,0.0094,0.0,0.0038
8.102,70,17.8,1.0,0.4844,0.0,-0.9259,0.9669,-0.1668,0.0,0,1.0,28,0,0,0.0083,0.0,0.0033
8.149,71,17.8,0.8752,0.5331,0.1754,-0.611,0.9379,-0.1876,0.0,0,1.0,19,0,0,0.0094,0.0,0.0038
8.202,72,17.8,1.0,0.4469,0.0,-0.9406,0.9354,-0.1876,0.0,0,1.0,23,0,0,0.0094,0.0,0.0038
8.252,73,17.8,0.8599,0.5509,0.2033,-0.564,0.9443,-0.2627,0.0,0,1.0,24,0,0,0.0131,0.0,0.0053
8.303,74,17.8,0.8487,0.5244,0.2007,-0.5682,0.9157,-0.2089,0.0,0,1.0,28,0,0,0.0104,0.0,0.0042
8.353,75,17.8,0.8177,0.5034,0.2543,-0.4896,0.8807,-0.2089,0.0,0,1.0,34,0,0,0.0104,0.0,0.0042
8.414,76,17.8,1.0,0.35,0.1553,-0.7346,0.854,-0.2303,0.0,0,1.0,34,0,0,0.0115,0.0,0.0046
8.474,77,17.8,0.3842,0.7193,0.3011,-0.0934,0.8194,-0.3113,0.0,0,1.0,24,0,0,0.0156,0.0,0.0062
8.536,78,17.8,0.7718,0.4595,0.0,-0.8865,0.8182,-0.2303,0.0,0,1.0,27,0,0,0.0115,0.0,0.0046
8.585,79,17.8,0.9008,0.5644,0.0,-1.0,0.9785,-0.2303,0.0,0,1.0,29,0,0,0.0115,0.0,0.0046
8.652,80,17.8,0.7243,0.6312,0.1898,-0.5011,0.9358,-0.2471,0.0,0,1.0,24,0,0,0.0124,0.0,0.0049
8.716,81,17.8,0.7074,0.6604,0.2257,-0.4398,0.9508,-0.1876,0.0,0,1.0,23,0,0,0.0094,0.0,0.0038
8.77,82,17.8,0.2807,1.0,0.0,-0.5441,0.9972,-0.2122,0.0,0,1.0,23,0,0,0.0106,0.0,0.0042
8.83,83,17.8,0.3638,0.4742,0.4849,0.1283,0.6699,0.0,0.0,0,1.0,21,0,0,0.0,0.0,0.0
8.887,84,17.8,0.2929,1.0,0.0,-0.5503,1.0,0.0,0.0,0,1.0,21,0,0,0.0,0.0,0.0
8.941,85,17.8,0.5073,0.6687,0.0,-0.7223,0.8457,-0.1927,0.0,0,1.0,32,0,0,0.0096,0.0,0.0039
8.993,86,17.8,0.4773,0.6996,0.0,-0.7007,0.8549,-0.0835,0.0,0,1.0,30,0,0,0.0042,0.0,0.0017
9.05,87,17.8,0.3439,0.8514,0.0,-0.3466,0.9078,-0.1129,0.0,0,1.0,30,0,0,0.0056,0.0,0.0023
9.102,88,17.8,0.3269,0.9075,0.0,-0.5825,0.9454,-0.1129,0.0,0,1.0,44,0,0,0.0056,0.0,0.0023
9.16,89,17.8,0.444,0.8737,0.0,-0.643,0.9826,0.0,0.0,0,1.0,43,0,0,0.0,0.0,0.0
9.211,90,17.8,0.3375,0.5232,0.5338,0.43,0.7384,-0.1129,0.0,0,1.0,44,1,0,0.0056,0.0,0.0023
9.271,91,17.7,0.3399,0.4097,0.6457,0.2959,0.7057,-0.2664,0.0,0,1.0,49,1,0,0.0133,0.0,0.0053
9.33,92,17.7,0.5609,0.726,0.0,-0.7261,0.9239,-0.2664,0.0,0,1.0,45,1,0,0.0133,0.0,0.0053
9.388,93,17.7,0.4336,0.742,0.0,-0.6698,0.8662,-0.0894,0.0,0,1.0,53,1,0,0.0045,0.0,0.0018
9.447,94,17.7,0.2368,0.9299,0.0,-0.5305,0.9137,-0.4651,0.0,0,1.0,50,1,0,0.0233,0.0,0.0093
9.506,95,17.7,0.4478,0.7361,0.0,-0.6777,0.8691,0.0,0.0,0,1.0,48,1,0,0.0,0.0,0.0
9.563,96,17.7,0.1545,0.6746,0.5122,0.4171,0.8535,-0.1129,0.0,0,1.0,49,1,0,0.0056,0.0,0.0023
9.629,97,17.7,0.518,0.6634,0.0,-0.7283,0.8474,-0.0595,0.0,0,1.0,53,1,0,0.003,0.0,0.0012
9.694,98,17.7,0.3897,0.7858,0.0,-0.6385,0.8783,0.0915,0.0,0,1.0,55,1,0,0.0046,0.0,0.0018
9.763,99,17.7,0.2462,0.4394,0.5047,0.3063,0.6517,0.0915,0.0,0,1.0,58,1,0,0.0046,0.0,0.0018
9.865,101,17.7,0.4612,0.7267,0.0,-0.6861,0.8687,-0.0961,0.0,0,1.0,48,1,0,0.0048,0.0,0.0019
9.93,102,17.7,0.2637,0.8942,0.0,-0.5513,0.8989,-0.1967,0.0,0,1.0,52,1,0,0.0098,0.0,0.0039
10.007,103,17.7,0.5697,0.6071,0.0,-0.7667,0.829,0.0,0.0,0,1.0,49,1,0,0.0,0.0,0.0
10.073,104,17.7,0.5424,0.6351,0.0,-0.7469,0.8372,0.0,0.0,0,1.0,28,1,0,0.0,0.0,0.0
10.13,105,17.7,0.2249,0.7397,0.458,0.2605,0.8779,0.0045,0.0,0,1.0,28,1,0,0.0002,0.0,0.0001
10.194,106,17.7,0.1617,0.7708,0.4729,0.3626,0.9123,0.0915,0.0,0,1.0,24,1,0,0.0046,0.0,0.0018
10.26,107,17.7,0.2766,0.928,0.0099,-0.5195,0.9345,-0.1911,0.0,0,1.0,34,1,0,0.0096,0.0,0.0038
10.311,108,17.7,0.2803,0.9372,0.0069,-0.5304,0.9442,0.0,0.0,0,1.0,34,1,0,0.0,0.0,0.0
10.361,109,17.7,0.64,0.5514,0.0,-0.8112,0.8216,0.0,0.0,0,1.0,26,1,0,0.0,0.0,0.0
10.411,110,17.7,0.2738,0.9463,0.014,-0.5016,0.9482,0.0,0.0,0,1.0,35,1,0,0.0,0.0,0.0
10.465,111,17.7,0.242,0.9778,0.0063,-0.5033,0.9569,-0.0737,0.0,0,1.0,36,1,0,0.0037,0.0,0.0015
10.527,112,17.7,0.2781,0.9394,0.0,-0.5519,0.9448,0.0,0.0,0,1.0,36,1,0,0.0,0.0,0.0
10.577,113,17.7,0.3324,0.9285,0.0,-0.5814,0.966,0.0,0.0,0,1.0,31,1,0,0.0,0.0,0.0
10.644,114,17.7,0.1533,1.0,0.0067,-0.4362,0.9258,0.0,0.0,0,1.0,34,1,0,0.0,0.0,0.0
10.71,115,17.7,0.278,0.9108,0.0144,-0.5087,0.9207,0.0,0.0,0,1.0,32,1,0,0.0,0.0,0.0
10.761,116,17.7,0.4726,0.8947,0.002,-0.6457,1.0,0.0,0.0,0,1.0,36,1,0,0.0,0.0,0.0
10.815,117,17.7,0.2726,0.9085,0.028,-0.4629,0.9158,-0.1129,0.0,0,1.0,39,1,0,0.0056,0.0,0.0023
10.87,118,17.7,0.2437,0.9317,0.0155,-0.4779,0.9191,0.0,0.0,0,1.0,43,1,0,0.0,0.0,0.0
10.927,119,17.7,0.2781,0.8886,0.0126,-0.5179,0.9021,0.0,0.0,0,1.0,31,1,0,0.0,0.0,0.0
10.976,120,17.7,0.6135,0.7765,0.0,-0.7307,0.9959,0.0,0.0,0,1.0,23,1,0,0.0,0.0,0.0
11.028,121,17.0,0.4346,0.8188,0.0022,-0.6455,0.9312,-0.1363,0.0,0,1.0,33,1,0,0.0068,0.0,0.0027
11.089,122,17.0,0.4387,0.8277,0.0,-0.651,0.9409,-0.4651,0.0,0,1.0,27,1,0,0.0233,0.0,0.0093
11.146,123,17.0,0.4256,0.751,0.0,-0.6639,0.8692,-0.4651,0.0,0,1.0,41,1,0,0.0233,0.0,0.0093
11.201,124,17.0,0.7325,0.4714,0.0,-0.8711,0.8061,-0.4651,0.0,0,1.0,42,1,0,0.0233,0.0,0.0093
11.253,125,17.0,0.7725,0.4497,0.0,-0.6328,0.8104,-0.7,0.0,0,1.0,39,1,0,0.035,0.0,0.014
11.311,126,17.0,1.0,0.4017,0.0,-0.9593,0.8974,-0.2471,0.0,0,1.0,39,1,0,0.0124,0.0,0.0049
11.368,127,17.0,0.9853,0.4532,0.0,-0.9353,0.9325,-0.1876,0.0,0,1.0,24,1,0,0.0094,0.0,0.0038
11.421,128,17.0,0.2255,0.7306,0.2781,0.0734,0.7695,-0.1876,0.0,0,1.0,22,1,0,0.0094,0.0,0.0038
11.48,129,17.0,0.1693,0.8257,0.1894,0.0343,0.7996,-0.1876,0.0,0,1.0,29,1,0,0.0094,0.0,0.0038
11.539,130,17.0,0.725,0.4349,0.0,-0.8851,0.7713,0.0,0.0,0,1.0,25,1,0,0.0,0.0,0.0
11.599,131,17.0,0.5713,0.6535,0.0,-0.7518,0.8688,-0.2122,0.0,0,1.0,25,1,0,0.0106,0.0,0.0042
11.664,132,17.0,0.7513,0.4398,0.0,-0.8898,0.7902,0.0915,0.0,0,1.0,20,1,0,0.0046,0.0,0.0018
11.722,133,17.0,0.8535,0.3565,0.0,-0.9525,0.7774,0.0915,0.0,0,1.0,22,1,0,0.0046,0.0,0.0018
11.783,134,17.0,0.6899,0.514,0.0162,-0.8072,0.8181,-0.2471,0.0,0,1.0,28,1,0,0.0124,0.0,0.0049
11.838,135,17.0,0.6957,0.5878,0.013,-0.7892,0.8833,-0.0737,0.0,0,1.0,27,1,0,0.0037,0.0,0.0015
11.898,136,17.0,0.7505,0.505,0.0,-0.8621,0.8444,-0.0737,0.0,0,1.0,25,1,0,0.0037,0.0,0.0015
11.952,137,17.0,0.7254,0.5366,0.0,-0.8428,0.857,-0.0737,0.0,0,1.0,23,1,0,0.0037,0.0,0.0015
12.002,138,17.0,0.6594,0.6528,0.0,-0.7821,0.9176,-0.2471,0.0,0,1.0,16,1,0,0.0124,0.0,0.0049
12.069,139,17.0,0.7957,0.456,0.0,-0.894,0.8287,-0.0737,0.0,0,1.0,16,1,0,0.0037,0.0,0.0015
12.13,140,17.0,0.4664,0.7296,0.0,-0.6876,0.8741,-0.2027,0.0,0,1.0,20,1,0,0.0101,0.0,0.0041
12.19,141,17.0,0.43,0.7262,0.0,-0.6724,0.8508,-0.1129,0.0,0,1.0,25,1,0,0.0056,0.0,0.0023
12.258,142,17.0,0.3575,0.8081,0.0,-0.6176,0.879,-0.1129,0.0,0,1.0,19,1,0,0.0056,0.0,0.0023
12.32,143,17.0,0.4202,0.7823,0.0,-0.6535,0.8925,-0.7,0.0,0,1.0,23,1,0,0.035,0.0,0.014
12.381,144,17.0,0.3001,0.9047,0.0,-0.5692,0.928,-0.7,0.0,0,1.0,19,1,0,0.035,0.0,0.014
12.438,145,17.0,0.2686,0.8864,0.0,-0.5554,0.895,0.0,0.0,0,1.0,23,1,0,0.0,0.0,0.0
12.499,146,17.0,0.5648,0.6042,0.0,-0.7658,0.8238,0.0,0.0,0,1.0,16,1,0,0.0,0.0,0.0
12.552,147,17.0,0.4135,1.0,0.0,-0.6057,1.0,0.0045,0.0,0,1.0,29,1,0,0.0002,0.0,0.0001
12.613,148,17.0,0.5823,0.959,0.0066,-0.6644,1.0,-0.7,0.0,0,1.0,45,1,0,0.035,0.0,0.014
12.674,149,17.0,0.2232,1.0,0.031,-0.4008,0.965,-0.7,0.0,0,1.0,32,1,0,0.035,0.0,0.014
12.73,150,17.0,0.55,0.9004,0.0012,-0.6759,1.0,0.0915,0.0,0,1.0,25,1,0,0.0046,0.0,0.0018
12.787,151,17.1,0.398,1.0,0.0071,-0.5811,1.0,0.0915,0.0,0,1.0,24,1,0,0.0046,0.0,0.0018
12.848,152,17.1,0.5421,0.5371,0.0542,-0.6563,0.7548,-0.7,0.0,0,1.0,28,1,0,0.035,0.0,0.014
12.906,153,17.1,0.6688,0.799,0.0,-0.7427,1.0,0.0915,0.0,0,1.0,28,1,0,0.0046,0.0,0.0018
12.969,154,17.1,0.4635,0.6939,0.0037,-0.6871,0.8425,0.0915,0.0,0,1.0,20,1,0,0.0046,0.0,0.0018
13.028,155,17.1,0.4271,0.8943,0.2416,-0.1996,0.9904,-0.0737,0.0,0,1.0,18,1,0,0.0037,0.0,0.0015
13.085,156,17.1,0.6172,0.7403,0.2422,-0.1991,0.9674,-0.1129,0.0,0,1.0,26,1,0,0.0056,0.0,0.0023
13.137,157,17.1,0.4555,0.6831,0.0125,-0.664,0.8289,-0.2393,0.0,0,1.0,13,1,0,0.012,0.0,0.0048
13.195,158,17.1,0.555,0.5682,0.0137,-0.7425,0.788,-0.2393,0.0,0,1.0,16,1,0,0.012,0.0,0.0048
13.257,159,17.1,0.7056,0.688,0.0,-0.7853,0.973,-0.1967,0.0,0,1.0,22,1,0,0.0098,0.0,0.0039
13.31,160,17.1,0.3509,0.7634,0.0552,-0.4745,0.8378,0.0915,0.0,0,1.0,22,1,0,0.0046,0.0,0.0018
13.36,161,17.1,0.7323,0.4024,0.0222,-0.8545,0.7481,-0.7,0.0,0,1.0,22,1,0,0.035,0.0,0.014
13.41,162,17.1,0.57,0.9295,0.003,-0.6732,1.0,-0.7,0.0,0,1.0,20,1,0,0.035,0.0,0.014
13.463,163,17.1,0.6165,0.84,0.0,-0.7155,1.0,-0.2122,0.0,0,1.0,20,1,0,0.0106,0.0,0.0042
13.519,164,17.1,0.4618,0.6369,0.0553,-0.5789,0.7936,-0.1876,0.0,0,1.0,14,1,0,0.0094,0.0,0.0038
13.58,165,17.1,0.639,0.7332,0.0528,-0.6506,0.9737,-0.1129,0.0,0,1.0,22,1,0,0.0056,0.0,0.0023
13.647,166,17.1,0.6337,0.8796,0.0,-0.7118,1.0,-0.0737,0.0,0,1.0,23,1,0,0.0037,0.0,0.0015
13.71,167,17.1,0.4113,0.6593,0.0821,-0.4802,0.7841,-0.0737,0.0,0,1.0,19,1,0,0.0037,0.0,0.0015
13.774,168,17.1,0.257,0.9014,0.0,-0.5377,0.9011,-0.0737,0.0,0,1.0,13,1,0,0.0037,0.0,0.0015
13.826,169,17.1,0.7568,0.7611,0.0,-0.7788,1.0,-0.7,0.0,0,1.0,13,1,0,0.035,0.0,0.014
13.878,170,17.1,0.6972,0.6779,0.0379,-0.7147,0.9598,-0.2471,0.0,0,1.0,22,1,0,0.0124,0.0,0.0049
13.928,171,17.1,0.3656,1.0,0.0,-0.5849,1.0,-0.2471,0.0,0,1.0,18,1,0,0.0124,0.0,0.0049
13.975,172,17.1,0.5626,0.9729,0.0,-0.6678,1.0,-0.0737,0.0,0,1.0,14,1,0,0.0037,0.0,0.0015
14.026,173,17.1,0.8288,0.5728,0.0,-0.8567,0.9452,0.0045,0.0,0,1.0,15,1,0,0.0002,0.0,0.0001
14.078,174,17.1,0.7225,0.7341,0.0,-0.7767,1.0,0.0045,0.0,0,1.0,23,1,0,0.0002,0.0,0.0001
14.127,175,17.1,0.6246,0.912,0.0,-0.7014,1.0,-0.1876,0.0,0,1.0,26,1,0,0.0094,0.0,0.0038
14.182,176,17.1,0.4419,0.6607,0.0182,-0.6491,0.8025,-0.1876,0.0,0,1.0,24,1,0,0.0094,0.0,0.0038
14.243,177,17.1,0.2196,0.8741,0.1204,-0.1735,0.8572,-0.1876,0.0,0,1.0,20,1,0,0.0094,0.0,0.0038
14.306,178,17.1,0.5816,0.5074,0.0644,-0.6649,0.7519,-0.1967,0.0,0,1.0,9,1,0,0.0098,0.0,0.0039
14.357,179,17.1,0.5434,0.7846,0.0735,-0.5559,0.9634,0.0915,0.0,0,1.0,25,1,0,0.0046,0.0,0.0018
14.413,180,17.1,0.2853,0.8453,0.0518,-0.4153,0.8698,0.0915,0.0,0,1.0,13,1,0,0.0046,0.0,0.0018
14.479,181,17.8,0.3427,0.5356,0.2144,-0.1815,0.6418,0.0,0.0,1,1.0,8,2,0,0.0,1.0,0.0
14.544,182,17.8,0.1777,0.5504,0.3665,0.2698,0.6676,0.0,0.0,1,1.0,35,2,0,0.0,0.8,0.0
14.608,183,17.8,0.5564,0.6017,0.0073,-0.7464,0.817,0.1784,0.0,1,1.0,27,2,0,0.0089,0.8,0.0036
14.665,184,17.8,0.4997,0.6768,0.0,-0.7168,0.8484,-0.1876,0.0,1,1.0,29,2,0,0.0094,0.8,0.0038
14.727,185,17.8,0.5025,0.7254,0.0,-0.7038,0.8907,-0.1967,0.0,1,1.0,26,2,0,0.0098,0.8,0.0039
14.791,186,17.8,0.8472,0.31,0.0,-0.975,0.7348,-0.0961,0.0,1,1.0,9,2,0,0.0048,0.8,0.0019
14.844,187,17.8,0.4604,0.7077,0.0,-0.6911,0.8523,-0.1876,0.0,1,1.0,17,2,0,0.0094,0.8,0.0038
14.9,188,17.8,0.1921,1.0,0.09,-0.1971,0.9476,-0.1876,0.0,1,1.0,9,2,0,0.0094,0.8,0.0038
14.955,189,17.8,0.374,0.9728,0.0,-0.5933,1.0,-0.1967,0.0,1,1.0,21,2,0,0.0098,0.8,0.0039
15.011,190,17.8,0.8933,0.5018,0.0,-0.8978,0.9218,0.0,0.0,1,1.0,19,2,0,0.0,0.8,0.0
15.073,191,17.8,0.6817,0.8282,0.0,-0.7392,1.0,-0.1876,0.0,1,1.0,15,2,0,0.0094,0.8,0.0038
15.13,192,17.8,0.6507,0.7615,0.0,-0.747,1.0,-0.1876,0.0,1,1.0,15,2,0,0.0094,0.8,0.0038
15.194,193,17.8,0.622,0.887,0.0,-0.4801,1.0,-0.0737,0.0,0,1.0,27,2,0,0.0037,0.8,0.0015
15.257,194,17.8,0.7405,0.6804,0.0,-0.4014,0.9863,-0.0737,0.0,0,1.0,26,2,0,0.0037,0.0,0.0015
15.312,195,17.8,0.6889,0.8829,0.0297,-0.6759,1.0,-0.2471,0.0,0,1.0,32,2,0,0.0124,0.0,0.0049
15.376,196,17.8,0.6347,0.7149,0.0663,-0.6291,0.9559,-0.0737,0.0,0,1.0,29,2,0,0.0037,0.0,0.0015
15.43,197,17.8,0.532,0.8566,0.0695,-0.5432,1.0,-0.0737,0.0,0,1.0,33,2,0,0.0037,0.0,0.0015
15.494,198,17.8,0.79,0.8116,0.0,-0.7743,1.0,-0.0737,0.0,0,1.0,29,2,0,0.0037,0.0,0.0015
15.554,199,17.8,0.4115,0.7941,0.0,-0.6467,0.8975,0.0915,0.0,0,1.0,31,2,0,0.0046,0.0,0.0018
15.611,200,17.8,0.4116,0.7944,0.0,-0.6467,0.8978,-0.7,0.0,0,1.0,32,2,0,0.035,0.0,0.014
15.675,201,17.8,0.6727,0.6929,0.0,-0.7738,0.9588,-0.7,0.0,0,1.0,26,2,0,0.035,0.0,0.014
15.729,202,17.8,0.5438,0.6184,0.0,-0.7531,0.824,-0.0737,0.0,0,1.0,27,2,0,0.0037,0.0,0.0015
15.791,203,17.8,0.4147,0.7892,0.0,-0.6493,0.8952,-0.0737,0.0,0,1.0,20,2,0,0.0037,0.0,0.0015
15.858,204,17.8,0.6613,0.7082,0.0,-0.7656,0.9653,0.0915,0.0,0,1.0,20,2,0,0.0046,0.0,0.0018
15.912,205,17.8,0.5549,0.8035,0.0,-0.7032,0.9857,-0.7,0.0,0,1.0,28,2,0,0.035,0.0,0.014
15.97,206,17.8,0.0707,0.6856,0.4086,0.4976,0.8048,0.0915,0.0,0,1.0,20,2,0,0.0046,0.0,0.0018
16.019,207,17.8,0.5103,0.7237,0.1093,-0.4838,0.8937,-0.7,0.0,0,1.0,19,2,0,0.035,0.0,0.014
16.072,208,17.8,0.8503,0.5471,0.0673,-0.7562,0.9357,-0.7,0.0,0,1.0,27,2,0,0.035,0.0,0.014
16.129,209,17.8,0.4346,0.7967,0.13,-0.3821,0.9125,-0.1363,0.0,0,1.0,13,2,0,0.0068,0.0,0.0027
16.183,210,17.8,0.4807,0.6929,0.0,-0.7041,0.8512,-0.4651,0.0,0,1.0,19,2,0,0.0233,0.0,0.0093
16.234,211,16.9,0.4411,0.731,0.0,-0.6761,0.861,-0.1129,0.0,0,1.0,17,2,0,0.0056,0.0,0.0023
16.288,212,16.9,0.409,0.7925,0.0,-0.6459,0.8947,-0.1129,0.0,0,1.0,12,2,0,0.0056,0.0,0.0023
16.347,213,16.9,0.3061,0.8587,0.0,-0.5807,0.8927,-0.1129,0.0,0,1.0,12,2,0,0.0056,0.0,0.0023
16.401,214,16.9,0.1483,1.0,0.0025,-0.4544,0.9231,0.0,0.0,0,1.0,17,2,0,0.0,0.0,0.0
16.453,215,16.9,0.3031,0.9748,0.0,-0.5592,0.9885,0.0,0.0,0,1.0,17,2,0,0.0,0.0,0.0
16.514,216,16.9,0.3045,0.6443,0.4411,0.1485,0.7883,0.0,0.0,0,1.0,21,2,0,0.0,0.0,0.0
16.571,217,16.9,0.1067,0.8719,0.4563,0.4282,0.988,-0.2303,0.0,0,1.0,19,2,0,0.0115,0.0,0.0046
16.637,218,16.9,0.6555,0.5119,0.259,-0.3896,0.797,-0.2303,0.0,0,1.0,21,2,0,0.0115,0.0,0.0046
16.701,219,16.9,0.7569,0.6984,0.1382,-0.575,1.0,-0.1129,0.0,0,1.0,23,2,0,0.0056,0.0,0.0023
16.767,220,16.9,0.3853,0.6591,0.2519,-0.1618,0.7694,-0.1632,0.0,0,1.0,25,2,0,0.0082,0.0,0.0033
16.817,221,16.9,0.2755,0.8429,0.341,0.076,0.899,-0.2122,0.0,0,1.0,23,2,0,0.0106,0.0,0.0042
16.871,222,16.9,0.6645,0.7152,0.1282,-0.5423,0.9729,-0.2122,0.0,0,1.0,21,2,0,0.0106,0.0,0.0042
16.932,223,16.9,0.484,0.7315,0.2302,-0.2754,0.8854,-0.1363,0.0,0,1.0,19,2,0,0.0068,0.0,0.0027
16.983,224,16.9,0.5088,0.7324,0.239,-0.1306,0.9001,-0.2664,0.0,0,1.0,16,2,0,0.0133,0.0,0.0053
17.034,225,16.9,0.436,0.7769,0.2432,-0.2134,0.8967,-0.2974,0.0,0,1.0,20,2,0,0.0149,0.0,0.0059
17.083,226,16.9,0.4962,0.7348,0.2452,-0.2646,0.8951,-0.2974,0.0,0,1.0,21,2,0,0.0149,0.0,0.0059
17.132,227,16.9,0.2248,0.9577,0.0091,-0.484,0.9303,-0.1198,0.0,0,1.0,23,2,0,0.006,0.0,0.0024
17.183,228,16.9,0.4517,0.6622,0.068,-0.5385,0.8092,0.0,0.0,0,1.0,15,2,0,0.0,0.0,0.0
17.235,229,16.9,0.5599,0.757,0.1502,-0.4423,0.9494,0.0,0.0,0,1.0,15,2,0,0.0,0.0,0.0
17.299,230,16.9,0.4063,0.7593,0.0303,-0.5742,0.8654,-0.1967,0.0,0,1.0,16,2,0,0.0098,0.0,0.0039
17.348,231,16.9,0.3444,0.7999,0.0405,-0.4998,0.8648,0.0915,0.0,0,1.0,11,2,0,0.0046,0.0,0.0018
17.401,232,16.9,0.6637,0.5167,0.0,-0.8323,0.8058,0.0,0.0,0,1.0,13,2,0,0.0,0.0,0.0
17.455,233,16.9,0.6709,0.6661,0.2566,-0.439,0.9352,0.0,0.0,0,1.0,14,2,0,0.0,0.0,0.0
17.515,234,16.9,0.8078,0.8035,0.0,-0.7811,1.0,-0.0737,0.0,0,1.0,10,2,0,0.0037,0.0,0.0015
17.572,235,16.9,0.66,0.5718,0.0,-0.8101,0.8499,-0.2156,0.0,0,1.0,8,2,0,0.0108,0.0,0.0043
17.635,236,16.9,0.8353,0.6096,0.0498,-0.7609,0.9798,-0.0737,0.0,0,1.0,10,2,0,0.0037,0.0,0.0015
17.703,237,16.9,0.3402,0.5594,0.4052,0.0732,0.6968,-0.2099,0.0,0,1.0,9,2,0,0.0105,0.0,0.0042
17.762,238,16.9,0.2889,0.568,0.4517,0.1836,0.7301,-0.2099,0.0,0,1.0,12,2,0,0.0105,0.0,0.0042
17.815,239,16.9,0.7511,0.6981,0.0408,-0.7234,1.0,-0.1612,0.0,0,1.0,17,2,0,0.0081,0.0,0.0032
17.869,240,16.9,0.719,0.6759,0.0,-0.793,0.9704,-0.2122,0.0,0,1.0,10,2,0,0.0106,0.0,0.0042
17.93,241,17.8,0.8897,0.6564,0.0,-0.8434,1.0,-0.0737,0.0,0,1.0,8,2,0,0.0037,0.0,0.0015
17.989,242,17.8,0.7388,0.745,0.0,-0.7783,1.0,-0.0737,0.0,0,1.0,6,2,0,0.0037,0.0,0.0015
18.048,243,17.8,0.8773,0.6656,0.0,-0.8376,1.0,-0.1876,0.0,0,1.0,9,2,0,0.0094,0.0,0.0038
18.1,244,17.8,0.801,0.5303,0.0,-0.8654,0.894,-0.1876,0.0,0,1.0,14,2,0,0.0094,0.0,0.0038
18.148,245,17.8,0.89,0.3388,0.0,-0.9684,0.783,-0.1876,0.0,0,1.0,10,2,0,0.0094,0.0,0.0038
18.202,246,17.8,0.4721,0.6753,0.0,-0.7056,0.8316,-0.2303,0.0,0,1.0,8,2,0,0.0115,0.0,0.0046
18.249,247,17.8,0.8298,0.3797,0.0,-0.9363,0.7836,-0.1129,0.0,0,1.0,8,2,0,0.0056,0.0,0.0023
18.3,248,17.8,0.2816,0.8597,0.041,-0.4395,0.8798,-0.1129,0.0,0,1.0,8,2,0,0.0056,0.0,0.0023
18.349,249,17.8,0.5921,0.5589,0.0,-0.7921,0.801,-0.1876,0.0,0,1.0,16,2,0,0.0094,0.0,0.0038
18.406,250,17.8,0.7663,0.4379,0.0,-0.8945,0.797,0.0915,0.0,0,1.0,7,2,0,0.0046,0.0,0.0018
18.471,251,17.8,0.7572,0.428,0.0,-0.8966,0.7836,-0.2471,0.0,0,1.0,11,2,0,0.0124,0.0,0.0049
18.528,252,17.8,0.6528,0.5226,0.0,-0.8265,0.8046,-0.2471,0.0,0,1.0,5,2,0,0.0124,0.0,0.0049
18.587,253,17.8,0.5303,0.6718,0.0,-0.7306,0.8613,-0.2471,0.0,0,1.0,8,2,0,0.0124,0.0,0.0049
18.647,254,17.8,0.4635,0.7074,0.0,-0.6925,0.8538,0.0915,0.0,0,1.0,16,2,0,0.0046,0.0,0.0018
18.708,255,17.8,0.6175,0.5556,0.0,-0.8022,0.8125,-0.1129,0.0,0,1.0,6,2,0,0.0056,0.0,0.0023
18.763,256,17.8,0.5014,0.6754,0.0,-0.7179,0.8481,-0.1129,0.0,0,1.0,6,2,0,0.0056,0.0,0.0023
18.821,257,17.8,0.4831,0.6457,0.0,-0.7195,0.8129,-0.1876,0.0,0,1.0,11,2,0,0.0094,0.0,0.0038
18.876,258,17.8,0.4078,0.7675,0.0,-0.5356,0.873,-0.0961,0.0,0,1.0,15,2,0,0.0048,0.0,0.0019
18.925,259,17.8,0.4375,0.7402,0.0,-0.6721,0.8668,-0.7,0.0,0,1.0,14,2,0,0.035,0.0,0.014
18.975,260,17.8,0.5622,0.5994,0.0,-0.7666,0.8183,-0.7,0.0,0,1.0,20,2,0,0.035,0.0,0.014
19.039,261,17.8,0.2765,0.8736,0.0335,-0.4547,0.8887,-0.4651,0.0,0,1.0,17,2,0,0.0233,0.0,0.0093
19.092,262,17.8,0.2649,0.8934,0.0012,-0.5477,0.8987,0.0045,0.0,0,1.0,10,2,0,0.0002,0.0,0.0001
19.143,263,17.8,0.4361,0.762,0.0,-0.6658,0.8843,0.0,0.0,0,1.0,18,2,0,0.0,0.0,0.0
19.191,264,17.8,0.4773,0.6846,0.0,-0.7051,0.8423,0.0,0.0,0,1.0,19,2,0,0.0,0.0,0.0
19.244,265,17.8,0.7657,0.3737,0.0,-0.9245,0.7427,-0.4651,0.0,0,1.0,21,2,0,0.0233,0.0,0.0093
19.294,266,17.8,0.5932,0.5113,0.0209,-0.7626,0.7617,-0.2471,0.0,0,1.0,21,2,0,0.0124,0.0,0.0049
19.344,267,17.8,0.6972,0.7522,0.0,-0.7641,1.0,-0.2471,0.0,0,1.0,16,2,0,0.0124,0.0,0.0049
19.394,268,17.8,0.6957,0.8318,0.0,-0.7426,1.0,0.0915,0.0,0,1.0,17,2,0,0.0046,0.0,0.0018
19.458,269,17.8,0.7103,0.9,0.0,-0.7305,1.0,-0.0737,0.0,0,1.0,30,2,0,0.0037,0.0,0.0015
19.513,270,17.8,0.7948,0.639,0.0,-0.8256,0.9818,-0.0737,0.0,0,1.0,16,2,0,0.0037,0.0,0.0015
19.578,271,18.2,0.8914,0.2795,0.0,-0.9995,0.734,-0.0737,0.0,0,1.0,18,3,0,0.0037,0.0,0.0015
19.645,272,18.2,0.8057,0.3715,0.0,-0.9349,0.7632,-0.2027,0.0,0,1.0,24,3,0,0.0101,0.0,0.0041
19.713,273,18.2,0.4261,0.4246,0.5689,0.1363,0.6753,-0.1876,0.0,0,1.0,30,3,0,0.0094,0.0,0.0038
19.773,274,18.2,0.7276,0.4934,0.0,-0.8606,0.822,-0.2471,0.0,0,1.0,39,3,0,0.0124,0.0,0.0049
19.829,275,18.2,0.4111,0.3769,0.5535,0.1423,0.6265,-0.2122,0.0,0,1.0,36,3,0,0.0106,0.0,0.0042
19.895,276,18.2,0.3558,0.9433,0.1092,-0.338,0.9916,-0.2122,0.0,0,1.0,48,3,0,0.0106,0.0,0.0042
19.961,277,18.2,0.3328,0.937,0.1711,-0.2098,0.9735,-0.2209,0.0,0,1.0,42,3,0,0.011,0.0,0.0044
20.017,278,18.2,0.2986,0.9716,0.1544,-0.1997,0.9834,-0.7,0.0,0,1.0,48,3,0,0.035,0.0,0.014
20.078,279,18.2,0.2834,0.9539,0.171,-0.1561,0.96,0.0,0.0,0,1.0,55,3,0,0.0,0.0,0.0
20.136,280,18.2,0.3,0.9273,0.0303,-0.4741,0.9469,0.0,0.0,0,1.0,53,3,0,0.0,0.0,0.0
20.185,281,18.2,0.5777,0.6766,0.038,-0.6664,0.8919,0.0,0.0,0,1.0,54,3,0,0.0,0.0,0.0
20.247,282,18.2,0.5986,0.6971,0.0379,-0.6702,0.9208,0.0915,0.0,0,1.0,51,3,0,0.0046,0.0,0.0018
20.304,283,18.2,0.362,0.8296,0.1055,-0.3636,0.8996,0.0915,0.0,0,1.0,50,3,0,0.0046,0.0,0.0018
20.359,284,18.2,0.5049,0.7896,0.0657,-0.5483,0.946,0.0915,0.0,0,1.0,49,3,0,0.0046,0.0,0.0018
20.416,285,18.2,0.5373,0.8501,0.0202,-0.6425,1.0,0.0045,0.0,0,1.0,54,3,0,0.0002,0.0,0.0001
20.477,286,18.2,0.3176,1.0,0.1121,-0.2928,1.0,0.0915,0.0,0,1.0,53,3,0,0.0046,0.0,0.0018
20.545,287,18.2,0.5233,0.9747,0.0,-0.6535,1.0,0.0915,0.0,0,1.0,45,3,0,0.0046,0.0,0.0018
20.616,288,18.2,0.4333,0.9072,0.0691,-0.4781,1.0,0.0,0.0,0,1.0,44,3,0,0.0,0.0,0.0
20.688,289,18.2,0.3847,0.9254,0.0842,-0.4117,0.9928,0.0915,0.0,0,1.0,49,3,0,0.0046,0.0,0.0018
20.746,290,18.2,0.4727,0.8912,0.0,-0.6511,1.0,-0.4651,0.0,0,1.0,34,3,0,0.0233,0.0,0.0093
20.803,291,18.2,0.3299,0.8932,0.3097,-0.0224,0.935,-0.1129,0.0,0,1.0,34,3,0,0.0056,0.0,0.0023
20.866,292,18.2,0.3141,0.4404,0.6206,0.3052,0.7174,0.0045,0.0,0,1.0,34,3,0,0.0002,0.0,0.0001
20.919,293,18.2,0.2041,0.5885,0.611,0.4233,0.8365,-0.1876,0.0,0,1.0,30,3,0,0.0094,0.0,0.0038
20.965,294,18.2,0.2024,0.5839,0.6361,0.4423,0.8467,-0.1876,0.0,0,1.0,33,3,0,0.0094,0.0,0.0038
21.019,295,18.2,0.4446,0.7649,0.0,-0.6688,0.8915,-0.2596,0.0,0,1.0,31,3,0,0.013,0.0,0.0052
21.07,296,18.2,0.3314,1.0,0.0,-0.5691,1.0,-0.1129,0.0,0,1.0,32,3,0,0.0056,0.0,0.0023
21.128,297,18.2,0.3529,1.0,0.0,-0.5791,1.0,-0.1129,0.0,0,1.0,35,3,0,0.0056,0.0,0.0023
21.182,298,18.2,0.4621,1.0,0.0,-0.6255,1.0,0.0,0.0,0,1.0,36,3,0,0.0,0.0,0.0
21.234,299,18.2,0.253,0.5041,0.6496,0.395,0.7872,-0.1129,0.0,0,1.0,35,3,0,0.0056,0.0,0.0023
21.287,300,18.2,0.2773,0.4695,0.662,0.3768,0.7651,-0.1129,0.0,0,1.0,35,3,0,0.0056,0.0,0.0023
21.346,301,16.9,0.1324,0.625,0.6718,0.6344,0.9012,-0.2122,0.0,0,1.0,38,3,0,0.0106,0.0,0.0042
21.402,302,16.9,0.3487,0.4128,0.6678,0.3006,0.7207,-0.1235,0.0,0,1.0,39,3,0,0.0062,0.0,0.0025
21.471,303,16.9,0.3911,0.3984,0.6547,0.2441,0.7013,-0.2773,0.0,0,1.0,36,3,0,0.0139,0.0,0.0055
21.535,304,16.9,0.2569,0.5334,0.6599,0.3917,0.8176,-0.2825,0.0,0,1.0,36,3,0,0.0141,0.0,0.0056
21.587,305,16.9,0.5378,0.6883,0.0,-0.7285,0.8794,-0.2825,0.0,0,1.0,20,3,0,0.0141,0.0,0.0056
21.65,306,16.9,0.3213,0.8592,0.0,-0.5886,0.9016,-0.2303,0.0,0,1.0,26,3,0,0.0115,0.0,0.0046
21.717,307,16.9,0.1351,0.6774,0.6,0.5041,0.905,0.0915,0.0,0,1.0,26,3,0,0.0046,0.0,0.0018
21.773,308,16.9,0.2381,0.973,0.0,-0.5252,0.9507,0.0045,0.0,0,1.0,29,3,0,0.0002,0.0,0.0001
21.832,309,16.9,0.3398,0.8688,0.0,-0.5962,0.9201,0.0,0.0,0,1.0,34,3,0,0.0,0.0,0.0
21.894,310,16.9,0.3351,0.4858,0.6409,0.2885,0.767,0.0,0.0,0,1.0,31,3,0,0.0,0.0,0.0
21.954,311,16.9,0.7394,0.5052,0.3667,-0.5588,0.8384,0.0,0.0,0,1.0,31,3,0,0.0,0.0,0.0
22.016,312,16.9,0.4064,0.3974,0.6789,0.2448,0.714,-0.2773,0.0,0,1.0,37,3,0,0.0139,0.0,0.0055
22.071,313,16.9,0.777,0.4594,0.3805,-0.3293,0.821,-0.2393,0.0,0,1.0,36,3,0,0.012,0.0,0.0048
22.125,314,16.9,0.7753,0.4566,0.3831,-0.3258,0.8177,-0.2393,0.0,0,1.0,34,3,0,0.012,0.0,0.0048
22.175,315,16.9,0.7517,0.4621,0.3132,-0.3895,0.8091,-0.2068,0.0,0,1.0,43,3,0,0.0103,0.0,0.0041
22.225,316,16.9,0.8692,0.6347,0.0007,-0.8442,1.0,-0.3018,0.0,0,1.0,46,3,0,0.0151,0.0,0.006
22.28,317,16.9,0.7774,0.6873,0.0325,-0.749,1.0,-0.3018,0.0,0,1.0,53,3,0,0.0151,0.0,0.006
22.333,318,16.9,0.7458,0.7029,0.0469,-0.7099,1.0,-0.1876,0.0,0,1.0,60,3,0,0.0094,0.0,0.0038
22.386,319,16.9,0.7912,0.681,0.0257,-0.7666,1.0,-0.2122,0.0,0,1.0,53,3,0,0.0106,0.0,0.0042
22.444,320,16.9,0.8485,0.6539,0.0,-0.8344,1.0,-0.2122,0.0,0,1.0,59,3,0,0.0106,0.0,0.0042
22.503,321,16.9,0.8309,0.6695,0.0023,-0.8213,1.0,-0.2122,0.0,0,1.0,56,3,0,0.0106,0.0,0.0042
22.562,322,16.9,0.8786,0.6177,0.0038,-0.8468,1.0,-0.1876,0.0,0,1.0,55,3,0,0.0094,0.0,0.0038
22.626,323,16.9,0.8726,0.627,0.0026,-0.8443,1.0,-0.1876,0.0,0,1.0,50,3,0,0.0094,0.0,0.0038
22.702,324,16.9,0.8572,0.6426,0.0045,-0.8324,1.0,-0.1876,0.0,0,1.0,56,3,0,0.0094,0.0,0.0038
22.762,325,16.9,0.8473,0.6689,0.0,-0.8294,1.0,-0.1876,0.0,0,1.0,49,3,0,0.0094,0.0,0.0038
22.82,326,16.9,0.8602,0.7193,0.0,-0.8175,1.0,-0.1876,0.0,0,1.0,45,3,0,0.0094,0.0,0.0038
22.879,327,16.9,0.8346,0.6784,0.0,-0.8233,1.0,-0.1876,0.0,0,1.0,48,3,0,0.0094,0.0,0.0038
22.935,328,16.9,1.0,0.4613,0.0,-0.9348,0.9475,-0.1876,0.0,0,1.0,37,3,0,0.0094,0.0,0.0038
22.984,329,16.9,0.9343,0.5707,0.0,-0.8815,1.0,-0.1876,0.0,0,1.0,41,3,0,0.0094,0.0,0.0038
23.033,330,16.9,0.7528,0.5339,0.3052,-0.3885,0.87,-0.1876,0.0,0,1.0,34,3,0,0.0094,0.0,0.0038
23.088,331,17.2,0.911,0.5988,0.0,-1.0,1.0,-0.1876,0.0,0,1.0,34,3,0,0.0094,0.0,0.0038
23.141,332,17.2,0.8121,0.7331,0.0,-0.8015,1.0,-0.2099,0.0,0,1.0,28,3,0,0.0105,0.0,0.0042
23.193,333,17.2,0.9441,0.5663,0.0,-0.885,1.0,-0.2156,0.0,0,1.0,31,3,0,0.0108,0.0,0.0043
23.242,334,17.2,0.7773,0.5491,0.0,-0.8523,0.8965,-0.2156,0.0,0,1.0,30,3,0,0.0108,0.0,0.0043
23.291,335,17.2,0.9116,0.5953,0.0,-0.8682,1.0,-0.1876,0.0,0,1.0,39,3,0,0.0094,0.0,0.0038
23.341,336,17.2,0.7844,0.7281,0.0067,-0.7839,1.0,-0.1876,0.0,0,1.0,32,3,0,0.0094,0.0,0.0038
23.393,337,17.2,0.7616,0.7515,0.0061,-0.772,1.0,-0.1876,0.0,0,1.0,33,3,0,0.0094,0.0,0.0038
23.444,338,17.2,0.7932,0.7871,0.0,-0.7816,1.0,-0.2122,0.0,0,1.0,34,3,0,0.0106,0.0,0.0042
23.505,339,17.2,0.9374,0.5698,0.0,-0.8824,1.0,-0.2441,0.0,0,1.0,33,3,0,0.0122,0.0,0.0049
23.562,340,17.2,0.947,0.5565,0.0,-0.8891,0.9978,-0.2441,0.0,0,1.0,33,3,0,0.0122,0.0,0.0049
23.624,341,17.2,0.9522,0.5496,0.0,-0.8926,0.9949,-0.1876,0.0,0,1.0,29,3,0,0.0094,0.0,0.0038
23.686,342,17.2,0.9459,0.56,0.0,-0.8876,1.0,-0.1876,0.0,0,1.0,36,3,0,0.0094,0.0,0.0038
23.747,343,17.2,0.9543,0.5504,0.0,-0.8927,0.9967,-0.1876,0.0,0,1.0,33,3,0,0.0094,0.0,0.0038
23.804,344,17.2,0.9644,0.5426,0.0,-0.8975,0.9959,-0.1876,0.0,0,1.0,35,3,0,0.0094,0.0,0.0038
23.859,345,17.2,1.0,0.4867,0.0,-0.925,0.9688,-0.1876,0.0,0,1.0,32,3,0,0.0094,0.0,0.0038
23.921,346,17.2,0.9296,0.5756,0.0,-0.8788,1.0,-0.1876,0.0,0,1.0,28,3,0,0.0094,0.0,0.0038
23.974,347,17.2,0.9234,0.584,0.0,-0.8745,1.0,-0.1876,0.0,0,1.0,25,3,0,0.0094,0.0,0.0038
24.027,348,17.2,0.8604,0.6431,0.0,-0.8407,1.0,-0.1876,0.0,0,1.0,24,3,0,0.0094,0.0,0.0038
24.089,349,17.2,0.8211,0.6691,0.0,-0.8228,1.0,-0.1876,0.0,0,1.0,24,3,0,0.0094,0.0,0.0038
24.14,350,17.2,0.9298,0.5733,0.0,-0.8796,1.0,-0.1876,0.0,0,1.0,24,3,0,0.0094,0.0,0.0038
24.193,351,17.2,0.7918,0.8601,0.0,-0.7626,1.0,-0.1876,0.0,0,1.0,27,3,0,0.0094,0.0,0.0038
24.24,352,17.2,0.7075,0.7679,0.1563,-0.5135,1.0,-0.1876,0.0,0,1.0,23,3,0,0.0094,0.0,0.0038
24.293,353,17.2,0.7813,0.7797,0.0373,-0.7183,1.0,-0.1632,0.0,0,1.0,22,3,0,0.0082,0.0,0.0033
24.343,354,17.2,0.8654,0.6357,0.0,-0.8443,1.0,-0.1632,0.0,0,1.0,20,3,0,0.0082,0.0,0.0033
24.392,355,17.2,0.8147,0.5905,0.202,-0.5372,0.9523,-0.2122,0.0,0,1.0,22,3,0,0.0106,0.0,0.0042
24.444,356,17.2,0.8541,0.7909,0.0,-0.7961,1.0,-0.2627,0.0,0,1.0,25,3,0,0.0131,0.0,0.0053
24.507,357,17.2,0.7537,0.8104,0.1253,-0.5698,1.0,-0.2627,0.0,0,1.0,25,3,0,0.0131,0.0,0.0053
24.563,358,17.2,0.7708,0.619,0.2205,-0.4869,0.9516,-0.1876,0.0,0,1.0,24,3,0,0.0094,0.0,0.0038
24.628,359,17.2,0.8477,0.5117,0.2446,-0.5146,0.9045,-0.2122,0.0,0,1.0,23,3,0,0.0106,0.0,0.0042
24.69,360,17.2,0.8136,0.5475,0.2434,-0.4927,0.9155,-0.1859,0.0,0,1.0,24,3,0,0.0093,0.0,0.0037
24.748,361,18.1,0.7379,0.8312,0.1414,-0.5372,1.0,-0.1967,0.0,0,1.0,24,4,0,0.0098,0.0,0.0039
24.815,362,18.1,0.737,0.6088,0.2619,-0.4194,0.9241,-0.1967,0.0,0,1.0,24,4,0,0.0098,0.0,0.0039
24.871,363,18.1,0.76,0.5853,0.2666,-0.4302,0.9172,-0.2471,0.0,0,1.0,23,4,0,0.0124,0.0,0.0049
24.924,364,18.1,0.7338,0.5984,0.2679,-0.412,0.9136,-0.2009,0.0,0,1.0,31,4,0,0.01,0.0,0.004
24.975,365,18.1,0.7963,0.5185,0.2789,-0.4459,0.8815,-0.2009,0.0,0,1.0,33,4,0,0.01,0.0,0.004
25.021,366,18.1,0.7344,0.6053,0.2848,-0.3912,0.9197,-0.2303,0.0,0,1.0,35,4,0,0.0115,0.0,0.0046
25.074,367,18.1,0.639,0.7787,0.154,-0.4794,1.0,-0.2393,0.0,0,1.0,36,4,0,0.012,0.0,0.0048
25.124,368,18.1,0.7307,0.5588,0.2788,-0.4031,0.8786,-0.2393,0.0,0,1.0,33,4,0,0.012,0.0,0.0048
25.175,369,18.1,0.8282,0.731,0.0,-0.9018,1.0,-0.2974,0.0,0,1.0,37,4,0,0.0149,0.0,0.0059
25.223,370,18.1,0.9213,0.7153,0.0,-0.8329,1.0,-0.1876,0.0,0,1.0,42,4,0,0.0094,0.0,0.0038
25.275,371,18.1,0.8052,0.7582,0.0027,-0.7879,1.0,-0.1876,0.0,0,1.0,40,4,0,0.0094,0.0,0.0038
25.332,372,18.1,0.4415,1.0,0.0,-0.6173,1.0,-0.1876,0.0,0,1.0,40,4,0,0.0094,0.0,0.0038
25.388,373,18.1,0.7012,0.7052,0.0001,-0.7787,0.985,-0.1129,0.0,1,1.0,42,4,0,0.0056,1.0,0.0023
25.443,374,18.1,0.3092,0.913,0.0,-0.5725,0.9401,-0.1129,0.0,1,1.0,43,4,0,0.0056,0.8,0.0023
25.495,375,18.1,0.372,0.8219,0.0,-0.6217,0.8987,-0.0737,0.0,1,1.0,48,4,0,0.0037,0.8,0.0015
25.55,376,18.1,0.4106,0.7975,0.0,-0.6455,0.8998,-0.7,0.0,1,1.0,48,4,0,0.035,0.8,0.014
25.602,377,18.1,0.2176,1.0,0.0,-0.5101,0.9619,-0.7,0.0,1,1.0,57,4,0,0.035,0.8,0.014
25.663,378,18.1,0.3914,0.8121,0.0,-0.6332,0.9013,0.0,0.0,1,1.0,40,4,0,0.0,0.8,0.0
25.718,379,18.1,0.4266,0.7793,0.0,-0.6572,0.8935,0.0,0.0,1,1.0,18,4,0,0.0,0.8,0.0
25.777,380,18.1,0.7596,0.4686,0.0326,-0.8147,0.819,-0.7,0.0,1,1.0,18,4,0,0.035,0.8,0.014
25.83,381,18.1,0.3229,0.9117,0.0,-0.5797,0.9467,-0.2122,0.0,1,1.0,18,4,0,0.0106,0.8,0.0042
25.889,382,18.1,0.4442,0.7194,0.0,-0.6807,0.853,0.0,0.0,1,1.0,14,4,0,0.0,0.8,0.0
25.942,383,18.1,0.7351,0.4376,0.0,-0.8865,0.7793,0.0,0.0,1,1.0,16,4,0,0.0,0.8,0.0
25.992,384,18.1,0.5855,0.5943,0.0,-0.7769,0.8271,-0.1129,0.0,1,1.0,12,4,0,0.0056,0.8,0.0023
26.043,385,18.1,0.4905,0.6838,0.0,-0.7109,0.849,0.0915,0.0,0,1.0,16,4,0,0.0046,0.8,0.0018
26.097,386,18.1,0.8554,0.5379,0.0,-0.8757,0.9309,0.0915,0.0,0,1.0,16,4,0,0.0046,0.0,0.0018
26.147,387,18.1,0.7919,0.4867,0.0,-0.8802,0.8523,-0.1129,0.0,0,1.0,19,4,0,0.0056,0.0,0.0023
26.197,388,18.1,0.7847,0.4812,0.0,-0.8807,0.8437,-0.2441,0.0,0,1.0,19,4,0,0.0122,0.0,0.0049
26.247,389,18.1,0.7964,0.5217,0.0,-0.8675,0.8842,-0.2441,0.0,0,1.0,20,4,0,0.0122,0.0,0.0049
26.299,390,18.1,0.4679,0.9,0.0,-0.6473,1.0,-0.2122,0.0,0,1.0,24,4,0,0.0106,0.0,0.0042
26.349,391,18.6,0.462,0.9114,0.0,-0.6426,1.0,-0.1129,0.0,0,1.0,23,4,0,0.0056,0.0,0.0023
26.401,392,18.6,0.449,0.9163,0.0,-0.6362,1.0,-0.1129,0.0,0,1.0,24,4,0,0.0056,0.0,0.0023
26.449,393,18.6,0.3544,1.0,0.0,-0.5798,1.0,-0.1129,0.0,0,1.0,21,4,0,0.0056,0.0,0.0023
26.503,394,18.6,0.1288,1.0,0.2164,0.1461,0.9612,-0.7,0.0,0,1.0,28,4,0,0.035,0.0,0.014
26.566,395,18.6,0.7329,0.5391,0.0,-0.844,0.8633,0.0,0.0,0,1.0,30,4,0,0.0,0.0,0.0
26.62,396,18.6,0.5918,0.9811,0.0,-0.6761,1.0,-0.2122,0.0,0,1.0,31,4,0,0.0106,0.0,0.0042
26.689,397,18.6,0.3838,1.0,0.0152,-0.554,1.0,-0.2122,0.0,0,1.0,34,4,0,0.0106,0.0,0.0042
26.749,398,18.6,0.1788,1.0,0.0725,-0.2235,0.9401,0.0915,0.0,0,1.0,37,4,0,0.0046,0.0,0.0018
26.803,399,18.6,0.2007,0.9044,0.3982,0.229,0.9826,-0.4651,0.0,0,1.0,31,4,0,0.0233,0.0,0.0093
26.867,400,18.6,0.131,0.9634,0.4263,0.3538,1.0,0.0045,0.0,0,1.0,34,4,0,0.0002,0.0,0.0001
26.922,401,18.6,0.0765,0.9232,0.4594,0.4777,1.0,-0.7,0.0,0,1.0,30,4,0,0.035,0.0,0.014
26.984,402,18.6,0.0969,0.9811,0.4323,0.4148,1.0,-0.7,0.0,0,1.0,35,4,0,0.035,0.0,0.014
27.033,403,18.6,0.1226,0.9623,0.4179,0.3617,1.0,-0.1129,0.0,0,1.0,37,4,0,0.0056,0.0,0.0023
27.087,404,18.6,0.1454,1.0,0.0634,-0.1983,0.9214,-0.7,0.0,0,1.0,33,4,0,0.035,0.0,0.014
27.151,405,18.6,0.0827,1.0,0.3991,0.4158,1.0,0.0,0.0,0,1.0,39,4,0,0.0,0.0,0.0
27.202,406,18.6,0.2726,0.9586,0.1209,-0.2329,0.9579,-0.7,0.0,0,1.0,33,4,0,0.035,0.0,0.014
27.25,407,18.6,0.149,1.0,0.0622,-0.2081,0.9234,-0.7,0.0,0,1.0,38,4,0,0.035,0.0,0.014
27.302,408,18.6,0.099,1.0,0.1016,0.0067,0.8969,0.0,0.0,0,1.0,37,4,0,0.0,0.0,0.0
27.358,409,18.6,0.0923,1.0,0.1002,0.0203,0.8961,0.0,0.0,0,1.0,43,4,0,0.0,0.0,0.0
27.408,410,18.6,0.2362,1.0,0.0645,-0.3166,0.9723,0.0,0.0,0,1.0,25,4,0,0.0,0.0,0.0
27.459,411,18.6,0.5064,0.7065,0.0,-0.7107,0.8771,0.0,0.0,0,1.0,34,4,0,0.0,0.0,0.0
27.52,412,18.6,0.1651,0.8972,0.3855,0.2721,0.9696,0.0045,0.0,0,1.0,35,4,0,0.0002,0.0,0.0001
27.579,413,18.6,0.1962,0.606,0.5928,0.4197,0.841,0.0045,0.0,0,1.0,33,4,0,0.0002,0.0,0.0001
27.638,414,18.6,0.1644,0.8267,0.434,0.3211,0.9375,-0.0737,0.0,0,1.0,35,4,0,0.0037,0.0,0.0015
27.702,415,18.6,0.1515,0.8403,0.4371,0.3426,0.9506,-0.1363,0.0,0,1.0,34,4,0,0.0068,0.0,0.0027
27.763,416,18.6,0.2901,0.9899,0.0302,-0.4587,0.9939,-0.1716,0.0,0,1.0,39,4,0,0.0086,0.0,0.0034
27.818,417,18.6,0.5289,0.6776,0.0,-0.7282,0.8654,0.0,0.0,0,1.0,30,4,0,0.0,0.0,0.0
27.867,418,18.6,0.5685,0.643,0.0,-0.7542,0.8584,0.0,0.0,0,1.0,30,4,0,0.0,0.0,0.0
27.917,419,18.6,0.2118,1.0,0.0,-0.5068,0.9586,0.0915,0.0,0,1.0,38,4,0,0.0046,0.0,0.0018
27.966,420,18.6,0.0769,0.9724,0.4725,0.4632,1.0,0.0,0.0,0,1.0,33,4,0,0.0,0.0,0.0
28.018,421,18.0,0.1698,0.7234,0.516,0.3882,0.8967,-0.1129,0.0,0,1.0,34,4,0,0.0056,0.0,0.0023
28.077,422,18.0,0.1111,0.9236,0.2676,0.2497,0.9257,-0.1129,0.0,0,1.0,29,4,0,0.0056,0.0,0.0023
28.133,423,18.0,0.0512,0.7062,0.7221,0.6933,0.9976,-0.1363,0.0,0,1.0,30,4,0,0.0068,0.0,0.0027
28.186,424,18.0,0.0543,0.8268,0.6043,0.6116,1.0,-0.1235,0.0,0,1.0,30,4,0,0.0062,0.0,0.0025
28.242,425,18.0,0.1327,0.9812,0.2551,0.1888,0.9671,0.0045,0.0,0,1.0,31,4,0,0.0002,0.0,0.0001
28.298,426,18.0,0.3856,0.8288,0.0,-0.6267,0.9121,0.0045,0.0,0,1.0,33,4,0,0.0002,0.0,0.0001
28.351,427,18.0,0.2983,0.9128,0.0127,-0.5266,0.9337,0.0,0.0,0,1.0,41,4,0,0.0,0.0,0.0
28.404,428,18.0,0.1869,0.7849,0.4711,0.321,0.9231,0.0,0.0,0,1.0,36,4,0,0.0,0.0,0.0
28.46,429,18.0,0.1075,0.8806,0.4654,0.4317,1.0,-0.0961,0.0,0,1.0,26,4,0,0.0048,0.0,0.0019
28.523,430,18.0,0.0985,1.0,0.2587,0.2606,0.9849,-0.0961,0.0,0,1.0,34,4,0,0.0048,0.0,0.0019
28.575,431,18.0,0.1343,0.857,0.4604,0.3862,0.9777,0.0045,0.0,0,1.0,28,4,0,0.0002,0.0,0.0001
28.628,432,18.0,0.4223,0.7995,0.0,-0.6503,0.9081,0.0045,0.0,0,1.0,30,4,0,0.0002,0.0,0.0001
28.695,433,18.0,0.2159,1.0,0.0094,-0.4713,0.9609,-0.7,0.0,0,1.0,31,4,0,0.035,0.0,0.014
28.761,434,18.0,0.1222,0.8663,0.4009,0.3603,0.9522,0.0,0.0,0,1.0,33,4,0,0.0,0.0,0.0
28.823,435,18.0,0.2162,0.7443,0.4243,0.2432,0.8628,-0.7,0.0,0,1.0,29,4,0,0.035,0.0,0.014
28.875,436,18.0,0.1231,0.87,0.4587,0.4018,0.9876,-0.7,0.0,0,1.0,38,4,0,0.035,0.0,0.014
28.94,437,18.0,0.2866,0.796,0.4531,0.1721,0.9224,-0.7,0.0,0,1.0,36,4,0,0.035,0.0,0.014
28.991,438,18.0,0.1048,1.0,0.2513,0.2387,0.9807,-0.1129,0.0,0,1.0,35,4,0,0.0056,0.0,0.0023
29.045,439,18.0,0.2216,0.7481,0.4485,0.2563,0.8795,0.0,0.0,0,1.0,32,4,0,0.0,0.0,0.0
29.11,440,18.0,0.246,0.9986,0.0,-0.526,0.9766,0.0915,0.0,0,1.0,35,4,0,0.0046,0.0,0.0018
29.174,441,18.0,0.1086,0.8578,0.4528,0.4245,0.9741,0.0,0.0,0,1.0,38,4,0,0.0,0.0,0.0
29.226,442,18.0,0.1108,0.8601,0.4525,0.4201,0.9759,0.0,0.0,0,1.0,36,4,0,0.0,0.0,0.0
29.276,443,18.0,0.2472,1.0,0.0236,-0.1923,0.9785,-0.1129,0.0,0,1.0,40,4,0,0.0056,0.0,0.0023
29.341,444,18.0,0.457,0.7865,0.0139,-0.6346,0.9166,0.0,0.0,0,1.0,37,4,0,0.0,0.0,0.0
29.393,445,18.0,0.0702,0.972,0.3774,0.4288,1.0,-0.1967,0.0,0,1.0,42,4,0,0.0098,0.0,0.0039
29.445,446,18.0,0.2595,1.0,0.0068,-0.5092,0.9853,-0.1967,0.0,0,1.0,43,4,0,0.0098,0.0,0.0039
29.508,447,18.0,0.1809,0.8375,0.4357,0.2959,0.9475,0.0,0.0,0,1.0,39,4,0,0.0,0.0,0.0
29.56,448,18.0,0.1288,0.869,0.4317,0.4033,0.9717,0.0,0.0,0,1.0,39,4,0,0.0,0.0,0.0
29.611,449,18.0,0.2379,0.7405,0.3749,0.1656,0.832,-0.4651,0.0,0,1.0,40,4,0,0.0233,0.0,0.0093
29.674,450,18.0,0.1504,0.8604,0.3798,0.2943,0.9354,0.0045,0.0,0,1.0,39,4,0,0.0002,0.0,0.0001
29.731,451,17.6,0.2181,0.7734,0.3952,0.2112,0.871,0.0045,0.0,0,1.0,38,5,0,0.0002,0.0,0.0001
29.789,452,17.6,0.1091,0.9217,0.3727,0.3548,0.9829,-0.4651,0.0,0,1.0,43,5,0,0.0233,0.0,0.0093
29.839,453,17.6,0.1189,0.8975,0.4073,0.3675,0.982,-0.7,0.0,0,1.0,36,5,0,0.035,0.0,0.014
29.895,454,17.6,0.1819,0.8156,0.4143,0.2786,0.9171,-0.7,0.0,0,1.0,41,5,0,0.035,0.0,0.014
29.949,455,17.6,0.2027,0.9822,0.0396,-0.354,0.9386,-0.7,0.0,0,1.0,41,5,0,0.035,0.0,0.014
29.999,456,17.6,0.228,0.9683,0.0427,-0.372,0.9411,-0.0659,0.0,0,1.0,38,5,0,0.0033,0.0,0.0013
30.049,457,17.6,0.2076,0.9611,0.0675,-0.2784,0.9236,0.0,0.0,0,1.0,40,5,0,0.0,0.0,0.0
30.104,458,17.6,0.0415,0.9691,0.4626,0.5408,1.0,0.0,0.0,0,1.0,39,5,0,0.0,0.0,0.0
30.16,459,17.6,0.1148,0.815,0.5392,0.4763,0.9866,0.0,0.0,0,1.0,40,5,0,0.0,0.0,0.0
30.208,460,17.6,0.1862,0.9943,0.3005,0.1493,1.0,-0.1129,0.0,0,1.0,40,5,0,0.0056,0.0,0.0023
30.257,461,17.6,0.0969,0.8134,0.5415,0.5079,0.9865,0.0,0.0,0,1.0,41,5,0,0.0,0.0,0.0
30.311,462,17.6,0.0253,0.9453,0.4942,0.5939,1.0,0.0,0.0,0,1.0,33,5,0,0.0,0.0,0.0
30.366,463,17.6,0.0489,1.0,0.2208,0.3433,0.9637,0.0045,0.0,0,1.0,26,5,0,0.0002,0.0,0.0001
30.418,464,17.6,0.1762,0.6337,0.3529,0.248,0.7299,0.0045,0.0,0,1.0,26,5,0,0.0002,0.0,0.0001
30.47,465,17.6,0.0838,0.978,0.1897,0.2104,0.9278,-0.1876,0.0,0,1.0,22,5,0,0.0094,0.0,0.0038
30.529,466,17.6,0.0839,0.9425,0.184,0.204,0.8947,0.0,0.0,0,1.0,23,5,0,0.0,0.0,0.0
30.599,467,17.6,0.0461,0.8475,0.5211,0.5835,1.0,0.0,0.0,0,1.0,24,5,0,0.0,0.0,0.0
30.665,468,17.6,0.1469,1.0,0.0737,-0.1697,0.9222,0.0,0.0,0,1.0,24,5,0,0.0,0.0,0.0
30.731,469,17.6,0.084,0.972,0.1599,0.1646,0.9061,0.0045,0.0,0,1.0,24,5,0,0.0002,0.0,0.0001
30.787,470,17.6,0.0524,0.9262,0.4805,0.5356,1.0,0.0,0.0,0,1.0,28,5,0,0.0,0.0,0.0
30.844,471,17.6,0.5434,0.6908,0.3205,-0.2133,0.8846,-0.1129,0.0,0,1.0,28,5,0,0.0056,0.0,0.0023
30.898,472,17.6,0.5252,0.7629,0.2801,-0.2408,0.935,-0.2564,0.0,0,1.0,33,5,0,0.0128,0.0,0.0051
30.948,473,17.6,0.0461,0.7018,0.6662,0.6817,0.9626,-0.2564,0.0,0,1.0,32,5,0,0.0128,0.0,0.0051
30.999,474,17.6,0.1933,0.737,0.2835,0.1304,0.7779,-0.0737,0.0,0,1.0,32,5,0,0.0037,0.0,0.0015
31.052,475,17.6,0.5361,0.7464,0.2901,-0.2386,0.9272,0.0045,0.0,0,1.0,33,5,0,0.0002,0.0,0.0001
31.104,476,17.6,0.5186,0.7582,0.3183,-0.1916,0.9273,0.0045,0.0,0,1.0,34,5,0,0.0002,0.0,0.0001
31.163,477,17.6,0.3731,0.8433,0.3789,0.0058,0.9206,-0.2303,0.0,0,1.0,29,5,0,0.0115,0.0,0.0046
31.219,478,17.6,0.1012,0.7279,0.4463,0.4543,0.8613,-0.7,0.0,0,1.0,29,5,0,0.035,0.0,0.014
31.279,479,17.6,0.1039,0.6174,0.7024,0.6204,0.912,-0.1967,0.0,0,1.0,27,5,0,0.0098,0.0,0.0039
31.332,480,17.6,0.0686,0.6035,0.7643,0.7075,0.9349,-0.1129,0.0,0,1.0,30,5,0,0.0056,0.0,0.0023
31.386,481,18.1,0.0698,0.5612,0.8002,0.7309,0.9196,-0.1129,0.0,0,1.0,23,5,0,0.0056,0.0,0.0023
31.448,482,18.1,0.014,0.6533,0.7875,0.7941,0.9898,-0.1967,0.0,0,1.0,23,5,0,0.0098,0.0,0.0039
31.507,483,18.1,0.014,0.6636,0.7724,0.7866,0.9899,-0.1464,0.0,0,1.0,21,5,0,0.0073,0.0,0.0029
31.567,484,18.1,0.2717,1.0,0.2845,0.0151,0.9993,-0.1967,0.0,0,1.0,25,5,0,0.0098,0.0,0.0039
31.619,485,18.1,0.1426,0.7126,0.575,0.4709,0.9206,-0.1967,0.0,0,1.0,23,5,0,0.0098,0.0,0.0039
31.679,486,18.1,0.4871,0.4813,0.3596,-0.1349,0.6771,0.0,0.0,0,1.0,19,5,0,0.0,0.0,0.0
31.737,487,18.1,0.5839,0.576,0.131,-0.5227,0.8108,0.0045,0.0,0,1.0,19,5,0,0.0002,0.0,0.0001
31.793,488,18.1,0.3067,0.9232,0.0879,-0.339,0.9472,0.0915,0.0,0,1.0,22,5,0,0.0046,0.0,0.0018
31.84,489,18.1,0.6805,0.7391,0.1466,-0.5187,1.0,0.0915,0.0,0,1.0,22,5,0,0.0046,0.0,0.0018
31.89,490,18.1,0.669,0.7645,0.1638,-0.484,1.0,0.0,0.0,0,1.6,25,0,1,0.0,0.0,0.0
31.94,491,18.1,0.669,0.7516,0.1582,-0.4941,1.0,-0.2855,0.0,0,1.56,24,0,1,0.0143,0.0,0.0057
31.999,492,18.1,0.669,0.5939,0.319,-0.3134,1.0,-0.2855,0.0,0,1.52,28,0,1,0.0143,0.0,0.0057
32.05,493,18.1,0.685,0.7648,0.1942,-0.4518,1.0,-0.2068,0.0,0,1.48,26,0,1,0.0103,0.0,0.0041
32.101,494,18.1,0.7013,0.5165,0.3319,-0.3289,1.0,-0.2303,0.0,0,1.44,21,0,1,0.0115,0.0,0.0046
32.16,495,18.1,0.7013,0.4871,0.3662,-0.294,1.0,-0.2773,0.0,0,1.4,22,0,1,0.0139,0.0,0.0055
32.214,496,18.1,0.7191,0.5028,0.4251,-0.2424,1.0,-0.2773,0.0,0,1.36,20,0,1,0.0139,0.0,0.0055
32.263,497,18.1,0.9403,0.5626,0.0,-0.8856,1.0,-0.2454,0.0,0,1.32,18,0,1,0.0123,0.0,0.0049
32.313,498,18.1,0.9404,0.5627,0.0,-0.8855,1.0,-0.2454,0.0,0,1.28,18,0,1,0.0123,0.0,0.0049
32.364,499,18.1,0.922,0.5809,0.0,-0.8753,1.0,-0.1876,0.0,0,1.24,18,0,1,0.0094,0.0,0.0038
32.416,500,18.1,0.923,0.58,0.0,-0.8758,1.0,-0.1876,0.0,0,1.2,18,0,1,0.0094,0.0,0.0038
32.468,501,18.1,0.9235,0.5795,0.0,-0.8761,1.0,-0.1876,0.0,0,1.16,18,0,1,0.0094,0.0,0.0038
32.526,502,18.1,0.9403,0.5626,0.0,-0.8856,1.0,-0.1876,0.0,0,1.12,18,0,1,0.0094,0.0,0.0038
32.574,503,18.1,0.923,0.58,0.0,-0.8758,1.0,-0.1876,0.0,0,1.08,18,0,1,0.0094,0.0,0.0038
32.63,504,18.1,0.9412,0.562,0.0,-0.886,1.0,-0.1876,0.0,0,1.04,18,0,1,0.0094,0.0,0.0038
32.686,505,18.1,0.9233,0.5797,0.0,-0.876,1.0,-0.1876,0.0,0,1.0,18,0,1,0.0094,0.0,0.0038
32.744,506,18.1,0.366,1.0,0.0,-0.585,1.0,-0.1876,0.0,0,1.0,25,0,1,0.0094,0.0,0.0038
32.805,507,18.1,0.2521,0.6444,0.6789,0.3926,0.9214,-0.7,0.0,0,1.0,31,0,1,0.035,0.0,0.014
32.856,508,18.1,0.2209,0.8719,0.5022,0.2882,1.0,-0.7,0.0,0,1.0,30,0,1,0.035,0.0,0.014
32.91,509,18.1,0.1037,0.6603,0.8273,0.6617,1.0,-0.2122,0.0,0,1.0,34,0,1,0.0106,0.0,0.0042
32.967,510,18.1,0.6795,0.5627,0.446,-0.1909,0.8531,-0.2564,0.0,0,1.0,37,0,1,0.0128,0.0,0.0051
33.02,511,18.3,0.7628,0.4431,0.4751,-0.2274,0.7994,-0.2564,0.0,0,1.0,32,0,1,0.0128,0.0,0.0051
33.073,512,18.3,0.7419,0.4557,0.4948,-0.1945,0.7983,-0.1598,0.0,0,1.0,32,0,1,0.008,0.0,0.0032
33.127,513,18.3,0.7551,0.4097,0.5357,-0.375,0.767,-0.1876,0.0,0,1.0,33,0,1,0.0094,0.0,0.0038
33.172,514,18.3,0.7348,0.4663,0.5026,-0.3066,0.8032,-0.1876,0.0,0,1.0,30,0,1,0.0094,0.0,0.0038
33.226,515,18.3,0.694,0.4547,0.5576,-0.1063,0.7706,-0.1773,0.0,0,1.0,27,0,1,0.0089,0.0,0.0035
33.277,516,18.3,0.6925,0.5253,0.4739,-0.176,0.8291,-0.1773,0.0,0,1.0,28,0,1,0.0089,0.0,0.0035
33.341,517,18.3,0.6574,0.5323,0.4849,-0.1409,0.8153,-0.2627,0.0,0,1.0,25,0,1,0.0131,0.0,0.0053
33.394,518,18.3,0.6675,0.5243,0.5032,-0.1319,0.8142,-0.2141,0.0,0,1.0,28,0,1,0.0107,0.0,0.0043
33.457,519,18.3,0.6541,0.5563,0.4955,-0.1278,0.8336,-0.2089,0.0,0,1.0,30,0,1,0.0104,0.0,0.0042
33.519,520,18.3,0.6264,0.5938,0.4711,-0.1281,0.8495,-0.2089,0.0,0,1.0,23,0,1,0.0104,0.0,0.0042
33.578,521,18.3,0.7051,0.6193,0.3628,-0.2858,0.9151,-0.1773,0.0,0,1.0,23,0,1,0.0089,0.0,0.0035
33.641,522,18.3,0.655,0.5764,0.4992,-0.1242,0.851,-0.2227,0.0,0,1.0,23,0,1,0.0111,0.0,0.0045
33.703,523,18.3,0.7219,0.4296,0.5471,-0.136,0.7651,-0.2089,0.0,0,1.0,21,0,1,0.0104,0.0,0.0042
33.764,524,18.3,0.7525,0.4099,0.5064,-0.1942,0.7657,-0.2089,0.0,0,1.0,20,0,1,0.0104,0.0,0.0042
33.822,525,18.3,1.0,0.5002,0.0247,-0.8799,0.9801,-0.2384,0.0,0,1.0,18,0,1,0.0119,0.0,0.0048
33.874,526,18.3,0.7521,0.7476,0.1585,-0.5354,1.0,-0.1876,0.0,0,1.0,24,0,1,0.0094,0.0,0.0038
33.929,527,18.3,0.6665,0.6807,0.325,-0.2955,0.9451,-0.1876,0.0,0,1.0,24,0,1,0.0094,0.0,0.0038
33.99,528,18.3,0.7526,0.6032,0.3517,-0.3279,0.9282,-0.1632,0.0,0,1.0,28,0,1,0.0082,0.0,0.0033
34.04,529,18.3,0.6975,0.6066,0.2787,-0.3768,0.9001,-0.2376,0.0,0,1.0,19,0,1,0.0119,0.0,0.0048
34.091,530,18.3,0.7176,0.5356,0.3536,-0.3126,0.8517,-0.2376,0.0,0,1.0,20,0,1,0.0119,0.0,0.0048
34.142,531,18.3,0.7206,0.4511,0.404,-0.2701,0.7824,-0.2491,0.0,0,1.0,21,0,1,0.0125,0.0,0.005
34.192,532,18.3,0.7005,0.4619,0.3696,-0.0753,0.7802,-0.2722,0.0,0,1.0,21,0,1,0.0136,0.0,0.0054
34.242,533,18.3,0.8217,0.3859,0.4178,-0.326,0.7843,-0.2722,0.0,0,1.0,25,0,1,0.0136,0.0,0.0054
34.291,534,18.3,0.966,0.5157,0.0488,-0.8287,0.9741,-0.2303,0.0,0,1.0,33,0,1,0.0115,0.0,0.0046
34.343,535,18.3,1.0,0.4919,0.0,-0.923,0.9732,-0.2303,0.0,0,1.0,24,0,1,0.0115,0.0,0.0046
34.393,536,18.3,1.0,0.5103,0.0,-0.9162,0.9886,-0.2099,0.0,0,1.0,28,0,1,0.0105,0.0,0.0042
34.452,537,18.3,1.0,0.4928,0.0,-0.9227,0.9739,-0.1876,0.0,0,1.0,27,0,1,0.0094,0.0,0.0038
34.51,538,18.3,1.0,0.5097,0.0,-0.9164,0.9881,-0.1876,0.0,0,1.0,23,0,1,0.0094,0.0,0.0038
34.57,539,18.3,1.0,0.5694,0.0,-0.8952,1.0,-0.1876,0.0,0,1.0,24,0,1,0.0094,0.0,0.0038
34.63,540,18.3,1.0,0.4972,0.0,-0.9211,0.9776,-0.1876,0.0,0,1.0,23,0,1,0.0094,0.0,0.0038
34.69,541,18.0,0.9832,0.6374,0.0,-0.8696,1.0,-0.1876,0.0,0,1.0,22,0,1,0.0094,0.0,0.0038
34.746,542,18.0,1.0,0.477,0.0,-0.9287,0.9607,-0.1876,0.0,0,1.0,20,0,1,0.0094,0.0,0.0038
34.803,543,18.0,0.8932,0.672,0.0,-0.8393,1.0,-0.1876,0.0,0,1.0,21,0,1,0.0094,0.0,0.0038
34.858,544,18.0,0.8654,0.6879,0.0,-1.0,1.0,-0.1876,0.0,0,1.0,24,0,1,0.0094,0.0,0.0038
34.912,545,18.0,0.8215,0.6783,0.0,-0.8201,1.0,-0.1876,0.0,0,1.0,18,0,1,0.0094,0.0,0.0038
34.968,546,18.0,0.7547,0.7846,0.0,-0.7718,1.0,-0.1876,0.0,0,1.0,22,0,1,0.0094,0.0,0.0038
35.026,547,18.0,1.0,0.4855,0.0,-0.9255,0.9678,-0.1876,0.0,0,1.0,21,0,1,0.0094,0.0,0.0038
35.074,548,18.0,1.0,0.5179,0.0,-0.9134,0.995,-0.2471,0.0,0,1.0,21,0,1,0.0124,0.0,0.0049
35.133,549,18.0,0.8691,0.6964,0.0,-0.8263,1.0,-0.2471,0.0,0,1.0,19,0,1,0.0124,0.0,0.0049
35.182,550,18.0,0.8809,0.681,0.0,-0.8338,1.0,-0.1876,0.0,0,1.0,21,0,1,0.0094,0.0,0.0038
35.233,551,18.0,0.9866,0.5505,0.0,-0.8992,1.0,-0.1876,0.0,0,1.0,18,0,1,0.0094,0.0,0.0038
35.283,552,18.0,0.9841,0.5385,0.0,-0.9029,1.0,-0.1876,0.0,0,1.0,18,0,1,0.0094,0.0,0.0038
35.335,553,18.0,0.9599,0.6839,0.0,-0.8505,1.0,-0.1876,0.0,0,1.0,21,0,1,0.0094,0.0,0.0038
35.395,554,18.0,0.9502,0.6623,0.0,-0.6706,1.0,-0.1876,0.0,0,1.0,20,0,1,0.0094,0.0,0.0038
35.458,555,18.0,1.0,0.5103,0.0,-0.9162,0.9886,-0.1876,0.0,0,1.0,17,0,1,0.0094,0.0,0.0038
35.517,556,18.0,1.0,0.4995,0.0,-0.9202,0.9796,-0.1876,0.0,0,1.0,21,0,1,0.0094,0.0,0.0038
35.578,557,18.0,1.0,0.4927,0.0,-0.9227,0.9739,-0.1876,0.0,0,1.0,22,0,1,0.0094,0.0,0.0038
35.637,558,18.0,1.0,0.4923,0.0,-0.9229,0.9735,-0.1876,0.0,0,1.0,24,0,1,0.0094,0.0,0.0038
35.702,559,18.0,0.9855,0.5291,0.0,-0.9066,0.9963,-0.1876,0.0,0,1.0,30,0,1,0.0094,0.0,0.0038
35.766,560,18.0,0.7994,0.5711,0.0,-0.85,0.9274,-0.1876,0.0,0,1.0,29,0,1,0.0094,0.0,0.0038
35.815,561,18.0,0.6945,0.5553,0.0,-0.8268,0.8554,-0.1876,0.0,0,1.0,24,0,1,0.0094,0.0,0.0038
35.867,562,18.0,0.6954,0.5547,0.0,-0.8273,0.8553,-0.0737,0.0,0,1.0,21,0,1,0.0037,0.0,0.0015
35.922,563,18.0,0.4842,0.8072,0.0,-0.675,0.9492,-0.0737,0.0,0,1.0,20,0,1,0.0037,0.0,0.0015
35.979,564,18.0,0.5793,0.6297,0.0,-0.7625,0.8534,-0.0737,0.0,0,1.0,16,0,1,0.0037,0.0,0.0015
36.032,565,18.0,0.8983,0.5476,0.0,-0.8819,0.9631,0.0915,0.0,0,1.0,18,0,1,0.0046,0.0,0.0018
36.082,566,18.0,0.8433,0.6036,0.0,-0.8496,0.9793,0.0915,0.0,0,1.0,18,0,1,0.0046,0.0,0.0018
36.132,567,18.0,0.8219,0.7652,0.0017,-0.7922,1.0,-0.1876,0.0,0,1.0,16,0,1,0.0094,0.0,0.0038
36.182,568,18.0,0.9215,0.5343,0.0073,-0.8793,0.9648,-0.1876,0.0,0,1.0,18,0,1,0.0094,0.0,0.0038
36.233,569,18.0,0.2934,0.91,0.0098,-0.5331,0.9287,-0.1876,0.0,0,1.0,15,0,1,0.0094,0.0,0.0038
36.282,570,18.0,0.2586,1.0,0.0136,-0.4857,0.9848,-0.1876,0.0,0,1.0,20,0,1,0.0094,0.0,0.0038
36.333,571,18.2,0.1606,1.0,0.0114,-0.4194,0.9299,0.0,0.0,0,1.0,20,0,1,0.0,0.0,0.0
36.386,572,18.2,0.1266,1.0,0.0,-0.3513,0.9109,0.0,0.0,0,1.0,26,0,1,0.0,0.0,0.0
36.449,573,18.2,0.169,1.0,0.0082,-0.4413,0.9346,0.0,0.0,0,1.0,20,0,1,0.0,0.0,0.0
36.501,574,18.2,0.4268,0.7786,0.0,-0.6574,0.893,0.0,0.0,0,1.0,16,0,1,0.0,0.0,0.0
36.551,575,18.2,0.4267,0.7785,0.0,-0.6574,0.8929,0.0,0.0,0,1.0,18,0,1,0.0,0.0,0.0
36.602,576,18.2,0.2765,1.0,0.1283,-0.2204,0.9948,-0.7,0.0,0,1.0,22,0,1,0.035,0.0,0.014
36.664,577,18.2,0.378,1.0,0.0,-0.5904,1.0,0.0,0.0,0,1.0,21,0,1,0.0,0.0,0.0
36.73,578,18.2,0.3232,0.9024,0.0,-0.5815,0.939,-0.7,0.0,0,1.0,19,0,1,0.035,0.0,0.014
36.788,579,18.2,0.3197,0.8281,0.0,-0.594,0.8746,0.0,0.0,0,1.0,18,1,1,0.0,0.0,0.0
36.848,580,18.2,0.6525,0.5543,0.0,-0.8142,0.831,0.0,0.0,0,1.0,23,1,1,0.0,0.0,0.0
36.902,581,18.2,0.6309,0.576,0.0,-0.7991,0.8371,0.0,0.0,0,1.0,28,1,1,0.0,0.0,0.0
36.947,582,18.2,0.5843,0.6186,0.0,-0.768,0.8468,-0.0737,0.0,0,1.0,26,1,1,0.0037,0.0,0.0015
36.998,583,18.2,0.3484,0.9506,0.0,-0.5853,0.9936,0.0915,0.0,0,1.0,28,1,1,0.0046,0.0,0.0018
37.049,584,18.2,0.3718,0.9085,0.0,-0.6039,0.9713,0.0,0.0,0,1.0,33,1,1,0.0,0.0,0.0
37.1,585,18.2,0.5497,0.9178,0.0,-0.6747,1.0,0.0,0.0,0,1.0,33,1,1,0.0,0.0,0.0
37.148,586,18.2,0.6687,0.5349,0.0,-0.5814,0.8238,-0.7,0.0,0,1.0,28,1,1,0.035,0.0,0.014
37.2,587,18.2,0.6503,0.5506,0.0,-0.8149,0.8267,-0.0737,0.0,0,1.0,45,1,1,0.0037,0.0,0.0015
37.252,588,18.2,0.522,0.9536,0.0,-0.6572,1.0,-0.0737,0.0,0,1.0,43,1,1,0.0037,0.0,0.0015
37.307,589,18.2,0.6342,0.5747,0.0,-0.8007,0.8378,-0.0737,0.0,0,1.0,42,1,1,0.0037,0.0,0.0015
37.367,590,18.2,0.3353,1.0,0.0,-0.5709,1.0,-0.0737,0.0,0,1.0,43,1,1,0.0037,0.0,0.0015
37.422,591,18.2,0.6825,0.5504,0.0,-0.825,0.8446,0.0,0.0,0,1.0,42,1,1,0.0,0.0,0.0
37.477,592,18.2,0.5231,0.957,0.0,-0.6569,1.0,0.0,0.0,0,1.0,36,1,1,0.0,0.0,0.0
37.541,593,18.2,0.4597,0.7653,0.0007,-0.6734,0.9003,-0.0737,0.0,0,1.0,33,1,1,0.0037,0.0,0.0015
37.599,594,18.2,0.5154,0.6873,0.0,-0.72,0.8659,-0.1967,0.0,0,1.0,33,1,1,0.0098,0.0,0.0039
37.657,595,18.2,0.5199,0.6922,0.0,-0.7203,0.8726,-0.0835,0.0,0,1.0,34,1,1,0.0042,0.0,0.0017
37.72,596,18.2,0.323,0.9959,0.0,-0.5657,1.0,-0.0835,0.0,0,1.0,29,1,1,0.0042,0.0,0.0017
37.78,597,18.2,0.2585,1.0,0.0,-0.5325,0.9847,0.0915,0.0,0,1.0,24,1,1,0.0046,0.0,0.0018
37.836,598,18.2,0.4265,1.0,0.0,-0.6111,1.0,0.0,0.0,0,1.0,27,1,1,0.0,0.0,0.0
37.891,599,18.2,0.3482,0.8569,0.0,-0.6027,0.9148,-0.7,0.0,0,1.0,23,1,1,0.035,0.0,0.014
37.945,600,18.2,0.3412,0.8546,0.0,-0.5997,0.9089,0.0,0.0,0,1.0,23,1,1,0.0,0.0,0.0
38.005,601,18.0,0.2938,0.984,0.0,-0.5532,0.9911,0.0,0.0,0,1.0,22,1,1,0.0,0.0,0.0
38.058,602,18.0,0.2766,1.0,0.0,-0.542,0.9949,0.0,0.0,0,1.0,24,1,1,0.0,0.0,0.0
38.106,603,18.0,0.1763,1.0,0.0231,-0.384,0.9387,0.0,0.0,0,1.0,29,1,1,0.0,0.0,0.0
38.161,604,18.0,0.0956,0.9207,0.394,0.3972,0.9941,0.0,0.0,0,1.0,30,1,1,0.0,0.0,0.0
38.223,605,18.0,0.4266,0.7793,0.0,-0.6572,0.8935,0.0,0.0,0,1.0,27,1,1,0.0,0.0,0.0
38.274,606,18.0,0.4194,0.7867,0.0,-0.6521,0.8957,0.0,0.0,0,1.0,26,1,1,0.0,0.0,0.0
38.326,607,18.0,0.2145,0.774,0.4112,0.2312,0.8805,-0.7,0.0,0,1.0,27,1,1,0.035,0.0,0.014
38.388,608,18.0,0.359,0.9408,0.0,-0.592,0.9913,-0.7,0.0,0,1.0,29,1,1,0.035,0.0,0.014
38.442,609,18.0,0.4264,0.7793,0.0,-0.6571,0.8934,-0.7,0.0,0,1.0,25,1,1,0.035,0.0,0.014
38.506,610,18.0,0.3909,0.8011,0.0,-0.6355,0.8918,-0.7,0.0,0,1.0,31,1,1,0.035,0.0,0.014
38.562,611,18.0,0.1991,1.0,0.0187,-0.4225,0.9515,-0.7,0.0,0,1.0,23,1,1,0.035,0.0,0.014
38.627,612,18.0,0.2247,1.0,0.017,-0.4498,0.9658,0.0,0.0,0,1.0,29,1,1,0.0,0.0,0.0
38.696,613,18.0,0.1567,1.0,0.0244,-0.357,0.9278,0.0,0.0,0,1.0,26,1,1,0.0,0.0,0.0
38.758,614,18.0,0.1366,1.0,0.0,-0.4609,0.9165,0.0,0.0,0,1.0,27,1,1,0.0,0.0,0.0
38.808,615,18.0,0.1729,1.0,0.0,-0.4838,0.9368,0.0,0.0,0,1.0,23,1,1,0.0,0.0,0.0
38.858,616,18.0,0.2366,0.9767,0.0,-0.5238,0.9529,0.0,0.0,0,1.0,26,1,1,0.0,0.0,0.0
38.908,617,18.0,0.2392,0.9787,0.0,-0.525,0.9561,0.0,0.0,0,1.0,20,1,1,0.0,0.0,0.0
38.96,618,18.0,0.162,1.0,0.012,-0.4177,0.9307,0.0,0.0,0,1.0,22,1,1,0.0,0.0,0.0
39.01,619,18.0,0.2187,1.0,0.0082,-0.4779,0.9625,0.0,0.0,0,1.0,21,1,1,0.0,0.0,0.0
39.072,620,18.0,0.1901,0.9777,0.0819,-0.2158,0.9278,0.0,0.0,0,1.0,15,1,1,0.0,0.0,0.0
39.128,621,18.0,0.2065,1.0,0.0289,-0.3923,0.9556,0.0,0.0,0,1.0,16,1,1,0.0,0.0,0.0
39.189,622,18.0,0.2055,1.0,0.0266,-0.3995,0.9551,0.0,0.0,0,1.0,17,1,1,0.0,0.0,0.0
39.242,623,18.0,0.1762,1.0,0.0259,-0.3729,0.9387,0.0,0.0,0,1.0,20,1,1,0.0,0.0,0.0
39.294,624,18.0,0.2296,1.0,0.0206,-0.4413,0.9686,0.0,0.0,0,1.0,20,1,1,0.0,0.0,0.0
39.357,625,18.0,0.3787,0.8276,0.0,-0.6237,0.9072,0.0,0.0,0,1.0,21,1,1,0.0,0.0,0.0
39.413,626,18.0,0.1069,1.0,0.0446,-0.1936,0.8999,-0.7,0.0,0,1.0,23,1,1,0.035,0.0,0.014
39.468,627,18.0,0.1976,1.0,0.0416,-0.3404,0.9507,-0.7,0.0,0,1.0,21,1,1,0.035,0.0,0.014
39.515,628,18.0,0.1973,1.0,0.0469,-0.3233,0.9505,0.0,0.0,0,1.0,22,1,1,0.0,0.0,0.0
39.576,629,18.0,0.4268,0.7797,0.0,-0.6572,0.8939,0.0,0.0,0,1.0,21,1,1,0.0,0.0,0.0
39.638,630,18.0,0.3795,0.8178,0.0,-0.6263,0.8995,-0.7,0.0,0,1.0,23,1,1,0.035,0.0,0.014
39.702,631,17.7,0.3852,0.8073,0.0,-0.6313,0.8938,-0.7,0.0,0,1.0,22,1,1,0.035,0.0,0.014
39.769,632,17.7,0.4268,0.7797,0.0,-0.6572,0.894,-0.4651,0.0,0,1.0,21,1,1,0.0233,0.0,0.0093
39.828,633,17.7,0.4379,0.767,0.0,-0.6653,0.8895,-0.7,0.0,0,1.0,19,1,1,0.035,0.0,0.014
39.881,634,17.7,0.4291,0.7754,0.0,-0.6593,0.8916,-0.7,0.0,0,1.0,20,1,1,0.035,0.0,0.014
39.937,635,17.7,0.2247,0.6565,0.5232,0.3222,0.8444,-0.4651,0.0,0,1.0,20,1,1,0.0233,0.0,0.0093
39.994,636,17.7,0.2247,0.629,0.55,0.3672,0.8363,-0.1235,0.0,0,1.0,21,1,1,0.0062,0.0,0.0025
40.049,637,17.7,0.1555,0.6807,0.57,0.4532,0.891,-0.1235,0.0,0,1.0,22,1,1,0.0062,0.0,0.0025
40.097,638,17.7,0.2246,0.6361,0.5427,0.3396,0.8383,-0.1235,0.0,0,1.0,21,1,1,0.0062,0.0,0.0025
40.148,639,17.7,0.0671,0.784,0.5707,0.5817,0.9782,0.0045,0.0,0,1.0,21,1,1,0.0002,0.0,0.0001
40.199,640,17.7,0.2246,0.653,0.5266,0.3255,0.8435,0.0915,0.0,0,1.0,24,1,1,0.0046,0.0,0.0018
40.25,641,17.7,0.2248,0.6786,0.5021,0.3031,0.8513,0.0915,0.0,0,1.0,22,1,1,0.0046,0.0,0.0018
40.298,642,17.7,0.1478,0.7248,0.5217,0.4264,0.901,-0.1235,0.0,0,1.0,25,1,1,0.0062,0.0,0.0025
40.351,643,17.7,0.2248,0.713,0.4694,0.2729,0.8618,0.0045,0.0,0,1.0,23,1,1,0.0002,0.0,0.0001
40.401,644,17.7,0.3571,0.8413,0.0,-0.6103,0.9067,0.0045,0.0,0,1.0,20,1,1,0.0002,0.0,0.0001
40.451,645,17.7,0.3814,0.8138,0.0,-0.628,0.8972,0.0045,0.0,0,1.0,22,1,1,0.0002,0.0,0.0001
40.514,646,17.7,0.3132,0.8926,0.0,-0.5782,0.9252,-0.4651,0.0,0,1.0,23,1,1,0.0233,0.0,0.0093
40.571,647,17.7,0.4982,0.7127,0.0,-0.7056,0.8776,0.0,0.0,0,1.0,24,1,1,0.0,0.0,0.0
40.636,648,17.7,0.1564,0.9438,0.4208,0.3109,1.0,-0.1967,0.0,0,1.0,21,1,1,0.0098,0.0,0.0039
40.702,649,17.7,0.2317,0.7468,0.4317,0.2277,0.8691,-0.152,0.0,0,1.0,18,1,1,0.0076,0.0,0.003
40.755,650,17.7,0.2107,0.7621,0.4358,0.2596,0.8843,-0.152,0.0,0,1.0,22,1,1,0.0076,0.0,0.003
40.814,651,17.7,0.1221,0.8763,0.447,0.3943,0.9864,-0.4651,0.0,0,1.0,19,1,1,0.0233,0.0,0.0093
40.868,652,17.7,0.1138,0.8906,0.4038,0.3746,0.9742,-0.1129,0.0,0,1.0,21,1,1,0.0056,0.0,0.0023
40.919,653,17.7,0.2793,0.8241,0.0808,-0.3392,0.8487,-0.7,0.0,0,1.0,19,1,1,0.035,0.0,0.014
40.983,654,17.7,0.11,1.0,0.1073,-0.0064,0.9016,-0.7,0.0,0,1.0,22,1,1,0.035,0.0,0.014
41.032,655,17.7,0.1478,1.0,0.0522,-0.2391,0.9228,0.0,0.0,0,1.0,22,1,1,0.0,0.0,0.0
41.084,656,17.7,0.148,1.0,0.0304,-0.3213,0.9229,0.0,0.0,0,1.0,23,1,1,0.0,0.0,0.0
41.138,657,17.7,0.1838,1.0,0.0,-0.4904,0.9429,0.0,0.0,0,1.0,27,1,1,0.0,0.0,0.0
41.198,658,17.7,0.0855,0.9038,0.4399,0.4511,1.0,0.0,0.0,0,1.0,23,1,1,0.0,0.0,0.0
41.247,659,17.7,0.121,0.8661,0.4362,0.3896,0.9718,-0.4651,0.0,0,1.0,30,1,1,0.0233,0.0,0.0093
41.299,660,17.7,0.1235,0.8541,0.4399,0.3897,0.9638,-0.4651,0.0,0,1.0,28,1,1,0.0233,0.0,0.0093
41.352,661,18.1,0.1243,0.8578,0.437,0.3856,0.9652,-0.2303,0.0,0,1.0,33,1,1,0.0115,0.0,0.0046
41.41,662,18.1,0.1478,0.8373,0.404,0.3221,0.9296,-0.2303,0.0,0,1.0,29,1,1,0.0115,0.0,0.0046
41.462,663,18.1,0.097,1.0,0.0414,-0.1855,0.8943,-0.5239,0.0,0,1.0,31,1,1,0.0262,0.0,0.0105
41.521,664,18.1,0.0976,1.0,0.2339,0.2339,0.971,0.0,0.0,0,1.0,37,1,1,0.0,0.0,0.0
41.588,665,18.1,0.1788,1.0,0.0,-0.4874,0.9401,0.0,0.0,0,1.0,39,1,1,0.0,0.0,0.0
41.645,666,18.1,0.229,1.0,0.0234,-0.431,0.9682,0.0,0.0,0,1.0,32,1,1,0.0,0.0,0.0
41.708,667,18.1,0.0941,1.0,0.0304,-0.2318,0.8927,0.0,0.0,0,1.0,28,1,1,0.0,0.0,0.0
41.773,668,18.1,0.5711,0.6761,0.0,-0.7446,0.8878,0.0,0.0,0,1.0,28,1,1,0.0,0.0,0.0
41.824,669,18.1,0.2061,1.0,0.0,-0.5035,0.9554,0.0,0.0,0,1.0,29,2,1,0.0,0.0,0.0
41.879,670,18.1,0.2078,0.793,0.4022,0.231,0.8913,0.0,0.0,1,1.0,33,2,1,0.0,1.0,0.0
41.941,671,18.1,0.2517,0.9383,0.0323,-0.4287,0.9291,-0.0961,0.0,1,1.0,44,2,1,0.0048,0.8,0.0019
41.992,672,18.1,0.3289,0.8934,0.0,-0.586,0.9346,0.0,0.0,1,1.0,47,2,1,0.0,0.8,0.0
42.04,673,18.1,0.2391,1.0,0.0,-0.5221,0.9739,0.0,0.0,1,1.0,43,2,1,0.0,0.8,0.0
42.092,674,18.1,0.1626,1.0,0.0064,-0.445,0.9311,0.0,0.0,1,1.0,43,2,1,0.0,0.8,0.0
42.143,675,18.1,0.0831,1.0,0.0823,-0.0023,0.8865,0.0,0.0,1,1.0,34,2,1,0.0,0.8,0.0
42.192,676,18.1,0.1471,1.0,0.0325,-0.6948,0.9224,0.0,0.0,1,1.0,43,2,1,0.0,0.8,0.0
42.24,677,18.1,0.3631,1.0,0.0,-0.5838,1.0,0.0,0.0,1,1.0,31,2,1,0.0,0.8,0.0
42.29,678,18.1,0.5838,0.9191,0.0,-0.6863,1.0,0.0,0.0,1,1.0,39,2,1,0.0,0.8,0.0
42.342,679,18.1,0.5214,0.9263,0.0184,-0.6236,1.0,-0.7,0.0,1,1.0,34,2,1,0.035,0.8,0.014
42.401,680,18.1,0.3248,1.0,0.0055,-0.5496,1.0,0.0915,0.0,1,1.0,39,2,1,0.0046,0.8,0.0018
42.46,681,18.1,0.3366,1.0,0.0,-0.5715,1.0,0.0,0.0,1,1.0,50,2,1,0.0,0.8,0.0
42.52,682,18.1,0.3553,1.0,0.0,-0.5802,1.0,0.0,0.0,0,1.0,43,2,1,0.0,0.8,0.0
42.577,683,18.1,0.4184,1.0,0.0,-0.6078,1.0,0.0,0.0,0,1.0,35,2,1,0.0,0.0,0.0
42.639,684,18.1,0.444,1.0,0.0,-0.6183,1.0,-0.7,0.0,0,1.0,21,2,1,0.035,0.0,0.014
42.693,685,18.1,0.4678,1.0,0.0,-0.6277,1.0,-0.7,0.0,0,1.0,19,2,1,0.035,0.0,0.014
42.756,686,18.1,0.4637,1.0,0.0,-0.6261,1.0,-0.1129,0.0,0,1.0,15,2,1,0.0056,0.0,0.0023
42.807,687,18.1,0.6147,0.5501,0.0,-0.8033,0.8063,-0.1129,0.0,0,1.0,9,2,1,0.0056,0.0,0.0023
42.857,688,18.1,0.4824,0.6718,0.0,-0.7111,0.8345,-0.1129,0.0,0,1.0,11,2,1,0.0056,0.0,0.0023
42.906,689,18.1,0.3431,0.9712,0.0,-0.5793,1.0,-0.1876,0.0,0,1.0,18,2,1,0.0094,0.0,0.0038
42.959,690,18.1,0.5031,1.0,0.0,-0.6412,1.0,0.0,0.0,0,1.0,21,2,1,0.0,0.0,0.0
43.007,691,18.1,0.5833,0.7729,0.0,-0.7213,0.9759,0.0,0.0,0,1.0,23,2,1,0.0,0.0,0.0
43.057,692,18.1,0.5635,0.7955,0.0,-0.7083,0.9838,0.0915,0.0,0,1.0,24,2,1,0.0046,0.0,0.0018
43.106,693,18.1,0.4124,1.0,0.0,-0.6053,1.0,0.0045,0.0,0,1.0,21,2,1,0.0002,0.0,0.0001
43.157,694,18.1,0.4568,1.0,0.0,-0.6234,1.0,0.0045,0.0,0,1.0,24,2,1,0.0002,0.0,0.0001
43.206,695,18.1,0.4446,1.0,0.0,-0.6185,1.0,-0.7,0.0,0,1.0,23,2,1,0.035,0.0,0.014
43.258,696,18.1,0.4091,1.0,0.0,-0.6039,1.0,-0.1129,0.0,0,1.0,28,2,1,0.0056,0.0,0.0023
43.31,697,18.1,0.4378,0.7669,0.0,-0.6653,0.8893,-0.1129,0.0,0,1.0,24,2,1,0.0056,0.0,0.0023
43.365,698,18.1,0.4294,0.7758,0.0,-0.6593,0.8922,-0.7,0.0,0,1.0,25,2,1,0.035,0.0,0.014
43.423,699,18.1,0.237,0.9992,0.0494,-0.3584,0.9721,-0.7,0.0,0,1.0,25,2,1,0.035,0.0,0.014
43.476,700,18.1,0.4263,0.7789,0.0,-0.6571,0.893,0.0,0.0,0,1.0,23,2,1,0.0,0.0,0.0
43.532,701,18.1,0.43,0.7764,0.0,-0.6594,0.893,-0.7,0.0,0,1.0,25,2,1,0.035,0.0,0.014
43.593,702,18.1,0.5768,0.6489,0.0,-0.7553,0.8681,-0.7,0.0,0,1.0,24,2,1,0.035,0.0,0.014
43.649,703,18.1,0.4298,0.7772,0.0,-0.6162,0.8935,-0.7,0.0,0,1.0,26,2,1,0.035,0.0,0.014
43.713,704,18.1,0.4025,0.8036,0.0,-0.6403,0.9004,0.0915,0.0,0,1.0,26,2,1,0.0046,0.0,0.0018
43.769,705,18.1,0.4585,0.959,0.2148,-0.2557,1.0,-0.7,0.0,0,1.0,31,2,1,0.035,0.0,0.014
43.828,706,18.1,0.3867,0.9704,0.2245,-0.1817,1.0,0.0915,0.0,0,1.0,26,2,1,0.0046,0.0,0.0018
43.894,707,18.1,0.3701,0.97,0.2433,-0.1416,1.0,-0.0835,0.0,0,1.0,24,2,1,0.0042,0.0,0.0017
43.959,708,18.1,0.1401,0.836,0.4525,0.3734,0.9556,-0.0835,0.0,0,1.0,24,2,1,0.0042,0.0,0.0017
44.027,709,18.1,0.097,0.839,0.4515,0.4473,0.9576,-0.1876,0.0,0,1.0,25,2,1,0.0094,0.0,0.0038
44.09,710,18.1,0.0835,0.8613,0.4498,0.468,0.9754,-0.1129,0.0,0,1.0,28,2,1,0.0056,0.0,0.0023
44.15,711,18.1,0.1122,0.8615,0.4578,0.4211,0.98,-0.1129,0.0,0,1.0,28,2,1,0.0056,0.0,0.0023
44.2,712,18.1,0.11,0.8382,0.4752,0.4401,0.9702,0.0045,0.0,0,1.0,28,2,1,0.0002,0.0,0.0001
44.252,713,18.1,0.11,1.0,0.2238,0.1943,0.9653,0.0045,0.0,0,1.0,28,2,1,0.0002,0.0,0.0001
44.302,714,18.1,0.2106,1.0,0.0477,-0.3358,0.9579,0.0045,0.0,0,1.0,37,2,1,0.0002,0.0,0.0001
44.354,715,18.1,0.3349,0.7633,0.41,0.078,0.8707,0.0,0.0,0,1.0,37,2,1,0.0,0.0,0.0
44.41,716,18.1,0.1755,1.0,0.2151,0.0604,0.9605,-0.2773,0.0,0,1.0,48,2,1,0.0139,0.0,0.0055
44.47,717,18.1,0.1008,1.0,0.023,-0.2845,0.8964,0.0,0.0,0,1.0,41,2,1,0.0,0.0,0.0
44.533,718,18.1,0.1023,1.0,0.0262,-0.2697,0.8973,0.0,0.0,0,1.0,42,2,1,0.0,0.0,0.0
44.587,719,18.1,0.1749,1.0,0.0,-0.485,0.9379,0.0,0.0,0,1.0,40,2,1,0.0,0.0,0.0
44.647,720,18.1,0.2254,0.7908,0.4056,0.2092,0.8914,0.0,0.0,0,1.0,41,2,1,0.0,0.0,0.0
44.71,721,17.8,0.1461,0.8537,0.4503,0.3599,0.9693,-0.7,0.0,0,1.0,39,2,1,0.035,0.0,0.014
44.773,722,17.8,0.2767,0.698,0.4396,0.1787,0.8325,-0.0961,0.0,0,1.0,34,2,1,0.0048,0.0,0.0019
44.828,723,17.8,0.123,0.8612,0.4543,0.4,0.9778,-0.2303,0.0,0,1.0,35,2,1,0.0115,0.0,0.0046
44.882,724,17.8,0.1574,0.7912,0.4755,0.3687,0.9309,-0.2303,0.0,0,1.0,28,2,1,0.0115,0.0,0.0046
44.934,725,17.8,0.2421,0.7387,0.4069,0.1912,0.8484,-0.1129,0.0,0,1.0,28,2,1,0.0056,0.0,0.0023
44.986,726,17.8,0.1149,0.8816,0.4459,0.4053,0.9902,-0.2122,0.0,0,1.0,35,2,1,0.0106,0.0,0.0042
45.047,727,17.8,0.2287,0.9607,0.0389,-0.385,0.935,-0.1967,0.0,0,1.0,30,2,1,0.0098,0.0,0.0039
45.099,728,17.8,0.2953,0.884,0.0384,-0.4543,0.9079,-0.1967,0.0,0,1.0,30,2,1,0.0098,0.0,0.0039
45.153,729,17.8,0.2397,0.9784,0.0124,-0.4797,0.9561,0.0,0.0,0,1.0,23,2,1,0.0,0.0,0.0
45.212,730,17.8,0.2896,0.9886,0.0,-0.5503,0.9926,0.0,0.0,0,1.0,24,2,1,0.0,0.0,0.0
45.266,731,17.8,0.3546,1.0,0.0,-0.5799,1.0,0.0,0.0,0,1.0,23,2,1,0.0,0.0,0.0
45.319,732,17.8,0.4576,0.858,0.0,-0.915,0.977,-0.7,0.0,0,1.0,20,2,1,0.035,0.0,0.014
45.383,733,17.8,0.1437,0.8032,0.478,0.3907,0.9424,-0.1967,0.0,0,1.0,22,2,1,0.0098,0.0,0.0039
45.436,734,17.8,0.1242,0.8035,0.4876,0.4294,0.948,-0.1967,0.0,0,1.0,26,2,1,0.0098,0.0,0.0039
45.498,735,17.8,0.1347,0.7741,0.483,0.4131,0.9207,0.0045,0.0,0,1.0,24,2,1,0.0002,0.0,0.0001
45.556,736,17.8,0.0855,0.8658,0.4843,0.7343,0.9985,0.0045,0.0,0,1.0,26,2,1,0.0002,0.0,0.0001
45.615,737,17.8,0.0708,1.0,0.3273,0.386,1.0,-0.1129,0.0,0,1.0,23,2,1,0.0056,0.0,0.0023
45.673,738,17.8,0.11,0.8478,0.4864,0.4461,0.9845,0.0,0.0,0,1.0,37,2,1,0.0,0.0,0.0
45.74,739,17.8,0.049,0.9455,0.4134,0.5011,1.0,0.0,0.0,0,1.0,35,2,1,0.0,0.0,0.0
45.802,740,17.8,0.6581,0.7418,0.0,-0.7549,0.9916,0.0045,0.0,0,1.0,39,2,1,0.0002,0.0,0.0001
45.849,741,17.8,0.2106,1.0,0.0422,-0.3526,0.9579,-0.7,0.0,0,1.0,39,2,1,0.035,0.0,0.014
45.915,742,17.8,0.1044,1.0,0.0094,-0.3722,0.8985,0.0,0.0,0,1.0,37,2,1,0.0,0.0,0.0
45.967,743,17.8,0.1332,1.0,0.0252,-0.324,0.9146,0.0,0.0,0,1.0,40,2,1,0.0,0.0,0.0
46.017,744,17.8,0.1821,1.0,0.0,-0.4894,0.942,0.0,0.0,0,1.0,37,2,1,0.0,0.0,0.0
46.07,745,17.8,0.3035,1.0,0.0,-0.5556,1.0,0.0,0.0,0,1.0,35,2,1,0.0,0.0,0.0
46.14,746,17.8,0.4328,0.7784,0.0,-0.6601,0.8963,0.0,0.0,0,1.0,38,2,1,0.0,0.0,0.0
46.198,747,17.8,0.3323,0.9049,0.0,-0.5856,0.9462,0.0,0.0,0,1.0,32,2,1,0.0,0.0,0.0
46.248,748,17.8,0.5828,0.5947,0.0,-0.7758,0.8259,-0.4651,0.0,0,1.0,37,2,1,0.0233,0.0,0.0093
46.303,749,17.8,0.4905,0.7792,0.2937,-0.1961,0.9292,0.0915,0.0,0,1.0,42,2,1,0.0046,0.0,0.0018
46.365,750,17.8,0.2751,0.5881,0.5528,0.2855,0.8036,0.0915,0.0,0,1.0,38,2,1,0.0046,0.0,0.0018
46.42,751,17.5,0.2329,0.5975,0.5895,0.2751,0.832,-0.158,0.0,0,1.0,40,2,1,0.0079,0.0,0.0032
46.476,752,17.5,0.2752,0.525,0.6108,0.3361,0.783,-0.1967,0.0,0,1.0,39,2,1,0.0098,0.0,0.0039
46.535,753,17.5,0.1478,0.6544,0.6265,0.5039,0.9005,-0.1363,0.0,0,1.0,38,2,1,0.0068,0.0,0.0027
46.593,754,17.5,0.1226,0.674,0.6343,0.5437,0.9214,-0.1363,0.0,0,1.0,35,2,1,0.0068,0.0,0.0027
46.655,755,17.5,0.0666,0.7839,0.6242,0.6083,1.0,-0.1038,0.0,0,1.0,26,2,1,0.0052,0.0,0.0021
46.712,756,17.5,0.1465,0.6965,0.6108,0.489,0.9271,-0.2122,0.0,0,1.0,26,2,1,0.0106,0.0,0.0042
46.771,757,17.5,0.1188,0.74,0.5931,0.5142,0.9538,-0.1716,0.0,0,1.0,25,2,1,0.0086,0.0,0.0034
46.828,758,17.5,0.1112,0.9905,0.3318,0.3086,1.0,-0.1716,0.0,0,1.0,23,2,1,0.0086,0.0,0.0034
46.885,759,17.5,0.1224,0.7991,0.5545,0.4757,0.9818,0.0045,0.0,0,1.0,22,3,1,0.0002,0.0,0.0001
46.955,760,17.5,0.3403,0.6338,0.5437,0.1954,0.8369,0.0,0.0,0,1.0,22,3,1,0.0,0.0,0.0
47.006,761,17.5,0.2423,1.0,0.259,0.0214,0.985,0.0045,0.0,0,1.0,24,3,1,0.0002,0.0,0.0001
47.056,762,17.5,0.1794,1.0,0.2866,0.1442,1.0,0.0045,0.0,0,1.0,24,3,1,0.0002,0.0,0.0001
47.108,763,17.5,0.1712,1.0,0.2559,0.3473,0.9833,0.0045,0.0,0,1.0,22,3,1,0.0002,0.0,0.0001
47.161,764,17.5,0.1518,1.0,0.2853,0.188,0.9997,-0.1716,0.0,0,1.0,20,3,1,0.0086,0.0,0.0034
47.219,765,17.5,0.1892,0.7097,0.5132,0.3588,0.8835,0.0,0.0,0,1.0,20,3,1,0.0,0.0,0.0
47.266,766,17.5,0.1867,0.7038,0.5107,0.3616,0.8772,-0.1363,0.0,0,1.0,22,3,1,0.0068,0.0,0.0027
47.319,767,17.5,0.2254,0.7382,0.4177,0.2246,0.854,-0.1363,0.0,0,1.0,23,3,1,0.0068,0.0,0.0027
47.375,768,17.5,0.2173,0.7178,0.4538,0.2699,0.8571,-0.1876,0.0,0,1.0,26,3,1,0.0094,0.0,0.0038
47.427,769,17.5,0.2642,0.6384,0.4383,0.1983,0.7817,-0.0737,0.0,0,1.0,25,3,1,0.0037,0.0,0.0015
47.487,770,17.5,0.2643,0.6695,0.3714,0.1296,0.7704,-0.0783,0.0,0,1.0,21,3,1,0.0039,0.0,0.0016
47.549,771,17.5,0.235,0.7436,0.2982,0.0842,0.7917,-0.0783,0.0,0,1.0,22,3,1,0.0039,0.0,0.0016
47.613,772,17.5,0.2001,0.7773,0.2545,0.0802,0.7954,0.0045,0.0,0,1.0,22,3,1,0.0002,0.0,0.0001
47.674,773,17.5,0.1905,1.0,0.0052,-0.2312,0.9467,-0.7,0.0,0,1.0,20,3,1,0.035,0.0,0.014
47.733,774,17.5,0.2669,1.0,0.0,-0.537,0.9895,0.0,0.0,0,1.0,21,3,1,0.0,0.0,0.0
47.792,775,17.5,0.4322,0.8495,0.0,-0.6433,0.9556,0.0,0.0,0,1.0,24,3,1,0.0,0.0,0.0
47.841,776,17.5,0.2768,0.9623,0.0834,-0.3161,0.9633,-0.4651,0.0,0,1.0,23,3,1,0.0233,0.0,0.0093
47.893,777,17.5,0.2366,0.9224,0.0318,-0.4191,0.9073,-0.4651,0.0,0,1.0,24,3,1,0.0233,0.0,0.0093
47.944,778,17.5,0.2488,0.924,0.0306,-0.4333,0.9155,0.0,0.0,0,1.0,23,3,1,0.0,0.0,0.0
48.005,779,17.5,0.2975,0.7227,0.1835,-0.1649,0.7737,0.0,0.0,0,1.0,26,3,1,0.0,0.0,0.0
48.069,780,17.5,0.2974,0.7148,0.1979,-0.1415,0.767,0.0,0.0,0,1.0,22,3,1,0.0,0.0,0.0
48.137,781,17.6,0.2917,1.0,0.0,-0.5497,1.0,0.1784,0.0,0,1.0,25,3,1,0.0089,0.0,0.0036
48.193,782,17.6,0.2304,1.0,0.0,-0.5173,0.969,0.0,0.0,0,1.0,24,3,1,0.0,0.0,0.0
48.26,783,17.6,0.1328,1.0,0.0967,-0.0812,0.9144,0.0,0.0,0,1.0,29,3,1,0.0,0.0,0.0
48.308,784,17.6,0.4263,0.7789,0.0,-0.6571,0.893,0.0,0.0,0,1.0,24,3,1,0.0,0.0,0.0
48.363,785,17.6,0.2286,0.9288,0.0841,-0.2641,0.9082,0.0,0.0,0,1.0,29,3,1,0.0,0.0,0.0
48.423,786,17.6,0.4291,0.7754,0.0,-0.6592,0.8916,-0.7,0.0,0,1.0,34,3,1,0.035,0.0,0.014
48.474,787,17.6,0.2134,1.0,0.1033,-0.1953,0.9595,-0.7,0.0,0,1.0,33,3,1,0.035,0.0,0.014
48.526,788,17.6,0.3035,1.0,0.0,-0.5556,1.0,0.0,0.0,0,1.0,36,3,1,0.0,0.0,0.0
48.576,789,17.6,0.4293,0.7758,0.0,-0.6592,0.8921,0.0,0.0,0,1.0,29,3,1,0.0,0.0,0.0
48.64,790,17.6,0.3626,1.0,0.0,-0.5835,1.0,0.0,0.0,0,1.0,36,3,1,0.0,0.0,0.0
48.699,791,17.6,0.2616,0.9651,0.0,-0.5391,0.9571,-0.7,0.0,0,1.0,31,3,1,0.035,0.0,0.014
48.763,792,17.6,0.4116,0.7942,0.0,-0.6467,0.8977,0.0,0.0,0,1.0,35,3,1,0.0,0.0,0.0
48.815,793,17.6,0.2782,0.8829,0.0382,-0.4413,0.8975,-0.7,0.0,0,1.0,31,3,1,0.035,0.0,0.014
48.867,794,17.6,0.5506,0.65,0.0,-0.7452,0.8543,0.0,0.0,0,1.0,23,3,1,0.0,0.0,0.0
48.918,795,17.6,0.5623,0.6477,0.0,-0.7392,0.8589,0.0,0.0,0,1.0,24,3,1,0.0,0.0,0.0
48.967,796,17.6,0.648,0.7844,0.0,-0.74,1.0,0.0915,0.0,0,1.0,24,3,1,0.0046,0.0,0.0018
49.014,797,17.6,0.3481,0.8735,0.0048,-0.5853,0.9287,-0.0737,0.0,0,1.0,19,3,1,0.0037,0.0,0.0015
49.065,798,17.6,0.2292,0.974,0.0151,-0.4631,0.9465,-0.0737,0.0,0,1.0,21,3,1,0.0037,0.0,0.0015
49.116,799,17.6,0.2836,0.9013,0.0344,-0.4537,0.9159,0.0,0.0,0,1.0,18,3,1,0.0,0.0,0.0
49.167,800,17.6,0.2287,0.6949,0.4875,0.2841,0.8567,0.0,0.0,0,1.0,20,3,1,0.0,0.0,0.0
49.215,801,17.6,0.1485,0.8143,0.485,0.3865,0.9557,-0.0961,0.0,0,1.0,24,3,1,0.0048,0.0,0.0019
49.268,802,17.6,0.2876,1.0,0.0,-0.5476,1.0,-0.0961,0.0,0,1.0,20,3,1,0.0048,0.0,0.0019
49.315,803,17.6,0.3544,0.839,0.0,-0.6095,0.9032,-0.0961,0.0,0,1.0,23,3,1,0.0048,0.0,0.0019
49.37,804,17.6,0.1983,0.9348,0.1557,-0.0712,0.8963,-0.7,0.0,0,1.0,23,3,1,0.035,0.0,0.014
49.43,805,17.6,0.2066,1.0,0.0,-0.5038,0.9557,-0.7,0.0,0,1.0,20,3,1,0.035,0.0,0.014
49.484,806,17.6,0.2691,1.0,0.0,-0.5381,0.9907,0.0,0.0,0,1.0,21,3,1,0.0,0.0,0.0
49.535,807,17.6,0.234,1.0,0.0,-0.5193,0.9711,0.0,0.0,0,1.0,20,3,1,0.0,0.0,0.0
49.595,808,17.6,0.4266,0.7799,0.0,-0.657,0.894,0.0,0.0,0,1.0,17,3,1,0.0,0.0,0.0
49.656,809,17.6,0.2354,1.0,0.0,-0.52,0.9718,-0.7,0.0,0,1.0,19,3,1,0.035,0.0,0.014
49.715,810,17.6,0.1741,1.0,0.0037,-0.4665,0.9375,0.0,0.0,0,1.0,20,3,1,0.0,0.0,0.0
49.778,811,18.2,0.1742,1.0,0.0062,-0.4549,0.9375,0.0,0.0,0,1.0,21,3,1,0.0,0.0,0.0
49.834,812,18.2,0.2288,1.0,0.0022,-0.5079,0.9681,0.0,0.0,0,1.0,19,3,1,0.0,0.0,0.0
49.895,813,18.2,0.18,1.0,0.0,-0.4881,0.9408,0.0,0.0,0,1.0,19,3,1,0.0,0.0,0.0
49.952,814,18.2,0.2488,1.0,0.0,-0.5273,0.9793,0.0,0.0,0,1.0,18,3,1,0.0,0.0,0.0
50.011,815,18.2,0.4295,0.7763,0.0,-0.6592,0.8926,0.0,0.0,0,1.0,18,3,1,0.0,0.0,0.0
50.064,816,18.2,0.4266,0.7793,0.0,-0.6572,0.8935,-0.7,0.0,0,1.0,18,3,1,0.035,0.0,0.014
50.116,817,18.2,0.4264,0.7784,0.0,-0.6573,0.8927,-0.7,0.0,0,1.0,17,3,1,0.035,0.0,0.014
50.168,818,18.2,0.4377,0.767,0.0,-0.6652,0.8894,-0.7,0.0,0,1.0,18,3,1,0.035,0.0,0.014
50.227,819,18.2,0.4293,0.7757,0.0,-0.6592,0.892,-0.7,0.0,0,1.0,17,3,1,0.035,0.0,0.014
50.283,820,18.2,0.4194,0.7869,0.0,-0.6521,0.8959,-0.7,0.0,0,1.0,19,3,1,0.035,0.0,0.014
50.335,821,18.2,0.4294,0.7759,0.0,-0.6593,0.8922,-0.7,0.0,0,1.0,18,3,1,0.035,0.0,0.014
50.402,822,18.2,0.4295,0.7762,0.0,-0.6592,0.8925,-0.7,0.0,0,1.0,18,3,1,0.035,0.0,0.014
50.464,823,18.2,0.387,0.8044,0.0,-0.6328,0.8924,-0.7,0.0,0,1.0,18,3,1,0.035,0.0,0.014
50.516,824,18.2,0.4294,0.7764,0.0,-0.6592,0.8927,-0.7,0.0,0,1.0,18,3,1,0.035,0.0,0.014
50.572,825,18.2,0.4293,0.7757,0.0,-0.6593,0.892,-0.7,0.0,0,1.0,17,3,1,0.035,0.0,0.014
50.634,826,18.2,0.4267,0.7793,0.0,-0.6572,0.8936,-0.7,0.0,0,1.0,17,3,1,0.035,0.0,0.014
50.689,827,18.2,0.4268,0.7797,0.0,-0.6572,0.8939,-0.7,0.0,0,1.0,17,3,1,0.035,0.0,0.014
50.754,828,18.2,0.4911,0.684,0.0,-0.7111,0.8496,-0.7,0.0,0,1.0,19,3,1,0.035,0.0,0.014
50.813,829,18.2,0.3222,0.8966,0.0,-0.582,0.9335,-0.7,0.0,0,1.0,18,3,1,0.035,0.0,0.014
50.865,830,18.2,0.4269,0.7788,0.0,-0.6574,0.8933,0.0,0.0,0,1.0,17,3,1,0.0,0.0,0.0
50.918,831,18.2,0.4266,0.7781,0.0,-0.6574,0.8925,-0.7,0.0,0,1.0,17,3,1,0.035,0.0,0.014
50.971,832,18.2,0.4266,0.7793,0.0,-0.6572,0.8935,-0.7,0.0,0,1.0,17,3,1,0.035,0.0,0.014
51.033,833,18.2,0.4267,0.7795,0.0,-0.6572,0.8937,-0.7,0.0,0,1.0,18,3,1,0.035,0.0,0.014
51.08,834,18.2,0.4908,0.6836,0.0,-0.7111,0.8491,-0.7,0.0,0,1.0,19,3,1,0.035,0.0,0.014
51.132,835,18.2,0.491,0.6838,0.0,-0.7111,0.8494,-0.1129,0.0,0,1.0,19,3,1,0.0056,0.0,0.0023
51.18,836,18.2,0.4268,0.7796,0.0,-0.6572,0.8938,-0.1129,0.0,0,1.0,19,3,1,0.0056,0.0,0.0023
51.23,837,18.2,0.4268,0.7797,0.0,-0.6572,0.8939,-0.1129,0.0,0,1.0,19,3,1,0.0056,0.0,0.0023
51.281,838,18.2,0.4268,0.7797,0.0,-0.6572,0.8939,-0.7,0.0,0,1.0,20,3,1,0.035,0.0,0.014
51.332,839,18.2,0.4269,0.7799,0.0,-0.7962,0.8942,-0.7,0.0,0,1.0,17,3,1,0.035,0.0,0.014
51.385,840,18.2,0.6499,0.7859,0.0,-0.7402,1.0,-0.7,0.0,0,1.0,22,3,1,0.035,0.0,0.014
51.442,841,18.0,0.4267,0.7795,0.0,-0.6572,0.8937,-0.0737,0.0,0,1.0,23,3,1,0.0037,0.0,0.0015
51.493,842,18.0,0.4267,0.7793,0.0,-0.6572,0.8936,-0.7,0.0,0,1.0,25,3,1,0.035,0.0,0.014
51.545,843,18.0,0.3563,0.9262,0.0,-0.5934,0.9775,-0.7,0.0,0,1.0,29,3,1,0.035,0.0,0.014
51.601,844,18.0,0.466,0.8573,0.0,-0.6558,0.9811,-0.7,0.0,0,1.0,26,3,1,0.035,0.0,0.014
51.661,845,18.0,0.413,0.8886,0.0,-0.6265,0.9777,-0.1129,0.0,0,1.0,29,3,1,0.0056,0.0,0.0023
51.721,846,18.0,0.4024,0.9159,0.0,-0.6164,0.9947,-0.7,0.0,0,1.0,30,3,1,0.035,0.0,0.014
51.782,847,18.0,0.4682,1.0,0.0,-0.6279,1.0,-0.7,0.0,0,1.0,31,3,1,0.035,0.0,0.014
51.836,848,18.0,0.4828,0.72,0.0,-0.6972,0.8752,-0.7,0.0,0,1.0,22,3,1,0.035,0.0,0.014
51.888,849,18.0,0.4838,0.7232,0.0,-0.6967,0.8784,-0.1129,0.0,0,1.0,22,4,1,0.0056,0.0,0.0023
51.941,850,18.0,0.4474,0.7752,0.0,-0.6674,0.9017,-0.1129,0.0,0,1.0,21,4,1,0.0056,0.0,0.0023
51.992,851,18.0,0.3973,0.8131,0.0,-0.6357,0.9055,-0.1129,0.0,0,1.0,18,4,1,0.0056,0.0,0.0023
52.04,852,18.0,0.3481,0.8595,0.0,-0.6022,0.9169,-0.1129,0.0,0,1.0,21,4,1,0.0056,0.0,0.0023
52.09,853,18.0,0.4318,0.7595,0.0,-0.6645,0.8798,0.0,0.0,0,1.0,28,4,1,0.0,0.0,0.0
52.141,854,18.0,0.3424,0.8427,0.0,-0.6027,0.8996,-0.4651,0.0,0,1.0,21,4,1,0.0233,0.0,0.0093
52.19,855,18.0,0.1803,1.0,0.001,-0.4833,0.941,-0.4651,0.0,0,1.0,24,4,1,0.0233,0.0,0.0093
52.24,856,18.0,0.2166,0.9584,0.0382,-0.3756,0.9264,0.0,0.0,0,1.0,26,4,1,0.0,0.0,0.0
52.29,857,18.0,0.2249,1.0,0.0187,-0.4441,0.966,0.0,0.0,0,1.0,30,4,1,0.0,0.0,0.0
52.341,858,18.0,0.3572,0.8442,0.0009,-0.6072,0.9092,0.0,0.0,0,1.0,28,4,1,0.0,0.0,0.0
52.394,859,18.0,0.3572,0.8363,0.0084,-0.5873,0.9025,0.0,0.0,0,1.0,32,4,1,0.0,0.0,0.0
52.458,860,18.0,0.2418,1.0,0.0033,-0.5112,0.9754,-0.7,0.0,0,1.0,32,4,1,0.035,0.0,0.014
52.516,861,18.0,0.423,1.0,0.0057,-0.5958,1.0,-0.7,0.0,0,1.0,37,4,1,0.035,0.0,0.014
52.58,862,18.0,0.4783,1.0,0.0072,-0.6156,1.0,-0.7,0.0,1,1.0,43,4,1,0.035,1.0,0.014
52.644,863,18.0,0.3637,0.83,0.0088,-0.5908,0.9009,-0.1129,0.0,1,1.0,48,4,1,0.0056,0.8,0.0023
52.708,864,18.0,0.4116,0.7945,0.0,-0.6467,0.8979,-0.7,0.0,1,1.0,46,4,1,0.035,0.8,0.014
52.763,865,18.0,0.1952,1.0,0.0101,-0.4537,0.9493,-0.7,0.0,1,1.0,49,4,1,0.035,0.8,0.014
52.821,866,18.0,0.2164,0.9604,0.0297,-0.403,0.928,0.0,0.0,1,1.0,40,4,1,0.0,0.8,0.0
52.875,867,18.0,0.2289,0.5885,0.4776,0.2881,0.7618,0.0,0.0,1,1.0,18,4,1,0.0,0.8,0.0
52.923,868,18.0,0.4266,0.7794,0.0,-0.6572,0.8936,0.0,0.0,1,1.0,15,4,1,0.0,0.8,0.0
52.974,869,18.0,0.4129,0.7808,0.0,-0.5936,0.8871,-0.7,0.0,1,1.0,15,4,1,0.035,0.8,0.014
53.022,870,18.0,0.3686,1.0,0.0,-0.5862,1.0,-0.7,0.0,1,1.0,15,4,1,0.035,0.8,0.014
53.074,871,18.3,0.2124,1.0,0.0,-0.5072,0.959,-0.7,0.0,1,1.0,36,4,1,0.035,0.8,0.014
53.123,872,18.3,0.2107,1.0,0.0016,-0.4995,0.958,-0.7,0.0,1,1.0,35,4,1,0.035,0.8,0.014
53.176,873,18.3,0.2495,1.0,0.0,-0.5277,0.9797,0.0,0.0,1,1.0,54,4,1,0.0,0.8,0.0
53.239,874,18.3,0.2181,1.0,0.0449,-0.3523,0.9621,0.0,0.0,0,1.0,48,4,1,0.0,0.8,0.0
53.29,875,18.3,0.3113,1.0,0.0,-0.5594,1.0,0.0,0.0,0,1.0,47,4,1,0.0,0.0,0.0
53.343,876,18.3,0.2507,1.0,0.0811,-0.2909,0.9804,0.0,0.0,0,1.0,36,4,1,0.0,0.0,0.0
53.404,877,18.3,0.3433,0.875,0.0,-0.5967,0.9272,0.0,0.0,0,1.0,26,4,1,0.0,0.0,0.0
53.461,878,18.3,0.3508,0.8445,0.0,-0.6065,0.9059,0.0,0.0,0,1.0,29,4,1,0.0,0.0,0.0
53.519,879,18.3,0.1459,1.0,0.2102,0.1047,0.9577,0.0,0.0,0,1.0,26,4,1,0.0,0.0,0.0
53.576,880,18.3,0.2289,0.7353,0.4485,0.2472,0.8688,0.0,0.0,0,1.0,20,4,1,0.0,0.0,0.0
53.639,881,18.3,0.0579,0.9288,0.4834,0.5261,1.0,-0.0961,0.0,0,1.0,26,4,1,0.0048,0.0,0.0019
53.699,882,18.3,0.1009,0.973,0.3164,0.316,0.9945,-0.1129,0.0,0,1.0,26,4,1,0.0056,0.0,0.0023
53.753,883,18.3,0.11,0.8676,0.4641,0.4283,0.9887,-0.1129,0.0,0,1.0,20,4,1,0.0056,0.0,0.0023
53.81,884,18.3,0.1101,1.0,0.2127,0.1797,0.9591,0.0,0.0,0,1.0,20,4,1,0.0,0.0,0.0
53.857,885,18.3,0.1101,1.0,0.1752,0.1248,0.9381,0.0,0.0,0,1.0,21,4,1,0.0,0.0,0.0
53.906,886,18.3,0.11,1.0,0.2542,0.2314,0.9824,0.0,0.0,0,1.0,28,4,1,0.0,0.0,0.0
53.967,887,18.3,0.0751,1.0,0.2827,0.3372,0.9983,0.0,0.0,0,1.0,29,4,1,0.0,0.0,0.0
54.028,888,18.3,0.0698,0.8728,0.4822,0.5121,1.0,0.0,0.0,0,1.0,36,4,1,0.0,0.0,0.0
54.082,889,18.3,0.0559,0.9046,0.4708,0.5272,1.0,0.0,0.0,0,1.0,35,4,1,0.0,0.0,0.0
54.133,890,18.3,0.1498,1.0,0.0388,-0.2903,0.9239,-0.1129,0.0,0,1.0,33,4,1,0.0056,0.0,0.0023
54.185,891,18.3,0.2403,0.9926,0.0211,-0.4487,0.9684,0.0,0.0,0,1.0,36,4,1,0.0,0.0,0.0
54.245,892,18.3,0.4761,0.7224,0.0,-0.6937,0.8735,0.0,0.0,0,1.0,36,4,1,0.0,0.0,0.0
54.301,893,18.3,0.5021,0.7172,0.0,-0.7059,0.8836,0.0,0.0,0,1.0,31,4,1,0.0,0.0,0.0
54.351,894,18.3,0.2631,1.0,0.0,-0.535,0.9873,-0.1129,0.0,0,1.0,33,4,1,0.0056,0.0,0.0023
54.409,895,18.3,0.5311,0.842,0.0,-0.6849,1.0,0.0,0.0,0,1.0,31,4,1,0.0,0.0,0.0
54.463,896,18.3,0.4155,0.86,0.2625,-0.1648,0.9551,0.0915,0.0,0,1.0,30,4,1,0.0046,0.0,0.0018
54.52,897,18.3,0.1843,0.7852,0.4791,0.331,0.9278,0.0915,0.0,0,1.0,29,4,1,0.0046,0.0,0.0018
54.585,898,18.3,0.2995,0.6388,0.4788,0.1892,0.8047,-0.0894,0.0,0,1.0,28,4,1,0.0045,0.0,0.0018
54.654,899,18.3,0.1657,0.8062,0.481,0.3578,0.9466,-0.0961,0.0,0,1.0,33,4,1,0.0048,0.0,0.0019
54.716,900,18.3,0.135,1.0,0.2788,0.2104,0.9961,-0.1198,0.0,0,1.0,27,4,1,0.006,0.0,0.0024
54.775,901,17.7,0.1239,0.826,0.4895,0.4279,0.9679,0.0,0.0,0,1.0,20,4,1,0.0,0.0,0.0
54.833,902,17.7,0.1545,0.78,0.4827,0.38,0.9255,0.0045,0.0,0,1.0,23,4,1,0.0002,0.0,0.0001
54.882,903,17.7,0.1101,0.8149,0.4954,0.4569,0.962,0.0045,0.0,0,1.0,25,4,1,0.0002,0.0,0.0001
54.933,904,17.7,0.2113,0.7955,0.4054,0.2288,0.8953,-0.0737,0.0,0,1.0,20,4,1,0.0037,0.0,0.0015
54.982,905,17.7,0.2106,0.777,0.425,0.2489,0.8907,-0.7,0.0,0,1.0,20,4,1,0.035,0.0,0.014
55.049,906,17.7,0.2107,0.7066,0.4954,0.3145,0.871,-0.7,0.0,0,1.0,19,4,1,0.035,0.0,0.014
55.101,907,17.7,0.0714,0.859,0.4874,0.5144,0.9946,-0.7,0.0,0,1.0,23,4,1,0.035,0.0,0.014
55.149,908,17.7,0.0725,0.856,0.4963,0.5181,0.997,-0.1716,0.0,0,1.0,23,4,1,0.0086,0.0,0.0034
55.204,909,17.7,0.4115,0.7942,0.0,-0.6467,0.8976,-0.1967,0.0,0,1.0,23,4,1,0.0098,0.0,0.0039
55.267,910,17.7,0.11,0.8423,0.4844,0.4457,0.9788,-0.1967,0.0,0,1.0,26,4,1,0.0098,0.0,0.0039
55.316,911,17.7,0.2106,0.9994,0.0397,-0.3608,0.9574,-0.7,0.0,0,1.0,25,4,1,0.035,0.0,0.014
55.37,912,17.7,0.2106,0.9878,0.0251,-0.4106,0.9476,0.0,0.0,0,1.0,25,4,1,0.0,0.0,0.0
55.432,913,17.7,0.1552,1.0,0.038,-0.301,0.9269,0.0,0.0,0,1.0,27,4,1,0.0,0.0,0.0
55.485,914,17.7,0.1379,0.8402,0.4946,0.4065,0.9827,0.0,0.0,0,1.0,29,4,1,0.0,0.0,0.0
55.542,915,17.7,0.1457,0.7152,0.5536,0.4523,0.9108,0.0045,0.0,0,1.0,24,4,1,0.0002,0.0,0.0001
55.595,916,17.7,0.1555,0.7015,0.5587,0.4424,0.9021,0.0045,0.0,0,1.0,24,4,1,0.0002,0.0,0.0001
55.658,917,17.7,0.4023,0.8612,0.3196,-0.0851,0.9487,-0.0835,0.0,0,1.0,27,4,1,0.0042,0.0,0.0017
55.72,918,17.7,0.0592,0.8018,0.5742,0.5941,0.9951,-0.152,0.0,0,1.0,30,4,1,0.0076,0.0,0.003
55.78,919,17.7,0.1037,0.7611,0.5753,0.5252,0.9615,0.0915,0.0,0,1.0,34,4,1,0.0046,0.0,0.0018
55.834,920,17.7,0.131,0.7069,0.5871,0.4975,0.9226,0.0915,0.0,0,1.0,30,4,1,0.0046,0.0,0.0018
55.881,921,17.7,0.1252,0.736,0.5794,0.4968,0.9427,0.0915,0.0,0,1.0,27,4,1,0.0046,0.0,0.0018
55.932,922,17.7,0.5425,0.902,0.1809,-0.3669,1.0,0.0045,0.0,0,1.0,26,4,1,0.0002,0.0,0.0001
55.986,923,17.7,0.11,1.0,0.322,0.301,1.0,-0.1911,0.0,0,1.0,22,4,1,0.0096,0.0,0.0038
56.045,924,17.7,0.5286,0.9456,0.1636,-0.377,1.0,-0.1911,0.0,0,1.0,27,4,1,0.0096,0.0,0.0038
56.099,925,17.7,0.4678,0.8358,0.2961,-0.171,0.964,0.0,0.0,0,1.0,22,4,1,0.0,0.0,0.0
56.15,926,17.7,0.2288,0.6442,0.5409,0.3314,0.844,-0.1833,0.0,0,1.0,22,4,1,0.0092,0.0,0.0037
56.198,927,17.7,0.2288,0.6433,0.5417,0.3321,0.8437,-0.2303,0.0,0,1.0,22,4,1,0.0115,0.0,0.0046
56.258,928,17.7,0.2288,0.6457,0.5391,0.3299,0.8442,-0.2303,0.0,0,1.0,21,4,1,0.0115,0.0,0.0046
56.314,929,17.7,0.1555,0.5888,0.6535,0.5209,0.8606,-0.2303,0.0,0,1.0,22,4,1,0.0115,0.0,0.0046
56.37,930,17.7,0.4262,0.8142,0.347,-0.0788,0.9226,-0.1833,0.0,0,1.0,23,4,1,0.0092,0.0,0.0037
56.426,931,18.1,0.1479,0.6305,0.619,0.5042,0.8762,-0.1833,0.0,0,1.0,21,4,1,0.0092,0.0,0.0037
56.475,932,18.1,0.1479,0.6443,0.6078,0.495,0.8816,-0.1833,0.0,0,1.0,19,4,1,0.0092,0.0,0.0037
56.526,933,18.1,0.1479,0.6636,0.5866,0.4787,0.8859,-0.1038,0.0,0,1.0,22,4,1,0.0052,0.0,0.0021
56.578,934,18.1,0.1479,0.6697,0.5815,0.4744,0.8882,-0.1038,0.0,0,1.0,22,4,1,0.0052,0.0,0.0021
56.64,935,18.1,0.4259,0.7801,0.0,-0.6566,0.8938,0.0045,0.0,0,1.0,18,4,1,0.0002,0.0,0.0001
56.695,936,18.1,0.4195,0.7871,0.0,-0.652,0.8961,0.0045,0.0,0,1.0,20,4,1,0.0002,0.0,0.0001
56.764,937,18.1,0.2247,0.7669,0.4194,0.2247,0.8791,-0.7,0.0,0,1.0,21,4,1,0.035,0.0,0.014
56.82,938,18.1,0.2247,0.7716,0.4127,0.2183,0.8792,-0.7,0.0,0,1.0,23,4,1,0.035,0.0,0.014
56.875,939,18.1,0.2249,0.6994,0.49,0.291,0.8619,-0.7,0.0,0,1.0,22,5,1,0.035,0.0,0.014
56.935,940,18.1,0.1479,0.852,0.4141,0.3288,0.9476,-0.7,0.0,0,1.0,24,5,1,0.035,0.0,0.014
56.993,941,18.1,0.1512,0.8454,0.4191,0.328,0.9448,-0.2471,0.0,0,1.0,25,5,1,0.0124,0.0,0.0049
57.04,942,18.1,0.2247,0.6899,0.4957,0.2969,0.8571,-0.3477,0.0,0,1.0,20,5,1,0.0174,0.0,0.007
57.089,943,18.1,0.2021,0.7792,0.4319,0.267,0.8964,-0.3477,0.0,0,1.0,20,5,1,0.0174,0.0,0.007
57.141,944,18.1,0.2023,0.7769,0.3564,0.1963,0.8522,-0.1235,0.0,0,1.0,20,5,1,0.0062,0.0,0.0025
57.192,945,18.1,0.3748,0.8137,0.0,-0.6249,0.8933,-0.7,0.0,0,1.0,20,5,1,0.035,0.0,0.014
57.241,946,18.1,0.3786,0.8093,0.0,-0.6277,0.8918,-0.7,0.0,0,1.0,19,5,1,0.035,0.0,0.014
57.289,947,18.1,0.3835,0.8055,0.0,-0.631,0.8914,0.0,0.0,0,1.0,17,5,1,0.0,0.0,0.0
57.339,948,18.1,0.3666,0.8252,0.0,-0.6184,0.8985,-0.4651,0.0,0,1.0,19,5,1,0.0233,0.0,0.0093
57.393,949,18.1,0.3809,0.8099,0.0,-0.6287,0.8937,-0.4651,0.0,0,1.0,19,5,1,0.0233,0.0,0.0093
57.455,950,18.1,0.2726,0.9243,0.0098,-0.5179,0.929,-0.7,0.0,0,1.0,21,5,1,0.035,0.0,0.014
57.51,951,18.1,0.2037,0.741,0.4607,0.1786,0.8805,-0.4651,0.0,0,1.0,22,5,1,0.0233,0.0,0.0093
57.56,952,18.1,0.2032,0.7428,0.4561,0.2897,0.8794,-0.0737,0.0,0,1.0,27,5,1,0.0037,0.0,0.0015
57.622,953,18.1,0.155,0.7434,0.4942,0.3927,0.9012,-0.0737,0.0,0,1.0,26,5,1,0.0037,0.0,0.0015
57.68,954,18.1,0.1407,0.7125,0.5389,0.4512,0.9003,-0.0737,0.0,0,1.0,23,5,1,0.0037,0.0,0.0015
57.739,955,18.1,0.1476,0.7053,0.545,0.4453,0.8976,-0.0737,0.0,0,1.0,25,5,1,0.0037,0.0,0.0015
57.797,956,18.1,0.11,1.0,0.2652,0.2436,0.9885,0.0045,0.0,0,1.0,28,5,1,0.0002,0.0,0.0001
57.856,957,18.1,0.1101,0.8893,0.4428,0.4105,0.995,0.0,0.0,0,1.0,22,5,1,0.0,0.0,0.0
57.909,958,18.1,0.4264,0.7792,0.0,-0.6571,0.8933,-0.1967,0.0,0,1.0,21,5,1,0.0098,0.0,0.0039
57.958,959,18.1,0.4265,0.7796,0.0,-0.8943,0.8937,-0.1967,0.0,0,1.0,22,5,1,0.0098,0.0,0.0039
58.022,960,18.1,0.4264,0.7794,0.0,-0.6571,0.8935,-0.7,0.0,0,1.0,24,5,1,0.035,0.0,0.014
58.072,961,18.2,0.3924,0.7788,0.0249,-0.5752,0.8739,-0.7,0.0,0,1.0,26,5,1,0.035,0.0,0.014
58.123,962,18.2,0.2006,0.9262,0.0586,0.0646,0.8903,-0.7,0.0,0,1.0,24,5,1,0.035,0.0,0.014
58.179,963,18.2,0.098,0.8172,0.498,0.4794,0.9653,0.0,0.0,0,1.0,30,5,1,0.0,0.0,0.0
58.233,964,18.2,0.2839,0.7888,0.1129,-0.2764,0.8216,0.0,0.0,0,1.0,27,5,1,0.0,0.0,0.0
58.281,965,18.2,0.1478,0.7469,0.5099,0.4148,0.913,-0.1967,0.0,0,1.0,31,5,1,0.0098,0.0,0.0039
58.332,966,18.2,0.1555,0.7614,0.4874,0.3845,0.9125,-0.0737,0.0,0,1.0,28,5,1,0.0037,0.0,0.0015
58.383,967,18.2,0.1478,0.763,0.4936,0.4008,0.9173,-0.0737,0.0,0,1.0,30,5,1,0.0037,0.0,0.0015
58.441,968,18.2,0.1556,0.7574,0.4921,0.3882,0.9118,-0.1363,0.0,0,1.0,29,5,1,0.0068,0.0,0.0027
58.494,969,18.2,0.1556,0.7553,0.4953,0.3908,0.9118,0.0045,0.0,0,1.0,26,5,1,0.0002,0.0,0.0001
58.554,970,18.2,0.438,0.7675,0.0,-0.6652,0.89,-0.0737,0.0,0,1.0,25,5,1,0.0037,0.0,0.0015
58.609,971,18.2,0.3164,1.0,0.0,-0.5619,1.0,-0.0737,0.0,0,1.0,20,5,1,0.0037,0.0,0.0015
58.672,972,18.2,0.2965,1.0,0.0,-0.5521,1.0,-0.4651,0.0,0,1.0,20,5,1,0.0233,0.0,0.0093
58.726,973,18.2,0.3106,1.0,0.0,-0.5591,1.0,0.0,0.0,0,1.0,21,5,1,0.0,0.0,0.0
58.779,974,18.2,0.3247,1.0,0.0,-0.5659,1.0,0.0,0.0,0,1.0,22,5,1,0.0,0.0,0.0
58.833,975,18.2,0.3027,1.0,0.0,-0.5552,1.0,0.0,0.0,0,1.0,26,5,1,0.0,0.0,0.0
58.886,976,18.2,0.3037,1.0,0.0,-0.5557,1.0,0.0,0.0,0,1.0,25,5,1,0.0,0.0,0.0
58.945,977,18.2,0.172,1.0,0.2499,0.1125,0.9799,0.0,0.0,0,1.0,27,5,1,0.0,0.0,0.0
59.0,978,18.2,0.324,1.0,0.0,-0.5656,1.0,-0.2303,0.0,0,1.0,19,5,1,0.0115,0.0,0.0046
59.047,979,18.2,0.308,1.0,0.0,-0.5578,1.0,0.0,0.0,0,1.0,22,5,1,0.0,0.0,0.0
59.098,980,18.2,0.3223,1.0,0.0,-0.5647,1.0,0.0,0.0,0,1.0,20,5,1,0.0,0.0,0.0
59.148,981,18.2,0.3006,1.0,0.0,-0.5541,1.0,0.0,0.0,0,1.0,23,5,1,0.0,0.0,0.0
59.199,982,18.2,0.299,1.0,0.0,-0.5534,1.0,0.0,0.0,0,1.0,28,5,1,0.0,0.0,0.0
59.248,983,18.2,0.3031,1.0,0.0,-0.5554,1.0,0.0,0.0,0,1.0,25,5,1,0.0,0.0,0.0
59.301,984,18.2,0.3147,1.0,0.0,-0.5611,1.0,0.0,0.0,0,1.0,28,5,1,0.0,0.0,0.0
59.35,985,18.2,0.3144,1.0,0.0,-0.5609,1.0,0.0,0.0,0,1.0,26,5,1,0.0,0.0,0.0
59.401,986,18.2,0.3126,1.0,0.0,-0.56,1.0,0.0,0.0,0,1.0,25,5,1,0.0,0.0,0.0
59.451,987,18.2,0.3091,1.0,0.0,-0.5583,1.0,0.0,0.0,0,1.0,26,5,1,0.0,0.0,0.0
59.5,988,18.2,0.3045,1.0,0.0,-0.4557,1.0,0.0,0.0,0,1.0,24,5,1,0.0,0.0,0.0
59.551,989,18.2,0.3018,1.0,0.0,-0.5547,1.0,0.0,0.0,0,1.0,27,5,1,0.0,0.0,0.0
59.604,990,18.2,0.2991,1.0,0.0,-0.5534,1.0,0.0,0.0,0,1.0,27,5,1,0.0,0.0,0.0
59.667,991,19.0,0.2427,1.0,0.0021,-0.5162,0.9759,0.0,0.0,0,1.0,32,5,1,0.0,0.0,0.0
59.734,992,19.0,0.2188,1.0,0.0065,-0.4847,0.9625,0.0,0.0,0,1.0,21,5,1,0.0,0.0,0.0
59.788,993,19.0,0.2975,0.8975,0.0108,-0.2698,0.9205,0.0,0.0,0,1.0,21,5,1,0.0,0.0,0.0
59.844,994,19.0,0.4266,0.7788,0.0,-0.6573,0.8931,0.0,0.0,0,1.0,22,5,1,0.0,0.0,0.0
59.899,995,19.0,0.4085,0.795,0.0011,-0.642,0.8966,-0.7,0.0,0,1.0,27,5,1,0.035,0.0,0.014
59.95,996,19.0,0.0697,0.5893,0.804,0.7241,0.9453,-0.7,0.0,0,1.0,26,5,1,0.035,0.0,0.014
60.001,997,19.0,0.0691,1.0,0.4361,0.4664,1.0,-0.7,0.0,0,1.0,26,5,1,0.035,0.0,0.014
60.051,998,19.0,0.1081,0.6357,0.6809,0.3741,0.9153,-0.0395,0.0,0,1.0,24,5,1,0.002,0.0,0.0008
60.1,999,19.0,0.072,0.5636,0.8046,0.7282,0.924,-0.1129,0.0,0,1.0,25,5,1,0.0056,0.0,0.0023
60.154,1000,19.0,0.4265,0.7788,0.0,-0.6572,0.893,-0.1129,0.0,0,1.0,22,5,1,0.0056,0.0,0.0023
60.214,1001,19.0,0.1178,0.5434,0.7707,0.6476,0.8881,-0.0395,0.0,0,1.0,29,5,1,0.002,0.0,0.0008
60.265,1002,19.0,0.1417,1.0,0.2866,0.2069,1.0,-0.1967,0.0,0,1.0,26,5,1,0.0098,0.0,0.0039
60.319,1003,19.0,0.0837,1.0,0.4096,0.4212,1.0,0.0,0.0,0,1.0,29,5,1,0.0,0.0,0.0
60.384,1004,19.0,0.0803,1.0,0.3944,0.417,1.0,0.0,0.0,0,1.0,28,5,1,0.0,0.0,0.0
60.451,1005,19.0,0.2611,1.0,0.0,-0.5339,0.9862,-0.7,0.0,0,1.0,20,5,1,0.035,0.0,0.014
60.511,1006,19.0,0.2603,1.0,0.0,-0.5335,0.9858,0.0,0.0,0,1.0,22,5,1,0.0,0.0,0.0
60.567,1007,19.0,0.4296,0.7767,0.0,-0.6591,0.893,0.0,0.0,0,1.0,19,5,1,0.0,0.0,0.0
60.628,1008,19.0,0.4377,0.7672,0.0,-0.6652,0.8896,-0.7,0.0,0,1.0,17,5,1,0.035,0.0,0.014
60.689,1009,19.0,0.2287,0.6573,0.3833,0.1933,0.7668,-0.4651,0.0,0,1.0,20,5,1,0.0233,0.0,0.0093
60.748,1010,19.0,0.1457,0.6441,0.6286,0.5105,0.8931,-0.4651,0.0,0,1.0,24,5,1,0.0233,0.0,0.0093
60.802,1011,19.0,0.1479,0.6221,0.6452,0.521,0.8839,-0.0737,0.0,0,1.0,23,5,1,0.0037,0.0,0.0015
60.856,1012,19.0,0.2285,0.6646,0.5203,0.3137,0.8497,-0.2303,0.0,0,1.0,22,5,1,0.0115,0.0,0.0046
60.907,1013,19.0,0.0805,0.9696,0.3972,0.4226,1.0,-0.1716,0.0,0,1.0,22,5,1,0.0086,0.0,0.0034
60.957,1014,19.0,0.0877,0.9639,0.4203,0.4256,1.0,-0.1716,0.0,0,1.0,24,5,1,0.0086,0.0,0.0034
61.016,1015,19.0,0.4294,0.7764,0.0,-0.6591,0.8927,0.0,0.0,0,1.0,22,5,1,0.0,0.0,0.0
61.072,1016,19.0,0.1771,1.0,0.0972,-0.1577,0.9392,-0.7,0.0,0,1.0,21,5,1,0.035,0.0,0.014
61.132,1017,19.0,0.1663,0.9989,0.1823,0.0265,0.9412,0.0,0.0,0,1.0,22,5,1,0.0,0.0,0.0
61.187,1018,19.0,0.4296,0.7766,0.0,-0.6592,0.893,0.0,0.0,0,1.0,18,5,1,0.0,0.0,0.0
61.24,1019,19.0,0.4295,0.7762,0.0,-0.6592,0.8925,0.0,0.0,0,1.0,23,5,1,0.0,0.0,0.0
61.291,1020,19.0,0.2288,0.6864,0.3216,0.1237,0.7567,-0.7,0.0,0,1.0,22,5,1,0.035,0.0,0.014
61.342,1021,17.8,0.4264,0.779,0.0,-0.6571,0.8931,-0.2303,0.0,0,1.0,18,5,1,0.0115,0.0,0.0046
61.398,1022,17.8,0.2975,0.7107,0.2006,-0.1373,0.7636,-0.2303,0.0,0,1.0,23,5,1,0.0115,0.0,0.0046
61.452,1023,17.8,0.1076,0.6896,0.6256,0.5602,0.9296,-0.7,0.0,0,1.0,23,5,1,0.035,0.0,0.014
61.509,1024,17.8,0.1076,0.6847,0.6296,0.5633,0.9277,-0.1129,0.0,0,1.0,26,5,1,0.0056,0.0,0.0023
61.559,1025,17.8,0.084,0.6197,0.7085,0.6552,0.9173,-0.1129,0.0,0,1.0,26,5,1,0.0056,0.0,0.0023
61.609,1026,17.8,0.1178,0.5933,0.7246,0.6143,0.9041,-0.1129,0.0,0,1.0,24,5,1,0.0056,0.0,0.0023
61.673,1027,17.8,0.1458,0.6571,0.6135,0.4992,0.8956,-0.158,0.0,0,1.0,27,5,1,0.0079,0.0,0.0032
61.727,1028,17.8,0.2289,0.7081,0.3791,0.1848,0.8071,-0.1716,0.0,0,1.0,22,5,1,0.0086,0.0,0.0034
61.79,1029,17.8,0.3063,0.9084,0.0,-0.5718,0.9346,0.0915,0.0,0,1.0,23,6,1,0.0046,0.0,0.0018
61.84,1030,17.8,0.3019,0.9125,0.0,-0.5688,0.9356,0.0915,0.0,0,1.0,21,6,1,0.0046,0.0,0.0018
61.891,1031,17.8,0.2987,0.9174,0.0,-0.5663,0.9379,0.0,0.0,0,1.0,30,6,1,0.0,0.0,0.0
61.939,1032,17.8,0.2934,0.9167,0.0006,-0.5615,0.9344,0.0,0.0,0,1.0,19,6,1,0.0,0.0,0.0
61.992,1033,17.8,0.3037,0.9008,0.0032,-0.5615,0.9268,0.0,0.0,0,1.0,20,6,1,0.0,0.0,0.0
62.043,1034,17.8,0.1457,0.7697,0.3442,0.2782,0.8393,0.0,0.0,0,1.0,24,6,1,0.0,0.0,0.0
62.093,1035,17.8,0.2287,0.9888,0.0118,-0.4731,0.9587,0.0,0.0,0,1.0,20,6,1,0.0,0.0,0.0
62.155,1036,17.8,0.2312,0.9975,0.0,-0.5181,0.9674,0.0,0.0,0,1.0,20,6,1,0.0,0.0,0.0
62.207,1037,17.8,0.2288,1.0,0.0063,-0.4921,0.9681,0.0,0.0,0,1.0,21,6,1,0.0,0.0,0.0
62.256,1038,17.8,0.049,0.6711,0.7329,0.7102,0.9742,0.0,0.0,0,1.0,25,6,1,0.0,0.0,0.0
62.307,1039,17.8,0.049,0.6474,0.7558,0.725,0.9671,0.0,0.0,0,1.0,25,6,1,0.0,0.0,0.0
62.356,1040,17.8,0.0492,0.6415,0.7542,0.7258,0.9613,-0.1967,0.0,0,1.0,25,6,1,0.0098,0.0,0.0039
62.41,1041,17.8,0.0556,0.7262,0.6602,0.6563,0.9798,-0.1967,0.0,0,1.0,26,6,1,0.0098,0.0,0.0039
62.459,1042,17.8,0.0534,0.6371,0.7683,0.7249,0.9654,-0.1967,0.0,0,1.0,26,6,1,0.0098,0.0,0.0039
62.51,1043,17.8,0.0809,0.7805,0.5736,0.5593,0.9768,0.0045,0.0,0,1.0,28,6,1,0.0002,0.0,0.0001
62.573,1044,17.8,0.1357,1.0,0.0,-0.4604,0.916,0.0915,0.0,0,1.0,22,6,1,0.0046,0.0,0.0018
62.638,1045,17.8,0.1312,1.0,0.0028,-0.44,0.9135,0.0,0.0,0,1.0,26,6,1,0.0,0.0,0.0
62.698,1046,17.8,0.126,1.0,0.0022,-0.4399,0.9105,0.0,0.0,0,1.0,25,6,1,0.0,0.0,0.0
62.759,1047,17.8,0.1229,1.0,0.0,-0.4519,0.9088,0.0,0.0,0,1.0,23,6,1,0.0,0.0,0.0
62.816,1048,17.8,0.2246,1.0,0.0064,-0.4888,0.9658,0.0,0.0,0,1.0,22,6,1,0.0,0.0,0.0
62.875,1049,17.8,0.0464,0.7658,0.6412,0.8505,1.0,0.0,0.0,0,1.0,26,6,1,0.0,0.0,0.0
62.925,1050,17.8,0.1177,0.7897,0.5293,0.4696,0.9598,0.0,0.0,0,1.0,24,6,1,0.0,0.0,0.0
62.973,1051,18.4,0.0496,0.6515,0.7441,0.7187,0.964,0.0045,0.0,0,1.0,25,6,1,0.0002,0.0,0.0001
63.032,1052,18.4,0.0481,0.8558,0.5574,0.5955,1.0,-0.1967,0.0,0,1.0,26,6,1,0.0098,0.0,0.0039
63.083,1053,18.4,0.0181,0.8573,0.5849,0.6645,1.0,-0.1967,0.0,0,1.0,28,6,1,0.0098,0.0,0.0039
63.136,1054,18.4,0.036,0.7817,0.6209,0.6621,1.0,0.0045,0.0,1,1.0,25,6,1,0.0002,1.0,0.0001
63.193,1055,18.4,0.1646,1.0,0.0185,-0.3908,0.9322,-0.1716,0.0,1,1.0,21,6,1,0.0086,0.8,0.0034
63.247,1056,18.4,0.6654,0.693,0.0,-0.7715,0.9547,0.0,0.0,1,1.0,27,6,1,0.0,0.8,0.0
63.298,1057,18.4,0.4115,0.7942,0.0,-0.6467,0.8976,0.0,0.0,1,1.0,27,6,1,0.0,0.8,0.0
63.348,1058,18.4,0.6807,0.5269,0.0,-0.8335,0.8238,-0.0737,0.0,1,1.0,28,6,1,0.0037,0.8,0.0015
63.401,1059,18.4,0.5811,0.6196,0.0,-0.7665,0.8459,-0.0737,0.0,1,1.0,28,6,1,0.0037,0.8,0.0015
63.459,1060,18.4,0.47,0.7558,0.0,-0.6821,0.8981,0.0915,0.0,1,1.0,17,6,1,0.0046,0.8,0.0018
63.508,1061,18.4,0.1166,0.7698,0.5712,0.4999,0.9665,0.0915,0.0,1,1.0,19,6,1,0.0046,0.8,0.0018
63.56,1062,18.4,0.3045,0.6876,0.1405,-0.2543,0.7481,-0.1129,0.0,1,1.0,17,6,1,0.0056,0.8,0.0023
63.612,1063,18.4,0.3996,0.8092,0.0,-0.6377,0.9035,0.0,0.0,1,1.0,21,6,1,0.0,0.8,0.0
63.672,1064,18.4,0.202,0.5782,0.4967,0.3457,0.7639,0.0,0.0,1,1.0,14,6,1,0.0,0.8,0.0
63.73,1065,18.4,0.4804,0.7138,0.0,-0.6979,0.8686,-0.7,0.0,1,1.0,12,6,1,0.035,0.8,0.014
63.791,1066,18.4,0.384,0.8221,0.0,-0.6275,0.9056,-0.2122,0.0,0,1.0,16,6,1,0.0106,0.8,0.0042
63.849,1067,18.4,0.3822,0.8239,0.0,-0.6262,0.9061,-0.4651,0.0,0,1.0,14,6,1,0.0233,0.0,0.0093
63.897,1068,18.4,0.4014,0.8048,0.0,-0.6395,0.9008,-0.4651,0.0,0,1.0,13,6,1,0.0233,0.0,0.0093
63.951,1069,18.4,0.3952,0.806,0.0,-0.6364,0.8984,-0.4651,0.0,0,1.0,14,6,1,0.0233,0.0,0.0093
64.012,1070,18.4,0.4676,0.9245,0.1159,-0.4128,1.0,-0.7,0.0,0,1.0,15,6,1,0.035,0.0,0.014
64.064,1071,18.4,0.6124,0.772,0.1919,-0.4123,0.9914,-0.7,0.0,0,1.0,14,6,1,0.035,0.0,0.014
64.116,1072,18.4,0.9674,0.515,0.0,-0.9082,0.9743,-0.2596,0.0,0,1.0,16,6,1,0.013,0.0,0.0052
64.164,1073,18.4,0.9827,0.4975,0.0,-0.9177,0.9682,-0.2596,0.0,0,1.0,16,6,1,0.013,0.0,0.0052
64.213,1074,18.4,0.8407,0.5563,0.0,-0.8655,0.9381,-0.1876,0.0,0,1.0,14,6,1,0.0094,0.0,0.0038
64.264,1075,18.4,0.5748,0.6365,0.0,-0.7586,0.8565,-0.1876,0.0,0,1.0,18,6,1,0.0094,0.0,0.0038
64.315,1076,18.4,0.4099,0.4806,0.5499,0.1342,0.7117,-0.1876,0.0,0,1.0,18,6,1,0.0094,0.0,0.0038
64.365,1077,18.4,0.3645,0.7864,0.0735,-0.4388,0.8647,0.0915,0.0,0,1.0,19,6,1,0.0046,0.0,0.0018
64.418,1078,18.4,0.4115,0.7947,0.0,-0.6466,0.898,-0.7,0.0,0,1.0,16,6,1,0.035,0.0,0.014
64.465,1079,18.4,0.4116,0.7944,0.0,-0.6467,0.8978,-0.7,0.0,0,1.0,17,6,1,0.035,0.0,0.014
64.516,1080,18.4,0.4116,0.7945,0.0,-0.6467,0.8979,-0.7,0.0,0,1.0,16,6,1,0.035,0.0,0.014
64.57,1081,18.9,0.4714,0.9875,0.0,-0.6314,1.0,-0.7,0.0,0,1.0,33,6,1,0.035,0.0,0.014
64.638,1082,18.9,0.4473,0.9664,0.0226,-0.5738,1.0,-0.1129,0.0,0,1.0,38,6,1,0.0056,0.0,0.0023
64.702,1083,18.9,0.4025,0.8039,0.0054,-0.6256,0.9007,-0.1129,0.0,0,1.0,41,6,1,0.0056,0.0,0.0023
64.768,1084,18.9,0.4377,0.7811,0.0,-0.6617,0.9012,-0.1967,0.0,0,1.0,27,6,1,0.0098,0.0,0.0039
64.831,1085,18.9,0.4417,0.7284,0.0032,-0.6687,0.8592,-0.7,0.0,0,1.0,26,6,1,0.035,0.0,0.014
64.882,1086,18.9,0.3027,1.0,0.078,-0.3492,1.0,-0.1129,0.0,0,1.0,38,6,1,0.0056,0.0,0.0023
64.933,1087,18.9,0.4258,1.0,0.0555,-0.4869,1.0,0.0,0.0,0,1.0,38,6,1,0.0,0.0,0.0
64.988,1088,18.9,0.5408,0.5636,0.115,-0.5271,0.7763,0.0,0.0,0,1.0,31,6,1,0.0,0.0,0.0
65.046,1089,18.9,0.3598,0.5839,0.298,-0.0756,0.692,-0.7,0.0,0,1.0,27,6,1,0.035,0.0,0.014
65.101,1090,18.9,0.3152,0.883,0.0101,-0.5499,0.9183,-0.2471,0.0,0,1.0,26,6,1,0.0124,0.0,0.0049
65.151,1091,18.9,0.3364,0.6974,0.1734,-0.2285,0.7742,0.0,0.0,0,1.0,27,6,1,0.0,0.0,0.0
65.209,1092,18.9,0.5263,0.6857,0.0,-0.7248,0.8707,0.0,0.0,0,1.0,23,6,1,0.0,0.0,0.0
65.273,1093,18.9,0.306,0.9492,0.0,-0.9945,0.9687,-0.4651,0.0,0,1.0,24,6,1,0.0233,0.0,0.0093
65.333,1094,18.9,0.367,0.845,0.0,-0.6143,0.9154,0.0915,0.0,0,1.0,25,6,1,0.0046,0.0,0.0018
65.381,1095,18.9,0.2705,0.9553,0.0,-0.5454,0.9539,-0.7,0.0,0,1.0,22,6,1,0.035,0.0,0.014
65.438,1096,18.9,0.1738,0.9672,0.2504,0.1111,0.9526,0.0,0.0,0,1.0,24,6,1,0.0,0.0,0.0
65.496,1097,18.9,0.2567,1.0,0.0001,-0.5312,0.9838,0.0,0.0,0,1.0,23,6,1,0.0,0.0,0.0
65.551,1098,18.9,0.1836,1.0,0.0118,-0.4372,0.9428,-0.2303,0.0,0,1.0,24,6,1,0.0115,0.0,0.0046
65.614,1099,18.9,0.4111,1.0,0.0097,-0.5807,1.0,0.0,0.0,0,1.0,24,6,1,0.0,0.0,0.0
65.671,1100,18.9,0.4609,1.0,0.0109,-0.6002,1.0,-0.7,0.0,0,1.0,30,6,1,0.035,0.0,0.014
65.73,1101,18.9,0.4046,0.8019,0.0,-0.6417,0.9001,-0.1967,0.0,0,1.0,29,6,1,0.0098,0.0,0.0039
65.787,1102,18.9,0.4294,0.7759,0.0,-0.6592,0.8922,-0.7,0.0,0,1.0,29,6,1,0.035,0.0,0.014
65.841,1103,18.9,0.2692,0.8982,0.0319,-0.45,0.9053,-0.7,0.0,0,1.0,38,6,1,0.035,0.0,0.014
65.901,1104,18.9,0.2618,0.9131,0.0242,-0.4655,0.9136,-0.7,0.0,0,1.0,33,6,1,0.035,0.0,0.014
65.955,1105,18.9,0.2931,0.904,0.0038,-0.5533,0.9235,0.0,0.0,0,1.0,38,6,1,0.0,0.0,0.0
66.009,1106,18.9,0.2075,0.9662,0.0309,-0.3898,0.9278,0.0,0.0,0,1.0,42,6,1,0.0,0.0,0.0
66.056,1107,18.9,0.2726,0.9172,0.0102,-0.5178,0.9231,0.0,0.0,0,1.0,41,6,1,0.0,0.0,0.0
66.107,1108,18.9,0.2974,0.9045,0.0045,-0.5533,0.9264,0.0,0.0,0,1.0,44,6,1,0.0,0.0,0.0
66.156,1109,18.9,0.2933,0.8976,0.0187,-0.5075,0.9183,0.0,0.0,0,1.0,39,6,1,0.0,0.0,0.0
66.209,1110,18.9,0.2785,0.9203,0.0133,-0.5109,0.929,0.0,0.0,0,1.0,43,6,1,0.0,0.0,0.0
66.272,1111,17.7,0.2421,0.9509,0.0127,-0.4839,0.9344,0.0,0.0,0,1.0,44,6,1,0.0,0.0,0.0
66.326,1112,17.7,0.2548,0.9267,0.0287,-0.4442,0.9211,0.0,0.0,0,1.0,38,6,1,0.0,0.0,0.0
66.375,1113,17.7,0.1864,1.0,0.0661,-0.2523,0.9444,0.0,0.0,0,1.0,34,6,1,0.0,0.0,0.0
66.424,1114,17.7,0.2561,0.9541,0.1559,-0.1491,0.9449,0.0,0.0,0,1.0,33,6,1,0.0,0.0,0.0
66.475,1115,17.7,0.2072,1.0,0.2673,0.0799,0.9897,-0.4651,0.0,0,1.0,34,6,1,0.0233,0.0,0.0093
66.526,1116,17.7,0.373,0.6036,0.4913,0.117,0.7821,-0.7,0.0,0,1.0,32,6,1,0.035,0.0,0.014
66.588,1117,17.7,0.3595,0.6433,0.4688,0.1099,0.8029,-0.7,0.0,0,1.0,23,6,1,0.035,0.0,0.014
66.645,1118,17.7,0.186,0.8069,0.4731,0.3213,0.9428,-0.2219,0.0,0,1.0,31,6,1,0.0111,0.0,0.0044
66.708,1119,17.7,0.1952,0.7872,0.476,0.3123,0.9278,-0.0961,0.0,0,1.0,38,7,1,0.0048,0.0,0.0019
66.775,1120,17.7,0.0725,0.8815,0.4675,0.4968,1.0,0.0045,0.0,0,1.0,37,7,1,0.0002,0.0,0.0001
66.824,1121,17.7,0.0764,0.8974,0.4781,0.4931,1.0,0.0045,0.0,0,1.0,34,7,1,0.0002,0.0,0.0001
66.873,1122,17.7,0.1266,1.0,0.2671,0.2132,0.9896,-0.1129,0.0,0,1.0,36,7,1,0.0056,0.0,0.0023
66.924,1123,17.7,0.217,0.7283,0.4644,0.2782,0.8718,0.0,0.0,0,1.0,33,7,1,0.0,0.0,0.0
66.975,1124,17.7,0.2633,0.6901,0.4604,0.2151,0.8375,-0.0737,0.0,0,1.0,34,7,1,0.0037,0.0,0.0015
67.025,1125,17.7,0.2626,0.6913,0.4579,0.2138,0.8371,-0.0737,0.0,0,1.0,37,7,1,0.0037,0.0,0.0015
67.073,1126,17.7,0.1632,0.8218,0.4225,0.3141,0.9269,-0.1612,0.0,0,1.0,39,7,1,0.0081,0.0,0.0032
67.125,1127,17.7,0.2106,1.0,0.0232,-0.416,0.9579,-0.0737,0.0,0,1.0,28,7,1,0.0037,0.0,0.0015
67.173,1128,17.7,0.2106,1.0,0.0267,-0.4037,0.958,-0.0737,0.0,0,1.0,26,7,1,0.0037,0.0,0.0015
67.225,1129,17.7,0.11,0.8793,0.4519,0.4183,0.9917,0.0,0.0,0,1.0,28,7,1,0.0,0.0,0.0
67.276,1130,17.7,0.2287,1.0,0.0072,-0.4885,0.9681,-0.1129,0.0,0,1.0,27,7,1,0.0056,0.0,0.0023
67.325,1131,17.7,0.2287,1.0,0.0034,-0.5031,0.9681,0.0,0.0,0,1.0,26,7,1,0.0,0.0,0.0
67.382,1132,17.7,0.144,1.0,0.266,0.1798,0.989,0.0,0.0,0,1.0,30,7,1,0.0,0.0,0.0
67.445,1133,17.7,0.1916,0.8016,0.3942,0.2472,0.8941,0.0,0.0,0,1.0,27,7,1,0.0,0.0,0.0
67.5,1134,17.7,0.192,0.8297,0.3683,0.2198,0.9032,0.0,0.0,0,1.0,28,7,1,0.0,0.0,0.0
67.552,1135,17.7,0.4294,0.776,0.0,-0.6592,0.8923,-0.1967,0.0,0,1.0,25,7,1,0.0098,0.0,0.0039
67.614,1136,17.7,0.2288,0.7987,0.3623,0.1621,0.8738,-0.7,0.0,0,1.0,26,7,1,0.035,0.0,0.014
67.672,1137,17.7,0.1079,0.7973,0.5682,0.5074,0.9879,-0.7,0.0,0,1.0,24,7,1,0.035,0.0,0.014
67.728,1138,17.7,0.2249,0.775,0.3896,0.1961,0.8692,-0.0961,0.0,0,1.0,24,7,1,0.0048,0.0,0.0019
67.787,1139,17.7,0.0934,0.8244,0.5805,0.5332,1.0,0.0915,0.0,0,1.0,27,7,1,0.0046,0.0,0.0018
67.84,1140,17.7,0.0958,0.8439,0.5611,0.5155,1.0,0.0915,0.0,0,1.0,27,7,1,0.0046,0.0,0.0018
67.889,1141,18.4,0.0958,0.8211,0.5751,0.527,1.0,0.0915,0.0,0,1.0,26,7,1,0.0046,0.0,0.0018
67.939,1142,18.4,0.1556,0.7323,0.5181,0.4103,0.9053,-0.0835,0.0,0,1.0,28,7,1,0.0042,0.0,0.0017
67.991,1143,18.4,0.2246,0.7381,0.4471,0.2518,0.8704,0.0045,0.0,0,1.0,28,7,1,0.0002,0.0,0.0001
68.049,1144,18.4,0.2004,0.7598,0.4449,0.2825,0.8874,0.0045,0.0,0,1.0,29,7,1,0.0002,0.0,0.0001
68.099,1145,18.4,0.2287,1.0,0.0237,-0.4299,0.9681,0.0915,0.0,0,1.0,25,7,1,0.0046,0.0,0.0018
68.148,1146,18.4,0.049,1.0,0.2912,0.3505,1.0,0.0,0.0,0,1.0,31,7,1,0.0,0.0,0.0
68.203,1147,18.4,0.1101,1.0,0.2647,0.243,0.9882,0.0,0.0,0,1.0,31,7,1,0.0,0.0,0.0
68.258,1148,18.4,0.11,0.853,0.4567,0.4254,0.9723,0.0,0.0,0,1.0,34,7,1,0.0,0.0,0.0
68.309,1149,18.4,0.4116,0.7943,0.0,-0.6467,0.8977,0.0,0.0,0,1.0,28,7,1,0.0,0.0,0.0
68.359,1150,18.4,0.2108,0.754,0.4449,0.268,0.8825,-0.1129,0.0,0,1.0,30,7,1,0.0056,0.0,0.0023
68.414,1151,18.4,0.4266,0.7797,0.0,-0.6571,0.8939,-0.0737,0.0,0,1.0,31,7,1,0.0037,0.0,0.0015
68.468,1152,18.4,0.2222,1.0,0.0,-0.5127,0.9644,-0.7,0.0,0,1.0,33,7,1,0.035,0.0,0.014
68.53,1153,18.4,0.352,0.8917,0.0,-0.5977,0.9461,-0.7,0.0,0,1.0,28,7,1,0.035,0.0,0.014
68.588,1154,18.4,0.1526,0.8441,0.4602,0.358,0.9667,0.0,0.0,0,1.0,24,7,1,0.0,0.0,0.0
68.649,1155,18.4,0.2813,1.0,0.0,-0.5444,0.9975,-0.7,0.0,0,1.0,22,7,1,0.035,0.0,0.014
68.706,1156,18.4,0.2413,1.0,0.0,-0.5233,0.9751,0.0,0.0,0,1.0,21,7,1,0.0,0.0,0.0
68.762,1157,18.4,0.3033,0.9002,0.0111,-0.5368,0.926,0.0,0.0,0,1.0,16,7,1,0.0,0.0,0.0
68.82,1158,18.4,0.2082,1.0,0.0,-0.5047,0.9566,0.0,0.0,0,1.0,17,7,1,0.0,0.0,0.0
68.88,1159,18.4,0.1968,0.9522,0.1248,-0.1282,0.9101,0.0,0.0,0,1.0,17,7,1,0.0,0.0,0.0
68.932,1160,18.4,0.3227,0.8899,0.0491,-0.447,0.9283,0.0,0.0,0,1.0,15,7,1,0.0,0.0,0.0
68.981,1161,18.4,0.2675,0.9135,0.121,-0.2302,0.9171,0.0,0.0,0,1.0,18,7,1,0.0,0.0,0.0
69.033,1162,18.4,0.2189,0.974,0.138,-0.1327,0.9407,0.0,0.0,0,1.0,16,7,1,0.0,0.0,0.0
69.08,1163,18.4,0.2302,0.9473,0.1561,-0.1157,0.9247,0.0,0.0,0,1.0,15,7,1,0.0,0.0,0.0
69.131,1164,18.4,0.139,1.0,0.1799,0.0724,0.9408,0.0,0.0,0,1.0,18,7,1,0.0,0.0,0.0
69.18,1165,18.4,0.1329,1.0,0.1679,0.0645,0.934,0.0,0.0,0,1.0,21,7,1,0.0,0.0,0.0
69.233,1166,18.4,0.2152,0.9453,0.1902,-0.0377,0.9145,0.0,0.0,0,1.0,20,7,1,0.0,0.0,0.0
69.28,1167,18.4,0.4705,0.7045,0.0,-0.6963,0.8553,0.0,0.0,0,1.0,16,7,1,0.0,0.0,0.0
69.331,1168,18.4,0.2271,0.9638,0.1959,-0.0455,0.9368,0.0,0.0,0,1.0,18,7,1,0.0,0.0,0.0
69.382,1169,18.4,0.2486,0.9269,0.1962,-0.0745,0.9178,0.0,0.0,0,1.0,19,7,1,0.0,0.0,0.0
69.438,1170,18.4,0.4358,0.7752,0.0,-0.6623,0.8952,0.0,0.0,0,1.0,17,7,1,0.0,0.0,0.0
69.501,1171,18.8,0.2642,0.9053,0.0178,-0.4889,0.9084,0.0,0.0,0,1.0,19,7,1,0.0,0.0,0.0
69.567,1172,18.8,0.2363,0.9809,0.0219,-0.4443,0.9563,-0.4651,0.0,0,1.0,19,7,1,0.0233,0.0,0.0093
69.62,1173,18.8,0.4461,0.761,0.0,-0.6705,0.889,0.0,0.0,0,1.0,17,7,1,0.0,0.0,0.0
69.684,1174,18.8,0.4615,0.7487,0.0,-0.6803,0.8873,-0.1129,0.0,0,1.0,13,7,1,0.0056,0.0,0.0023
69.75,1175,18.8,0.3029,0.9133,0.0,-0.5692,0.9368,-0.1967,0.0,0,1.0,14,7,1,0.0098,0.0,0.0039
69.807,1176,18.8,0.3009,0.8779,0.0,-0.5744,0.906,0.0,0.0,0,1.0,18,7,1,0.0,0.0,0.0
69.861,1177,18.8,0.1013,0.8348,0.4847,0.4621,0.9726,0.0,0.0,0,1.0,19,7,1,0.0,0.0,0.0
69.917,1178,18.8,0.2054,1.0,0.0021,-0.494,0.955,0.0,0.0,0,1.0,19,7,1,0.0,0.0,0.0
69.966,1179,18.8,0.1508,1.0,0.0113,-0.4106,0.9245,0.0045,0.0,0,1.0,24,7,1,0.0002,0.0,0.0001
70.021,1180,18.8,0.2251,1.0,0.0156,-0.4553,0.9661,0.0,0.0,0,1.0,24,7,1,0.0,0.0,0.0
70.081,1181,18.8,0.3499,0.8891,0.0,-0.5972,0.9428,0.0,0.0,0,1.0,20,7,1,0.0,0.0,0.0
70.131,1182,18.8,0.3569,0.8898,0.0,-0.6005,0.9473,0.0,0.0,0,1.0,17,7,1,0.0,0.0,0.0
70.181,1183,18.8,0.445,0.8373,0.0,-0.6515,0.9525,0.0,0.0,0,1.0,17,7,1,0.0,0.0,0.0
70.231,1184,18.8,0.4656,0.7664,0.0,-0.6775,0.9045,-0.7,0.0,0,1.0,18,7,1,0.035,0.0,0.014
70.281,1185,18.8,0.2027,1.0,0.0,-0.5016,0.9535,-0.1129,0.0,0,1.0,23,7,1,0.0056,0.0,0.0023
70.331,1186,18.8,0.1791,1.0,0.0,-0.4876,0.9403,0.0,0.0,0,1.0,24,7,1,0.0,0.0,0.0
70.383,1187,18.8,0.2935,0.9645,0.0,-0.556,0.9746,0.0,0.0,0,1.0,25,7,1,0.0,0.0,0.0
70.433,1188,18.8,0.212,1.0,0.013,-0.4547,0.9587,0.0,0.0,0,1.0,29,7,1,0.0,0.0,0.0
70.482,1189,18.8,0.2159,1.0,0.0137,-0.4552,0.9609,0.0,0.0,0,1.0,29,7,1,0.0,0.0,0.0
70.532,1190,18.8,0.1557,1.0,0.0246,-0.3549,0.9272,0.0,0.0,0,1.0,31,7,1,0.0,0.0,0.0
70.583,1191,18.8,0.1688,1.0,0.0244,-0.3707,0.9345,0.0,0.0,0,1.0,30,7,1,0.0,0.0,0.0
70.645,1192,18.8,0.1942,1.0,0.0248,-0.3954,0.9488,0.0,0.0,0,1.0,30,7,1,0.0,0.0,0.0
70.703,1193,18.8,0.3501,0.9138,0.0,-0.5927,0.9636,0.0,0.0,0,1.0,29,7,1,0.0,0.0,0.0
70.759,1194,18.8,0.3189,0.9092,0.0,-0.5781,0.9423,0.0,0.0,0,1.0,31,7,1,0.0,0.0,0.0
70.82,1195,18.8,0.3294,0.9019,0.0,-0.5847,0.9421,0.0,0.0,0,1.0,32,7,1,0.0,0.0,0.0
70.873,1196,18.8,0.3298,0.8977,0.0,-0.5857,0.9387,0.0,0.0,0,1.0,31,7,1,0.0,0.0,0.0
70.923,1197,18.8,0.3447,0.8802,0.0,-0.5964,0.9324,0.0,0.0,0,1.0,35,7,1,0.0,0.0,0.0
70.972,1198,18.8,0.348,0.8821,0.0,-0.5976,0.9358,0.0,0.0,0,1.0,32,7,1,0.0,0.0,0.0
71.023,1199,18.8,0.3512,0.8663,0.0,-0.6023,0.9244,0.0,0.0,0,1.0,32,7,1,0.0,0.0,0.0
71.071,1200,18.8,0.336,0.8854,0.0,-0.5911,0.9319,-0.7,0.0,0,1.0,35,7,1,0.035,0.0,0.014
71.127,1201,18.4,0.3051,0.9202,0.0,-0.5691,0.9438,-0.7,0.0,0,1.0,34,7,1,0.035,0.0,0.014
71.186,1202,18.4,0.3933,0.835,0.0,-0.629,0.9217,0.0,0.0,0,1.0,35,7,1,0.0,0.0,0.0
71.239,1203,18.4,0.3095,0.9145,0.0,-0.5724,0.9416,0.0,0.0,0,1.0,35,7,1,0.0,0.0,0.0
71.289,1204,18.4,0.3013,0.9202,0.0,-0.5672,0.9417,0.0,0.0,0,1.0,34,7,1,0.0,0.0,0.0
71.339,1205,18.4,0.3713,0.857,0.0,-0.6139,0.9278,0.0,0.0,0,1.0,34,7,1,0.0,0.0,0.0
71.39,1206,18.4,0.4037,0.8168,0.0,-0.6378,0.9121,0.0,0.0,0,1.0,35,7,1,0.0,0.0,0.0
71.443,1207,18.4,0.4402,0.7849,0.0,-0.6619,0.9058,-0.7,0.0,0,1.0,34,7,1,0.035,0.0,0.014
71.503,1208,18.4,0.3535,0.8684,0.0,-0.603,0.9274,-0.4651,0.0,0,1.0,31,7,1,0.0233,0.0,0.0093
71.559,1209,18.4,0.4963,0.7256,0.0,-0.7012,0.8875,-0.7,0.0,0,1.0,31,8,1,0.035,0.0,0.014
71.615,1210,18.4,0.362,0.8484,0.0,-0.6112,0.9154,-0.7,0.0,0,1.0,27,8,1,0.035,0.0,0.014
71.682,1211,18.4,0.3176,0.9026,0.0,-0.5787,0.936,-0.2303,0.0,0,1.0,29,8,1,0.0115,0.0,0.0046
71.742,1212,18.4,0.3472,0.8595,0.0,-0.6017,0.9164,-0.7,0.0,0,1.0,32,8,1,0.035,0.0,0.014
71.806,1213,18.4,0.2914,0.9189,0.0,-0.5622,0.9351,0.0,0.0,0,1.0,30,8,1,0.0,0.0,0.0
71.857,1214,18.4,0.3745,0.8363,0.0,-0.6198,0.9122,0.0,0.0,0,1.0,28,8,1,0.0,0.0,0.0
71.908,1215,18.4,0.2968,0.9145,0.0,-0.4847,0.9344,0.0,0.0,0,1.0,24,8,1,0.0,0.0,0.0
71.956,1216,18.4,0.2708,0.9438,0.0,-0.5473,0.9444,0.0,0.0,0,1.0,25,8,1,0.0,0.0,0.0
72.009,1217,18.4,0.2742,0.9351,0.0,-0.5505,0.9391,0.0,0.0,0,1.0,22,8,1,0.0,0.0,0.0
72.069,1218,18.4,0.4195,0.7871,0.0,-0.6521,0.8961,0.0,0.0,0,1.0,21,8,1,0.0,0.0,0.0
72.124,1219,18.4,0.2458,1.0,0.0307,-0.4215,0.9777,-0.7,0.0,0,1.0,26,8,1,0.035,0.0,0.014
72.174,1220,18.4,0.2616,0.9683,0.0,-0.5387,0.9598,0.0,0.0,0,1.0,25,8,1,0.0,0.0,0.0
72.23,1221,18.4,0.3674,0.8567,0.0012,-0.6087,0.9253,0.0,0.0,0,1.0,20,8,1,0.0,0.0,0.0
72.288,1222,18.4,0.3125,1.0,0.0032,-0.5502,1.0,0.0,0.0,0,1.0,26,8,1,0.0,0.0,0.0
72.339,1223,18.4,0.3277,1.0,0.0096,-0.5393,1.0,0.0,0.0,0,1.0,25,8,1,0.0,0.0,0.0
72.39,1224,18.4,0.5823,0.6312,0.0218,-0.7151,0.8563,0.0,0.0,0,1.0,20,8,1,0.0,0.0,0.0
72.443,1225,18.4,0.6258,0.5855,0.0,-0.794,0.8423,0.0,0.0,0,1.0,20,8,1,0.0,0.0,0.0
72.501,1226,18.4,0.3797,0.9165,0.0,-0.6061,0.9825,0.0915,0.0,0,1.0,25,8,1,0.0046,0.0,0.0018
72.559,1227,18.4,0.4421,0.8959,0.0,-0.6375,1.0,-0.7,0.0,0,1.0,23,8,1,0.035,0.0,0.014
72.62,1228,18.4,0.566,0.6395,0.0,-0.7544,0.8542,-0.1129,0.0,0,1.0,23,8,1,0.0056,0.0,0.0023
72.681,1229,18.4,0.3947,0.8773,0.0,-0.6207,0.958,0.0045,0.0,0,1.0,26,8,1,0.0002,0.0,0.0001
72.738,1230,18.4,0.4265,0.7786,0.0,-0.6573,0.8929,-0.7,0.0,0,1.0,26,8,1,0.035,0.0,0.014
72.797,1231,18.0,0.2735,1.0,0.0,-0.5404,0.9932,-0.7,0.0,0,1.0,29,8,1,0.035,0.0,0.014
72.849,1232,18.0,0.6023,0.869,0.0,-0.7039,1.0,-0.7,0.0,0,1.0,28,8,1,0.035,0.0,0.014
72.896,1233,18.0,0.4088,1.0,0.0,-0.6037,1.0,0.0045,0.0,0,1.0,27,8,1,0.0002,0.0,0.0001
72.948,1234,18.0,0.2932,0.9089,0.0042,-0.5512,0.9276,0.0045,0.0,0,1.0,26,8,1,0.0002,0.0,0.0001
72.997,1235,18.0,0.3119,0.9776,0.0,-0.5632,0.9959,-0.7,0.0,0,1.0,24,8,1,0.035,0.0,0.014
73.049,1236,18.0,0.4117,0.7945,0.0,-0.6467,0.8979,0.0,0.0,0,1.0,23,8,1,0.0,0.0,0.0
73.102,1237,18.0,0.2421,0.607,0.5459,0.3217,0.8156,0.0,0.0,0,1.0,25,8,1,0.0,0.0,0.0
73.16,1238,18.0,0.5491,0.665,0.0,-0.7399,0.8661,-0.7,0.0,0,1.0,25,8,1,0.035,0.0,0.014
73.218,1239,18.0,0.4025,0.8034,0.0,-0.6404,0.9002,-0.2099,0.0,0,1.0,29,8,1,0.0105,0.0,0.0042
73.264,1240,18.0,0.6066,0.5926,0.0,-0.7849,0.8374,-0.7,0.0,0,1.0,25,8,1,0.035,0.0,0.014
73.317,1241,18.0,0.5312,0.6687,0.0,-0.7319,0.8592,-0.7,0.0,0,1.0,21,8,1,0.035,0.0,0.014
73.364,1242,18.0,0.2847,1.0,0.0,-0.5461,0.9994,0.0915,0.0,0,1.0,21,8,1,0.0046,0.0,0.0018
73.418,1243,18.0,0.3023,0.9727,0.0007,-0.557,0.9863,0.0,0.0,0,1.0,20,8,1,0.0,0.0,0.0
73.479,1244,18.0,0.213,1.0,0.0153,-0.4471,0.9593,0.0,0.0,0,1.0,16,8,1,0.0,0.0,0.0
73.536,1245,18.0,0.4293,0.7759,0.0,-0.6592,0.8922,0.0,0.0,0,1.0,24,8,1,0.0,0.0,0.0
73.599,1246,18.0,0.4297,0.7756,0.0,-0.6594,0.8921,0.0,0.0,1,1.0,30,8,1,0.0,1.0,0.0
73.657,1247,18.0,0.2784,0.9071,0.0184,-0.4968,0.9178,-0.7,0.0,1,1.0,33,8,1,0.035,0.8,0.014
73.713,1248,18.0,0.38,0.9974,0.0,-0.5918,1.0,-0.7,0.0,1,1.0,53,8,1,0.035,0.8,0.014
73.772,1249,18.0,0.3684,1.0,0.0,-0.5862,1.0,-0.7,0.0,1,1.0,55,8,1,0.035,0.8,0.014
73.881,1251,18.0,0.1611,1.0,0.1,-0.1249,0.9302,-0.7,0.0,1,1.0,45,8,1,0.035,0.8,0.014
73.93,1252,18.0,0.2621,1.0,0.1001,-0.2609,0.9868,-0.7,0.0,1,1.0,34,8,1,0.035,0.8,0.014
73.979,1253,18.0,0.3359,0.8735,0.2068,-0.1622,0.9218,0.0,0.0,1,1.0,37,8,1,0.0,0.8,0.0
74.034,1254,18.0,0.398,0.8103,0.0,-0.6367,0.9035,0.0,0.0,1,1.0,35,8,1,0.0,0.8,0.0
74.094,1255,18.0,0.4342,0.7713,0.0,-0.6625,0.891,-0.3477,0.0,1,1.0,37,8,1,0.0174,0.8,0.007
74.148,1256,18.0,0.2133,1.0,0.0,-0.5077,0.9595,-0.4651,0.0,1,1.0,43,8,1,0.0233,0.8,0.0093
74.198,1257,18.0,0.2521,1.0,0.0,-0.5291,0.9812,0.0,0.0,1,1.0,48,8,1,0.0,0.8,0.0
74.251,1258,18.0,0.2619,1.0,0.0,-0.5343,0.9867,0.0,0.0,1,1.0,56,8,1,0.0,0.8,0.0
74.304,1259,18.0,0.1706,1.0,0.0495,-0.2814,0.9356,0.0,0.0,0,1.0,47,8,1,0.0,0.8,0.0
74.363,1260,18.0,0.2341,0.9203,0.0465,-0.372,0.9041,0.0,0.0,0,1.0,30,8,1,0.0,0.0,0.0
74.42,1261,18.5,0.1902,1.0,0.045,-0.3211,0.9465,0.0,0.0,0,1.0,27,8,1,0.0,0.0,0.0
74.48,1262,18.5,0.4846,0.7456,0.0,-0.6909,0.8977,0.0,0.0,0,1.0,22,8,1,0.0,0.0,0.0
74.535,1263,18.5,0.2473,0.7503,0.3795,0.1565,0.8428,-0.1129,0.0,0,1.0,21,8,1,0.0056,0.0,0.0023
74.586,1264,18.5,0.2589,0.7053,0.418,0.1813,0.8265,-0.1129,0.0,0,1.0,20,8,1,0.0056,0.0,0.0023
74.647,1265,18.5,0.7736,0.6078,0.0,-0.8304,0.9438,-0.2664,0.0,0,1.0,14,8,1,0.0133,0.0,0.0053
74.705,1266,18.5,0.3386,0.728,0.4931,0.1501,0.8876,-0.2156,0.0,0,1.0,20,8,1,0.0108,0.0,0.0043
74.76,1267,18.5,0.3558,0.6808,0.4675,0.1112,0.8337,-0.2303,0.0,0,1.0,23,8,1,0.0115,0.0,0.0046
74.82,1268,18.5,0.1366,1.0,0.2499,0.1742,0.98,-0.2009,0.0,0,1.0,17,8,1,0.01,0.0,0.004
74.876,1269,18.5,0.3472,1.0,0.1379,-0.2736,1.0,-0.2009,0.0,0,1.0,27,8,1,0.01,0.0,0.004
74.925,1270,18.5,0.1341,1.0,0.2522,0.1817,0.9813,0.0,0.0,0,1.0,22,8,1,0.0,0.0,0.0
74.975,1271,18.5,0.093,1.0,0.2544,0.2679,0.9825,0.0,0.0,0,1.0,26,8,1,0.0,0.0,0.0
75.031,1272,18.5,0.1732,1.0,0.2436,0.1025,0.9764,0.0,0.0,0,1.0,25,8,1,0.0,0.0,0.0
75.081,1273,18.5,0.11,1.0,0.2703,0.2492,0.9914,0.0,0.0,0,1.0,28,8,1,0.0,0.0,0.0
75.132,1274,18.5,0.3097,1.0,0.1474,-0.2214,1.0,-0.2303,0.0,0,1.0,28,8,1,0.0115,0.0,0.0046
75.182,1275,18.5,0.5508,0.7126,0.2595,-0.2901,0.907,0.0,0.0,0,1.0,28,8,1,0.0,0.0,0.0
75.237,1276,18.5,0.3304,0.7773,0.4366,0.1076,0.8974,0.0,0.0,0,1.0,28,8,1,0.0,0.0,0.0
75.29,1277,18.5,0.3138,1.0,0.2585,-0.0644,1.0,-0.1363,0.0,0,1.0,29,8,1,0.0068,0.0,0.0027
75.343,1278,18.5,0.3152,0.7374,0.4713,0.1575,0.8833,-0.1363,0.0,0,1.0,33,8,1,0.0068,0.0,0.0027
75.402,1279,18.5,0.3722,0.671,0.4742,0.0998,0.8292,-0.0894,0.0,0,1.0,38,8,1,0.0045,0.0,0.0018
75.462,1280,18.5,0.2901,0.7632,0.4794,0.1923,0.9095,-0.0894,0.0,0,1.0,32,8,1,0.0045,0.0,0.0018
75.519,1281,18.5,0.5177,0.7539,0.2628,-0.2572,0.9232,-0.2627,0.0,0,1.0,31,8,1,0.0131,0.0,0.0053
75.576,1282,18.5,0.3166,0.742,0.4806,0.1636,0.8925,-0.2773,0.0,0,1.0,32,8,1,0.0139,0.0,0.0055
75.635,1283,18.5,0.2811,0.9865,0.0074,-0.1276,0.9861,-0.2773,0.0,0,1.0,31,8,1,0.0139,0.0,0.0055
75.7,1284,18.5,0.0645,0.8928,0.4836,0.5197,1.0,0.0045,0.0,0,1.0,31,8,1,0.0002,0.0,0.0001
75.765,1285,18.5,0.2246,1.0,0.0063,-0.4892,0.9658,0.0,0.0,0,1.0,26,8,1,0.0,0.0,0.0
75.819,1286,18.5,0.5681,0.8584,0.0,-0.6945,1.0,-0.1129,0.0,0,1.0,27,8,1,0.0056,0.0,0.0023
75.875,1287,18.5,0.1897,1.0,0.0037,-0.477,0.9462,0.0045,0.0,0,1.0,26,8,1,0.0002,0.0,0.0001
75.927,1288,18.5,0.2194,1.0,0.0,-0.5111,0.9628,0.0,0.0,0,1.0,25,8,1,0.0,0.0,0.0
75.986,1289,18.5,0.4264,0.7793,0.0,-0.6571,0.8934,0.0,0.0,0,1.0,24,8,1,0.0,0.0,0.0
76.045,1290,18.5,0.4118,0.7948,0.0,-0.6467,0.8982,0.0,0.0,0,1.0,23,8,1,0.0,0.0,0.0
76.111,1291,17.8,0.4023,0.803,0.0,-0.6404,0.8998,-0.7,0.0,0,1.0,22,8,1,0.035,0.0,0.014
76.169,1292,17.8,0.7119,0.5746,0.0,-0.8248,0.8813,-0.7,0.0,0,1.0,25,8,1,0.035,0.0,0.014
76.226,1293,17.8,0.7337,0.5915,0.0,-0.8251,0.9078,-0.0737,0.0,0,1.0,26,8,1,0.0037,0.0,0.0015
76.285,1294,17.8,0.6116,0.8603,0.0,-0.709,1.0,-0.2122,0.0,0,1.0,28,8,1,0.0106,0.0,0.0042
76.339,1295,17.8,0.2503,1.0,0.0,-0.5281,0.9801,-0.2122,0.0,0,1.0,25,8,1,0.0106,0.0,0.0042
76.388,1296,17.8,0.1989,1.0,0.0,-0.4994,0.9514,-0.1363,0.0,0,1.0,26,8,1,0.0068,0.0,0.0027
76.442,1297,17.8,0.5709,0.8441,0.0,-0.6989,1.0,0.0,0.0,0,1.0,27,8,1,0.0,0.0,0.0
76.494,1298,17.8,0.4675,1.0,0.0,-0.6276,1.0,0.0,0.0,0,1.0,28,8,1,0.0,0.0,0.0
76.557,1299,17.8,0.4266,0.7792,0.0,-0.6572,0.8934,0.0045,0.0,0,1.0,28,8,1,0.0002,0.0,0.0001
76.609,1300,17.8,0.5437,0.6481,0.0,-0.7432,0.8489,-0.1129,0.0,0,1.0,26,9,1,0.0056,0.0,0.0023
76.676,1301,17.8,0.4972,0.6767,0.0,-0.7158,0.8468,0.0915,0.0,0,1.0,29,9,1,0.0046,0.0,0.0018
76.741,1302,17.8,0.4971,0.6766,0.0,-0.7158,0.8467,-0.2303,0.0,0,1.0,24,9,1,0.0115,0.0,0.0046
76.793,1303,17.8,0.4998,0.9381,0.0,-0.652,1.0,-0.2303,0.0,0,1.0,23,9,1,0.0115,0.0,0.0046
76.855,1304,17.8,0.4703,0.7043,0.0,-0.6963,0.855,-0.2303,0.0,0,1.0,25,9,1,0.0115,0.0,0.0046
76.904,1305,17.8,0.4703,0.7043,0.0,-0.6963,0.8549,-0.1967,0.0,0,1.0,23,9,1,0.0098,0.0,0.0039
76.956,1306,17.8,0.4268,0.7786,0.0,-0.6574,0.893,-0.1129,0.0,0,1.0,23,9,1,0.0056,0.0,0.0023
77.006,1307,17.8,0.4609,0.7373,0.0,-0.6831,0.8774,-0.1129,0.0,0,1.0,23,9,1,0.0056,0.0,0.0023
77.057,1308,17.8,0.5883,0.6103,0.0,-0.7723,0.8421,-0.7,0.0,0,1.0,27,9,1,0.035,0.0,0.014
77.104,1309,17.8,0.5435,0.9317,0.0,-0.6695,1.0,0.0915,0.0,0,1.0,26,9,1,0.0046,0.0,0.0018
77.159,1310,17.8,0.502,0.865,0.0,-0.6684,1.0,0.0915,0.0,0,1.0,25,9,1,0.0046,0.0,0.0018
77.205,1311,17.8,0.4648,0.7363,0.0,-0.6851,0.8788,0.0915,0.0,0,1.0,25,9,1,0.0046,0.0,0.0018
77.255,1312,17.8,0.376,0.8633,0.0007,-0.6129,0.9357,-0.1129,0.0,0,1.0,23,9,1,0.0056,0.0,0.0023
77.309,1313,17.8,0.3157,1.0,0.0104,-0.5305,1.0,-0.1129,0.0,0,1.0,28,9,1,0.0056,0.0,0.0023
77.357,1314,17.8,0.4197,0.77,0.0,-0.6564,0.8818,0.0,0.0,0,1.0,28,9,1,0.0,0.0,0.0
77.408,1315,17.8,0.5551,0.626,0.0,-0.7548,0.8367,-0.7,0.0,0,1.0,36,9,1,0.035,0.0,0.014
77.461,1316,17.8,0.2785,0.8234,0.0968,-0.3017,0.8476,0.0915,0.0,0,1.0,43,9,1,0.0046,0.0,0.0018
77.519,1317,17.8,0.4515,0.4067,0.6556,0.1797,0.7087,0.0915,0.0,0,1.0,55,9,1,0.0046,0.0,0.0018
77.577,1318,17.8,0.1925,0.5016,0.5855,0.4398,0.7492,0.0,0.0,0,1.0,47,9,1,0.0,0.0,0.0
77.642,1319,17.8,0.4266,0.7791,0.0,-0.6572,0.8933,-0.1967,0.0,0,1.0,44,9,1,0.0098,0.0,0.0039
77.705,1320,17.8,0.2669,0.9619,0.0,-0.5425,0.9575,-0.7,0.0,0,1.0,43,9,1,0.035,0.0,0.014
77.76,1321,18.1,0.3553,0.8706,0.0,-0.6035,0.9303,0.0,0.0,0,1.0,34,9,1,0.0,0.0,0.0
77.823,1322,18.1,0.219,0.8009,0.1912,-0.0436,0.7953,-0.7,0.0,0,1.0,44,9,1,0.035,0.0,0.014
77.874,1323,18.1,0.2604,0.6333,0.2856,0.0346,0.692,0.0,0.0,0,1.0,41,9,1,0.0,0.0,0.0
77.925,1324,18.1,0.5355,0.6219,0.0386,-0.6606,0.8223,0.0,0.0,0,1.0,46,9,1,0.0,0.0,0.0
77.975,1325,18.1,0.4173,0.9813,0.0374,-0.523,1.0,0.0045,0.0,0,1.0,44,9,1,0.0002,0.0,0.0001
78.038,1326,18.1,0.3712,1.0,0.0738,-0.4135,1.0,-0.7,0.0,0,1.0,43,9,1,0.035,0.0,0.014
78.094,1327,18.1,0.2458,0.7597,0.1737,-0.1133,0.7758,0.0,0.0,0,1.0,46,9,1,0.0,0.0,0.0
78.148,1328,18.1,0.1971,0.8317,0.2135,0.0254,0.8182,0.0,0.0,0,1.0,37,9,1,0.0,0.0,0.0
78.2,1329,18.1,0.5104,0.697,0.0,-0.7151,0.8713,-0.4651,0.0,0,1.0,35,9,1,0.0233,0.0,0.0093
78.252,1330,18.1,0.164,0.9209,0.3768,0.264,0.9846,-0.0835,0.0,0,1.0,43,9,1,0.0042,0.0,0.0017
78.313,1331,18.1,0.3622,0.8493,0.0107,-0.5808,0.9162,-0.1716,0.0,0,1.0,40,9,1,0.0086,0.0,0.0034
78.366,1332,18.1,0.2629,0.929,0.0052,-0.527,0.9276,-0.1716,0.0,0,1.0,46,9,1,0.0086,0.0,0.0034
78.416,1333,18.1,0.2518,0.9808,0.0,-0.5316,0.9649,-0.7,0.0,0,1.0,43,9,1,0.035,0.0,0.014
78.467,1334,18.1,0.4313,0.82,0.0,-0.6495,0.9303,0.0,0.0,0,1.0,28,9,1,0.0,0.0,0.0
78.517,1335,18.1,0.3089,0.9277,0.0,-0.5698,0.9522,0.0,0.0,0,1.0,22,9,1,0.0,0.0,0.0
78.569,1336,18.1,0.3546,0.8928,0.0,-0.5988,0.9485,-0.4651,0.0,0,1.0,22,9,1,0.0233,0.0,0.0093
78.635,1337,18.1,0.2254,0.8274,0.0939,-0.2445,0.8213,-0.7,0.0,0,1.0,22,9,1,0.035,0.0,0.014
78.7,1338,18.1,0.2126,0.9904,0.0,-0.5085,0.951,0.0,0.0,0,1.0,28,9,1,0.0,0.0,0.0
78.754,1339,18.1,0.2818,0.956,0.0087,-0.5223,0.9608,0.0,0.0,0,1.0,34,9,1,0.0,0.0,0.0
78.813,1340,18.1,0.3941,0.8616,0.0,-0.6236,0.9445,0.0,0.0,0,1.0,30,9,1,0.0,0.0,0.0
78.867,1341,18.1,0.3778,0.9,0.0,-0.6083,0.9676,-0.7,0.0,0,1.0,32,9,1,0.035,0.0,0.014
78.917,1342,18.1,0.4081,1.0,0.0,-0.6034,1.0,-0.7,0.0,0,1.0,25,9,1,0.035,0.0,0.014
78.968,1343,18.1,0.3531,0.8234,0.0567,-0.4623,0.8894,-0.7,0.0,0,1.0,29,9,1,0.035,0.0,0.014
79.031,1344,18.1,0.3353,0.9435,0.0,-0.5802,0.9803,-0.7,0.0,0,1.0,30,9,1,0.035,0.0,0.014
79.082,1345,18.1,0.3725,0.9889,0.0,-0.5898,1.0,0.0,0.0,0,1.0,30,9,1,0.0,0.0,0.0
79.132,1346,18.1,0.4025,0.8035,0.0,-0.6404,0.9004,-0.7,0.0,0,1.0,27,9,1,0.035,0.0,0.014
79.185,1347,18.1,0.3073,0.9479,0.0,-0.5656,0.9683,-0.7,0.0,0,1.0,24,9,1,0.035,0.0,0.014
79.248,1348,18.1,0.4021,0.8027,0.0,-0.6404,0.8995,-0.7,0.0,0,1.0,23,9,1,0.035,0.0,0.014
79.3,1349,18.1,0.2287,0.5204,0.6646,0.4346,0.8093,0.0,0.0,0,1.0,27,9,1,0.0,0.0,0.0
79.35,1350,18.1,0.164,0.592,0.6938,0.5294,0.8858,-0.1967,0.0,0,1.0,24,9,1,0.0098,0.0,0.0039
79.402,1351,18.2,0.2288,0.4445,0.604,0.4089,0.7116,-0.1967,0.0,0,1.0,23,9,1,0.0098,0.0,0.0039
79.465,1352,18.2,0.2976,0.6165,0.2792,-0.0245,0.6845,-0.1198,0.0,0,1.0,22,9,1,0.006,0.0,0.0024
79.518,1353,18.2,0.5748,0.891,0.0,-0.6894,1.0,0.0045,0.0,0,1.0,24,9,1,0.0002,0.0,0.0001
79.583,1354,18.2,0.4266,0.7791,0.0,-0.6572,0.8934,0.0915,0.0,0,1.0,24,9,1,0.0046,0.0,0.0018
79.64,1355,18.2,0.3803,1.0,0.0,-0.5914,1.0,-0.7,0.0,0,1.0,25,9,1,0.035,0.0,0.014
79.696,1356,18.2,0.3407,0.8466,0.0,-0.601,0.9019,-0.7,0.0,0,1.0,23,9,1,0.035,0.0,0.014
79.749,1357,18.2,0.3452,0.845,0.0113,-0.5706,0.9031,-0.7,0.0,0,1.0,27,9,1,0.035,0.0,0.014
79.801,1358,18.2,0.4268,0.7796,0.0,-1.0,0.8939,0.0,0.0,0,1.0,23,9,1,0.0,0.0,0.0
79.859,1359,18.2,0.4438,0.7657,0.0,-0.6682,0.8917,0.0,0.0,0,1.0,22,9,1,0.0,0.0,0.0
79.906,1360,18.2,0.5233,0.6758,0.0,-0.7266,0.8607,-0.7,0.0,0,1.0,20,9,1,0.035,0.0,0.014
79.956,1361,18.2,0.4972,0.7045,0.0,-0.7076,0.8703,0.0915,0.0,0,1.0,17,9,1,0.0046,0.0,0.0018
80.006,1362,18.2,0.8585,0.3059,0.0,-0.9793,0.7378,0.0915,0.0,0,1.0,20,9,1,0.0046,0.0,0.0018
80.055,1363,18.2,0.7252,0.442,0.0,-0.8819,0.7774,-0.2303,0.0,0,1.0,18,9,1,0.0115,0.0,0.0046
80.111,1364,18.2,0.6789,0.5146,0.0006,-0.8366,0.8124,-0.2122,0.0,0,1.0,16,9,1,0.0106,0.0,0.0042
80.173,1365,18.2,0.3507,0.8762,0.0107,-0.5695,0.9324,-0.0737,0.0,0,1.0,23,9,1,0.0037,0.0,0.0015
80.224,1366,18.2,0.5744,0.918,0.0015,-0.6802,1.0,-0.0737,0.0,0,1.0,23,9,1,0.0037,0.0,0.0015
80.281,1367,18.2,0.4267,0.7795,0.0,-0.6572,0.8937,-0.7,0.0,0,1.0,30,9,1,0.035,0.0,0.014
80.332,1368,18.2,0.3024,0.9292,0.0,-0.5663,0.9499,-0.7,0.0,0,1.0,29,9,1,0.035,0.0,0.014
80.384,1369,18.2,0.4293,0.7756,0.0,-0.6593,0.8919,0.0,0.0,0,1.0,29,9,1,0.0,0.0,0.0
80.44,1370,18.2,0.6332,0.807,0.0,-0.5926,1.0,0.0,0.0,0,1.0,35,9,1,0.0,0.0,0.0
80.502,1371,18.2,0.6487,0.5544,0.0,-0.531,0.8289,-0.7,0.0,0,1.0,24,9,1,0.035,0.0,0.014
80.56,1372,18.2,0.5759,0.626,0.0,-0.7625,0.8483,-0.0737,0.0,0,1.0,23,9,1,0.0037,0.0,0.0015
80.624,1373,18.2,0.5925,0.6258,0.0,-0.7685,0.8575,0.0915,0.0,0,1.0,24,9,1,0.0046,0.0,0.0018
80.69,1374,18.2,0.6354,0.5856,0.0,-0.7971,0.8478,0.0915,0.0,0,1.0,19,9,1,0.0046,0.0,0.0018
80.745,1375,18.2,0.4793,0.736,0.0,-0.6913,0.8867,0.0915,0.0,0,1.0,19,9,1,0.0046,0.0,0.0018
80.805,1376,18.2,0.3871,0.8208,0.0,-0.6292,0.9062,-0.0737,0.0,0,1.0,17,9,1,0.0037,0.0,0.0015
80.857,1377,18.2,0.3673,0.843,0.0,-0.6149,0.9138,-0.1129,0.0,0,1.0,19,9,1,0.0056,0.0,0.0023
80.906,1378,18.2,0.4094,0.7777,0.0,-0.6497,0.8826,-0.7,0.0,0,1.0,19,9,1,0.035,0.0,0.014
80.958,1379,18.2,0.2666,1.0,0.0,-0.5368,0.9893,-0.7,0.0,0,1.0,16,9,1,0.035,0.0,0.014
81.007,1380,18.2,0.1548,1.0,0.0007,-0.4689,0.9267,-0.7,0.0,0,1.0,24,9,1,0.035,0.0,0.014
81.058,1381,18.1,0.1793,0.9961,0.0268,-0.3728,0.9371,0.0,0.0,0,1.0,24,9,1,0.0,0.0,0.0
81.107,1382,18.1,0.4024,0.8033,0.0,-0.6403,0.9001,0.0,0.0,0,1.0,21,9,1,0.0,0.0,0.0
81.159,1383,18.1,0.3168,0.9542,0.0,-0.5694,0.9789,0.0,0.0,0,1.0,25,9,1,0.0,0.0,0.0
81.207,1384,18.1,0.5892,0.6413,0.0,-0.7622,0.8686,-0.7,0.0,0,1.0,28,9,1,0.035,0.0,0.014
81.258,1385,18.1,0.8221,0.4815,0.0,-0.8897,0.8648,0.0915,0.0,0,1.0,30,9,1,0.0046,0.0,0.0018
81.308,1386,18.1,0.7904,0.5355,0.0,-0.8608,0.8925,0.0915,0.0,0,1.0,28,9,1,0.0046,0.0,0.0018
81.357,1387,18.1,0.759,0.5288,0.0,-0.8551,0.8692,-0.1876,0.0,0,1.0,31,9,1,0.0094,0.0,0.0038
81.408,1388,18.1,0.4519,1.0,0.0,-0.6214,1.0,-0.2471,0.0,0,1.0,32,9,1,0.0124,0.0,0.0049
81.462,1389,18.1,0.5666,0.6722,0.0,-0.7442,0.8819,-0.2471,0.0,0,1.0,33,9,1,0.0124,0.0,0.0049
81.523,1390,18.1,0.4176,0.763,0.0035,-0.6479,0.8747,-0.1129,0.0,0,1.0,35,10,1,0.0056,0.0,0.0023
81.576,1391,18.1,0.4684,0.7231,0.0032,-0.6823,0.8698,0.0045,0.0,0,1.0,31,10,1,0.0002,0.0,0.0001
81.634,1392,18.1,0.4553,0.7146,0.0182,-0.6413,0.8553,-0.1129,0.0,0,1.0,38,10,1,0.0056,0.0,0.0023
81.7,1393,18.1,0.2941,0.444,0.5399,0.2677,0.6753,-0.1967,0.0,0,1.0,35,10,1,0.0098,0.0,0.0039
81.76,1394,18.1,0.2593,0.906,0.0353,-0.316,0.9063,-0.1967,0.0,0,1.0,34,10,1,0.0098,0.0,0.0039
81.816,1395,18.1,0.4482,0.7701,0.0,-0.669,0.8979,-0.1363,0.0,0,1.0,35,10,1,0.0068,0.0,0.0027
81.865,1396,18.1,0.5398,0.6773,0.0,-0.7326,0.8712,-0.1129,0.0,0,1.0,35,10,1,0.0056,0.0,0.0023
81.914,1397,18.1,0.4642,0.7543,0.0,-0.68,0.8936,-0.1129,0.0,0,1.0,30,10,1,0.0056,0.0,0.0023
81.964,1398,18.1,0.4457,0.7506,0.0191,-0.6252,0.8801,0.0915,0.0,0,1.0,26,10,1,0.0046,0.0,0.0018
82.013,1399,18.1,0.4283,0.7653,0.0211,-0.6079,0.8827,-0.1967,0.0,0,1.0,28,10,1,0.0098,0.0,0.0039
82.067,1400,18.1,0.2936,0.8897,0.0292,-0.478,0.9117,-0.7,0.0,0,1.0,25,10,1,0.035,0.0,0.014
82.115,1401,18.1,0.3339,1.0,0.0,-0.5703,1.0,-0.7,0.0,0,1.0,27,10,1,0.035,0.0,0.014
82.165,1402,18.1,0.4265,0.7795,0.0,-0.6571,0.8936,0.0,0.0,0,1.0,24,10,1,0.0,0.0,0.0
82.216,1403,18.1,0.4929,0.9929,0.0062,-0.6251,1.0,-0.7,0.0,0,1.0,26,10,1,0.035,0.0,0.014
82.27,1404,18.1,0.3649,1.0,0.0254,-0.5183,1.0,-0.7,0.0,0,1.0,27,10,1,0.035,0.0,0.014
82.324,1405,18.1,0.3878,0.8104,0.0,-0.6318,0.8979,-0.1129,0.0,0,1.0,25,10,1,0.0056,0.0,0.0023
82.375,1406,18.1,0.3344,1.0,0.089,-0.3535,1.0,-0.7,0.0,0,1.0,25,10,1,0.035,0.0,0.014
82.429,1407,18.1,0.3221,1.0,0.0999,-0.3207,1.0,0.0,0.0,0,1.0,27,10,1,0.0,0.0,0.0
82.484,1408,18.1,0.3955,1.0,0.0397,-0.5027,1.0,0.0,0.0,0,1.0,21,10,1,0.0,0.0,0.0
82.537,1409,18.1,0.2,0.7045,0.3919,0.241,0.8112,0.0,0.0,0,1.0,20,10,1,0.0,0.0,0.0
82.594,1410,18.1,0.1833,0.9393,0.2264,0.0647,0.9158,0.0045,0.0,0,1.0,19,10,1,0.0002,0.0,0.0001
82.661,1411,18.9,0.1829,0.6163,0.6023,0.4437,0.855,0.0,0.0,0,1.0,26,10,1,0.0,0.0,0.0
82.718,1412,18.9,0.1425,0.7265,0.4996,0.4194,0.89,-0.2974,0.0,0,1.0,29,10,1,0.0149,0.0,0.0059
82.777,1413,18.9,0.11,0.7469,0.5185,0.4834,0.9178,-0.0961,0.0,0,1.0,26,10,1,0.0048,0.0,0.0019
82.832,1414,18.9,0.11,0.7743,0.5382,0.4907,0.9519,-0.0961,0.0,0,1.0,30,10,1,0.0048,0.0,0.0019
82.892,1415,18.9,0.2109,0.6844,0.5103,0.3283,0.8606,0.0045,0.0,0,1.0,23,10,1,0.0002,0.0,0.0001
82.942,1416,18.9,0.2106,0.9867,0.0408,-0.3582,0.9468,-0.0961,0.0,0,1.0,27,10,1,0.0048,0.0,0.0019
82.995,1417,18.9,0.11,0.8863,0.4287,0.4008,0.9846,0.0,0.0,0,1.0,25,10,1,0.0,0.0,0.0
83.054,1418,18.9,0.2106,0.9825,0.0392,-0.3639,0.9432,0.0,0.0,0,1.0,22,10,1,0.0,0.0,0.0
83.11,1419,18.9,0.1075,0.6933,0.5885,0.5396,0.912,-0.7,0.0,0,1.0,23,10,1,0.035,0.0,0.014
83.16,1420,18.9,0.1478,1.0,0.0551,-0.2291,0.9228,0.0045,0.0,0,1.0,28,10,1,0.0002,0.0,0.0001
83.21,1421,18.9,0.2016,0.9935,0.0184,-0.4266,0.9474,0.0,0.0,0,1.0,24,10,1,0.0,0.0,0.0
83.265,1422,18.9,0.2078,1.0,0.0294,-0.3919,0.9563,0.0,0.0,0,1.0,24,10,1,0.0,0.0,0.0
83.315,1423,18.9,0.1101,0.7933,0.5349,0.4852,0.966,0.0,0.0,0,1.0,25,10,1,0.0,0.0,0.0
83.365,1424,18.9,0.2129,1.0,0.0,-0.5074,0.9592,0.0045,0.0,0,1.0,29,10,1,0.0002,0.0,0.0001
83.419,1425,18.9,0.0779,0.9109,0.4589,0.4765,1.0,0.0,0.0,0,1.0,28,10,1,0.0,0.0,0.0
83.479,1426,18.9,0.1048,0.9073,0.4462,0.4198,1.0,0.0,0.0,0,1.0,28,10,1,0.0,0.0,0.0
83.537,1427,18.9,0.1806,0.8068,0.4517,0.3126,0.9306,-0.1129,0.0,0,1.0,18,10,1,0.0056,0.0,0.0023
83.598,1428,18.9,0.4197,0.8406,0.0074,-0.6208,0.9412,0.0045,0.0,0,1.0,18,10,1,0.0002,0.0,0.0001
83.657,1429,18.9,0.28,1.0,0.0204,-0.4788,0.9968,-0.7,0.0,0,1.0,19,10,1,0.035,0.0,0.014
83.716,1430,18.9,0.2423,0.7769,0.4549,0.231,0.9073,0.0,0.0,0,1.0,25,10,1,0.0,0.0,0.0
83.771,1431,18.9,0.4098,0.7736,0.2566,-0.1721,0.8793,0.0045,0.0,0,1.0,25,10,1,0.0002,0.0,0.0001
83.83,1432,18.9,0.4223,0.7851,0.2558,-0.1841,0.896,0.0045,0.0,0,1.0,27,10,1,0.0002,0.0,0.0001
83.884,1433,18.9,0.4887,0.7371,0.2486,-0.2541,0.8929,-0.1464,0.0,0,1.0,29,10,1,0.0073,0.0,0.0029
83.933,1434,18.9,0.5517,0.7106,0.2613,-0.2887,0.9059,0.0045,0.0,0,1.0,30,10,1,0.0002,0.0,0.0001
83.984,1435,18.9,0.557,0.7628,0.2483,-0.3033,0.9526,0.0045,0.0,0,1.0,29,10,1,0.0002,0.0,0.0001
84.032,1436,18.9,0.6553,0.8307,0.0143,-0.7035,1.0,-0.2773,0.0,0,1.0,24,10,1,0.0139,0.0,0.0055
84.084,1437,18.9,0.6446,0.8582,0.1851,-0.428,1.0,-0.0737,0.0,0,1.0,28,10,1,0.0037,0.0,0.0015
84.134,1438,18.9,0.5665,0.7813,0.2648,-0.2878,0.9735,-0.0737,0.0,0,1.0,29,10,1,0.0037,0.0,0.0015
84.182,1439,18.9,0.611,0.6988,0.2941,-0.2919,0.9291,-0.2441,0.0,1,1.0,36,10,1,0.0122,1.0,0.0049
84.235,1440,18.9,0.45,1.0,0.0,-0.568,1.0,-0.1363,0.0,1,1.0,33,10,1,0.0068,0.8,0.0027
84.299,1441,18.3,0.2078,1.0,0.0,-0.5045,0.9564,-0.1363,0.0,1,1.0,54,10,1,0.0068,0.8,0.0027
84.353,1442,18.3,0.2444,1.0,0.0,-0.525,0.9768,-0.1129,0.0,1,1.0,53,10,1,0.0056,0.8,0.0023
84.416,1443,18.3,0.3316,0.9233,0.0,-0.5819,0.9613,0.0,0.0,1,1.0,37,10,1,0.0,0.8,0.0
84.476,1444,18.3,0.3113,1.0,0.0,-0.5594,1.0,0.0,0.0,1,1.0,41,10,1,0.0,0.8,0.0
84.533,1445,18.3,0.3334,1.0,0.0897,-0.3511,1.0,0.0,0.0,1,1.0,25,10,1,0.0,0.8,0.0
84.582,1446,18.3,0.3986,0.8335,0.3038,-0.1005,0.9234,0.0,0.0,1,1.0,15,10,1,0.0,0.8,0.0
84.637,1447,18.3,0.5727,0.8143,0.3245,-0.2214,1.0,0.0,0.0,1,1.0,19,10,1,0.0,0.8,0.0
84.695,1448,18.3,0.1922,1.0,0.0706,-0.2222,0.9476,-0.2156,0.0,1,1.0,28,10,1,0.0108,0.8,0.0043
84.874,1452,18.3,0.2693,1.0,0.0,-0.5382,0.9908,0.0,0.0,1,1.0,56,10,1,0.0,0.8,0.0
84.934,1453,18.3,0.3875,0.9823,0.0,-0.5976,1.0,0.0,0.0,1,1.0,52,10,1,0.0,0.8,0.0
84.994,1454,18.3,0.2733,0.985,0.0,-0.5424,0.9805,-0.7,0.0,0,1.0,46,10,1,0.035,0.8,0.014
