timestamp,frame,fps,left,center,right,x,magnitude,fw_bias,visual_bias,escape_active,dopamine,items,skip_focus,collected,reward_rate,escape_rate,orient_rate
5.011,1,0.0,0.2396,0.6872,0.3168,0.2498,0.7546,0.0,0.0,0,1.0,11,0,0,0.0,0.0,0.0
5.153,2,0.0,0.2396,0.6872,0.3168,0.2498,0.7546,-0.2303,0.0,0,1.0,11,0,0,0.0115,0.0,0.0046
5.204,3,0.0,0.2396,0.6872,0.3168,0.2498,0.7546,-0.2303,0.0,0,1.0,11,0,0,0.0115,0.0,0.0046
5.251,4,0.0,0.2396,0.6872,0.3168,0.2498,0.7546,-0.2303,0.0,0,1.0,11,0,0,0.0115,0.0,0.0046
5.301,5,0.0,0.2396,0.6872,0.3168,0.2498,0.7546,-0.2303,0.0,0,1.0,11,0,0,0.0115,0.0,0.0046
5.355,6,0.0,0.2396,0.6872,0.3168,0.2498,0.7546,-0.2303,0.0,0,1.0,11,0,0,0.0115,0.0,0.0046
5.4,7,0.0,0.2396,0.6872,0.3168,0.2498,0.7546,-0.2303,0.0,0,1.0,11,0,0,0.0115,0.0,0.0046
5.442,8,0.0,0.2396,0.6872,0.3168,0.2498,0.7546,-0.2303,0.0,0,1.0,11,0,0,0.0115,0.0,0.0046
5.484,9,0.0,0.2396,0.6872,0.3168,0.2498,0.7546,-0.2303,0.0,0,1.0,11,0,0,0.0115,0.0,0.0046
5.533,10,0.0,0.2396,0.6872,0.3168,0.2498,0.7546,-0.2303,0.0,0,1.0,11,0,0,0.0115,0.0,0.0046
5.594,11,0.0,0.4444,0.2103,0.5691,0.2215,0.4953,-0.2303,0.0,0,1.0,10,0,0,0.0115,0.0,0.0046
5.66,12,0.0,0.2396,0.6873,0.318,0.2533,0.7554,-0.1898,0.0,0,1.0,11,0,0,0.0095,0.0,0.0038
5.726,13,0.0,0.6892,0.1938,0.3363,-0.6194,0.5488,-0.2303,0.0,0,1.0,9,0,0,0.0115,0.0,0.0046
5.792,14,0.0,0.3747,0.6717,0.1919,-0.5806,0.7741,-0.2303,0.0,0,1.0,10,0,0,0.0115,0.0,0.0046
5.858,15,0.0,0.6909,0.1921,0.339,-0.6149,0.5483,-0.1833,0.0,0,1.0,9,0,0,0.0092,0.0,0.0037
5.929,16,0.0,0.6943,0.2493,0.2843,-0.7542,0.5983,-0.0961,0.0,0,1.0,10,0,0,0.0048,0.0,0.0019
5.992,17,0.0,0.6722,0.4001,0.1545,-1.0,0.7125,-0.2773,0.0,0,1.0,10,0,0,0.0139,0.0,0.0055
6.059,18,0.0,0.1701,0.5556,0.5388,0.9362,0.7684,-0.2773,0.0,0,1.0,11,0,0,0.0139,0.0,0.0055
6.121,19,0.0,0.2845,0.9149,0.0476,-1.0,0.9279,-0.0659,0.0,0,1.0,11,0,0,0.0033,0.0,0.0013
6.183,20,0.0,0.3213,0.9286,0.0,-1.0,0.96,0.0,0.0,0,1.0,10,0,0,0.0,0.0,0.0
6.247,21,0.0,0.4547,0.7926,0.0,-1.0,0.9204,0.0,0.0,0,1.0,10,0,0,0.0,0.0,0.0
6.299,22,0.0,0.8358,0.3944,0.0,-1.0,0.7993,0.0,0.0,0,1.0,13,0,0,0.0,0.0,0.0
6.364,23,0.0,0.4785,0.7295,0.0446,-1.0,0.8808,-0.1876,0.0,0,1.0,12,0,0,0.0094,0.0,0.0038
6.421,24,0.0,0.7998,0.3974,0.0334,-1.0,0.7817,-0.1129,0.0,0,1.0,15,0,0,0.0056,0.0,0.0023
6.473,25,0.0,0.7797,0.3379,0.103,-1.0,0.7204,-0.1129,0.0,0,1.0,13,0,0,0.0056,0.0,0.0023
6.521,26,0.0,0.6878,0.5662,0.0,-1.0,0.8608,-0.2179,0.0,0,1.0,24,0,0,0.0109,0.0,0.0044
6.579,27,0.0,0.6604,0.5947,0.0,-1.0,0.8694,-0.0737,0.0,0,1.0,25,0,0,0.0037,0.0,0.0015
6.632,28,0.0,0.5238,0.9082,0.0062,-1.0,1.0,-0.0737,0.0,0,1.0,30,0,0,0.0037,0.0,0.0015
6.682,29,0.0,0.5801,0.6781,0.0,-1.0,0.8945,-0.0737,0.0,0,1.0,27,0,0,0.0037,0.0,0.0015
6.743,30,0.0,0.5831,0.6702,0.0,-1.0,0.8895,0.0915,0.0,0,1.0,25,0,0,0.0046,0.0,0.0018
6.805,31,5.0,0.6842,0.4716,0.0662,-1.0,0.7793,0.0915,0.0,0,1.0,22,0,0,0.0046,0.0,0.0018
6.862,32,5.0,0.6707,0.483,0.0663,-1.0,0.7813,0.0915,0.0,0,1.0,21,0,0,0.0046,0.0,0.0018
6.918,33,5.0,0.5344,0.7108,0.0,-1.0,0.8963,-0.0737,0.0,0,1.0,21,0,0,0.0037,0.0,0.0015
6.983,34,5.0,0.5257,0.7194,0.0,-1.0,0.8987,0.0915,0.0,0,1.0,18,0,0,0.0046,0.0,0.0018
7.044,35,5.0,0.6488,0.5362,0.0365,-1.0,0.8138,0.0915,0.0,0,1.0,16,0,0,0.0046,0.0,0.0018
7.103,36,5.0,0.5231,0.7178,0.0,-1.0,0.8959,-0.0737,0.0,0,1.0,17,0,0,0.0037,0.0,0.0015
7.159,37,5.0,0.5101,0.7244,0.0,-1.0,0.8941,-0.0737,0.0,0,1.0,17,0,0,0.0037,0.0,0.0015
7.22,38,5.0,0.2878,0.9458,0.0094,-1.0,0.9557,0.0915,0.0,0,1.0,16,0,0,0.0046,0.0,0.0018
7.275,39,5.0,0.7504,0.4671,0.0,-1.0,0.8126,-0.0835,0.0,0,1.0,17,0,0,0.0042,0.0,0.0017
7.335,40,5.0,0.3887,0.8457,0.0,-1.0,0.9281,-0.2471,0.0,0,1.0,18,0,0,0.0124,0.0,0.0049
7.398,41,5.0,0.7503,0.4755,0.0,-1.0,0.8196,-0.7,0.0,0,1.0,19,0,0,0.035,0.0,0.014
7.447,42,5.0,0.7759,0.4496,0.0,-1.0,0.8122,-0.7,0.0,0,1.0,16,0,0,0.035,0.0,0.014
7.5,43,5.0,0.7646,0.4612,0.0,-1.0,0.8156,-0.2471,0.0,0,1.0,17,0,0,0.0124,0.0,0.0049
7.56,44,5.0,0.7356,0.4922,0.0,-1.0,0.8254,-0.2471,0.0,0,1.0,20,0,0,0.0124,0.0,0.0049
7.619,45,5.0,0.2445,0.5218,0.6271,0.7901,0.7895,-0.2471,0.0,0,1.0,22,0,0,0.0124,0.0,0.0049
7.679,46,5.0,0.5747,0.6693,0.0,-1.0,0.884,-0.2122,0.0,0,1.0,18,0,0,0.0106,0.0,0.0042
7.733,47,5.0,0.5275,0.7043,0.0,-1.0,0.887,-0.158,0.0,0,1.0,15,0,0,0.0079,0.0,0.0032
7.788,48,5.0,0.4838,0.8846,0.0037,-1.0,1.0,0.0915,0.0,0,1.0,16,0,0,0.0046,0.0,0.0018
7.847,49,5.0,0.4855,0.8032,0.0,-1.0,0.9466,0.0915,0.0,0,1.0,17,0,0,0.0046,0.0,0.0018
7.899,50,5.0,0.4167,0.95,0.0055,-1.0,1.0,-0.1129,0.0,0,1.0,14,0,0,0.0056,0.0,0.0023
7.964,51,5.0,0.3558,0.9238,0.0433,-1.0,0.9752,-0.7,0.0,0,1.0,12,0,0,0.035,0.0,0.014
8.032,52,5.0,0.8625,0.6757,0.0,-1.0,1.0,-0.7,0.0,0,1.0,17,0,0,0.035,0.0,0.014
8.1,53,5.0,0.8187,0.6273,0.0168,-1.0,0.9854,-0.1876,0.0,0,1.0,18,0,0,0.0094,0.0,0.0038
8.159,54,5.0,0.7228,0.7431,0.0055,-1.0,1.0,-0.1876,0.0,0,1.0,19,0,0,0.0094,0.0,0.0038
8.219,55,5.0,0.6299,0.7763,0.0636,-1.0,1.0,-0.1876,0.0,0,1.0,17,0,0,0.0094,0.0,0.0038
8.274,56,5.0,0.5566,0.8994,0.0374,-1.0,1.0,-0.0737,0.0,0,1.0,19,0,0,0.0037,0.0,0.0015
8.337,57,5.0,0.5738,0.9473,0.0197,-1.0,1.0,0.0915,0.0,0,1.0,24,0,0,0.0046,0.0,0.0018
8.394,58,5.0,0.6547,0.8764,0.0002,-1.0,1.0,0.0915,0.0,0,1.0,23,0,0,0.0046,0.0,0.0018
8.45,59,5.0,0.6129,0.8438,0.0086,-1.0,1.0,-0.0737,0.0,0,1.0,23,0,0,0.0037,0.0,0.0015
8.51,60,5.0,0.5947,0.8347,0.0372,-1.0,1.0,-0.0737,0.0,0,1.0,29,0,0,0.0037,0.0,0.0015
8.57,61,17.0,0.5521,0.8768,0.0381,-1.0,1.0,-0.1363,0.0,0,1.0,31,0,0,0.0068,0.0,0.0027
8.627,62,17.0,0.3464,0.9412,0.0795,-1.0,0.9846,0.0915,0.0,0,1.0,30,0,0,0.0046,0.0,0.0018
8.683,63,17.0,0.4828,0.8621,0.0499,-1.0,0.9945,0.0,0.0,0,1.0,29,0,0,0.0,0.0,0.0
8.747,64,17.0,0.8761,0.4487,0.0,-1.0,0.8675,0.0045,0.0,0,1.0,23,0,0,0.0002,0.0,0.0001
8.803,65,17.0,0.8366,0.4346,0.3375,-0.7652,0.8335,0.0045,0.0,0,1.0,25,0,0,0.0002,0.0,0.0001
8.859,66,17.0,0.9557,0.5564,0.0,-1.0,1.0,-0.1876,0.0,0,1.0,21,0,0,0.0094,0.0,0.0038
8.92,67,17.0,0.3554,0.7779,0.2591,-0.2821,0.8524,-0.1876,0.0,0,1.0,19,0,0,0.0094,0.0,0.0038
8.98,68,17.0,0.6064,0.7676,0.0,-1.0,0.9844,-0.1876,0.0,0,1.0,21,0,0,0.0094,0.0,0.0038
9.034,69,17.0,0.5674,0.7283,0.0766,-1.0,0.9295,-0.1876,0.0,0,1.0,20,0,0,0.0094,0.0,0.0038
9.093,70,17.0,0.5497,0.7891,0.0417,-1.0,0.9707,0.0915,0.0,0,1.0,23,0,0,0.0046,0.0,0.0018
9.151,71,17.0,0.2592,0.9427,0.0073,-1.0,0.937,0.0915,0.0,0,1.0,25,0,0,0.0046,0.0,0.0018
9.21,72,17.0,0.3049,0.8893,0.0041,-1.0,0.9177,0.0,0.0,0,1.0,32,0,0,0.0,0.0,0.0
9.268,73,17.0,0.6338,0.5764,0.0,-1.0,0.8391,0.0,0.0,0,1.0,33,0,0,0.0,0.0,0.0
9.328,74,17.0,0.4196,0.7921,0.0,-1.0,0.9003,0.0,0.0,0,1.0,34,0,0,0.0,0.0,0.0
9.392,75,17.0,0.3447,0.9395,0.0094,-1.0,0.9822,-0.0737,0.0,0,1.0,45,0,0,0.0037,0.0,0.0015
9.451,76,17.0,0.0386,1.0,0.0621,0.4189,0.8748,0.0,0.0,0,1.0,21,0,0,0.0,0.0,0.0
9.51,77,17.0,0.4372,0.7329,0.0338,-1.0,0.8605,0.0,0.0,0,1.0,21,0,0,0.0,0.0,0.0
9.568,78,17.0,0.0,0.7156,0.6351,1.0,0.9568,-0.4651,0.0,0,1.0,24,0,0,0.0233,0.0,0.0093
9.626,79,17.0,0.2605,0.6862,0.1601,-0.4297,0.7223,0.0045,0.0,0,1.0,18,0,0,0.0002,0.0,0.0001
9.688,80,17.0,0.5965,0.4855,0.0964,-1.0,0.7418,0.0045,0.0,0,1.0,21,0,0,0.0002,0.0,0.0001
9.743,81,17.0,0.131,0.7763,0.2274,0.4839,0.7794,0.0,0.0,0,1.0,19,0,0,0.0,0.0,0.0
9.804,82,17.0,0.4025,0.8663,0.0751,-1.0,0.9531,0.0,0.0,0,1.0,19,0,0,0.0,0.0,0.0
9.858,83,17.0,0.1511,1.0,0.0652,-0.7151,0.9246,-0.7,0.0,0,1.0,16,0,0,0.035,0.0,0.014
9.919,84,17.0,0.1019,1.0,0.0651,-0.3977,0.8971,0.0,0.0,0,1.0,20,0,0,0.0,0.0,0.0
9.976,85,17.0,0.297,0.9326,0.0376,-1.0,0.9497,0.0,0.0,0,1.0,23,0,0,0.0,0.0,0.0
10.035,86,17.0,0.33,0.8498,0.0706,-1.0,0.8986,0.0,0.0,0,1.0,15,0,0,0.0,0.0,0.0
10.092,87,17.0,0.5065,0.4503,0.2092,-0.7476,0.6619,0.0,0.0,0,1.0,8,0,0,0.0,0.0,0.0
10.155,88,17.0,0.4932,0.4564,0.2143,-0.7095,0.6596,-0.1363,0.0,0,1.0,12,0,0,0.0068,0.0,0.0027
10.226,89,17.0,0.4358,0.3523,0.3531,-0.1887,0.54,-0.1363,0.0,0,1.0,9,0,0,0.0068,0.0,0.0027
10.286,90,17.0,0.4357,0.4822,0.2483,-0.4931,0.649,-0.1967,0.0,0,1.0,11,1,0,0.0098,0.0,0.0039
10.344,91,16.9,0.4641,0.5008,0.2057,-0.6943,0.6806,-0.0783,0.0,0,1.0,11,1,0,0.0039,0.0,0.0016
10.406,92,16.9,0.4358,0.6669,0.0973,-1.0,0.8042,-0.2303,0.0,0,1.0,12,1,0,0.0115,0.0,0.0046
10.464,93,16.9,0.4358,0.4048,0.2909,-0.359,0.5841,-0.2303,0.0,0,1.0,9,1,0,0.0115,0.0,0.0046
10.514,94,16.9,1.0,0.4456,0.0655,-1.0,0.9343,-0.4651,0.0,0,1.0,11,1,0,0.0233,0.0,0.0093
10.566,95,16.9,0.5904,0.7038,0.3287,-0.5124,0.9218,-0.2099,0.0,0,1.0,12,1,0,0.0105,0.0,0.0042
10.616,96,16.9,0.7868,0.5043,0.3298,-0.7366,0.8642,-0.2099,0.0,0,1.0,11,1,0,0.0105,0.0,0.0042
10.664,97,16.9,0.7839,0.5081,0.3315,-0.73,0.8658,-0.2491,0.0,0,1.0,14,1,0,0.0125,0.0,0.005
10.717,98,16.9,0.7503,0.6967,0.0627,-1.0,1.0,-0.1833,0.0,0,1.0,12,1,0,0.0092,0.0,0.0037
10.764,99,16.9,0.5137,0.7423,0.3447,-0.3544,0.9112,-0.1833,0.0,0,1.0,13,1,0,0.0092,0.0,0.0037
10.818,100,16.9,0.7195,0.7253,0.0617,-1.0,1.0,-0.2122,0.0,0,1.0,15,1,0,0.0106,0.0,0.0042
10.875,101,16.9,0.619,0.6219,0.3658,-0.4627,0.8691,0.0045,0.0,0,1.0,15,1,0,0.0002,0.0,0.0001
10.937,102,16.9,0.7308,0.6533,0.0469,-1.0,0.9581,-0.2219,0.0,0,1.0,17,1,0,0.0111,0.0,0.0044
10.999,103,16.9,0.4511,0.8547,0.1332,-0.9793,0.9706,-0.2219,0.0,0,1.0,14,1,0,0.0111,0.0,0.0044
11.06,104,16.9,0.4452,1.0,0.063,-1.0,1.0,-0.1716,0.0,0,1.0,12,1,0,0.0086,0.0,0.0034
11.125,105,16.9,1.0,0.5467,0.0275,-1.0,1.0,-0.1967,0.0,0,1.0,17,1,0,0.0098,0.0,0.0039
11.186,106,16.9,0.7634,0.5579,0.3186,-0.7399,0.8961,-0.1876,0.0,0,1.0,14,1,0,0.0094,0.0,0.0038
11.243,107,16.9,0.8282,0.7514,0.0845,-1.0,1.0,-0.158,0.0,0,1.0,16,1,0,0.0079,0.0,0.0032
11.301,108,16.9,0.8251,0.7213,0.092,-1.0,1.0,-0.158,0.0,0,1.0,14,1,0,0.0079,0.0,0.0032
11.361,109,16.9,0.8803,0.6721,0.0219,-1.0,1.0,-0.2209,0.0,0,1.0,16,1,0,0.011,0.0,0.0044
11.418,110,16.9,1.0,0.4617,0.022,-1.0,0.9479,-0.1876,0.0,0,1.0,13,1,0,0.0094,0.0,0.0038
11.473,111,16.9,0.9541,0.5144,0.0196,-1.0,0.9664,-0.1876,0.0,0,1.0,9,1,0,0.0094,0.0,0.0038
11.522,112,16.9,0.7428,0.8832,0.0404,-1.0,1.0,-0.1876,0.0,0,1.6,14,0,1,0.0094,0.0,0.0038
11.573,113,16.9,0.7594,0.8363,0.048,-1.0,1.0,-0.2122,0.0,0,1.56,11,0,1,0.0106,0.0,0.0042
11.633,114,16.9,0.7827,0.7884,0.0457,-1.0,1.0,-0.2122,0.0,0,1.52,11,0,1,0.0106,0.0,0.0042
11.692,115,16.9,0.8701,0.6949,0.0469,-1.0,1.0,-0.2122,0.0,0,1.48,11,0,1,0.0106,0.0,0.0042
11.748,116,16.9,0.9828,0.3863,0.091,-1.0,1.0,-0.2122,0.0,0,1.44,6,0,1,0.0106,0.0,0.0042
11.801,117,16.9,0.9113,0.4357,0.1398,-1.0,1.0,-0.2722,0.0,0,1.4,10,0,1,0.0136,0.0,0.0054
11.859,118,16.9,0.8806,0.41,0.2008,-1.0,1.0,-0.2722,0.0,0,1.36,10,0,1,0.0136,0.0,0.0054
11.918,119,16.9,0.7736,0.4958,0.3157,-0.7567,1.0,-0.2564,0.0,0,1.32,12,0,1,0.0128,0.0,0.0051
11.974,120,16.9,0.7737,0.4536,0.3657,-0.6445,1.0,-0.2471,0.0,0,1.28,12,0,1,0.0124,0.0,0.0049
12.035,121,17.8,0.0557,0.3489,0.9329,1.0,1.0,-0.2376,0.0,0,1.24,7,0,1,0.0119,0.0,0.0048
12.094,122,17.8,0.1014,0.2523,0.9287,1.0,0.8784,-0.2376,0.0,0,1.2,4,0,1,0.0119,0.0,0.0048
12.155,123,17.8,0.0,0.1726,0.8359,1.0,0.7113,-0.2564,0.0,0,1.16,2,0,1,0.0128,0.0,0.0051
12.217,124,17.8,0.0,0.0659,0.6526,1.0,0.4713,-0.2393,0.0,0,1.12,1,0,1,0.012,0.0,0.0048
12.275,125,17.8,0.184,0.1318,0.6113,0.967,0.4893,-0.2393,0.0,0,1.08,2,0,1,0.012,0.0,0.0048
12.337,126,17.8,0.1843,0.1229,0.6751,1.0,0.5005,0.0045,0.0,0,1.04,3,0,1,0.0002,0.0,0.0001
12.394,127,17.8,0.3353,0.1812,0.4927,0.3421,0.4282,-0.1967,0.0,0,1.0,5,0,1,0.0098,0.0,0.0039
12.448,128,17.8,0.1844,0.117,0.7031,1.0,0.492,-0.1967,0.0,0,1.0,4,0,1,0.0098,0.0,0.0039
12.494,129,17.8,0.1844,0.115,0.5197,0.857,0.3876,-0.1967,0.0,0,1.0,2,0,1,0.0098,0.0,0.0039
12.546,130,17.8,0.1843,0.1149,0.6249,0.98,0.4465,-0.1612,0.0,0,1.0,3,0,1,0.0081,0.0,0.0032
12.6,131,17.8,0.1843,0.1251,0.6747,1.0,0.4829,-0.2596,0.0,0,1.0,3,0,1,0.013,0.0,0.0052
12.658,132,17.8,0.1014,0.1052,0.7968,1.0,0.5346,-0.2596,0.0,0,1.0,3,0,1,0.013,0.0,0.0052
12.713,133,17.8,0.1843,0.1504,0.6689,1.0,0.5009,-0.0894,0.0,0,1.0,2,0,1,0.0045,0.0,0.0018
12.765,134,17.8,0.0,0.1046,0.6678,1.0,0.4618,-0.0894,0.0,0,1.0,1,0,1,0.0045,0.0,0.0018
12.815,135,17.8,0.0,0.1355,0.8854,1.0,0.6097,-0.0894,0.0,0,1.0,2,0,1,0.0045,0.0,0.0018
12.864,136,17.8,0.1843,0.3056,0.765,1.0,0.6851,0.0045,0.0,0,1.0,4,0,1,0.0002,0.0,0.0001
12.918,137,17.8,0.1014,0.4187,0.799,1.0,0.7991,-0.1612,0.0,0,1.0,6,0,1,0.0081,0.0,0.0032
12.985,138,17.8,0.1014,0.4877,0.741,1.0,0.8246,-0.1612,0.0,0,1.0,7,0,1,0.0081,0.0,0.0032
13.048,139,17.8,0.1014,0.5291,0.4376,1.0,0.6895,-0.2027,0.0,0,1.0,8,0,1,0.0101,0.0,0.0041
13.103,140,17.8,0.0558,0.4679,0.5551,1.0,0.7039,-0.2303,0.0,0,1.0,9,0,1,0.0115,0.0,0.0046
13.158,141,17.8,0.1014,0.7606,0.2635,0.7998,0.7865,0.0045,0.0,0,1.0,10,0,1,0.0002,0.0,0.0001
13.219,142,17.8,0.094,1.0,0.1273,0.2704,0.9113,0.0,0.0,0,1.0,10,0,1,0.0,0.0,0.0
13.283,143,17.8,0.1843,0.8167,0.1727,-0.0587,0.7892,0.0,0.0,0,1.0,10,0,1,0.0,0.0,0.0
13.348,144,17.8,0.1014,0.8507,0.2165,0.6521,0.8358,0.0,0.0,0,1.0,11,0,1,0.0,0.0,0.0
13.404,145,17.8,0.0909,1.0,0.0814,-0.0983,0.8909,0.0,0.0,0,1.0,10,0,1,0.0,0.0,0.0
13.457,146,17.8,0.0652,1.0,0.1525,0.7215,0.9254,0.0,0.0,0,1.0,9,0,1,0.0,0.0,0.0
13.505,147,17.8,0.1014,0.8274,0.2243,0.6795,0.8206,0.0,0.0,0,1.0,7,0,1,0.0,0.0,0.0
13.555,148,17.8,0.1014,0.8149,0.2208,0.6671,0.8082,0.0,0.0,0,1.0,10,0,1,0.0,0.0,0.0
13.608,149,17.8,0.1014,0.8254,0.2052,0.6097,0.8083,0.0,0.0,0,1.0,6,0,1,0.0,0.0,0.0
13.663,150,17.8,0.115,1.0,0.1666,0.3302,0.9333,0.0,0.0,0,1.0,6,0,1,0.0,0.0,0.0
13.718,151,17.8,0.2935,0.8796,0.1694,-0.4825,0.9032,0.0,0.0,0,1.0,7,0,1,0.0,0.0,0.0
13.774,152,17.8,0.0868,1.0,0.4546,1.0,1.0,-0.2303,0.0,0,1.0,9,0,1,0.0115,0.0,0.0046
13.828,153,17.8,0.2834,0.9047,0.1794,-0.4047,0.9187,-0.2303,0.0,0,1.0,7,0,1,0.0115,0.0,0.0046
13.882,154,17.8,0.3001,0.9046,0.1708,-0.4942,0.9279,-0.1129,0.0,0,1.0,8,0,1,0.0056,0.0,0.0023
13.944,155,17.8,0.1843,0.3374,0.5809,0.9329,0.6087,0.0045,0.0,0,1.0,6,0,1,0.0002,0.0,0.0001
14.004,156,17.8,0.1843,0.2802,0.6151,0.97,0.5798,-0.2471,0.0,0,1.0,5,0,1,0.0124,0.0,0.0049
14.06,157,17.8,0.1245,0.765,0.2929,0.7263,0.8066,-0.1967,0.0,0,1.0,6,0,1,0.0098,0.0,0.0039
14.118,158,17.8,0.1241,0.7597,0.2963,0.7372,0.804,-0.1967,0.0,0,1.0,6,0,1,0.0098,0.0,0.0039
14.173,159,17.8,0.1239,0.7673,0.2994,0.7461,0.8122,0.0,0.0,0,1.0,6,0,1,0.0,0.0,0.0
14.241,160,17.8,0.1238,0.7529,0.2921,0.7285,0.796,0.0,0.0,0,1.0,6,0,1,0.0,0.0,0.0
14.305,161,17.8,0.2255,0.3426,0.5493,0.7523,0.5953,0.0,0.0,0,1.0,5,0,1,0.0,0.0,0.0
14.364,162,17.8,0.2303,0.3763,0.5023,0.6684,0.5973,-0.2471,0.0,0,1.0,6,0,1,0.0124,0.0,0.0049
14.429,163,17.8,0.1073,0.7398,0.3155,0.8861,0.798,-0.0835,0.0,0,1.0,6,0,1,0.0042,0.0,0.0017
14.49,164,17.8,0.1294,0.7182,0.3292,0.7844,0.7876,-0.0835,0.0,0,1.0,6,0,1,0.0042,0.0,0.0017
14.555,165,17.8,0.313,0.8897,0.1536,-0.6148,0.9227,0.0,0.0,0,1.0,7,0,1,0.0,0.0,0.0
14.608,166,17.8,0.1454,1.0,0.1474,0.0125,0.9225,0.0,0.0,0,1.0,7,0,1,0.0,0.0,0.0
14.667,167,17.8,0.139,1.0,0.1568,0.1086,0.9278,0.0,0.0,0,1.0,7,0,1,0.0,0.0,0.0
14.724,168,17.8,0.2943,0.9046,0.1564,-0.551,0.9247,0.0,0.0,0,1.0,7,0,1,0.0,0.0,0.0
14.773,169,17.8,0.1678,0.8696,0.2922,0.4869,0.8941,-0.4651,0.0,0,1.0,6,0,1,0.0233,0.0,0.0093
14.824,170,17.8,0.1074,0.7421,0.2915,0.8304,0.7866,-0.4651,0.0,0,1.0,6,0,1,0.0233,0.0,0.0093
14.884,171,17.8,0.1646,0.8378,0.3192,0.5752,0.8825,-0.4651,0.0,0,1.0,6,0,1,0.0233,0.0,0.0093
14.943,172,17.8,0.3245,0.6516,0.3097,-0.042,0.7291,-0.1716,0.0,0,1.0,5,0,1,0.0086,0.0,0.0034
15.009,173,17.8,0.1843,0.2387,0.575,0.9262,0.5225,0.0045,0.0,0,1.0,4,0,1,0.0002,0.0,0.0001
15.067,174,17.8,0.3351,0.2846,0.3585,0.0607,0.4398,-0.2303,0.0,0,1.0,4,0,1,0.0115,0.0,0.0046
15.127,175,17.8,0.3349,0.937,0.0761,-1.0,0.9746,-0.0961,0.0,0,1.0,7,0,1,0.0048,0.0,0.0019
15.183,176,17.8,0.4257,0.7276,0.1488,-0.8675,0.8496,-0.0961,0.0,0,1.0,6,0,1,0.0048,0.0,0.0019
15.243,177,17.8,0.2949,0.952,0.0759,-1.0,0.9648,0.0,0.0,0,1.0,8,0,1,0.0,0.0,0.0
15.299,178,17.8,0.1232,1.0,0.1378,0.1006,0.9171,0.0,0.0,0,1.0,10,0,1,0.0,0.0,0.0
15.359,179,17.8,0.1821,1.0,0.088,-0.6275,0.942,0.0,0.0,0,1.0,6,0,1,0.0,0.0,0.0
15.418,180,17.8,0.17,1.0,0.0743,-0.7053,0.9352,0.0,0.0,0,1.0,8,0,1,0.0,0.0,0.0
15.472,181,17.1,0.3337,0.9211,0.0767,-1.0,0.9606,0.0,0.0,0,1.0,9,0,1,0.0,0.0,0.0
15.524,182,17.1,0.1014,0.8301,0.2041,0.6053,0.8115,0.0,0.0,0,1.0,8,0,1,0.0,0.0,0.0
15.571,183,17.1,0.1014,0.819,0.2179,0.6571,0.81,0.0,0.0,0,1.0,9,0,1,0.0,0.0,0.0
15.622,184,17.1,0.1014,0.8051,0.2332,0.7092,0.8069,0.0,0.0,0,1.0,9,0,1,0.0,0.0,0.0
15.67,185,17.1,0.1014,0.793,0.2365,0.72,0.7986,0.0,0.0,0,1.0,9,0,1,0.0,0.0,0.0
15.719,186,17.1,0.1014,0.8015,0.2259,0.6848,0.7997,0.0,0.0,0,1.0,9,0,1,0.0,0.0,0.0
15.772,187,17.1,0.1014,0.7763,0.2528,0.7696,0.7937,0.0,0.0,0,1.0,9,0,1,0.0,0.0,0.0
15.823,188,17.1,0.1014,0.7803,0.2546,0.7747,0.798,0.0,0.0,0,1.0,9,0,1,0.0,0.0,0.0
15.883,189,17.1,0.0558,0.8571,0.2136,1.0,0.8396,0.0,0.0,0,1.0,11,0,1,0.0,0.0,0.0
15.944,190,17.1,0.1014,0.7714,0.248,0.7553,0.7869,0.0,0.0,0,1.0,10,0,1,0.0,0.0,0.0
16.005,191,17.1,0.1843,0.517,0.3504,0.559,0.6305,0.0,0.0,0,1.0,7,0,1,0.0,0.0,0.0
16.058,192,17.1,0.1014,0.7963,0.234,0.712,0.8,0.0045,0.0,0,1.0,9,0,1,0.0002,0.0,0.0001
16.12,193,17.1,0.3351,0.3912,0.2991,-0.1023,0.5163,0.0,0.0,0,1.0,8,0,1,0.0,0.0,0.0
16.179,194,17.1,0.347,0.4394,0.2577,-0.2657,0.5634,0.0,0.0,0,1.0,11,0,1,0.0,0.0,0.0
16.236,195,17.1,0.1019,1.0,0.0676,-0.3644,0.8971,0.0045,0.0,0,1.0,11,0,1,0.0002,0.0,0.0001
16.293,196,17.1,0.1014,0.8158,0.2131,0.6396,0.8046,-0.1363,0.0,0,1.0,8,0,1,0.0068,0.0,0.0027
16.353,197,17.1,0.1014,0.8067,0.2229,0.6745,0.8024,0.0,0.0,0,1.0,9,0,1,0.0,0.0,0.0
16.418,198,17.1,0.1014,0.8644,0.1848,0.5247,0.8295,0.0,0.0,0,1.0,9,0,1,0.0,0.0,0.0
16.472,199,17.1,0.1014,0.801,0.2455,0.7478,0.8103,0.0,0.0,0,1.0,11,0,1,0.0,0.0,0.0
16.523,200,17.1,0.1014,0.7954,0.2517,0.7662,0.8091,0.0,0.0,0,1.0,10,0,1,0.0,0.0,0.0
16.576,201,17.1,0.1014,0.7503,0.327,0.9481,0.8134,0.0,0.0,0,1.0,12,1,1,0.0,0.0,0.0
16.637,202,17.1,0.0307,0.7175,0.4272,1.0,0.8419,0.0,0.0,0,1.0,13,1,1,0.0,0.0,0.0
16.691,203,17.1,0.0307,0.7095,0.3705,1.0,0.8035,0.0,0.0,0,1.0,12,1,1,0.0,0.0,0.0
16.738,204,17.1,0.0307,0.5526,0.5696,1.0,0.7832,-0.7,0.0,0,1.0,12,1,1,0.035,0.0,0.014
16.791,205,17.1,0.0307,0.5781,0.742,1.0,0.9012,-0.7,0.0,0,1.0,14,1,1,0.035,0.0,0.014
16.849,206,17.1,0.0558,0.4702,0.861,1.0,0.8771,0.0915,0.0,0,1.0,10,1,1,0.0046,0.0,0.0018
16.91,207,17.1,0.0558,0.4532,0.8685,1.0,0.867,-0.1967,0.0,0,1.0,12,1,1,0.0098,0.0,0.0039
16.968,208,17.1,0.0558,0.2774,1.0,1.0,0.793,-0.2564,0.0,0,1.0,12,1,1,0.0128,0.0,0.0051
17.028,209,17.1,0.1014,0.2181,0.9518,1.0,0.7162,-0.2564,0.0,0,1.0,9,1,1,0.0128,0.0,0.0051
17.082,210,17.1,0.0,0.2036,1.0,1.0,0.731,0.0791,0.0,0,1.0,4,1,1,0.004,0.0,0.0016
17.142,211,18.0,0.0,0.2324,1.0,1.0,0.7552,0.0607,0.0,0,1.0,5,1,1,0.003,0.0,0.0012
17.205,212,18.0,0.7229,0.3158,0.5187,-0.2962,0.6701,0.0607,0.0,0,1.0,12,1,1,0.003,0.0,0.0012
17.261,213,18.0,0.0307,0.4635,0.9541,1.0,0.9236,0.0607,0.0,0,1.0,13,1,1,0.003,0.0,0.0012
17.317,214,18.0,0.0,0.9257,0.5455,1.0,1.0,-0.2384,0.0,0,1.0,11,1,1,0.0119,0.0,0.0048
17.377,215,18.0,0.0,0.8523,0.6632,1.0,1.0,0.0045,0.0,0,1.0,13,1,1,0.0002,0.0,0.0001
17.435,216,18.0,0.0,0.7761,0.5497,1.0,0.9598,0.0045,0.0,0,1.0,11,1,1,0.0002,0.0,0.0001
17.49,217,18.0,0.0,0.5552,0.764,1.0,0.8943,0.0045,0.0,0,1.0,14,1,1,0.0002,0.0,0.0001
17.538,218,18.0,0.0,0.4017,0.9024,1.0,0.8428,0.0045,0.0,0,1.0,11,1,1,0.0002,0.0,0.0001
17.588,219,18.0,0.0,0.5287,0.9999,1.0,1.0,-0.2393,0.0,0,1.0,15,1,1,0.012,0.0,0.0048
17.638,220,18.0,0.0,0.5289,0.9986,1.0,1.0,-0.2393,0.0,0,1.0,17,1,1,0.012,0.0,0.0048
17.695,221,18.0,0.0558,0.4037,0.827,1.0,0.8022,0.0607,0.0,0,1.0,15,1,1,0.003,0.0,0.0012
17.749,222,18.0,0.0558,0.5315,0.7061,1.0,0.8419,-0.2564,0.0,0,1.0,16,1,1,0.0128,0.0,0.0051
17.816,223,18.0,0.0558,0.793,0.4761,1.0,0.9328,-0.2564,0.0,0,1.0,17,1,1,0.0128,0.0,0.0051
17.873,224,18.0,0.0307,1.0,0.4434,1.0,1.0,-0.1235,0.0,0,1.0,17,1,1,0.0062,0.0,0.0025
17.937,225,18.0,0.0648,1.0,0.3631,1.0,1.0,-0.1129,0.0,0,1.0,14,1,1,0.0056,0.0,0.0023
17.999,226,18.0,0.0008,1.0,0.4171,1.0,1.0,-0.7,0.0,0,1.0,16,1,1,0.035,0.0,0.014
18.064,227,18.0,0.0,0.6057,0.8392,1.0,0.9788,-0.7,0.0,0,1.0,15,1,1,0.035,0.0,0.014
18.12,228,18.0,0.0786,0.9728,0.459,1.0,1.0,-0.2393,0.0,0,1.0,9,1,1,0.012,0.0,0.0048
18.177,229,18.0,0.0715,1.0,0.2265,0.9367,0.9669,-0.2393,0.0,0,1.0,15,1,1,0.012,0.0,0.0048
18.235,230,18.0,0.0746,1.0,0.3553,1.0,1.0,-0.1129,0.0,0,1.0,14,1,1,0.0056,0.0,0.0023
18.295,231,18.0,0.0662,1.0,0.1967,0.8935,0.9501,0.0,0.0,0,1.0,14,1,1,0.0,0.0,0.0
18.359,232,18.0,0.0468,1.0,0.2903,1.0,1.0,0.0,0.0,0,1.0,13,1,1,0.0,0.0,0.0
18.43,233,18.0,0.2096,1.0,0.1245,-0.4586,0.9574,0.0,0.0,0,1.0,17,1,1,0.0,0.0,0.0
18.482,234,18.0,0.0583,1.0,0.1747,0.8989,0.9378,0.0,0.0,0,1.0,16,1,1,0.0,0.0,0.0
18.532,235,18.0,0.1032,1.0,0.1383,0.2615,0.9174,0.0,0.0,0,1.0,17,1,1,0.0,0.0,0.0
18.585,236,18.0,0.1035,1.0,0.1345,0.2346,0.9153,0.0,0.0,0,1.0,17,1,1,0.0,0.0,0.0
18.642,237,18.0,0.0598,1.0,0.1631,0.8341,0.9313,0.0,0.0,0,1.0,15,1,1,0.0,0.0,0.0
18.704,238,18.0,0.128,1.0,0.1429,0.099,0.92,0.0,0.0,0,1.0,15,1,1,0.0,0.0,0.0
18.761,239,18.0,0.1302,1.0,0.1383,0.0543,0.9174,0.0,0.0,0,1.0,18,1,1,0.0,0.0,0.0
18.824,240,18.0,0.2528,1.0,0.0642,-1.0,0.9816,0.0,0.0,0,1.0,15,1,1,0.0,0.0,0.0
18.887,241,17.2,0.2222,1.0,0.0734,-0.9064,0.9644,0.0,0.0,0,1.0,20,1,1,0.0,0.0,0.0
18.944,242,17.2,0.1779,1.0,0.1127,-0.4033,0.9396,0.0,0.0,0,1.0,16,1,1,0.0,0.0,0.0
19.001,243,17.2,0.146,1.0,0.1211,-0.1685,0.9218,0.0,0.0,0,1.0,18,1,1,0.0,0.0,0.0
19.061,244,17.2,0.2255,1.0,0.0742,-0.9084,0.9663,0.0,0.0,0,1.0,15,1,1,0.0,0.0,0.0
19.12,245,17.2,0.2289,1.0,0.0687,-0.9686,0.9682,0.0,0.0,0,1.0,13,1,1,0.0,0.0,0.0
19.176,246,17.2,0.2891,1.0,0.0587,-1.0,1.0,0.0,0.0,0,1.0,12,1,1,0.0,0.0,0.0
19.236,247,17.2,0.1779,1.0,0.1064,-0.4531,0.9396,0.0,0.0,0,1.0,14,1,1,0.0,0.0,0.0
19.296,248,17.2,0.2226,1.0,0.107,-0.6315,0.9647,0.0,0.0,0,1.0,10,1,1,0.0,0.0,0.0
19.357,249,17.2,0.2392,1.0,0.0695,-0.9891,0.9739,0.0,0.0,0,1.0,17,1,1,0.0,0.0,0.0
19.424,250,17.2,0.2521,1.0,0.0683,-1.0,0.9812,0.0,0.0,0,1.0,16,1,1,0.0,0.0,0.0
19.486,251,17.2,0.1647,1.0,0.1226,-0.2636,0.9322,0.0,0.0,0,1.0,15,1,1,0.0,0.0,0.0
19.54,252,17.2,0.2494,1.0,0.0726,-0.9883,0.9797,0.0,0.0,0,1.0,13,1,1,0.0,0.0,0.0
19.592,253,17.2,0.2493,1.0,0.0739,-0.977,0.9796,0.0,0.0,0,1.0,14,1,1,0.0,0.0,0.0
19.653,254,17.2,0.1851,1.0,0.1171,-0.4052,0.9437,0.0,0.0,0,1.0,14,1,1,0.0,0.0,0.0
19.711,255,17.2,0.2287,1.0,0.0501,-1.0,0.9681,0.0,0.0,0,1.0,17,1,1,0.0,0.0,0.0
19.771,256,17.2,0.0761,1.0,0.3063,1.0,1.0,0.0,0.0,0,1.0,19,1,1,0.0,0.0,0.0
19.828,257,17.2,0.21,1.0,0.0853,-0.7598,0.9576,0.0,0.0,0,1.0,18,1,1,0.0,0.0,0.0
19.888,258,17.2,0.1228,1.0,0.1168,-0.0449,0.9088,0.0,0.0,0,1.0,17,1,1,0.0,0.0,0.0
19.946,259,17.2,0.0804,1.0,0.149,0.5379,0.9234,0.0,0.0,0,1.0,17,1,1,0.0,0.0,0.0
20.006,260,17.2,0.1195,1.0,0.1181,-0.0103,0.9069,0.0,0.0,0,1.0,18,1,1,0.0,0.0,0.0
20.062,261,17.2,0.0711,1.0,0.111,0.395,0.9022,0.0,0.0,0,1.0,15,1,1,0.0,0.0,0.0
20.125,262,17.2,0.1218,1.0,0.1162,-0.0425,0.9082,0.0,0.0,0,1.0,15,1,1,0.0,0.0,0.0
20.19,263,17.2,0.1868,1.0,0.1221,-0.377,0.9446,0.0,0.0,0,1.0,16,1,1,0.0,0.0,0.0
20.243,264,17.2,0.2028,1.0,0.0869,-0.7199,0.9535,0.0,0.0,0,1.0,17,1,1,0.0,0.0,0.0
20.303,265,17.2,0.2052,1.0,0.0815,-0.7764,0.9549,0.0,0.0,0,1.0,16,1,1,0.0,0.0,0.0
20.362,266,17.2,0.1877,1.0,0.0926,-0.6107,0.9451,0.0,0.0,0,1.0,18,1,1,0.0,0.0,0.0
20.425,267,17.2,0.0675,1.0,0.1479,0.6715,0.9228,0.0,0.0,0,1.0,20,1,1,0.0,0.0,0.0
20.483,268,17.2,0.0681,1.0,0.2047,0.9014,0.9546,0.0,0.0,0,1.0,19,1,1,0.0,0.0,0.0
20.541,269,17.2,0.0995,1.0,0.1508,0.369,0.9245,0.0,0.0,0,1.0,19,1,1,0.0,0.0,0.0
20.598,270,17.2,0.11,1.0,0.1602,0.3342,0.9297,0.0,0.0,0,1.0,15,1,1,0.0,0.0,0.0
20.65,271,16.9,0.0703,1.0,0.304,1.0,1.0,0.0,0.0,0,1.0,18,1,1,0.0,0.0,0.0
20.711,272,16.9,0.0277,1.0,0.2527,1.0,0.9815,0.0,0.0,0,1.0,18,1,1,0.0,0.0,0.0
20.766,273,16.9,0.1186,1.0,0.1174,-0.0087,0.9064,0.0,0.0,0,1.0,12,1,1,0.0,0.0,0.0
20.828,274,16.9,0.0038,1.0,0.146,1.0,0.9218,0.0,0.0,0,1.0,15,1,1,0.0,0.0,0.0
20.886,275,16.9,0.0677,1.0,0.1039,0.3797,0.8982,0.0,0.0,0,1.0,14,1,1,0.0,0.0,0.0
20.95,276,16.9,0.1116,1.0,0.0909,-0.1843,0.9025,0.0,0.0,0,1.0,14,1,1,0.0,0.0,0.0
21.016,277,16.9,0.1979,1.0,0.0897,-0.677,0.9508,0.0,0.0,0,1.0,15,1,1,0.0,0.0,0.0
21.079,278,16.9,0.1623,1.0,0.0567,-0.8684,0.9309,0.0,0.0,0,1.0,16,1,1,0.0,0.0,0.0
21.134,279,16.9,0.2699,1.0,0.0657,-1.0,0.9912,0.0,0.0,0,1.0,14,1,1,0.0,0.0,0.0
21.195,280,16.9,0.1333,1.0,0.1227,-0.0744,0.9146,0.0,0.0,0,1.0,21,1,1,0.0,0.0,0.0
21.257,281,16.9,0.0674,1.0,0.1904,0.8587,0.9466,0.0,0.0,0,1.0,19,1,1,0.0,0.0,0.0
21.314,282,16.9,0.2062,1.0,0.086,-0.7404,0.9555,0.0,0.0,0,1.0,20,1,1,0.0,0.0,0.0
21.38,283,16.9,0.1228,1.0,0.1282,0.0385,0.9118,0.0,0.0,0,1.0,15,1,1,0.0,0.0,0.0
21.44,284,16.9,0.1253,0.7142,0.576,1.0,0.9225,0.0,0.0,0,1.0,14,1,1,0.0,0.0,0.0
21.499,285,16.9,0.2313,0.9407,0.0104,-1.0,0.9197,0.0,0.0,0,1.0,10,1,1,0.0,0.0,0.0
21.558,286,16.9,0.255,0.9459,0.0109,-1.0,0.9374,0.0045,0.0,0,1.0,8,1,1,0.0002,0.0,0.0001
21.615,287,16.9,0.1433,1.0,0.0667,-0.6561,0.9202,0.0,0.0,0,1.0,14,1,1,0.0,0.0,0.0
21.676,288,16.9,0.2637,0.8791,0.0575,-1.0,0.8861,0.0,0.0,0,1.0,8,1,1,0.0,0.0,0.0
21.734,289,16.9,0.0756,1.0,0.1404,0.5395,0.9186,0.0,0.0,0,1.0,13,1,1,0.0,0.0,0.0
21.795,290,16.9,0.0616,1.0,0.1463,0.7332,0.9219,0.0,0.0,0,1.0,12,1,1,0.0,0.0,0.0
21.852,291,16.9,0.0218,0.8562,0.5549,1.0,1.0,0.0,0.0,0,1.0,13,2,1,0.0,0.0,0.0
21.928,292,16.9,0.0407,1.0,0.193,1.0,0.9481,0.0045,0.0,1,1.0,15,2,1,0.0002,1.0,0.0001
22.0,293,16.9,0.145,0.8421,0.2438,0.4571,0.8439,0.0,0.0,1,1.0,12,2,1,0.0,0.8,0.0
22.07,294,16.9,0.4506,0.8224,0.1154,-1.0,0.9432,0.0,0.0,1,1.0,20,2,1,0.0,0.8,0.0
22.129,295,16.9,0.2575,1.0,0.1279,-0.6053,0.9842,0.0,0.0,1,1.0,19,2,1,0.0,0.8,0.0
22.185,296,16.9,0.3316,0.9003,0.1383,-0.7405,0.9419,-0.1967,0.0,1,1.0,17,2,1,0.0098,0.8,0.0039
22.249,297,16.9,0.7025,0.8045,0.0964,-1.0,1.0,0.0,0.0,1,1.0,18,2,1,0.0,0.8,0.0
22.318,298,16.9,0.0761,1.0,0.2017,0.8143,0.953,-0.1363,0.0,1,1.0,26,2,1,0.0068,0.8,0.0027
22.386,299,16.9,0.2777,0.9336,0.0497,-1.0,0.9398,0.0,0.0,1,1.0,24,2,1,0.0,0.8,0.0
22.45,300,16.9,0.1668,0.9457,0.3325,0.5972,0.9806,0.0,0.0,1,1.0,12,2,1,0.0,0.8,0.0
22.517,301,16.2,0.3969,0.9773,0.0443,-1.0,1.0,-0.2303,0.0,0,1.0,9,2,1,0.0115,0.8,0.0046
22.575,302,16.2,0.418,0.8951,0.1582,-0.8117,0.986,-0.7,0.0,0,1.0,11,2,1,0.035,0.0,0.014
22.636,303,16.2,0.4293,0.9577,0.0891,-1.0,1.0,-0.0737,0.0,0,1.0,13,2,1,0.0037,0.0,0.0015
22.698,304,16.2,0.3803,1.0,0.08,-1.0,1.0,-0.7,0.0,0,1.0,15,2,1,0.035,0.0,0.014
22.749,305,16.2,0.4075,0.9068,0.1327,-0.9156,0.9899,-0.7,0.0,0,1.0,13,2,1,0.035,0.0,0.014
22.81,306,16.2,0.0798,0.3617,0.6811,1.0,0.6853,-0.7,0.0,0,1.0,9,2,1,0.035,0.0,0.014
22.871,307,16.2,0.3158,0.7795,0.0702,-1.0,0.8316,-0.1235,0.0,0,1.0,8,2,1,0.0062,0.0,0.0025
22.925,308,16.2,0.2901,0.8115,0.0616,-1.0,0.8441,-0.1235,0.0,0,1.0,7,2,1,0.0062,0.0,0.0025
22.99,309,16.2,0.1362,0.8031,0.4191,0.917,0.9093,0.0,0.0,0,1.0,8,2,1,0.0,0.0,0.0
23.058,310,16.2,0.0697,0.8661,0.4237,1.0,0.9648,0.0,0.0,0,1.0,9,2,1,0.0,0.0,0.0
23.118,311,16.2,0.136,0.806,0.426,0.9288,0.9156,-0.7,0.0,0,1.0,9,2,1,0.035,0.0,0.014
23.174,312,16.2,0.0821,0.778,0.4974,1.0,0.9321,-0.4651,0.0,0,1.0,6,2,1,0.0233,0.0,0.0093
23.237,313,16.2,0.0823,0.7637,0.5065,1.0,0.9252,-0.1967,0.0,0,1.0,7,2,1,0.0098,0.0,0.0039
23.294,314,16.2,0.1259,0.771,0.4519,1.0,0.9007,-0.1967,0.0,0,1.0,8,2,1,0.0098,0.0,0.0039
23.353,315,16.2,0.0677,0.9008,0.4107,1.0,0.9867,-0.1967,0.0,0,1.0,9,2,1,0.0098,0.0,0.0039
23.409,316,16.2,0.0452,0.9355,0.4017,1.0,1.0,-0.1129,0.0,0,1.0,10,2,1,0.0056,0.0,0.0023
23.466,317,16.2,0.16,0.8965,0.1166,-0.283,0.8427,-0.7,0.0,0,1.0,18,2,1,0.035,0.0,0.014
23.516,318,16.2,0.1966,0.9224,0.0695,-0.8601,0.8849,0.0,0.0,0,1.0,19,2,1,0.0,0.0,0.0
23.575,319,16.2,0.1694,0.9741,0.0525,-0.9483,0.9131,0.0,0.0,0,1.0,20,2,1,0.0,0.0,0.0
23.633,320,16.2,0.353,0.8254,0.0,-1.0,0.891,0.0,0.0,0,1.0,23,2,1,0.0,0.0,0.0
23.693,321,16.2,0.2929,0.6247,0.2506,-0.1402,0.6888,0.0,0.0,0,1.0,25,2,1,0.0,0.0,0.0
23.749,322,16.2,0.4166,0.7568,0.0,-1.0,0.869,0.0045,0.0,0,1.0,26,2,1,0.0002,0.0,0.0001
23.798,323,16.2,0.5422,0.6425,0.0,-1.0,0.8433,-0.7,0.0,0,1.0,25,2,1,0.035,0.0,0.014
23.855,324,16.2,0.4344,0.7912,0.0,-1.0,0.9079,-0.7,0.0,0,1.0,22,2,1,0.035,0.0,0.014
23.917,325,16.2,0.4436,0.8065,0.0,-1.0,0.9259,0.0915,0.0,0,1.0,23,2,1,0.0046,0.0,0.0018
23.976,326,16.2,0.4461,0.8173,0.0,-1.0,0.9363,-0.1129,0.0,0,1.0,26,2,1,0.0056,0.0,0.0023
24.036,327,16.2,0.3185,0.9776,0.0,-1.0,0.9995,-0.1129,0.0,0,1.0,27,2,1,0.0056,0.0,0.0023
24.093,328,16.2,0.2405,0.8618,0.1384,-0.4849,0.8585,0.0,0.0,0,1.0,28,2,1,0.0,0.0,0.0
24.151,329,16.2,0.3535,0.8604,0.0,-1.0,0.9207,0.0,0.0,0,1.0,23,2,1,0.0,0.0,0.0
24.21,330,16.2,0.4691,0.6386,0.0245,-1.0,0.7992,0.0,0.0,0,1.0,19,2,1,0.0,0.0,0.0
24.266,331,17.1,0.2119,1.0,0.0,-1.0,0.9587,-0.7,0.0,0,1.0,17,2,1,0.035,0.0,0.014
24.327,332,17.1,0.2106,1.0,0.0018,-1.0,0.958,0.0,0.0,0,1.0,21,2,1,0.0,0.0,0.0
24.388,333,17.1,0.1526,0.7752,0.421,0.8423,0.8869,0.0,0.0,0,1.0,8,2,1,0.0,0.0,0.0
24.443,334,17.1,0.0544,0.8911,0.4096,1.0,0.9779,-0.4182,0.0,0,1.0,9,2,1,0.0209,0.0,0.0084
24.5,335,17.1,0.2013,1.0,0.0085,-1.0,0.9527,-0.7,0.0,0,1.0,10,2,1,0.035,0.0,0.014
24.557,336,17.1,0.0993,0.8241,0.2707,0.8341,0.8438,0.0,0.0,0,1.0,12,2,1,0.0,0.0,0.0
24.603,337,17.1,0.0954,0.8149,0.2758,0.8748,0.839,0.0,0.0,0,1.0,11,2,1,0.0,0.0,0.0
24.659,338,17.1,0.0933,0.4285,0.5725,1.0,0.6805,0.0,0.0,0,1.0,10,2,1,0.0,0.0,0.0
24.719,339,17.1,0.0343,0.8173,0.3168,1.0,0.8639,0.0915,0.0,0,1.0,5,2,1,0.0046,0.0,0.0018
24.773,340,17.1,0.0227,0.8164,0.5215,1.0,0.9778,0.0,0.0,0,1.0,10,2,1,0.0,0.0,0.0
24.826,341,17.1,0.1456,1.0,0.0156,-1.0,0.9215,0.0,0.0,0,1.0,10,2,1,0.0,0.0,0.0
24.891,342,17.1,0.3509,0.9244,0.0139,-1.0,0.973,0.0045,0.0,0,1.0,9,2,1,0.0002,0.0,0.0001
24.957,343,17.1,0.387,0.9668,0.0209,-1.0,1.0,0.0,0.0,0,1.0,9,2,1,0.0,0.0,0.0
25.024,344,17.1,0.0314,1.0,0.29,1.0,1.0,-0.7,0.0,0,1.0,9,2,1,0.035,0.0,0.014
25.085,345,17.1,0.0703,1.0,0.3499,1.0,1.0,0.0,0.0,0,1.0,9,2,1,0.0,0.0,0.0
25.151,346,17.1,0.1138,1.0,0.1187,0.0377,0.9065,0.0,0.0,0,1.0,6,2,1,0.0,0.0,0.0
25.213,347,17.1,0.0658,1.0,0.3606,1.0,1.0,0.0,0.0,0,1.0,7,2,1,0.0,0.0,0.0
25.275,348,17.1,0.0763,1.0,0.3597,1.0,1.0,-0.7,0.0,0,1.0,12,2,1,0.035,0.0,0.014
25.336,349,17.1,0.0729,1.0,0.3198,1.0,1.0,-0.7,0.0,0,1.0,9,2,1,0.035,0.0,0.014
25.394,350,17.1,0.2639,0.9757,0.323,0.1811,1.0,0.0,0.0,0,1.0,5,2,1,0.0,0.0,0.0
25.455,351,17.1,0.1505,0.7841,0.428,0.8636,0.8983,0.0,0.0,0,1.0,15,2,1,0.0,0.0,0.0
25.508,352,17.1,0.3813,1.0,0.0192,-1.0,1.0,-0.1363,0.0,0,1.0,18,2,1,0.0068,0.0,0.0027
25.555,353,17.1,0.5994,0.8557,0.0111,-1.0,1.0,-0.4651,0.0,0,1.0,21,2,1,0.0233,0.0,0.0093
25.604,354,17.1,0.6016,0.851,0.0127,-1.0,1.0,-0.4651,0.0,0,1.0,22,2,1,0.0233,0.0,0.0093
25.659,355,17.1,0.4498,0.8046,0.1405,-0.943,0.9278,0.0915,0.0,0,1.0,22,2,1,0.0046,0.0,0.0018
25.717,356,17.1,0.5837,0.5648,0.0,-1.0,0.8013,-0.1129,0.0,0,1.0,26,2,1,0.0056,0.0,0.0023
25.771,357,17.1,0.7895,0.4737,0.0777,-1.0,0.84,0.0915,0.0,0,1.0,38,2,1,0.0046,0.0,0.0018
25.824,358,17.1,0.7277,0.5911,0.0,-1.0,0.904,0.0915,0.0,0,1.0,35,2,1,0.0046,0.0,0.0018
25.888,359,17.1,0.7144,0.4878,0.0824,-1.0,0.8098,-0.158,0.0,0,1.0,36,2,1,0.0079,0.0,0.0032
25.955,360,17.1,0.496,0.6781,0.1382,-1.0,0.8474,-0.2122,0.0,0,1.0,34,2,1,0.0106,0.0,0.0042
26.015,361,17.2,0.5667,0.7598,0.0117,-1.0,0.9556,-0.0961,0.0,0,1.0,32,2,1,0.0048,0.0,0.0019
26.076,362,17.2,0.5264,0.7319,0.083,-1.0,0.9096,0.0045,0.0,0,1.0,31,2,1,0.0002,0.0,0.0001
26.133,363,17.2,0.5713,0.6894,0.0749,-1.0,0.899,0.0045,0.0,0,1.0,33,2,1,0.0002,0.0,0.0001
26.191,364,17.2,0.5575,0.6718,0.0691,-1.0,0.8765,0.0915,0.0,0,1.0,28,2,1,0.0046,0.0,0.0018
26.251,365,17.2,0.5691,0.7449,0.0,-1.0,0.9444,0.0915,0.0,0,1.0,25,2,1,0.0046,0.0,0.0018
26.309,366,17.2,0.4424,0.9132,0.0,-1.0,1.0,0.0045,0.0,0,1.0,23,2,1,0.0002,0.0,0.0001
26.369,367,17.2,0.468,0.8931,0.0735,-1.0,1.0,-0.1129,0.0,0,1.0,21,2,1,0.0056,0.0,0.0023
26.425,368,17.2,0.4111,0.9386,0.0744,-1.0,1.0,-0.1129,0.0,0,1.0,13,2,1,0.0056,0.0,0.0023
26.474,369,17.2,0.4107,0.9371,0.0744,-1.0,1.0,-0.1129,0.0,0,1.0,11,2,1,0.0056,0.0,0.0023
26.526,370,17.2,0.4107,0.9371,0.0744,-1.0,1.0,-0.7,0.0,0,1.0,11,2,1,0.035,0.0,0.014
26.577,371,17.2,0.4107,0.9371,0.0744,-1.0,1.0,-0.7,0.0,0,1.0,11,2,1,0.035,0.0,0.014
26.625,372,17.2,0.4107,0.9371,0.0744,-1.0,1.0,-0.7,0.0,0,1.0,11,2,1,0.035,0.0,0.014
26.68,373,17.2,0.4107,0.9371,0.0744,-1.0,1.0,-0.7,0.0,0,1.0,11,2,1,0.035,0.0,0.014
26.726,374,17.2,0.4107,0.9371,0.0744,-1.0,1.0,-0.7,0.0,0,1.0,11,2,1,0.035,0.0,0.014
26.776,375,17.2,0.4107,0.9371,0.0744,-1.0,1.0,-0.7,0.0,0,1.0,11,2,1,0.035,0.0,0.014
26.825,376,17.2,0.4107,0.9371,0.0744,-1.0,1.0,-0.7,0.0,0,1.0,11,2,1,0.035,0.0,0.014
26.876,377,17.2,0.4107,0.9371,0.0744,-1.0,1.0,-0.7,0.0,0,1.0,11,2,1,0.035,0.0,0.014
26.928,378,17.2,0.4107,0.9371,0.0744,-1.0,1.0,-0.7,0.0,0,1.0,11,2,1,0.035,0.0,0.014
26.979,379,17.2,0.4107,0.9371,0.0744,-1.0,1.0,-0.7,0.0,0,1.0,11,2,1,0.035,0.0,0.014
27.027,380,17.2,0.4107,0.9371,0.0744,-1.0,1.0,-0.7,0.0,0,1.0,11,2,1,0.035,0.0,0.014
27.077,381,17.2,0.4107,0.9371,0.0744,-1.0,1.0,-0.7,0.0,0,1.0,11,3,1,0.035,0.0,0.014
27.129,382,17.2,0.4107,0.9371,0.0744,-1.0,1.0,-0.7,0.0,0,1.0,11,3,1,0.035,0.0,0.014
27.18,383,17.2,0.4107,0.9371,0.0744,-1.0,1.0,-0.7,0.0,0,1.0,11,3,1,0.035,0.0,0.014
27.227,384,17.2,0.4107,0.9371,0.0744,-1.0,1.0,-0.7,0.0,0,1.0,11,3,1,0.035,0.0,0.014
27.283,385,17.2,0.4107,0.9371,0.0744,-1.0,1.0,-0.7,0.0,0,1.0,11,3,1,0.035,0.0,0.014
27.342,386,17.2,0.4107,0.9371,0.0744,-1.0,1.0,-0.7,0.0,0,1.0,11,3,1,0.035,0.0,0.014
27.395,387,17.2,0.4107,0.9371,0.0744,-1.0,1.0,-0.7,0.0,0,1.0,11,3,1,0.035,0.0,0.014
27.445,388,17.2,0.4107,0.9371,0.0744,-1.0,1.0,-0.7,0.0,0,1.0,11,3,1,0.035,0.0,0.014
27.492,389,17.2,0.4107,0.9371,0.0744,-1.0,1.0,-0.7,0.0,0,1.0,11,3,1,0.035,0.0,0.014
27.534,390,17.2,0.4107,0.9371,0.0744,-1.0,1.0,-0.7,0.0,0,1.0,11,3,1,0.035,0.0,0.014
27.592,391,19.0,0.4247,1.0,0.0,-1.0,1.0,-0.7,0.0,0,1.0,14,3,1,0.035,0.0,0.014
27.654,392,19.0,0.2616,1.0,0.2073,-0.2084,0.9865,-0.7,0.0,0,1.0,14,3,1,0.035,0.0,0.014
27.712,393,19.0,0.2904,1.0,0.2092,-0.2926,1.0,-0.7,0.0,0,1.0,15,3,1,0.035,0.0,0.014
27.767,394,19.0,0.3704,1.0,0.0088,-1.0,1.0,-0.7,0.0,0,1.0,9,3,1,0.035,0.0,0.014
27.825,395,19.0,0.2848,0.9346,0.1366,-0.6331,0.9445,-0.7,0.0,0,1.0,13,3,1,0.035,0.0,0.014
27.887,396,19.0,0.1964,1.0,0.3517,0.51,1.0,-0.7,0.0,0,1.0,8,3,1,0.035,0.0,0.014
27.945,397,19.0,0.1812,1.0,0.1328,-0.2778,0.9415,-0.7,0.0,0,1.0,10,3,1,0.035,0.0,0.014
28.002,398,19.0,0.357,1.0,0.1942,-0.5315,1.0,0.0,0.0,0,1.0,11,3,1,0.0,0.0,0.0
28.062,399,19.0,0.1457,1.0,0.359,0.7608,1.0,0.0,0.0,0,1.0,7,3,1,0.0,0.0,0.0
28.122,400,19.0,0.3647,1.0,0.199,-0.5289,1.0,-0.7,0.0,0,1.0,9,3,1,0.035,0.0,0.014
28.175,401,19.0,0.2567,1.0,0.2008,-0.2199,0.9837,-0.7,0.0,0,1.0,11,3,1,0.035,0.0,0.014
28.235,402,19.0,0.3245,1.0,0.0576,-1.0,1.0,0.0,0.0,0,1.0,8,3,1,0.0,0.0,0.0
28.293,403,19.0,0.2369,1.0,0.1688,-0.3021,0.9727,0.0,0.0,0,1.0,6,3,1,0.0,0.0,0.0
28.355,404,19.0,0.1418,1.0,0.3161,0.6853,1.0,0.0,0.0,0,1.0,8,3,1,0.0,0.0,0.0
28.418,405,19.0,0.0535,1.0,0.3327,1.0,1.0,0.0,0.0,0,1.0,9,3,1,0.0,0.0,0.0
28.476,406,19.0,0.0256,1.0,0.3609,1.0,1.0,0.0,0.0,0,1.0,14,3,1,0.0,0.0,0.0
28.532,407,19.0,0.0221,0.8309,0.606,1.0,1.0,0.0,0.0,0,1.0,8,3,1,0.0,0.0,0.0
28.582,408,19.0,0.0176,1.0,0.3842,1.0,1.0,0.0915,0.0,0,1.0,8,3,1,0.0046,0.0,0.0018
28.632,409,19.0,0.006,1.0,0.393,1.0,1.0,0.0915,0.0,0,1.0,8,3,1,0.0046,0.0,0.0018
28.685,410,19.0,0.0,1.0,0.4103,1.0,1.0,-0.3477,0.0,0,1.0,8,3,1,0.0174,0.0,0.007
28.738,411,19.0,0.0,1.0,0.1466,1.0,0.9221,-0.7,0.0,0,1.0,9,3,1,0.035,0.0,0.014
28.789,412,19.0,0.0045,1.0,0.4118,1.0,1.0,0.0,0.0,0,1.0,8,3,1,0.0,0.0,0.0
28.843,413,19.0,0.0,1.0,0.4156,1.0,1.0,0.0,0.0,0,1.0,8,3,1,0.0,0.0,0.0
28.902,414,19.0,0.0,1.0,0.177,1.0,0.9391,-0.7,0.0,0,1.0,5,3,1,0.035,0.0,0.014
28.961,415,19.0,0.0,0.9885,0.4909,1.0,1.0,-0.7,0.0,0,1.0,6,3,1,0.035,0.0,0.014
29.017,416,19.0,0.0385,1.0,0.1806,1.0,0.9411,-0.1129,0.0,0,1.0,6,3,1,0.0056,0.0,0.0023
29.078,417,19.0,0.2705,0.974,0.1474,-0.5302,0.9696,0.0,0.0,0,1.0,5,3,1,0.0,0.0,0.0
29.137,418,19.0,0.0851,1.0,0.4177,1.0,1.0,0.0,0.0,0,1.0,5,3,1,0.0,0.0,0.0
29.193,419,19.0,0.1405,1.0,0.37,0.8091,1.0,-0.7,0.0,0,1.0,8,3,1,0.035,0.0,0.014
29.253,420,19.0,0.2151,1.0,0.3624,0.4592,1.0,-0.7,0.0,0,1.0,12,3,1,0.035,0.0,0.014
29.312,421,17.5,0.2662,1.0,0.3543,0.2558,1.0,-0.7,0.0,0,1.0,12,3,1,0.035,0.0,0.014
29.376,422,17.5,0.4573,1.0,0.0107,-1.0,1.0,0.0045,0.0,0,1.0,20,3,1,0.0002,0.0,0.0001
29.439,423,17.5,0.4753,1.0,0.0779,-1.0,1.0,-0.1967,0.0,0,1.0,20,3,1,0.0098,0.0,0.0039
29.501,424,17.5,0.6258,0.908,0.0,-1.0,1.0,0.0045,0.0,0,1.0,22,3,1,0.0002,0.0,0.0001
29.556,425,17.5,0.5639,0.7407,0.299,-0.5527,0.938,0.0045,0.0,0,1.0,27,3,1,0.0002,0.0,0.0001
29.604,426,17.5,0.5894,0.685,0.2975,-0.5925,0.9054,-0.1876,0.0,0,1.0,30,3,1,0.0094,0.0,0.0038
29.658,427,17.5,0.6279,0.6431,0.2975,-0.6427,0.8918,-0.1833,0.0,0,1.0,29,3,1,0.0092,0.0,0.0037
29.719,428,17.5,0.6447,0.6466,0.297,-0.6646,0.9042,-0.1833,0.0,0,1.0,33,3,1,0.0092,0.0,0.0037
29.772,429,17.5,0.6475,0.634,0.297,-0.668,0.8952,-0.2855,0.0,0,1.0,32,3,1,0.0143,0.0,0.0057
29.822,430,17.5,0.6242,0.6721,0.2971,-0.6392,0.9141,-0.2405,0.0,0,1.0,33,3,1,0.012,0.0,0.0048
29.876,431,17.5,0.6958,0.7974,0.0,-1.0,1.0,-0.2405,0.0,0,1.0,34,3,1,0.012,0.0,0.0048
29.933,432,17.5,0.6504,0.7654,0.1637,-1.0,1.0,-0.2855,0.0,0,1.0,28,3,1,0.0143,0.0,0.0057
29.995,433,17.5,0.5957,0.7985,0.0002,-1.0,1.0,-0.2303,0.0,0,1.0,26,3,1,0.0115,0.0,0.0046
30.066,434,17.5,0.5138,0.7763,0.1649,-0.9254,0.9398,0.0915,0.0,0,1.0,27,3,1,0.0046,0.0,0.0018
30.136,435,17.5,0.4117,0.82,0.3026,-0.2749,0.9194,-0.2441,0.0,0,1.0,19,3,1,0.0122,0.0,0.0049
30.193,436,17.5,0.3255,0.8502,0.3466,0.0566,0.9083,-0.2156,0.0,0,1.0,18,3,1,0.0108,0.0,0.0043
30.249,437,17.5,0.3946,0.9593,0.0,-1.0,1.0,-0.2156,0.0,0,1.0,17,3,1,0.0108,0.0,0.0043
30.31,438,17.5,0.1446,0.6271,0.597,1.0,0.8611,0.0,0.0,0,1.0,8,3,1,0.0,0.0,0.0
30.367,439,17.5,0.1086,0.6851,0.7005,1.0,0.9677,0.0045,0.0,0,1.0,6,3,1,0.0002,0.0,0.0001
30.427,440,17.5,0.1402,1.0,0.366,0.8028,1.0,-0.1967,0.0,0,1.0,8,3,1,0.0098,0.0,0.0039
30.481,441,17.5,0.0581,0.7559,0.5707,1.0,0.9545,-0.1967,0.0,0,1.0,14,3,1,0.0098,0.0,0.0039
30.529,442,17.5,0.0677,0.7399,0.5776,1.0,0.945,-0.7,0.0,0,1.0,11,3,1,0.035,0.0,0.014
30.583,443,17.5,0.0321,1.0,0.3288,1.0,1.0,0.0915,0.0,0,1.0,11,3,1,0.0046,0.0,0.0018
30.638,444,17.5,0.0166,1.0,0.3865,1.0,1.0,0.0915,0.0,0,1.0,11,3,1,0.0046,0.0,0.0018
30.691,445,17.5,0.0204,1.0,0.134,1.0,0.9151,0.0,0.0,0,1.0,8,3,1,0.0,0.0,0.0
30.76,446,17.5,0.0153,1.0,0.3883,1.0,1.0,0.0,0.0,0,1.0,8,3,1,0.0,0.0,0.0
30.815,447,17.5,0.0059,1.0,0.3846,1.0,1.0,0.0,0.0,0,1.0,9,3,1,0.0,0.0,0.0
30.866,448,17.5,0.0,0.9944,0.4431,1.0,1.0,-0.3477,0.0,0,1.0,6,3,1,0.0174,0.0,0.007
30.927,449,17.5,0.0099,1.0,0.3339,1.0,1.0,-0.2303,0.0,0,1.0,9,3,1,0.0115,0.0,0.0046
30.983,450,17.5,0.0175,1.0,0.3622,1.0,1.0,0.0,0.0,0,1.0,7,3,1,0.0,0.0,0.0
31.045,451,17.3,0.0694,1.0,0.3269,1.0,1.0,0.0,0.0,0,1.0,13,3,1,0.0,0.0,0.0
31.103,452,17.3,0.1193,0.9767,0.3707,0.9236,1.0,-0.7,0.0,0,1.0,10,3,1,0.035,0.0,0.014
31.158,453,17.3,0.1664,0.9531,0.3749,0.6935,1.0,-0.7,0.0,0,1.0,12,3,1,0.035,0.0,0.014
31.216,454,17.3,0.2143,0.9215,0.3668,0.4725,0.9794,-0.1235,0.0,0,1.0,9,3,1,0.0062,0.0,0.0025
31.278,455,17.3,0.4364,0.8906,0.0,-1.0,0.9925,-0.7,0.0,0,1.0,17,3,1,0.035,0.0,0.014
31.336,456,17.3,0.546,0.7835,0.0,-1.0,0.9639,-0.7,0.0,0,1.0,18,3,1,0.035,0.0,0.014
31.392,457,17.3,0.5566,0.753,0.0104,-1.0,0.9442,-0.4651,0.0,0,1.0,21,3,1,0.0233,0.0,0.0093
31.446,458,17.3,0.511,0.6155,0.3021,-0.4626,0.8032,0.0915,0.0,0,1.0,27,3,1,0.0046,0.0,0.0018
31.497,459,17.3,0.5371,0.5877,0.2999,-0.5101,0.7945,-0.2156,0.0,0,1.0,25,3,1,0.0108,0.0,0.0043
31.551,460,17.3,0.5798,0.5466,0.298,-0.5779,0.7838,-0.2156,0.0,0,1.0,28,3,1,0.0108,0.0,0.0043
31.612,461,17.3,0.6264,0.4836,0.2978,-0.6399,0.757,-0.1363,0.0,0,1.0,28,3,1,0.0068,0.0,0.0027
31.667,462,17.3,0.6507,0.4642,0.2977,-0.6699,0.7543,-0.2855,0.0,0,1.0,29,3,1,0.0143,0.0,0.0057
31.727,463,17.3,0.557,0.5553,0.3186,-0.4902,0.7783,-0.2855,0.0,0,1.0,29,3,1,0.0143,0.0,0.0057
31.785,464,17.3,0.2865,0.6177,0.553,0.5713,0.8285,-0.2099,0.0,0,1.0,29,3,1,0.0105,0.0,0.0042
31.846,465,17.3,0.4942,0.628,0.3097,-0.4132,0.8043,-0.1363,0.0,0,1.0,26,3,1,0.0068,0.0,0.0027
31.901,466,17.3,0.543,0.5965,0.2981,-0.5241,0.8052,-0.1363,0.0,0,1.0,26,3,1,0.0068,0.0,0.0027
31.965,467,17.3,1.0,0.4686,0.0,-1.0,0.9536,-0.1363,0.0,0,1.0,23,3,1,0.0068,0.0,0.0027
32.029,468,17.3,0.4575,0.7156,0.3319,-0.2863,0.8572,-0.1363,0.0,0,1.0,26,3,1,0.0068,0.0,0.0027
32.084,469,17.3,0.4989,0.7922,0.0031,-1.0,0.9449,-0.1876,0.0,0,1.0,24,3,1,0.0094,0.0,0.0038
32.144,470,17.3,0.4466,0.8643,0.0118,-1.0,0.9761,-0.1967,0.0,0,1.0,24,3,1,0.0098,0.0,0.0039
32.2,471,17.3,0.4293,0.7195,0.305,-0.3047,0.8448,-0.1967,0.0,0,1.0,20,4,1,0.0098,0.0,0.0039
32.263,472,17.3,0.3749,0.7543,0.3108,-0.1683,0.8436,-0.1967,0.0,0,1.0,25,4,1,0.0098,0.0,0.0039
32.334,473,17.3,0.4998,0.8354,0.0,-1.0,0.9816,-0.2855,0.0,0,1.0,15,4,1,0.0143,0.0,0.0057
32.394,474,17.3,0.3248,0.8103,0.3062,-0.053,0.8626,-0.2156,0.0,0,1.0,14,4,1,0.0108,0.0,0.0043
32.447,475,17.3,0.2492,0.8502,0.307,0.1873,0.8861,0.0045,0.0,0,1.0,10,4,1,0.0002,0.0,0.0001
32.498,476,17.3,0.4674,0.6502,0.0383,-1.0,0.8079,0.0045,0.0,0,1.0,6,4,1,0.0002,0.0,0.0001
32.547,477,17.3,0.0788,0.7346,0.6658,1.0,0.9899,-0.1363,0.0,0,1.0,7,4,1,0.0068,0.0,0.0027
32.597,478,17.3,0.0725,0.7444,0.5648,1.0,0.9416,-0.0737,0.0,0,1.0,8,4,1,0.0037,0.0,0.0015
32.648,479,17.3,0.0315,0.7566,0.5927,1.0,0.9675,-0.0737,0.0,0,1.0,7,4,1,0.0037,0.0,0.0015
32.707,480,17.3,0.0551,1.0,0.3907,1.0,1.0,0.0915,0.0,0,1.0,7,4,1,0.0046,0.0,0.0018
32.766,481,17.4,0.0464,1.0,0.3882,1.0,1.0,0.0915,0.0,1,1.0,12,4,1,0.0046,1.0,0.0018
32.815,482,17.4,0.1158,1.0,0.1198,0.0306,0.9071,0.0,0.0,1,1.0,9,4,1,0.0,0.8,0.0
32.873,483,17.4,0.1263,0.9598,0.3133,0.766,0.9817,0.0,0.0,1,1.0,7,4,1,0.0,0.8,0.0
32.931,484,17.4,0.0316,1.0,0.1888,1.0,0.9457,0.0,0.0,1,1.0,9,4,1,0.0,0.8,0.0
32.982,485,17.4,0.0,0.8494,0.2764,1.0,0.8683,0.0,0.0,1,1.0,13,4,1,0.0,0.8,0.0
33.044,486,17.4,0.0919,1.0,0.2433,0.8126,0.9762,0.0,0.0,1,1.0,10,4,1,0.0,0.8,0.0
33.103,487,17.4,0.1522,1.0,0.0303,-1.0,0.9252,0.0,0.0,1,1.0,10,4,1,0.0,0.8,0.0
33.16,488,17.4,0.2303,1.0,0.0595,-1.0,0.969,0.0,0.0,1,1.0,22,4,1,0.0,0.8,0.0
33.217,489,17.4,0.3626,0.964,0.0087,-1.0,1.0,0.0,0.0,1,1.0,27,4,1,0.0,0.8,0.0
33.279,490,17.4,0.4599,0.6039,0.0008,-1.0,0.7649,0.0,0.0,0,1.0,13,4,1,0.0,0.8,0.0
33.336,491,17.4,0.8165,0.2841,0.0,-1.0,0.6959,-0.7,0.0,0,1.0,14,4,1,0.035,0.0,0.014
33.393,492,17.4,0.8475,0.5234,0.0,-1.0,0.9142,-0.1967,0.0,0,1.0,12,4,1,0.0098,0.0,0.0039
33.451,493,17.4,0.7179,0.613,0.0248,-1.0,0.9169,-0.1876,0.0,0,1.0,25,4,1,0.0094,0.0,0.0038
33.506,494,17.4,0.715,0.665,0.0333,-1.0,0.959,-0.1876,0.0,0,1.0,19,4,1,0.0094,0.0,0.0038
33.559,495,17.4,0.0459,1.0,0.0995,0.6644,0.8957,-0.0737,0.0,0,1.0,20,4,1,0.0037,0.0,0.0015
33.618,496,17.4,0.0524,0.6498,0.6803,1.0,0.9268,0.0,0.0,0,1.0,15,4,1,0.0,0.0,0.0
33.681,497,17.4,0.0659,0.6871,0.6567,1.0,0.9449,0.0045,0.0,0,1.0,15,4,1,0.0002,0.0,0.0001
33.745,498,17.4,0.0773,0.6448,0.6605,1.0,0.9115,0.0045,0.0,0,1.0,13,4,1,0.0002,0.0,0.0001
33.808,499,17.4,0.4143,0.6298,0.0433,-1.0,0.761,0.0045,0.0,0,1.0,12,4,1,0.0002,0.0,0.0001
33.871,500,17.4,0.1333,0.3565,0.8435,1.0,0.7719,0.0045,0.0,0,1.0,6,4,1,0.0002,0.0,0.0001
33.928,501,17.4,0.6513,0.2777,0.458,-0.3135,0.598,-0.7,0.0,0,1.0,3,4,1,0.035,0.0,0.014
33.99,502,17.4,0.1845,0.1011,0.4918,0.8181,0.3603,-0.2068,0.0,0,1.0,2,4,1,0.0103,0.0,0.0041
34.054,503,17.4,0.1845,0.1033,0.5076,0.8404,0.371,-0.0737,0.0,0,1.0,2,4,1,0.0037,0.0,0.0015
34.112,504,17.4,0.3354,0.1539,0.0,-1.0,0.3171,-0.1876,0.0,0,1.0,1,4,1,0.0094,0.0,0.0038
34.17,505,17.4,0.3354,0.1539,0.0,-1.0,0.3171,-0.1876,0.0,0,1.0,1,4,1,0.0094,0.0,0.0038
34.224,506,17.4,0.3354,0.1539,0.0,-1.0,0.3171,0.0,0.0,0,1.0,1,4,1,0.0,0.0,0.0
34.291,507,17.4,0.3354,0.1539,0.0,-1.0,0.3171,0.0,0.0,0,1.0,1,4,1,0.0,0.0,0.0
34.357,508,17.4,0.3354,0.1539,0.0,-1.0,0.3171,0.0,0.0,0,1.0,1,4,1,0.0,0.0,0.0
34.423,509,17.4,0.3354,0.1581,0.3668,0.0805,0.3382,0.0,0.0,0,1.0,3,4,1,0.0,0.0,0.0
34.475,510,17.4,0.3354,0.2955,0.0986,-0.9824,0.4361,-0.0961,0.0,0,1.0,2,4,1,0.0048,0.0,0.0019
34.535,511,17.0,0.3354,0.2929,0.098,-0.986,0.4338,0.0,0.0,0,1.0,2,4,1,0.0,0.0,0.0
34.59,512,17.0,0.3354,0.1539,0.0,-1.0,0.3171,0.0,0.0,0,1.0,1,4,1,0.0,0.0,0.0
34.636,513,17.0,0.3354,0.1628,0.221,-0.3699,0.3245,0.0,0.0,0,1.0,2,4,1,0.0,0.0,0.0
34.692,514,17.0,0.3354,0.1539,0.0,-1.0,0.3171,0.0045,0.0,0,1.0,1,4,1,0.0002,0.0,0.0001
34.749,515,17.0,0.1845,0.1005,0.4919,0.8182,0.3599,0.0,0.0,0,1.0,2,4,1,0.0,0.0,0.0
34.798,516,17.0,0.6517,0.2786,0.4569,-0.3163,0.599,0.0,0.0,0,1.0,3,4,1,0.0,0.0,0.0
34.858,517,17.0,0.2082,0.9168,0.0018,-1.0,0.8867,-0.0737,0.0,0,1.0,8,4,1,0.0037,0.0,0.0015
34.918,518,17.0,0.162,0.6183,0.6286,1.0,0.8714,-0.2068,0.0,0,1.0,8,4,1,0.0103,0.0,0.0041
34.978,519,17.0,0.1302,0.6409,0.6761,1.0,0.917,-0.2099,0.0,0,1.0,12,4,1,0.0105,0.0,0.0042
35.035,520,17.0,0.0498,0.5272,0.7687,1.0,0.8733,-0.2099,0.0,0,1.0,10,4,1,0.0105,0.0,0.0042
35.095,521,17.0,0.1262,0.4926,0.544,1.0,0.7184,-0.1967,0.0,0,1.0,13,4,1,0.0098,0.0,0.0039
35.152,522,17.0,0.5497,0.6496,0.0886,-1.0,0.8535,0.0045,0.0,0,1.0,15,4,1,0.0002,0.0,0.0001
35.21,523,17.0,0.5353,0.726,0.0231,-1.0,0.9096,0.0915,0.0,0,1.0,15,4,1,0.0046,0.0,0.0018
35.267,524,17.0,0.6446,0.7761,0.0141,-1.0,1.0,0.0915,0.0,0,1.0,14,4,1,0.0046,0.0,0.0018
35.328,525,17.0,0.5541,0.7031,0.0141,-1.0,0.901,0.0915,0.0,0,1.0,12,4,1,0.0046,0.0,0.0018
35.385,526,17.0,0.5568,0.7119,0.0126,-1.0,0.9098,-0.0737,0.0,0,1.0,12,4,1,0.0037,0.0,0.0015
35.444,527,17.0,0.5279,0.7377,0.0239,-1.0,0.9153,0.0915,0.0,0,1.0,13,4,1,0.0046,0.0,0.0018
35.5,528,17.0,0.5244,0.7481,0.0231,-1.0,0.9221,0.0915,0.0,0,1.0,13,4,1,0.0046,0.0,0.0018
35.556,529,17.0,0.6126,0.8099,0.027,-1.0,1.0,0.0915,0.0,0,1.0,12,4,1,0.0046,0.0,0.0018
35.614,530,17.0,0.5079,0.776,0.0086,-1.0,0.9363,0.0915,0.0,0,1.0,17,4,1,0.0046,0.0,0.0018
35.666,531,17.0,0.5927,0.8577,0.0338,-1.0,1.0,-0.0835,0.0,0,1.0,16,4,1,0.0042,0.0,0.0017
35.722,532,17.0,0.504,0.8557,0.0101,-1.0,1.0,0.0915,0.0,0,1.0,18,4,1,0.0046,0.0,0.0018
35.776,533,17.0,0.5685,0.762,0.0,-1.0,0.9584,0.0915,0.0,0,1.0,21,4,1,0.0046,0.0,0.0018
35.833,534,17.0,0.4994,0.7899,0.0069,-1.0,0.9432,0.0045,0.0,0,1.0,16,4,1,0.0002,0.0,0.0001
35.9,535,17.0,0.4814,0.8847,0.246,-0.5825,1.0,-0.1967,0.0,0,1.0,16,4,1,0.0098,0.0,0.0039
35.961,536,17.0,0.4723,0.9466,0.0,-1.0,1.0,0.0045,0.0,0,1.0,9,4,1,0.0002,0.0,0.0001
36.02,537,17.0,0.3787,0.9624,0.0958,-1.0,1.0,-0.1129,0.0,0,1.0,11,4,1,0.0056,0.0,0.0023
36.081,538,17.0,0.2456,0.9899,0.1463,-0.456,0.9691,-0.4651,0.0,0,1.0,14,4,1,0.0233,0.0,0.0093
36.144,539,17.0,0.4163,0.6406,0.0803,-1.0,0.7712,-0.4651,0.0,0,1.0,11,4,1,0.0233,0.0,0.0093
36.201,540,17.0,0.1831,0.9024,0.1983,0.0715,0.869,0.0,0.0,0,1.0,13,4,1,0.0,0.0,0.0
36.262,541,17.4,0.1985,0.8426,0.1344,-0.3465,0.819,-0.7,0.0,0,1.0,16,4,1,0.035,0.0,0.014
36.322,542,17.4,0.0429,0.5565,0.4659,1.0,0.7283,0.0,0.0,0,1.0,16,4,1,0.0,0.0,0.0
36.392,543,17.4,0.4763,0.9535,0.1347,-1.0,1.0,-0.1129,0.0,0,1.0,14,4,1,0.0056,0.0,0.0023
36.452,544,17.4,0.6306,0.7679,0.2029,-0.9238,0.9982,0.0045,0.0,0,1.0,18,4,1,0.0002,0.0,0.0001
36.508,545,17.4,0.5551,0.5676,0.3871,-0.3209,0.7877,0.0045,0.0,0,1.0,20,4,1,0.0002,0.0,0.0001
36.563,546,17.4,0.5599,0.6556,0.2548,-0.6742,0.8643,-0.2099,0.0,0,1.0,15,4,1,0.0105,0.0,0.0042
36.614,547,17.4,0.5804,0.834,0.1435,-1.0,1.0,-0.1363,0.0,0,1.0,18,4,1,0.0068,0.0,0.0027
36.665,548,17.4,0.5428,0.9504,0.0287,-1.0,1.0,-0.1363,0.0,0,1.0,17,4,1,0.0068,0.0,0.0027
36.718,549,17.4,0.3798,0.7734,0.2985,-0.2158,0.8623,0.0915,0.0,0,1.0,22,4,1,0.0046,0.0,0.0018
36.774,550,17.4,0.3408,0.8103,0.3362,-0.0121,0.8715,-0.2773,0.0,0,1.0,16,4,1,0.0139,0.0,0.0055
36.833,551,17.4,0.295,0.8678,0.332,0.1063,0.9149,0.0,0.0,0,1.0,19,4,1,0.0,0.0,0.0
36.902,552,17.4,0.4218,0.8414,0.2267,-0.5415,0.943,0.1784,0.0,0,1.0,18,4,1,0.0089,0.0,0.0036
36.965,553,17.4,0.3906,0.8708,0.2216,-0.4968,0.9502,-0.7,0.0,0,1.0,19,4,1,0.035,0.0,0.014
37.033,554,17.4,0.3549,0.8888,0.2353,-0.3646,0.9453,0.0,0.0,0,1.0,24,4,1,0.0,0.0,0.0
37.105,555,17.4,0.233,1.0,0.2016,-0.1298,0.9705,0.0045,0.0,0,1.0,23,4,1,0.0002,0.0,0.0001
37.166,556,17.4,0.2538,1.0,0.1741,-0.3355,0.9821,0.0,0.0,0,1.0,20,4,1,0.0,0.0,0.0
37.226,557,17.4,0.1976,1.0,0.1328,-0.3531,0.9506,-0.4651,0.0,0,1.0,20,4,1,0.0233,0.0,0.0093
37.292,558,17.4,0.1784,1.0,0.1834,0.0248,0.9427,-0.4651,0.0,0,1.0,22,4,1,0.0233,0.0,0.0093
37.355,559,17.4,0.0,0.5912,0.563,1.0,0.8119,0.0,0.0,0,1.0,22,4,1,0.0,0.0,0.0
37.418,560,17.4,0.0,0.2743,0.8111,1.0,0.6846,0.0,0.0,0,1.0,22,4,1,0.0,0.0,0.0
37.474,561,17.4,0.0,0.3586,0.7415,1.0,0.7165,0.0045,0.0,0,1.0,17,5,1,0.0002,0.0,0.0001
37.526,562,17.4,0.0249,0.814,0.3663,1.0,0.8889,-0.1967,0.0,0,1.0,22,5,1,0.0098,0.0,0.0039
37.582,563,17.4,0.0,0.6925,0.4573,1.0,0.8378,-0.1967,0.0,0,1.0,22,5,1,0.0098,0.0,0.0039
37.64,564,17.4,0.0,0.9297,0.3971,1.0,1.0,-0.7,0.0,0,1.0,22,5,1,0.035,0.0,0.014
37.695,565,17.4,0.0,0.7807,0.4098,1.0,0.8853,0.0,0.0,0,1.0,20,5,1,0.0,0.0,0.0
37.748,566,17.4,0.0,0.7617,0.4061,1.0,0.8672,-0.7,0.0,0,1.0,19,5,1,0.035,0.0,0.014
37.8,567,17.4,0.0,0.3396,0.741,1.0,0.7002,-0.7,0.0,0,1.0,19,5,1,0.035,0.0,0.014
37.858,568,17.4,0.0,0.777,0.5758,1.0,0.9751,-0.7,0.0,0,1.0,21,5,1,0.035,0.0,0.014
37.918,569,17.4,0.0,0.7246,0.4516,1.0,0.8616,-0.1967,0.0,0,1.0,22,5,1,0.0098,0.0,0.0039
37.979,570,17.4,0.0611,0.8882,0.2252,1.0,0.8722,-0.1129,0.0,0,1.0,21,5,1,0.0056,0.0,0.0023
38.04,571,16.9,0.0679,0.8894,0.2355,0.9943,0.879,0.0,0.0,0,1.0,20,5,1,0.0,0.0,0.0
38.108,572,16.9,0.0763,0.8764,0.2488,0.9549,0.8755,0.0,0.0,0,1.0,21,5,1,0.0,0.0,0.0
38.17,573,16.9,0.1695,0.8915,0.1811,0.0594,0.8503,0.0,0.0,0,1.0,26,5,1,0.0,0.0,0.0
38.228,574,16.9,0.1084,0.9455,0.2178,0.6038,0.9162,0.0,0.0,0,1.0,26,5,1,0.0,0.0,0.0
38.291,575,16.9,0.1437,1.0,0.1877,0.239,0.9451,0.0,0.0,0,1.0,28,5,1,0.0,0.0,0.0
38.354,576,16.9,0.1997,1.0,0.1784,-0.1011,0.9518,0.0,0.0,0,1.0,23,5,1,0.0,0.0,0.0
38.411,577,16.9,0.2545,1.0,0.2092,-0.1761,0.9825,0.0,0.0,0,1.0,22,5,1,0.0,0.0,0.0
38.466,578,16.9,0.4323,0.5572,0.2531,-0.4706,0.7102,0.0,0.0,0,1.0,24,5,1,0.0,0.0,0.0
38.526,579,16.9,0.4756,0.5875,0.1679,-0.8608,0.7598,-0.1438,0.0,0,1.0,24,5,1,0.0072,0.0,0.0029
38.583,580,16.9,0.3458,0.8675,0.3129,-0.0899,0.9224,-0.1612,0.0,0,1.0,26,5,1,0.0081,0.0,0.0032
38.643,581,16.9,0.3831,0.9518,0.1989,-0.5698,1.0,-0.1612,0.0,0,1.0,23,5,1,0.0081,0.0,0.0032
38.709,582,16.9,0.4803,0.7308,0.3213,-0.3571,0.8828,0.0045,0.0,0,1.0,25,5,1,0.0002,0.0,0.0001
38.772,583,16.9,0.2313,0.3307,0.6479,0.8528,0.6406,-0.4651,0.0,0,1.0,23,5,1,0.0233,0.0,0.0093
38.824,584,16.9,0.1297,0.7747,0.3539,0.8343,0.849,-0.158,0.0,0,1.0,21,5,1,0.0079,0.0,0.0032
38.889,585,16.9,0.5368,0.7037,0.3004,-0.5084,0.8917,-0.7,0.0,0,1.0,19,5,1,0.035,0.0,0.014
38.957,586,16.9,0.5444,0.7337,0.2444,-0.6846,0.9212,-0.1363,0.0,0,1.0,20,5,1,0.0068,0.0,0.0027
39.022,587,16.9,0.4838,0.8469,0.1826,-0.8135,0.9823,-0.1363,0.0,0,1.0,21,5,1,0.0068,0.0,0.0027
39.076,588,16.9,0.4905,0.8591,0.1819,-0.8261,0.9963,-0.1876,0.0,0,1.0,18,5,1,0.0094,0.0,0.0038
39.141,589,16.9,0.4888,0.8774,0.1697,-0.8721,1.0,0.0045,0.0,0,1.0,18,5,1,0.0002,0.0,0.0001
39.207,590,16.9,0.4849,0.8763,0.1715,-0.8596,1.0,-0.2974,0.0,0,1.0,21,5,1,0.0149,0.0,0.0059
39.274,591,16.9,0.5292,0.701,0.3107,-0.4684,0.8852,-0.2122,0.0,0,1.0,20,5,1,0.0106,0.0,0.0042
39.343,592,16.9,0.4505,0.9109,0.1794,-0.7746,1.0,-0.1612,0.0,0,1.0,26,5,1,0.0081,0.0,0.0032
39.404,593,16.9,0.4538,0.9121,0.1807,-0.7747,1.0,-0.1967,0.0,0,1.0,24,5,1,0.0098,0.0,0.0039
39.458,594,16.9,0.4509,0.7207,0.3497,-0.2277,0.8579,-0.1967,0.0,0,1.0,24,5,1,0.0098,0.0,0.0039
39.516,595,16.9,0.4467,0.8487,0.206,-0.6638,0.963,-0.0961,0.0,0,1.0,22,5,1,0.0048,0.0,0.0019
39.574,596,16.9,0.4126,0.8383,0.2334,-0.4993,0.9353,-0.1363,0.0,0,1.0,18,5,1,0.0068,0.0,0.0027
39.631,597,16.9,0.3698,0.9158,0.2115,-0.4902,0.9763,-0.7,0.0,0,1.0,24,5,1,0.035,0.0,0.014
39.684,598,16.9,0.1729,1.0,0.3778,0.67,1.0,-0.7,0.0,0,1.0,24,5,1,0.035,0.0,0.014
39.741,599,16.9,0.2288,1.0,0.1439,-0.4104,0.9681,0.0,0.0,0,1.0,24,5,1,0.0,0.0,0.0
39.788,600,16.9,0.2175,1.0,0.1366,-0.4114,0.9618,0.0,0.0,0,1.0,29,5,1,0.0,0.0,0.0
39.844,601,16.6,0.2261,0.7052,0.2709,0.1624,0.7441,0.0,0.0,0,1.0,31,5,1,0.0,0.0,0.0
39.905,602,16.6,0.1595,1.0,0.1236,-0.2283,0.9293,0.0,0.0,0,1.0,28,5,1,0.0,0.0,0.0
39.971,603,16.6,0.0,0.8025,0.4197,1.0,0.9091,-0.7,0.0,0,1.0,23,5,1,0.035,0.0,0.014
40.023,604,16.6,0.0,0.7951,0.4196,1.0,0.9029,-0.7,0.0,0,1.0,21,5,1,0.035,0.0,0.014
40.083,605,16.6,0.0,0.6681,0.4751,1.0,0.8272,-0.7,0.0,0,1.0,24,5,1,0.035,0.0,0.014
40.146,606,16.6,0.0448,0.848,0.2876,1.0,0.8733,-0.1129,0.0,0,1.0,21,5,1,0.0056,0.0,0.0023
40.206,607,16.6,0.0788,0.5266,0.4979,1.0,0.7211,0.0,0.0,0,1.0,18,5,1,0.0,0.0,0.0
40.269,608,16.6,0.0006,0.8031,0.3924,1.0,0.8944,0.0,0.0,0,1.0,22,5,1,0.0,0.0,0.0
40.329,609,16.6,0.0,0.7859,0.4088,1.0,0.8891,-0.1967,0.0,0,1.0,22,5,1,0.0098,0.0,0.0039
40.394,610,16.6,0.0,0.8634,0.2986,1.0,0.8925,0.0,0.0,0,1.0,22,5,1,0.0,0.0,0.0
40.447,611,16.6,0.0,0.3862,0.708,1.0,0.7209,0.0,0.0,0,1.0,18,5,1,0.0,0.0,0.0
40.499,612,16.6,0.0,0.3678,0.7165,1.0,0.7102,-0.1235,0.0,0,1.0,21,5,1,0.0062,0.0,0.0025
40.56,613,16.6,0.0,0.7574,0.4323,1.0,0.8783,-0.1235,0.0,0,1.0,22,5,1,0.0062,0.0,0.0025
40.614,614,16.6,0.0,0.7973,0.3786,1.0,0.8817,-0.1235,0.0,0,1.0,22,5,1,0.0062,0.0,0.0025
40.665,615,16.6,0.0,0.6876,0.6656,1.0,0.9503,0.0,0.0,0,1.0,21,5,1,0.0,0.0,0.0
40.729,616,16.6,0.0,0.7157,0.4305,1.0,0.8423,0.0045,0.0,0,1.0,22,5,1,0.0002,0.0,0.0001
40.783,617,16.6,0.07,0.842,0.2793,1.0,0.8637,0.0045,0.0,0,1.0,20,5,1,0.0002,0.0,0.0001
40.842,618,16.6,0.0798,0.8975,0.2373,0.8939,0.8868,-0.7,0.0,0,1.0,23,5,1,0.035,0.0,0.014
40.901,619,16.6,0.0829,0.9843,0.181,0.6693,0.9282,0.0,0.0,0,1.0,28,5,1,0.0,0.0,0.0
40.961,620,16.6,0.0952,0.96,0.2122,0.6856,0.9253,0.0,0.0,0,1.0,26,5,1,0.0,0.0,0.0
41.02,621,16.6,0.0735,1.0,0.2926,1.0,1.0,0.0,0.0,0,1.0,28,5,1,0.0,0.0,0.0
41.079,622,16.6,0.2047,1.0,0.1917,-0.059,0.9546,0.0,0.0,0,1.0,20,5,1,0.0,0.0,0.0
41.134,623,16.6,0.2292,1.0,0.1769,-0.2321,0.9684,0.0,0.0,0,1.0,25,5,1,0.0,0.0,0.0
41.195,624,16.6,0.332,0.9433,0.2498,-0.2545,0.9783,0.0,0.0,0,1.0,21,5,1,0.0,0.0,0.0
41.25,625,16.6,0.4398,0.855,0.2191,-0.6028,0.9645,0.0,0.0,0,1.0,24,5,1,0.0,0.0,0.0
41.314,626,16.6,0.4946,0.7904,0.2302,-0.6567,0.9409,-0.1363,0.0,0,1.0,25,5,1,0.0068,0.0,0.0027
41.378,627,16.6,0.5585,0.8129,0.1414,-1.0,0.9956,0.0915,0.0,0,1.0,26,5,1,0.0046,0.0,0.0018
41.433,628,16.6,0.4772,0.735,0.3184,-0.3593,0.8846,0.0915,0.0,0,1.0,21,5,1,0.0046,0.0,0.0018
41.488,629,16.6,0.5136,0.6761,0.3425,-0.3597,0.8555,0.0915,0.0,0,1.0,21,5,1,0.0046,0.0,0.0018
41.538,630,16.6,0.6505,0.6991,0.1939,-0.9733,0.9515,-0.2303,0.0,0,1.0,16,5,1,0.0115,0.0,0.0046
41.588,631,17.1,0.5448,0.8751,0.1123,-1.0,1.0,-0.2303,0.0,0,1.0,16,5,1,0.0115,0.0,0.0046
41.64,632,17.1,0.5498,0.6438,0.3365,-0.433,0.8487,-0.2303,0.0,0,1.0,17,5,1,0.0115,0.0,0.0046
41.706,633,17.1,0.4856,0.7308,0.3038,-0.4147,0.8858,0.0915,0.0,0,1.0,22,5,1,0.0046,0.0,0.0018
41.754,634,17.1,0.5391,0.7238,0.2823,-0.5627,0.9099,-0.2491,0.0,0,1.0,20,5,1,0.0125,0.0,0.005
41.807,635,17.1,0.4666,0.7787,0.2978,-0.3974,0.9154,-0.2491,0.0,0,1.0,18,5,1,0.0125,0.0,0.005
41.867,636,17.1,0.524,0.9145,0.1127,-1.0,1.0,-0.2303,0.0,0,1.0,23,5,1,0.0115,0.0,0.0046
41.928,637,17.1,0.4185,0.9522,0.1818,-0.7097,1.0,-0.2303,0.0,0,1.0,23,5,1,0.0115,0.0,0.0046
41.985,638,17.1,0.4427,0.8649,0.192,-0.7109,0.9744,-0.1235,0.0,0,1.0,20,5,1,0.0062,0.0,0.0025
42.042,639,17.1,0.4242,0.8228,0.2369,-0.51,0.9287,-0.0961,0.0,0,1.0,25,5,1,0.0048,0.0,0.0019
42.107,640,17.1,0.3924,0.8477,0.2362,-0.4471,0.9318,-0.0961,0.0,0,1.0,19,5,1,0.0048,0.0,0.0019
42.168,641,17.1,0.2435,1.0,0.216,-0.1075,0.9763,-0.4651,0.0,0,1.0,21,5,1,0.0233,0.0,0.0093
42.226,642,17.1,0.2721,0.974,0.2128,-0.2203,0.9706,-0.7,0.0,0,1.0,22,5,1,0.035,0.0,0.014
42.29,643,17.1,0.1402,0.901,0.391,0.85,0.9758,-0.7,0.0,0,1.0,18,5,1,0.035,0.0,0.014
42.358,644,17.1,0.0043,0.885,0.3853,1.0,0.9592,-0.4651,0.0,0,1.0,24,5,1,0.0233,0.0,0.0093
42.422,645,17.1,0.1317,1.0,0.0959,-0.2834,0.9138,-0.3477,0.0,0,1.0,18,5,1,0.0174,0.0,0.007
42.476,646,17.1,0.235,0.6177,0.3946,0.4563,0.7398,0.0,0.0,0,1.0,19,5,1,0.0,0.0,0.0
42.535,647,17.1,0.2417,0.681,0.3109,0.2255,0.7462,0.0,0.0,0,1.0,22,5,1,0.0,0.0,0.0
42.588,648,17.1,0.2679,0.825,0.3016,0.1065,0.8619,-0.7,0.0,0,1.0,18,5,1,0.035,0.0,0.014
42.64,649,17.1,0.3034,0.6462,0.3457,0.1175,0.7364,-0.1363,0.0,0,1.0,25,5,1,0.0068,0.0,0.0027
42.692,650,17.1,0.3339,0.6001,0.3953,0.1515,0.7254,-0.1363,0.0,0,1.0,21,5,1,0.0068,0.0,0.0027
42.749,651,17.1,0.3046,0.5719,0.3354,0.0869,0.6682,0.0045,0.0,0,1.0,21,6,1,0.0002,0.0,0.0001
42.807,652,17.1,0.2789,0.4914,0.39,0.2988,0.6312,-0.2471,0.0,0,1.0,20,6,1,0.0124,0.0,0.0049
42.858,653,17.1,0.0381,0.3484,0.7133,1.0,0.6921,0.0915,0.0,0,1.0,18,6,1,0.0046,0.0,0.0018
42.923,654,17.1,0.0,0.4779,0.8234,1.0,0.8625,-0.1235,0.0,0,1.0,19,6,1,0.0062,0.0,0.0025
42.986,655,17.1,0.073,0.2863,0.7188,1.0,0.643,-0.1235,0.0,0,1.0,18,6,1,0.0062,0.0,0.0025
43.041,656,17.1,0.0,0.7218,0.4069,1.0,0.8342,-0.2393,0.0,0,1.0,27,6,1,0.012,0.0,0.0048
43.102,657,17.1,0.0,0.2456,0.875,1.0,0.6963,-0.7,0.0,0,1.0,21,6,1,0.035,0.0,0.014
43.159,658,17.1,0.0,0.447,0.6936,1.0,0.7639,-0.2393,0.0,0,1.0,26,6,1,0.012,0.0,0.0048
43.219,659,17.1,0.0,0.6622,0.4986,1.0,0.8355,-0.2393,0.0,0,1.0,29,6,1,0.012,0.0,0.0048
43.277,660,17.1,0.7462,0.5462,0.1992,-1.0,0.8767,0.0045,0.0,0,1.0,27,6,1,0.0002,0.0,0.0001
43.338,661,17.3,0.7761,0.3933,0.1051,-1.0,0.765,-0.1967,0.0,0,1.0,26,6,1,0.0098,0.0,0.0039
43.396,662,17.3,0.2404,0.6273,0.3308,0.2847,0.7122,-0.2664,0.0,0,1.0,23,6,1,0.0133,0.0,0.0053
43.45,663,17.3,0.2721,0.5767,0.3613,0.2534,0.6867,-0.0961,0.0,0,1.0,22,6,1,0.0048,0.0,0.0019
43.515,664,17.3,0.8087,0.5103,0.1895,-1.0,0.8815,-0.0961,0.0,0,1.0,22,6,1,0.0048,0.0,0.0019
43.573,665,17.3,0.9503,0.5335,0.0471,-1.0,0.9803,-0.2471,0.0,0,1.0,23,6,1,0.0124,0.0,0.0049
43.623,666,17.3,0.9625,0.4889,0.0773,-1.0,0.9496,-0.1876,0.0,0,1.0,22,6,1,0.0094,0.0,0.0038
43.674,667,17.3,1.0,0.4076,0.0417,-1.0,0.9024,-0.1876,0.0,0,1.0,25,6,1,0.0094,0.0,0.0038
43.732,668,17.3,1.0,0.4059,0.0421,-1.0,0.901,-0.2664,0.0,0,1.0,23,6,1,0.0133,0.0,0.0053
43.78,669,17.3,0.9337,0.4979,0.0599,-1.0,0.9411,-0.1876,0.0,0,1.0,23,6,1,0.0094,0.0,0.0038
43.835,670,17.3,0.4403,0.5659,0.2403,-0.5292,0.7219,-0.1876,0.0,1,1.0,23,6,1,0.0094,1.0,0.0038
43.892,671,17.3,0.8807,0.5288,0.0762,-1.0,0.9374,-0.2099,0.0,1,1.0,26,6,1,0.0105,0.8,0.0042
43.951,672,17.3,0.7178,0.772,0.1161,-1.0,1.0,-0.2664,0.0,1,1.0,27,6,1,0.0133,0.8,0.0053
44.011,673,17.3,0.9053,0.4997,0.1198,-1.0,0.9267,-0.2303,0.0,1,1.0,29,6,1,0.0115,0.8,0.0046
44.068,674,17.3,0.2949,1.0,0.0,-1.0,1.0,-0.2303,0.0,1,1.0,18,6,1,0.0115,0.8,0.0046
44.126,675,17.3,0.1553,1.0,0.0427,-1.0,0.9269,-0.2825,0.0,1,1.0,22,6,1,0.0141,0.8,0.0056
44.185,676,17.3,0.3312,0.9608,0.0723,-1.0,0.9926,0.0,0.0,1,1.0,27,6,1,0.0,0.8,0.0
44.242,677,17.3,0.7955,0.3984,0.0,-1.0,0.7802,0.0,0.0,1,1.0,25,6,1,0.0,0.8,0.0
44.303,678,17.3,0.3677,0.3746,0.6697,0.524,0.6897,-0.2027,0.0,1,1.0,18,6,1,0.0101,0.8,0.0041
44.38,679,17.3,0.3574,0.7229,0.1696,-0.6415,0.8074,-0.2303,0.0,0,1.0,10,6,1,0.0115,0.8,0.0046
44.44,680,17.3,0.6609,0.5237,0.0,-1.0,0.81,-0.2303,0.0,0,1.0,21,6,1,0.0115,0.0,0.0046
44.504,681,17.3,1.0,0.4305,0.0,-1.0,0.9216,-0.0737,0.0,0,1.0,21,6,1,0.0037,0.0,0.0015
44.566,682,17.3,0.8983,0.6238,0.0,-1.0,1.0,-0.0737,0.0,0,1.0,21,6,1,0.0037,0.0,0.0015
44.624,683,17.3,1.0,0.4805,0.0,-1.0,0.9636,-0.1876,0.0,0,1.0,17,6,1,0.0094,0.0,0.0038
44.687,684,17.3,0.8914,0.837,0.0,-1.0,1.0,-0.1876,0.0,0,1.0,20,6,1,0.0094,0.0,0.0038
44.743,685,17.3,0.9065,0.6379,0.0,-1.0,1.0,-0.1876,0.0,0,1.0,13,6,1,0.0094,0.0,0.0038
44.799,686,17.3,0.9062,0.6348,0.0,-1.0,1.0,-0.1876,0.0,0,1.0,17,6,1,0.0094,0.0,0.0038
44.86,687,17.3,0.8818,0.68,0.0,-1.0,1.0,-0.1876,0.0,0,1.0,16,6,1,0.0094,0.0,0.0038
44.922,688,17.3,0.8632,0.7122,0.0,-1.0,1.0,-0.1876,0.0,0,1.0,19,6,1,0.0094,0.0,0.0038
44.985,689,17.3,0.8455,0.7181,0.0,-1.0,1.0,-0.1876,0.0,0,1.0,20,6,1,0.0094,0.0,0.0038
45.043,690,17.3,0.8505,0.6789,0.0,-1.0,1.0,-0.1876,0.0,0,1.0,18,6,1,0.0094,0.0,0.0038
45.102,691,17.0,0.9367,0.5866,0.0,-1.0,1.0,-0.1876,0.0,0,1.0,18,6,1,0.0094,0.0,0.0038
45.159,692,17.0,0.8344,0.7317,0.0,-1.0,1.0,-0.1876,0.0,0,1.0,18,6,1,0.0094,0.0,0.0038
45.217,693,17.0,0.9144,0.7146,0.0033,-1.0,1.0,-0.1876,0.0,0,1.0,25,6,1,0.0094,0.0,0.0038
45.277,694,17.0,1.0,0.4173,0.0,-1.0,0.9105,-0.1876,0.0,0,1.0,12,6,1,0.0094,0.0,0.0038
45.339,695,17.0,0.9591,0.6879,0.0,-1.0,1.0,-0.1876,0.0,0,1.0,18,6,1,0.0094,0.0,0.0038
45.405,696,17.0,0.8462,0.7647,0.0042,-1.0,1.0,-0.1876,0.0,0,1.0,13,6,1,0.0094,0.0,0.0038
45.465,697,17.0,0.9303,0.647,0.0057,-1.0,1.0,-0.1876,0.0,0,1.0,15,6,1,0.0094,0.0,0.0038
45.513,698,17.0,1.0,0.4677,0.0121,-1.0,0.9529,-0.1876,0.0,0,1.0,12,6,1,0.0094,0.0,0.0038
45.577,699,17.0,0.9823,0.4662,0.0143,-1.0,0.9416,-0.1876,0.0,0,1.0,17,6,1,0.0094,0.0,0.0038
45.63,700,17.0,0.7992,0.7224,0.0316,-1.0,1.0,-0.1876,0.0,0,1.0,18,6,1,0.0094,0.0,0.0038
45.682,701,17.0,0.9386,0.6389,0.0,-1.0,1.0,-0.1876,0.0,0,1.0,16,6,1,0.0094,0.0,0.0038
45.746,702,17.0,0.8561,0.7274,0.0,-1.0,1.0,-0.1876,0.0,0,1.0,21,6,1,0.0094,0.0,0.0038
45.799,703,17.0,0.9688,0.6353,0.0,-1.0,1.0,-0.1876,0.0,0,1.0,24,6,1,0.0094,0.0,0.0038
45.861,704,17.0,0.9284,0.6937,0.0,-1.0,1.0,-0.1876,0.0,0,1.0,18,6,1,0.0094,0.0,0.0038
45.919,705,17.0,0.8226,0.7415,0.1072,-1.0,1.0,-0.1876,0.0,0,1.0,20,6,1,0.0094,0.0,0.0038
45.98,706,17.0,0.9294,0.7046,0.0,-1.0,1.0,-0.2722,0.0,0,1.0,15,6,1,0.0136,0.0,0.0054
46.035,707,17.0,0.8185,0.7878,0.1089,-1.0,1.0,-0.2722,0.0,0,1.0,15,6,1,0.0136,0.0,0.0054
46.095,708,17.0,0.8116,0.5655,0.2402,-0.9778,0.9295,-0.1876,0.0,0,1.0,16,6,1,0.0094,0.0,0.0038
46.152,709,17.0,0.2854,0.8928,0.0855,-0.9701,0.9098,-0.1898,0.0,0,1.0,13,6,1,0.0095,0.0,0.0038
46.214,710,17.0,0.352,0.9848,0.0571,-1.0,1.0,0.0,0.0,0,1.0,11,6,1,0.0,0.0,0.0
46.266,711,17.0,0.2428,0.9136,0.0699,-0.9948,0.9034,0.0,0.0,0,1.0,11,6,1,0.0,0.0,0.0
46.337,712,17.0,0.8543,0.7369,0.0203,-1.0,1.0,-0.7,0.0,0,1.0,11,6,1,0.035,0.0,0.014
46.407,713,17.0,0.3813,0.8171,0.0147,-1.0,0.8999,0.0,0.0,0,1.0,10,6,1,0.0,0.0,0.0
46.461,714,17.0,0.684,0.6961,0.2183,-0.9289,0.9678,-0.1876,0.0,0,1.0,10,6,1,0.0094,0.0,0.0038
46.515,715,17.0,0.4401,0.9389,0.1218,-1.0,1.0,-0.1716,0.0,0,1.0,8,6,1,0.0086,0.0,0.0034
46.578,716,17.0,0.6808,0.6952,0.0093,-1.0,0.9652,-0.1716,0.0,0,1.0,14,6,1,0.0086,0.0,0.0034
46.635,717,17.0,0.8585,0.7226,0.0095,-1.0,1.0,-0.4651,0.0,0,1.0,17,6,1,0.0233,0.0,0.0093
46.692,718,17.0,0.8404,0.7406,0.0098,-1.0,1.0,-0.1876,0.0,0,1.0,13,6,1,0.0094,0.0,0.0038
46.755,719,17.0,0.7457,0.7785,0.1178,-1.0,1.0,-0.1876,0.0,0,1.0,16,6,1,0.0094,0.0,0.0038
46.806,720,17.0,0.799,0.7296,0.0106,-1.0,1.0,-0.1876,0.0,0,1.0,13,6,1,0.0094,0.0,0.0038
46.858,721,17.0,0.842,0.6739,0.0,-1.0,1.0,-0.2122,0.0,0,1.0,15,6,1,0.0106,0.0,0.0042
46.918,722,17.0,0.7697,0.5218,0.2805,-0.8384,0.8693,-0.1876,0.0,0,1.0,14,6,1,0.0094,0.0,0.0038
46.978,723,17.0,0.894,0.449,0.1146,-1.0,1.0,-0.1876,0.0,0,1.6,12,0,2,0.0094,0.0,0.0038
47.031,724,17.0,0.778,0.5729,0.2356,-0.9632,1.0,-0.2564,0.0,0,1.56,19,0,2,0.0128,0.0,0.0051
47.092,725,17.0,0.7626,0.5711,0.2468,-0.9197,1.0,-0.1808,0.0,0,1.52,20,0,2,0.009,0.0,0.0036
47.153,726,17.0,0.9215,0.5041,0.0414,-1.0,1.0,-0.1851,0.0,0,1.48,11,0,2,0.0093,0.0,0.0037
47.21,727,17.0,0.8659,0.3439,0.2809,-0.9181,1.0,-0.1851,0.0,0,1.44,16,0,2,0.0093,0.0,0.0037
47.268,728,17.0,0.7289,0.5702,0.2257,-0.9487,1.0,-0.1876,0.0,0,1.4,17,0,2,0.0094,0.0,0.0038
47.33,729,17.0,0.7298,0.4631,0.4029,-0.5195,1.0,-0.2471,0.0,0,1.36,13,0,2,0.0124,0.0,0.0049
47.385,730,17.0,0.8051,0.5146,0.2693,-0.8976,1.0,-0.2722,0.0,0,1.32,18,0,2,0.0136,0.0,0.0054
47.442,731,17.0,0.7885,0.6055,0.1981,-1.0,1.0,-0.2722,0.0,0,1.28,11,0,2,0.0136,0.0,0.0054
47.496,732,17.0,0.9571,0.4803,0.0381,-1.0,1.0,-0.2516,0.0,0,1.24,9,0,2,0.0126,0.0,0.005
47.553,733,17.0,0.8526,0.6078,0.0384,-1.0,1.0,-0.1876,0.0,0,1.2,6,0,2,0.0094,0.0,0.0038
47.606,734,17.0,0.8706,0.6476,0.0017,-1.0,1.0,-0.1876,0.0,0,1.16,9,0,2,0.0094,0.0,0.0038
47.657,735,17.0,0.9627,0.5203,0.0073,-1.0,1.0,-0.1876,0.0,0,1.12,8,0,2,0.0094,0.0,0.0038
47.715,736,17.0,0.8587,0.653,0.0,-1.0,1.0,-0.1876,0.0,0,1.08,7,0,2,0.0094,0.0,0.0038
47.774,737,17.0,0.912,0.5844,0.0033,-1.0,1.0,-0.1876,0.0,0,1.04,10,0,2,0.0094,0.0,0.0038
47.834,738,17.0,0.8902,0.5663,0.0256,-1.0,0.9742,-0.1876,0.0,0,1.0,8,0,2,0.0094,0.0,0.0038
47.891,739,17.0,0.6287,0.5337,0.0,-1.0,0.8004,-0.1876,0.0,0,1.0,6,0,2,0.0094,0.0,0.0038
47.957,740,17.0,0.8254,0.3345,0.0038,-1.0,0.7432,-0.1876,0.0,0,1.0,8,0,2,0.0094,0.0,0.0038
48.021,741,17.0,0.7845,0.3455,0.037,-1.0,0.7296,-0.1876,0.0,0,1.0,13,0,2,0.0094,0.0,0.0038
48.077,742,17.0,0.8189,0.4591,0.0026,-1.0,0.8443,-0.1876,0.0,0,1.0,14,0,2,0.0094,0.0,0.0038
48.146,743,17.0,0.8905,0.3868,0.2285,-1.0,0.8235,-0.2122,0.0,0,1.0,10,0,2,0.0106,0.0,0.0042
48.204,744,17.0,0.8957,0.4593,0.1076,-1.0,0.8874,-0.2068,0.0,0,1.0,6,0,2,0.0103,0.0,0.0041
48.258,745,17.0,0.9656,0.5252,0.0022,-1.0,0.9819,-0.2722,0.0,0,1.0,11,0,2,0.0136,0.0,0.0054
48.322,746,17.0,0.843,0.7041,0.003,-1.0,1.0,-0.2722,0.0,0,1.0,14,0,2,0.0136,0.0,0.0054
48.385,747,17.0,0.7066,0.777,0.0312,-1.0,1.0,-0.1876,0.0,0,1.0,11,0,2,0.0094,0.0,0.0038
48.44,748,17.0,0.8931,0.5729,0.0376,-1.0,0.9814,-0.0737,0.0,0,1.0,10,0,2,0.0037,0.0,0.0015
48.489,749,17.0,0.8393,0.7299,0.0214,-1.0,1.0,-0.0737,0.0,0,1.0,10,0,2,0.0037,0.0,0.0015
48.542,750,17.0,0.9014,0.7368,0.0,-1.0,1.0,-0.1876,0.0,0,1.0,17,0,2,0.0094,0.0,0.0038
48.6,751,17.3,0.9067,0.7149,0.0301,-1.0,1.0,-0.1876,0.0,0,1.0,13,0,2,0.0094,0.0,0.0038
48.657,752,17.3,0.9384,0.6808,0.0,-1.0,1.0,-0.1876,0.0,0,1.0,7,0,2,0.0094,0.0,0.0038
48.734,753,17.3,0.8824,0.7281,0.0359,-1.0,1.0,-0.1876,0.0,0,1.0,15,0,2,0.0094,0.0,0.0038
48.794,754,17.3,0.892,0.5414,0.0774,-1.0,0.9543,-0.1876,0.0,0,1.0,10,0,2,0.0094,0.0,0.0038
48.851,755,17.3,0.8975,0.6342,0.0099,-1.0,1.0,-0.2664,0.0,0,1.0,10,0,2,0.0133,0.0,0.0053
48.912,756,17.3,0.8936,0.5284,0.0554,-1.0,0.9443,-0.2664,0.0,0,1.0,11,0,2,0.0133,0.0,0.0053
48.97,757,17.3,0.8324,0.7098,0.0265,-1.0,1.0,-0.1876,0.0,0,1.0,11,0,2,0.0094,0.0,0.0038
49.026,758,17.3,0.855,0.6833,0.0267,-1.0,1.0,-0.2099,0.0,0,1.0,14,0,2,0.0105,0.0,0.0042
49.084,759,17.3,0.9753,0.5189,0.0281,-1.0,0.982,-0.1876,0.0,0,1.0,10,0,2,0.0094,0.0,0.0038
49.145,760,17.3,0.8822,0.7625,0.013,-1.0,1.0,-0.1876,0.0,0,1.0,10,0,2,0.0094,0.0,0.0038
49.202,761,17.3,1.0,0.3812,0.0243,-1.0,0.8802,-0.1876,0.0,0,1.0,21,0,2,0.0094,0.0,0.0038
49.261,762,17.3,0.1725,1.0,0.0836,-0.625,0.9366,-0.1876,0.0,0,1.0,23,0,2,0.0094,0.0,0.0038
49.326,763,17.3,0.8397,0.7505,0.0071,-1.0,1.0,0.0,0.0,0,1.0,22,0,2,0.0,0.0,0.0
49.394,764,17.3,1.0,0.4193,0.0102,-1.0,0.9122,-0.1876,0.0,0,1.0,10,0,2,0.0094,0.0,0.0038
49.448,765,17.3,0.4567,0.4641,0.0026,-1.0,0.6456,-0.1876,0.0,0,1.0,2,0,2,0.0094,0.0,0.0038
49.497,766,17.3,0.8122,0.5549,0.0214,-1.0,0.921,-0.1876,0.0,0,1.0,6,0,2,0.0094,0.0,0.0038
49.55,767,17.3,0.4567,0.5716,0.1103,-1.0,0.7359,-0.2156,0.0,0,1.0,5,0,2,0.0108,0.0,0.0043
49.609,768,17.3,0.0,0.2099,0.2064,1.0,0.2919,-0.1967,0.0,0,1.0,1,0,2,0.0098,0.0,0.0039
49.663,769,17.3,0.0,0.2174,0.5614,1.0,0.497,-0.1967,0.0,0,1.0,1,0,2,0.0098,0.0,0.0039
49.717,770,17.3,0.5276,0.5424,0.352,-0.3593,0.7511,0.0,0.0,0,1.0,3,0,2,0.0,0.0,0.0
49.776,771,17.3,0.0,0.0644,0.6461,1.0,0.4159,-0.2209,0.0,0,1.0,1,0,2,0.011,0.0,0.0044
49.836,772,17.3,0.5233,0.3383,0.283,-0.5366,0.5772,0.0045,0.0,0,1.0,4,0,2,0.0002,0.0,0.0001
49.891,773,17.3,0.4565,0.4346,0.0197,-1.0,0.6207,0.0045,0.0,0,1.0,2,0,2,0.0002,0.0,0.0001
49.952,774,17.3,0.0222,1.0,0.2645,1.0,0.9881,-0.2303,0.0,0,1.0,4,0,2,0.0115,0.0,0.0046
50.009,775,17.3,0.0703,0.8762,0.0591,-0.1552,0.7754,0.0,0.0,0,1.0,3,0,2,0.0,0.0,0.0
50.066,776,17.3,0.0618,1.0,0.119,0.5698,0.9066,0.0,0.0,0,1.0,4,0,2,0.0,0.0,0.0
50.128,777,17.3,0.6655,0.693,0.2028,-0.9591,0.9548,0.0,0.0,0,1.0,7,0,2,0.0,0.0,0.0
50.185,778,17.3,0.2788,0.7731,0.349,0.2012,0.8448,-0.2405,0.0,0,1.0,14,0,2,0.012,0.0,0.0048
50.245,779,17.3,0.1524,0.6825,0.6344,1.0,0.9286,-0.2405,0.0,0,1.0,29,0,2,0.012,0.0,0.0048
50.303,780,17.3,0.7937,0.3917,0.3951,-0.6035,0.7735,-0.1198,0.0,0,1.0,27,0,2,0.006,0.0,0.0024
50.374,781,17.0,0.0526,0.5226,0.8493,1.0,0.9146,-0.2303,0.0,0,1.0,28,0,2,0.0115,0.0,0.0046
50.434,782,17.0,0.5931,0.5987,0.0,-1.0,0.8351,-0.2564,0.0,0,1.0,30,0,2,0.0128,0.0,0.0051
50.492,783,17.0,0.5552,0.579,0.0448,-1.0,0.7973,0.0915,0.0,0,1.0,28,0,2,0.0046,0.0,0.0018
50.556,784,17.0,0.5483,0.6123,0.0491,-1.0,0.8214,0.0915,0.0,0,1.0,30,0,2,0.0046,0.0,0.0018
50.615,785,17.0,0.2034,0.846,0.0209,-1.0,0.8246,0.0915,0.0,0,1.0,26,0,2,0.0046,0.0,0.0018
50.674,786,17.0,0.5367,0.6853,0.0341,-1.0,0.8762,0.0915,0.0,0,1.0,30,0,2,0.0046,0.0,0.0018
50.734,787,17.0,0.816,0.4963,0.0091,-1.0,0.8738,0.0915,0.0,0,1.0,28,0,2,0.0046,0.0,0.0018
50.791,788,17.0,0.9694,0.539,0.0129,-1.0,0.9956,-0.2156,0.0,0,1.0,31,0,2,0.0108,0.0,0.0043
50.853,789,17.0,0.1562,0.8818,0.4569,0.8827,0.9965,-0.2156,0.0,0,1.0,31,0,2,0.0108,0.0,0.0043
50.917,790,17.0,0.6279,0.5864,0.0023,-1.0,0.8442,-0.1876,0.0,0,1.0,11,0,2,0.0094,0.0,0.0038
50.982,791,17.0,0.4688,0.8953,0.0011,-1.0,1.0,0.0045,0.0,0,1.0,27,0,2,0.0002,0.0,0.0001
51.047,792,17.0,0.5494,0.6491,0.015,-1.0,0.8529,-0.1129,0.0,0,1.0,30,0,2,0.0056,0.0,0.0023
51.102,793,17.0,0.6422,0.7583,0.0482,-1.0,0.9966,0.0915,0.0,0,1.0,30,0,2,0.0046,0.0,0.0018
51.169,794,17.0,0.8934,0.5727,0.0342,-1.0,0.9814,0.0915,0.0,0,1.0,28,0,2,0.0046,0.0,0.0018
51.229,795,17.0,0.5355,0.6063,0.0004,-1.0,0.8092,-0.0737,0.0,0,1.0,25,0,2,0.0037,0.0,0.0015
51.282,796,17.0,0.4719,0.4017,0.3203,-0.3444,0.6017,-0.1876,0.0,0,1.0,29,0,2,0.0094,0.0,0.0038
51.349,797,17.0,0.1717,1.0,0.0124,-1.0,0.9362,-0.2303,0.0,0,1.0,24,0,2,0.0115,0.0,0.0046
51.411,798,17.0,0.1822,1.0,0.122,-0.356,0.942,0.0,0.0,0,1.0,29,0,2,0.0,0.0,0.0
51.466,799,17.0,0.1718,1.0,0.0213,-1.0,0.9362,0.0,0.0,0,1.0,33,0,2,0.0,0.0,0.0
51.53,800,17.0,0.2023,1.0,0.0511,-1.0,0.9533,0.0,0.0,0,1.0,32,0,2,0.0,0.0,0.0
51.593,801,17.0,0.2089,0.9394,0.0986,-0.6455,0.9061,0.0,0.0,0,1.0,33,0,2,0.0,0.0,0.0
51.646,802,17.0,0.1343,0.8971,0.0202,-1.0,0.8287,0.0,0.0,0,1.0,31,0,2,0.0,0.0,0.0
51.703,803,17.0,0.1802,0.6727,0.2177,0.1696,0.687,0.0,0.0,0,1.0,34,0,2,0.0,0.0,0.0
51.76,804,17.0,0.0844,0.7967,0.2615,0.9218,0.8157,0.0,0.0,0,1.0,36,0,2,0.0,0.0,0.0
51.816,805,17.0,0.0,0.4336,0.5832,1.0,0.6908,0.0,0.0,0,1.0,38,0,2,0.0,0.0,0.0
51.877,806,17.0,0.2508,0.7296,0.106,-0.7301,0.7533,0.0915,0.0,0,1.0,40,0,2,0.0046,0.0,0.0018
51.934,807,17.0,0.3353,0.5589,0.1089,-0.9174,0.6572,0.0,0.0,0,1.0,41,0,2,0.0,0.0,0.0
51.995,808,17.0,0.0998,0.9424,0.0782,-0.2189,0.8475,0.0,0.0,0,1.0,44,0,2,0.0,0.0,0.0
52.053,809,17.0,0.4179,0.6945,0.0423,-1.0,0.8174,0.0,0.0,0,1.0,52,0,2,0.0,0.0,0.0
52.111,810,17.0,0.472,0.4256,0.1466,-0.9469,0.6219,0.0,0.0,0,1.0,45,0,2,0.0,0.0,0.0
52.188,811,16.6,0.4758,0.4326,0.1391,-0.9856,0.6299,-0.7,0.0,0,1.0,43,0,2,0.035,0.0,0.014
52.253,812,16.6,0.4127,1.0,0.0068,-1.0,1.0,-0.0961,0.0,0,1.0,44,1,2,0.0048,0.0,0.0019
52.312,813,16.6,0.0758,1.0,0.0491,-0.3839,0.8824,-0.1129,0.0,0,1.0,21,1,2,0.0056,0.0,0.0023
52.379,814,16.6,0.075,1.0,0.1965,0.8052,0.9501,0.0,0.0,0,1.0,17,1,2,0.0,0.0,0.0
52.432,815,16.6,0.0471,0.8041,0.3404,1.0,0.8661,0.0,0.0,0,1.0,17,1,2,0.0,0.0,0.0
52.48,816,16.6,0.1532,0.5533,0.4539,0.8915,0.719,0.0,0.0,0,1.0,15,1,2,0.0,0.0,0.0
52.532,817,16.6,0.1015,0.5597,0.4676,1.0,0.732,0.0,0.0,0,1.0,13,1,2,0.0,0.0,0.0
52.592,818,16.6,0.0535,0.3242,0.5628,1.0,0.5875,0.0915,0.0,0,1.0,4,1,2,0.0046,0.0,0.0018
52.65,819,16.6,0.0894,0.8936,0.071,-0.2063,0.8006,0.0045,0.0,0,1.0,14,1,2,0.0002,0.0,0.0001
52.711,820,16.6,0.1947,0.4629,0.5814,0.897,0.7144,0.0,0.0,0,1.0,15,1,2,0.0,0.0,0.0
52.767,821,16.6,0.275,0.2972,0.6765,0.7596,0.6285,-0.0737,0.0,0,1.0,14,1,2,0.0037,0.0,0.0015
52.828,822,16.6,0.1419,0.5757,0.2604,0.5303,0.6294,-0.2491,0.0,0,1.0,7,1,2,0.0125,0.0,0.005
52.889,823,16.6,0.0591,1.0,0.0481,-0.1854,0.8731,-0.2491,0.0,0,1.0,3,1,2,0.0125,0.0,0.005
52.946,824,16.6,0.0731,0.5748,0.6396,1.0,0.841,0.0,0.0,0,1.0,8,1,2,0.0,0.0,0.0
53.014,825,16.6,0.1258,0.4571,0.5672,1.0,0.7017,0.0,0.0,0,1.0,9,1,2,0.0,0.0,0.0
53.086,826,16.6,0.6021,0.4269,0.03,-1.0,0.6958,0.0045,0.0,0,1.0,12,1,2,0.0002,0.0,0.0001
53.15,827,16.6,0.2015,0.8099,0.1345,-0.3592,0.7932,0.0045,0.0,0,1.0,12,1,2,0.0002,0.0,0.0001
53.212,828,16.6,0.5215,0.6842,0.0,-1.0,0.8668,0.0,0.0,0,1.0,19,1,2,0.0,0.0,0.0
53.274,829,16.6,0.4758,0.8008,0.0,-1.0,0.9391,0.0915,0.0,0,1.0,24,1,2,0.0046,0.0,0.0018
53.344,830,16.6,0.4975,0.7628,0.0,-1.0,0.9194,-0.1129,0.0,0,1.0,16,1,2,0.0056,0.0,0.0023
53.407,831,16.6,0.1947,1.0,0.0488,-1.0,0.949,-0.2303,0.0,0,1.0,17,1,2,0.0115,0.0,0.0046
53.47,832,16.6,0.734,0.4582,0.0053,-1.0,0.7959,0.0,0.0,0,1.0,17,1,2,0.0,0.0,0.0
53.524,833,16.6,0.453,0.645,0.0556,-1.0,0.7955,-0.2122,0.0,0,1.0,16,1,2,0.0106,0.0,0.0042
53.589,834,16.6,0.4636,0.5888,0.0416,-1.0,0.7542,-0.2122,0.0,0,1.0,18,1,2,0.0106,0.0,0.0042
53.643,835,16.6,0.4801,0.4866,0.1403,-0.9857,0.6776,-0.1967,0.0,0,1.0,17,1,2,0.0098,0.0,0.0039
53.701,836,16.6,0.3658,0.6918,0.0,-1.0,0.7859,-0.1129,0.0,0,1.0,14,1,2,0.0056,0.0,0.0023
53.763,837,16.6,0.1747,0.4549,0.5307,0.9086,0.6793,-0.7,0.0,0,1.0,16,1,2,0.035,0.0,0.014
53.821,838,16.6,0.3385,0.7314,0.0,-1.0,0.8039,-0.1235,0.0,0,1.0,12,1,2,0.0062,0.0,0.0025
53.879,839,16.6,0.051,1.0,0.05,-0.0185,0.8686,0.0,0.0,0,1.0,17,1,2,0.0,0.0,0.0
53.937,840,16.6,0.1125,0.9683,0.0534,-0.6416,0.8764,0.0,0.0,0,1.0,14,1,2,0.0,0.0,0.0
54.006,841,16.4,0.2249,0.7672,0.0519,-1.0,0.7703,0.0,0.0,0,1.0,19,1,2,0.0,0.0,0.0
54.07,842,16.4,0.4576,0.7088,0.0172,-1.0,0.8517,0.0,0.0,0,1.0,20,1,2,0.0,0.0,0.0
54.127,843,16.4,0.3111,0.9079,0.0042,-1.0,0.9368,0.0,0.0,0,1.0,17,1,2,0.0,0.0,0.0
54.185,844,16.4,0.0485,0.8975,0.0624,0.225,0.7888,-0.1967,0.0,0,1.0,11,1,2,0.0098,0.0,0.0039
54.244,845,16.4,0.0171,0.9234,0.0862,1.0,0.8239,0.0,0.0,0,1.0,12,1,2,0.0,0.0,0.0
54.304,846,16.4,0.0037,0.7696,0.2758,1.0,0.801,0.0,0.0,0,1.0,14,1,2,0.0,0.0,0.0
54.364,847,16.4,0.0118,0.7705,0.2001,1.0,0.7593,0.0,0.0,0,1.0,16,1,2,0.0,0.0,0.0
54.425,848,16.4,0.0922,0.7158,0.1696,0.5327,0.6963,0.0,0.0,0,1.0,14,1,2,0.0,0.0,0.0
54.483,849,16.4,0.067,0.6456,0.2975,1.0,0.7089,0.0,0.0,0,1.0,17,1,2,0.0,0.0,0.0
54.541,850,16.4,0.0402,0.658,0.2725,1.0,0.7053,0.0,0.0,0,1.0,13,1,2,0.0,0.0,0.0
54.601,851,16.4,0.004,0.8762,0.1805,1.0,0.8371,0.0,0.0,0,1.0,13,1,2,0.0,0.0,0.0
54.661,852,16.4,0.068,0.7471,0.1879,0.8435,0.7328,0.0,0.0,0,1.0,13,1,2,0.0,0.0,0.0
54.718,853,16.4,0.0008,0.7348,0.2528,1.0,0.7588,0.0,0.0,0,1.0,14,1,2,0.0,0.0,0.0
54.777,854,16.4,0.0,0.7277,0.3064,1.0,0.7829,0.0,0.0,0,1.0,11,1,2,0.0,0.0,0.0
54.832,855,16.4,0.0,0.4935,0.5751,1.0,0.7366,0.0,0.0,0,1.0,13,1,2,0.0,0.0,0.0
54.897,856,16.4,0.0897,1.0,0.0656,-0.2788,0.8902,0.0915,0.0,0,1.0,20,1,2,0.0046,0.0,0.0018
54.97,857,16.4,0.0,0.6497,0.4069,1.0,1.0,0.0,0.0,0,1.6,13,0,3,0.0,0.0,0.0
55.023,858,16.4,0.0211,0.838,0.3924,1.0,1.0,0.0,0.0,0,1.56,20,0,3,0.0,0.0,0.0
55.082,859,16.4,0.0075,0.7932,0.3425,1.0,1.0,0.0,0.0,0,1.52,17,0,3,0.0,0.0,0.0
55.141,860,16.4,0.0782,0.9517,0.089,0.116,1.0,0.0,0.0,0,1.48,15,0,3,0.0,0.0,0.0
55.207,861,16.4,0.0473,0.8644,0.4139,1.0,1.0,0.0,0.0,0,1.44,18,0,3,0.0,0.0,0.0
55.269,862,16.4,0.036,0.4565,0.5656,1.0,0.9802,-0.7,0.0,0,1.4,18,0,3,0.035,0.0,0.014
55.33,863,16.4,0.0284,0.6249,0.4645,1.0,1.0,0.0915,0.0,0,1.36,16,0,3,0.0046,0.0,0.0018
55.398,864,16.4,0.1211,0.7519,0.4516,1.0,1.0,0.0915,0.0,0,1.32,16,0,3,0.0046,0.0,0.0018
55.458,865,16.4,0.2058,0.8475,0.0722,-0.8654,1.0,-0.1129,0.0,0,1.28,17,0,3,0.0056,0.0,0.0023
55.517,866,16.4,0.1154,0.7813,0.3414,0.8907,1.0,-0.1129,0.0,0,1.24,19,0,3,0.0056,0.0,0.0023
55.577,867,16.4,0.0788,0.5521,0.6532,1.0,0.9955,0.0,0.0,0,1.2,19,0,3,0.0,0.0,0.0
55.63,868,16.4,0.0497,0.9618,0.1665,0.9727,1.0,-0.0737,0.0,0,1.16,15,0,3,0.0037,0.0,0.0015
55.684,869,16.4,0.1642,0.7794,0.3863,0.7263,0.9755,0.0,0.0,0,1.12,19,0,3,0.0,0.0,0.0
55.746,870,16.4,0.0201,0.7402,0.5573,1.0,1.0,0.0,0.0,0,1.08,14,0,3,0.0,0.0,0.0
55.815,871,16.6,0.409,0.4979,0.1476,-0.8455,0.6731,-0.0961,0.0,0,1.04,17,0,3,0.0048,0.0,0.0019
55.875,872,16.6,0.2381,0.5431,0.3926,0.4409,0.6761,-0.4651,0.0,0,1.0,18,0,3,0.0233,0.0,0.0093
55.941,873,16.6,0.4945,0.383,0.1634,-0.9061,0.5986,-0.7,0.0,0,1.0,17,0,3,0.035,0.0,0.014
56.002,874,16.6,0.5244,0.3729,0.142,-1.0,0.6069,-0.1612,0.0,0,1.0,15,0,3,0.0081,0.0,0.0032
56.059,875,16.6,0.3056,0.5348,0.3334,0.0783,0.6359,-0.1612,0.0,0,1.0,17,0,3,0.0081,0.0,0.0032
56.117,876,16.6,0.2127,0.698,0.2624,0.1883,0.7333,0.0915,0.0,0,1.0,20,0,3,0.0046,0.0,0.0018
56.178,877,16.6,0.3342,0.5522,0.1457,-0.7073,0.6511,0.1784,0.0,0,1.0,16,0,3,0.0089,0.0,0.0036
56.232,878,16.6,0.3747,0.5436,0.1019,-1.0,0.6664,0.0,0.0,0,1.0,18,0,3,0.0,0.0,0.0
56.296,879,16.6,0.1835,0.5743,0.3541,0.5713,0.6807,-0.7,0.0,0,1.0,15,0,3,0.035,0.0,0.014
56.354,880,16.6,0.4429,0.9113,0.044,-1.0,1.0,-0.0961,0.0,0,1.0,14,0,3,0.0048,0.0,0.0019
56.42,881,16.6,0.1835,0.5561,0.5453,0.8935,0.7725,-0.1967,0.0,0,1.0,12,0,3,0.0098,0.0,0.0039
56.476,882,16.6,0.3735,0.9067,0.2293,-0.4308,0.9707,-0.1967,0.0,0,1.0,15,0,3,0.0098,0.0,0.0039
56.531,883,16.6,0.3325,0.5257,0.154,-0.6606,0.6278,-0.1967,0.0,0,1.0,13,0,3,0.0098,0.0,0.0039
56.584,884,16.6,0.3988,0.8611,0.063,-1.0,0.9466,0.0,0.0,0,1.0,17,0,3,0.0,0.0,0.0
56.643,885,16.6,0.1851,0.8713,0.0748,-0.764,0.8355,0.0,0.0,0,1.0,18,0,3,0.0,0.0,0.0
56.703,886,16.6,0.1484,0.7878,0.0766,-0.5744,0.7449,-0.7,0.0,0,1.0,13,0,3,0.035,0.0,0.014
56.767,887,16.6,0.0159,1.0,0.0671,1.0,0.8776,0.0,0.0,0,1.0,17,0,3,0.0,0.0,0.0
56.828,888,16.6,0.2657,0.95,0.1929,-0.2856,0.9468,0.0,0.0,0,1.0,17,0,3,0.0,0.0,0.0
56.883,889,16.6,0.1896,0.858,0.0368,-1.0,0.8269,-0.4651,0.0,0,1.0,14,0,3,0.0233,0.0,0.0093
56.948,890,16.6,0.0122,0.7591,0.2102,1.0,0.7554,0.0,0.0,0,1.0,16,0,3,0.0,0.0,0.0
57.002,891,16.6,0.012,0.8168,0.1497,1.0,0.77,0.0,0.0,0,1.0,11,0,3,0.0,0.0,0.0
57.058,892,16.6,0.0,0.9269,0.2386,1.0,0.9122,0.0,0.0,0,1.0,17,0,3,0.0,0.0,0.0
57.12,893,16.6,0.1782,0.929,0.0128,-1.0,0.8802,0.0,0.0,0,1.0,14,0,3,0.0,0.0,0.0
57.178,894,16.6,0.0295,1.0,0.0074,-1.0,0.8565,0.0,0.0,0,1.0,20,0,3,0.0,0.0,0.0
57.234,895,16.6,0.0076,1.0,0.0291,1.0,0.8563,0.0,0.0,0,1.0,16,0,3,0.0,0.0,0.0
57.295,896,16.6,0.0313,1.0,0.0234,-0.2582,0.8575,0.0,0.0,0,1.0,19,0,3,0.0,0.0,0.0
57.362,897,16.6,0.0185,1.0,0.0194,0.0422,0.8508,0.0,0.0,0,1.0,15,0,3,0.0,0.0,0.0
57.426,898,16.6,0.2491,1.0,0.015,-1.0,0.9795,0.0,0.0,0,1.0,18,0,3,0.0,0.0,0.0
57.48,899,16.6,0.1071,1.0,0.0614,-0.4887,0.9,0.0,0.0,0,1.0,20,0,3,0.0,0.0,0.0
57.531,900,16.6,0.1657,1.0,0.0641,-0.7956,0.9328,0.0,0.0,0,1.0,14,0,3,0.0,0.0,0.0
57.596,901,16.8,0.1495,1.0,0.0481,-0.9238,0.9237,0.0,0.0,0,1.0,16,0,3,0.0,0.0,0.0
57.656,902,16.8,0.3798,0.7865,0.0055,-1.0,0.8733,0.0,0.0,0,1.0,14,0,3,0.0,0.0,0.0
57.71,903,16.8,0.1367,1.0,0.0097,-1.0,1.0,-0.7,0.0,0,1.6,18,0,4,0.035,0.0,0.014
57.767,904,16.8,0.0956,0.9698,0.0102,-1.0,1.0,-0.7,0.0,0,1.56,15,0,4,0.035,0.0,0.014
57.824,905,16.8,0.3019,0.7935,0.0407,-1.0,1.0,0.0,0.0,0,1.52,19,0,4,0.0,0.0,0.0
57.9,906,16.8,0.0723,1.0,0.0397,-0.5245,1.0,0.0,0.0,0,1.48,20,0,4,0.0,0.0,0.0
57.967,907,16.8,0.3398,1.0,0.0135,-1.0,1.0,0.0,0.0,0,1.44,18,0,4,0.0,0.0,0.0
58.024,908,16.8,0.2098,0.8706,0.0183,-1.0,1.0,0.0,0.0,0,1.4,16,0,4,0.0,0.0,0.0
58.086,909,16.8,0.4847,0.9526,0.003,-1.0,1.0,0.0,0.0,0,1.36,22,0,4,0.0,0.0,0.0
58.141,910,16.8,0.3324,1.0,0.0065,-1.0,1.0,-0.1129,0.0,0,1.32,19,0,4,0.0056,0.0,0.0023
58.2,911,16.8,0.2144,1.0,0.0282,-1.0,1.0,0.0,0.0,0,1.28,17,0,4,0.0,0.0,0.0
58.259,912,16.8,0.8327,0.7902,0.0059,-1.0,1.0,0.0,0.0,0,1.24,18,0,4,0.0,0.0,0.0
58.317,913,16.8,0.8732,0.5608,0.0166,-1.0,1.0,0.0,0.0,0,1.2,18,0,4,0.0,0.0,0.0
58.379,914,16.8,0.7948,0.6352,0.0313,-1.0,1.0,-0.1876,0.0,0,1.16,20,0,4,0.0094,0.0,0.0038
58.436,915,16.8,0.8916,0.5349,0.0243,-1.0,1.0,-0.2027,0.0,0,1.12,17,0,4,0.0101,0.0,0.0041
58.492,916,16.8,0.8968,0.5366,0.0264,-1.0,1.0,-0.1876,0.0,0,1.08,18,0,4,0.0094,0.0,0.0038
58.556,917,16.8,0.777,0.6789,0.021,-1.0,1.0,-0.1876,0.0,0,1.04,15,0,4,0.0094,0.0,0.0038
58.608,918,16.8,0.8141,0.6012,0.0588,-1.0,0.9609,-0.1876,0.0,0,1.0,15,0,4,0.0094,0.0,0.0038
58.673,919,16.8,0.8031,0.5804,0.0825,-1.0,0.9372,-0.1612,0.0,0,1.0,14,0,4,0.0081,0.0,0.0032
58.731,920,16.8,0.8714,0.5168,0.0634,-1.0,0.9221,-0.2027,0.0,0,1.0,12,0,4,0.0101,0.0,0.0041
58.79,921,16.8,0.2245,1.0,0.051,-1.0,0.9657,-0.2027,0.0,0,1.0,14,0,4,0.0101,0.0,0.0041
58.849,922,16.8,0.1065,0.846,0.1794,0.4586,0.8111,-0.2099,0.0,0,1.0,11,0,4,0.0105,0.0,0.0042
58.911,923,16.8,0.2249,0.9604,0.075,-0.8996,0.9327,0.0,0.0,0,1.0,12,0,4,0.0,0.0,0.0
58.971,924,16.8,0.1743,1.0,0.0946,-0.5335,0.9376,0.0,0.0,0,1.0,14,0,4,0.0,0.0,0.0
59.026,925,16.8,0.1443,0.7849,0.1998,0.2906,0.7712,0.0,0.0,0,1.0,15,0,4,0.0,0.0,0.0
59.084,926,16.8,0.3194,0.6267,0.2041,-0.3965,0.7053,0.0,0.0,0,1.0,15,0,4,0.0,0.0,0.0
59.142,927,16.8,0.8501,0.5445,0.0903,-1.0,0.9334,-0.1716,0.0,0,1.0,16,0,4,0.0086,0.0,0.0034
59.202,928,16.8,0.8482,0.545,0.0961,-1.0,0.9328,-0.1716,0.0,0,1.0,16,0,4,0.0086,0.0,0.0034
59.259,929,16.8,0.7892,0.5681,0.1042,-1.0,0.9192,-0.2722,0.0,0,1.0,19,0,4,0.0136,0.0,0.0054
59.318,930,16.8,0.813,0.7517,0.0658,-1.0,1.0,-0.1967,0.0,0,1.0,18,0,4,0.0098,0.0,0.0039
59.382,931,16.8,0.9812,0.4501,0.0176,-1.0,1.0,-0.1612,0.0,0,1.6,15,0,5,0.0081,0.0,0.0032
59.444,932,16.8,0.8396,0.8289,0.0,-1.0,1.0,-0.1876,0.0,0,1.56,16,0,5,0.0094,0.0,0.0038
59.501,933,16.8,0.7792,0.7603,0.0408,-1.0,1.0,-0.1876,0.0,0,1.52,16,0,5,0.0094,0.0,0.0038
59.555,934,16.8,0.7217,0.3563,0.0192,-1.0,1.0,-0.1876,0.0,0,1.48,12,0,5,0.0094,0.0,0.0038
59.604,935,16.8,0.4116,0.7008,0.0,-1.0,1.0,-0.0737,0.0,0,1.44,4,0,5,0.0037,0.0,0.0015
59.656,936,16.8,0.3615,0.6512,0.0373,-1.0,1.0,-0.0737,0.0,0,1.4,5,0,5,0.0037,0.0,0.0015
59.707,937,16.8,0.2503,0.807,0.1245,-0.6042,1.0,-0.7,0.0,0,1.36,3,0,5,0.035,0.0,0.014
59.766,938,16.8,0.2113,0.6712,0.1877,-0.1063,0.9004,0.0,0.0,0,1.32,4,0,5,0.0,0.0,0.0
59.824,939,16.8,0.45,0.8523,0.0,-1.0,1.0,0.0,0.0,0,1.28,9,0,5,0.0,0.0,0.0
59.884,940,16.8,0.1497,0.832,0.1265,-0.1512,0.9705,-0.1129,0.0,0,1.24,3,0,5,0.0056,0.0,0.0023
59.944,941,16.8,0.2771,0.8686,0.0766,-1.0,1.0,0.0,0.0,0,1.2,6,0,5,0.0,0.0,0.0
60.001,942,16.8,0.7417,0.5653,0.0787,-1.0,1.0,0.0,0.0,0,1.16,5,0,5,0.0,0.0,0.0
60.061,943,16.8,0.6248,0.6202,0.1517,-1.0,0.9753,0.0,0.0,0,1.12,13,0,5,0.0,0.0,0.0
60.117,944,16.8,0.364,0.7936,0.0786,-1.0,0.9401,-0.2122,0.0,0,1.08,15,0,5,0.0106,0.0,0.0042
60.181,945,16.8,0.418,0.4237,0.2654,-0.4019,0.6136,-0.7,0.0,0,1.04,13,0,5,0.035,0.0,0.014
60.245,946,16.8,0.4236,0.8635,0.121,-1.0,0.9626,-0.1275,0.0,0,1.0,13,0,5,0.0064,0.0,0.0026
60.3,947,16.8,0.82,0.4185,0.1539,-1.0,0.8107,-0.7,0.0,0,1.0,18,0,5,0.035,0.0,0.014
60.366,948,16.8,0.9875,0.5405,0.0697,-1.0,1.0,-0.7,0.0,0,1.0,13,0,5,0.035,0.0,0.014
60.425,949,16.8,0.9252,0.4503,0.0897,-1.0,0.8964,-0.2141,0.0,0,1.0,16,0,5,0.0107,0.0,0.0043
60.481,950,16.8,0.9229,0.4346,0.1004,-1.0,0.8819,-0.2722,0.0,0,1.0,14,0,5,0.0136,0.0,0.0054
60.53,951,16.8,0.9212,0.435,0.1017,-1.0,0.8813,-0.2722,0.0,0,1.0,15,0,5,0.0136,0.0,0.0054
60.595,952,16.8,0.9368,0.415,0.1025,-1.0,0.8732,-0.2825,0.0,0,1.0,13,0,5,0.0141,0.0,0.0056
60.646,953,16.8,0.9272,0.4051,0.1181,-1.0,0.8595,-0.2825,0.0,0,1.0,12,0,5,0.0141,0.0,0.0056
60.703,954,16.8,0.8782,0.42,0.1452,-1.0,0.8446,-0.2825,0.0,0,1.0,10,0,5,0.0141,0.0,0.0056
60.761,955,16.8,0.8878,0.4347,0.1263,-1.0,0.8623,-0.2564,0.0,0,1.0,12,0,5,0.0128,0.0,0.0051
60.816,956,16.8,0.8874,0.432,0.1338,-1.0,0.8599,-0.2722,0.0,0,1.0,15,0,5,0.0136,0.0,0.0054
60.876,957,16.8,0.0143,0.3916,0.6234,1.0,0.678,-0.3113,0.0,0,1.0,12,0,5,0.0156,0.0,0.0062
60.933,958,16.8,0.0,0.8532,0.3736,1.0,0.9259,-0.3113,0.0,0,1.0,11,0,5,0.0156,0.0,0.0062
60.994,959,16.8,0.0,0.3591,0.6592,1.0,0.6708,-0.1716,0.0,0,1.0,7,0,5,0.0086,0.0,0.0034
61.048,960,16.8,0.0,0.3769,0.9082,1.0,0.8252,0.0045,0.0,0,1.0,8,0,5,0.0002,0.0,0.0001
61.102,961,17.3,0.0,0.3336,0.9096,1.0,0.7895,-0.2393,0.0,0,1.0,4,0,5,0.012,0.0,0.0048
61.158,962,17.3,0.0,0.2432,0.9252,1.0,0.7224,-0.2393,0.0,0,1.0,3,0,5,0.012,0.0,0.0048
61.217,963,17.3,0.004,0.5011,0.8161,1.0,0.8779,-0.2393,0.0,0,1.0,4,0,5,0.012,0.0,0.0048
61.274,964,17.3,0.0281,0.8102,0.4487,1.0,0.9318,0.0045,0.0,0,1.0,3,0,5,0.0002,0.0,0.0001
61.336,965,17.3,0.0,0.1364,0.3485,1.0,0.3097,-0.1129,0.0,0,1.0,1,0,5,0.0056,0.0,0.0023
61.398,966,17.3,0.0433,1.0,0.1874,1.0,0.9449,-0.1129,0.0,0,1.0,11,0,5,0.0056,0.0,0.0023
61.456,967,17.3,0.1207,0.692,0.2148,0.5049,0.7016,0.0,0.0,0,1.0,3,0,5,0.0,0.0,0.0
61.506,968,17.3,0.1696,0.6715,0.1595,-0.0555,0.6591,0.0,0.0,0,1.0,15,0,5,0.0,0.0,0.0
61.557,969,17.3,0.1656,0.9235,0.1241,-0.2574,0.8685,0.0,0.0,0,1.0,14,0,5,0.0,0.0,0.0
61.621,970,17.3,0.1697,0.933,0.0833,-0.6144,0.8787,0.0,0.0,0,1.0,16,0,5,0.0,0.0,0.0
61.676,971,17.3,0.1845,0.8023,0.1793,-0.0257,0.7772,0.0,0.0,0,1.0,14,0,5,0.0,0.0,0.0
61.733,972,17.3,0.1735,0.914,0.0858,-0.6085,0.8649,0.0,0.0,0,1.0,18,0,5,0.0,0.0,0.0
61.797,973,17.3,0.0,0.7128,0.3668,1.0,0.8041,0.0,0.0,0,1.0,14,0,5,0.0,0.0,0.0
61.86,974,17.3,0.2292,1.0,0.0883,-0.7987,0.9684,0.0,0.0,0,1.0,17,0,5,0.0,0.0,0.0
61.919,975,17.3,0.0209,1.0,0.1643,1.0,0.932,0.0,0.0,0,1.0,16,0,5,0.0,0.0,0.0
61.979,976,17.3,0.1333,1.0,0.0844,-0.4044,0.9146,0.0,0.0,0,1.0,17,0,5,0.0,0.0,0.0
62.034,977,17.3,0.1831,0.9382,0.0893,-0.6193,0.8906,0.0,0.0,0,1.0,16,0,5,0.0,0.0,0.0
62.094,978,17.3,0.1165,0.9976,0.0584,-0.598,0.9032,0.0,0.0,0,1.0,18,0,5,0.0,0.0,0.0
62.15,979,17.3,0.2751,1.0,0.0746,-1.0,0.9941,0.0,0.0,0,1.0,15,0,5,0.0,0.0,0.0
62.21,980,17.3,0.284,1.0,0.0653,-1.0,0.9991,0.0,0.0,0,1.0,17,0,5,0.0,0.0,0.0
62.27,981,17.3,0.0519,1.0,0.052,0.0016,0.8691,0.0,0.0,0,1.0,15,0,5,0.0,0.0,0.0
62.329,982,17.3,0.0555,0.9819,0.1523,0.838,0.91,0.0,0.0,0,1.0,14,0,5,0.0,0.0,0.0
62.394,983,17.3,0.2644,0.9184,0.1547,-0.4712,0.9195,0.0,0.0,0,1.0,13,0,5,0.0,0.0,0.0
62.446,984,17.3,0.8919,0.5866,0.0271,-1.0,0.9922,0.0,0.0,0,1.0,17,0,5,0.0,0.0,0.0
62.496,985,17.3,0.9767,0.4705,0.0648,-1.0,0.9422,-0.1876,0.0,0,1.0,14,0,5,0.0094,0.0,0.0038
62.548,986,17.3,0.724,0.4563,0.1624,-1.0,0.7887,-0.1876,0.0,0,1.0,14,0,5,0.0094,0.0,0.0038
62.606,987,17.3,0.7487,0.4745,0.1385,-1.0,0.8178,-0.2099,0.0,0,1.0,14,0,5,0.0105,0.0,0.0042
62.655,988,17.3,0.7591,0.6682,0.007,-1.0,0.9864,-0.2471,0.0,0,1.0,19,0,5,0.0124,0.0,0.0049
62.709,989,17.3,0.8685,0.6072,0.0,-1.0,0.9964,-0.2471,0.0,0,1.0,19,0,5,0.0124,0.0,0.0049
62.765,990,17.3,0.3994,0.5985,0.0592,-1.0,0.7264,-0.2471,0.0,0,1.0,17,0,5,0.0124,0.0,0.0049
62.826,991,17.5,0.3177,0.8248,0.062,-1.0,0.8707,-0.1876,0.0,0,1.0,15,0,5,0.0094,0.0,0.0038
62.89,992,17.5,0.3114,0.8471,0.0643,-1.0,0.886,0.0,0.0,0,1.0,20,0,5,0.0,0.0,0.0
62.956,993,17.5,0.7721,0.6283,0.059,-1.0,0.9602,0.0,0.0,0,1.0,18,0,5,0.0,0.0,0.0
63.021,994,17.5,0.7956,0.5285,0.0555,-1.0,0.8895,-0.2122,0.0,0,1.0,15,0,5,0.0106,0.0,0.0042
63.077,995,17.5,0.1075,0.7014,0.2384,0.681,0.7227,-0.2122,0.0,0,1.0,13,0,5,0.0106,0.0,0.0042
63.134,996,17.5,0.1364,0.8037,0.2593,0.5589,0.8203,-0.1612,0.0,0,1.0,14,0,5,0.0081,0.0,0.0032
63.195,997,17.5,0.1268,0.663,0.2605,0.6213,0.7028,0.0,0.0,0,1.0,13,0,5,0.0,0.0,0.0
63.251,998,17.5,0.171,0.7149,0.178,0.0365,0.7002,0.0,0.0,0,1.0,16,0,5,0.0,0.0,0.0
63.313,999,17.5,0.0681,0.9756,0.1094,0.4189,0.8808,0.0,0.0,0,1.0,16,0,5,0.0,0.0,0.0
63.371,1000,17.5,0.0851,0.9822,0.0966,0.1142,0.8791,0.0,0.0,0,1.0,14,0,5,0.0,0.0,0.0
63.424,1001,17.5,0.1158,0.8563,0.1515,0.2405,0.8042,0.0,0.0,0,1.0,17,0,5,0.0,0.0,0.0
63.488,1002,17.5,0.1809,0.7379,0.1432,-0.2096,0.7211,0.0,0.0,0,1.0,17,0,5,0.0,0.0,0.0
63.541,1003,17.5,0.3096,0.6631,0.0973,-0.9389,0.7303,0.0,0.0,0,1.0,15,0,5,0.0,0.0,0.0
63.603,1004,17.5,0.1,0.8311,0.4638,1.0,0.9578,0.0,0.0,0,1.0,15,0,5,0.0,0.0,0.0
63.657,1005,17.5,0.2003,0.834,0.0796,-0.7765,0.8128,0.0,0.0,0,1.0,6,0,5,0.0,0.0,0.0
63.715,1006,17.5,0.2282,0.9441,0.0139,-1.0,0.9208,0.0,0.0,0,1.0,6,0,5,0.0,0.0,0.0
63.778,1007,17.5,0.1318,0.9173,0.1004,-0.2434,0.8443,0.0,0.0,0,1.0,17,0,5,0.0,0.0,0.0
63.842,1008,17.5,0.1027,1.0,0.0511,-0.6041,0.8975,0.0,0.0,0,1.0,7,0,5,0.0,0.0,0.0
63.901,1009,17.5,0.1983,0.8674,0.0554,-1.0,0.8396,0.0,0.0,0,1.0,5,0,5,0.0,0.0,0.0
63.962,1010,17.5,0.1862,0.9717,0.0065,-1.0,0.9205,0.0,0.0,0,1.0,5,0,5,0.0,0.0,0.0
64.019,1011,17.5,0.6246,0.4797,0.0,-1.0,0.7527,0.0,0.0,0,1.0,6,0,5,0.0,0.0,0.0
64.081,1012,17.5,0.3213,0.83,0.0142,-1.0,0.8771,-0.1876,0.0,0,1.0,10,0,5,0.0094,0.0,0.0038
64.142,1013,17.5,0.3616,0.7858,0.0106,-1.0,0.8626,-0.1876,0.0,0,1.0,6,0,5,0.0094,0.0,0.0038
64.201,1014,17.5,0.583,0.4775,0.0171,-1.0,1.0,0.0,0.0,0,1.6,7,0,6,0.0,0.0,0.0
64.257,1015,17.5,0.3746,0.8766,0.0,-1.0,1.0,0.0915,0.0,0,1.56,7,0,6,0.0046,0.0,0.0018
64.318,1016,17.5,0.1893,1.0,0.0294,-1.0,1.0,0.0,0.0,0,1.52,8,0,6,0.0,0.0,0.0
64.377,1017,17.5,0.3581,0.8004,0.02,-1.0,1.0,0.0,0.0,0,1.48,16,0,6,0.0,0.0,0.0
64.429,1018,17.5,0.3762,0.5678,0.0,-1.0,0.9902,0.0,0.0,0,1.44,3,0,6,0.0,0.0,0.0
64.478,1019,17.5,0.2715,0.7787,0.0589,-1.0,1.0,-0.7,0.0,0,1.4,5,0,6,0.035,0.0,0.014
64.529,1020,17.5,0.2173,0.3042,0.0,-1.0,0.5131,0.0,0.0,0,1.36,1,0,6,0.0,0.0,0.0
64.58,1021,17.0,0.1944,0.6203,0.2187,0.1058,0.8494,0.0,0.0,0,1.32,14,0,6,0.0,0.0,0.0
64.63,1022,17.0,0.2976,0.6797,0.0822,-1.0,0.9442,0.0,0.0,0,1.28,14,0,6,0.0,0.0,0.0
64.679,1023,17.0,0.4375,0.5268,0.1232,-1.0,0.8525,0.0,0.0,0,1.24,17,0,6,0.0,0.0,0.0
64.73,1024,17.0,0.3494,0.4124,0.2079,-0.457,0.6505,-0.4651,0.0,0,1.2,16,0,6,0.0233,0.0,0.0093
64.783,1025,17.0,0.2222,0.8362,0.0626,-1.0,0.9591,0.0,0.0,0,1.16,14,0,6,0.0,0.0,0.0
64.844,1026,17.0,0.7127,0.6719,0.0038,-1.0,1.0,0.0,0.0,0,1.12,19,0,6,0.0,0.0,0.0
64.901,1027,17.0,0.2378,0.8065,0.0736,-0.9493,0.8755,0.0,0.0,0,1.08,16,0,6,0.0,0.0,0.0
64.958,1028,17.0,0.6018,0.3911,0.1529,-1.0,0.6921,-0.0737,0.0,0,1.04,17,0,6,0.0037,0.0,0.0015
65.017,1029,17.0,0.7951,0.606,0.0,-1.0,0.9543,0.0915,0.0,0,1.0,20,0,6,0.0046,0.0,0.0018
65.076,1030,17.0,0.4667,0.8991,0.1411,-0.9644,1.0,0.0915,0.0,0,1.0,18,0,6,0.0046,0.0,0.0018
65.133,1031,17.0,0.6013,0.945,0.0296,-1.0,1.0,-0.2027,0.0,0,1.0,18,0,6,0.0101,0.0,0.0041
65.199,1032,17.0,0.8507,0.512,0.0572,-1.0,0.9065,-0.1129,0.0,0,1.0,17,0,6,0.0056,0.0,0.0023
65.262,1033,17.0,0.9802,0.4905,0.0037,-1.0,0.9609,-0.2303,0.0,0,1.0,15,0,6,0.0115,0.0,0.0046
65.317,1034,17.0,0.9785,0.4879,0.0072,-1.0,0.9578,-0.1876,0.0,0,1.0,15,0,6,0.0094,0.0,0.0038
65.381,1035,17.0,0.9752,0.477,0.028,-1.0,0.9468,-0.1876,0.0,0,1.0,16,0,6,0.0094,0.0,0.0038
65.444,1036,17.0,0.8216,0.7658,0.0,-1.0,1.0,-0.1876,0.0,0,1.0,17,0,6,0.0094,0.0,0.0038
65.497,1037,17.0,0.8425,0.6758,0.0321,-1.0,1.0,-0.1876,0.0,0,1.0,15,0,6,0.0094,0.0,0.0038
65.549,1038,17.0,0.9866,0.392,0.0753,-1.0,0.8817,-0.1876,0.0,0,1.0,13,0,6,0.0094,0.0,0.0038
65.614,1039,17.0,0.7791,0.6671,0.0759,-1.0,0.9967,-0.1876,0.0,0,1.0,15,0,6,0.0094,0.0,0.0038
65.666,1040,17.0,0.8845,0.513,0.0888,-1.0,0.9262,-0.2664,0.0,0,1.0,13,0,6,0.0133,0.0,0.0053
65.729,1041,17.0,0.8853,0.3843,0.1713,-1.0,0.8186,-0.2722,0.0,0,1.0,12,0,6,0.0136,0.0,0.0054
65.781,1042,17.0,0.8854,0.3736,0.1852,-1.0,0.8097,-0.2722,0.0,0,1.0,12,0,6,0.0136,0.0,0.0054
65.833,1043,17.0,0.8854,0.3724,0.1857,-1.0,0.8087,-0.1655,0.0,0,1.0,11,0,6,0.0083,0.0,0.0033
65.897,1044,17.0,0.8845,0.3843,0.1722,-1.0,0.8181,-0.2303,0.0,0,1.0,12,0,6,0.0115,0.0,0.0046
65.962,1045,17.0,0.7748,0.4619,0.3428,-0.6958,0.8219,-0.2303,0.0,0,1.0,12,0,6,0.0115,0.0,0.0046
66.018,1046,17.0,0.8844,0.3836,0.1723,-1.0,0.8175,-0.2627,0.0,0,1.0,11,0,6,0.0131,0.0,0.0053
66.073,1047,17.0,0.7757,0.4696,0.3435,-0.6951,0.8289,-0.1808,0.0,0,1.0,13,0,6,0.009,0.0,0.0036
66.134,1048,17.0,0.746,0.7881,0.1746,-1.0,1.0,-0.1612,0.0,0,1.0,16,0,6,0.0081,0.0,0.0032
66.192,1049,17.0,0.6923,0.895,0.1079,-1.0,1.0,-0.1612,0.0,0,1.0,16,0,6,0.0081,0.0,0.0032
66.26,1050,17.0,0.726,0.5989,0.335,-0.6634,0.9097,-0.2209,0.0,0,1.0,13,0,6,0.011,0.0,0.0044
66.32,1051,17.3,0.7154,0.7554,0.2081,-0.9888,1.0,-0.2303,0.0,0,1.0,14,0,6,0.0115,0.0,0.0046
66.385,1052,17.3,0.6912,0.7916,0.1842,-1.0,1.0,-0.2405,0.0,0,1.0,17,0,6,0.012,0.0,0.0048
66.44,1053,17.3,0.6907,0.8027,0.1843,-1.0,1.0,-0.2303,0.0,0,1.0,13,0,6,0.0115,0.0,0.0046
66.486,1054,17.3,0.6902,0.782,0.1855,-1.0,1.0,-0.2303,0.0,0,1.0,14,0,6,0.0115,0.0,0.0046
66.538,1055,17.3,0.7146,0.6906,0.2326,-0.9159,0.9803,-0.2303,0.0,0,1.0,14,0,6,0.0115,0.0,0.0046
66.589,1056,17.3,0.7146,0.7021,0.2482,-0.8721,0.9899,-0.0961,0.0,0,1.0,14,0,6,0.0048,0.0,0.0019
66.64,1057,17.3,0.794,0.421,0.374,-0.6473,0.7983,-0.0961,0.0,0,1.0,13,0,6,0.0048,0.0,0.0019
66.689,1058,17.3,0.7252,0.577,0.3564,-0.6138,0.8908,-0.1851,0.0,0,1.0,13,0,6,0.0093,0.0,0.0037
66.741,1059,17.3,0.7146,0.5703,0.3675,-0.5774,0.8793,-0.1851,0.0,0,1.0,14,0,6,0.0093,0.0,0.0037
66.801,1060,17.3,0.8,0.4476,0.3491,-0.7062,0.8239,-0.2376,0.0,0,1.0,13,0,6,0.0119,0.0,0.0048
66.857,1061,17.3,0.7248,0.7064,0.2245,-0.9487,0.9993,-0.2454,0.0,0,1.0,13,0,6,0.0123,0.0,0.0049
66.922,1062,17.3,0.7933,0.4064,0.3643,-0.6671,0.7856,-0.2471,0.0,0,1.0,12,0,6,0.0124,0.0,0.0049
66.986,1063,17.3,0.732,0.6929,0.1947,-1.0,0.9919,-0.2471,0.0,0,1.0,12,0,6,0.0124,0.0,0.0049
67.042,1064,17.3,0.6883,0.7657,0.2023,-0.9824,1.0,-0.2089,0.0,0,1.0,15,0,6,0.0104,0.0,0.0042
67.104,1065,17.3,0.6844,0.8639,0.1397,-1.0,1.0,-0.2405,0.0,0,1.0,13,0,6,0.012,0.0,0.0048
67.16,1066,17.3,0.6885,0.7749,0.2045,-0.9757,1.0,-0.2974,0.0,0,1.0,14,0,6,0.0149,0.0,0.0059
67.221,1067,17.3,0.7246,0.7196,0.2263,-0.9433,1.0,-0.2974,0.0,0,1.0,11,0,6,0.0149,0.0,0.0059
67.287,1068,17.3,0.0436,1.0,0.4441,1.0,1.0,-0.2405,0.0,0,1.0,10,0,6,0.012,0.0,0.0048
67.343,1069,17.3,0.0429,0.7139,0.702,1.0,0.9928,-0.2303,0.0,0,1.0,11,0,6,0.0115,0.0,0.0046
67.406,1070,17.3,0.0449,0.7287,0.6916,1.0,0.9995,-0.1235,0.0,0,1.0,11,0,6,0.0062,0.0,0.0025
67.469,1071,17.3,0.0674,0.5664,0.6819,1.0,0.8577,0.0045,0.0,0,1.0,11,0,6,0.0002,0.0,0.0001
67.522,1072,17.3,0.2058,0.8687,0.3446,0.4539,0.9227,0.0045,0.0,0,1.0,15,0,6,0.0002,0.0,0.0001
67.572,1073,17.3,0.0,0.432,0.4968,1.0,0.6411,0.0045,0.0,0,1.0,13,0,6,0.0002,0.0,0.0001
67.623,1074,17.3,0.0,0.7856,0.346,1.0,0.8537,-0.1967,0.0,0,1.0,12,0,6,0.0098,0.0,0.0039
67.682,1075,17.3,0.259,0.8298,0.0771,-0.9745,0.8421,-0.1967,0.0,0,1.0,12,0,6,0.0098,0.0,0.0039
67.738,1076,17.3,0.3062,0.5616,0.172,-0.5052,0.6432,0.0,0.0,0,1.0,12,0,6,0.0,0.0,0.0
67.79,1077,17.3,0.3213,0.6217,0.1411,-0.7015,0.7022,-0.2303,0.0,0,1.0,14,0,6,0.0115,0.0,0.0046
67.851,1078,17.3,0.1419,1.0,0.016,-1.0,0.9195,0.0,0.0,0,1.0,16,0,6,0.0,0.0,0.0
67.915,1079,17.3,0.0404,0.9385,0.17,1.0,0.8836,0.0,0.0,0,1.0,14,0,6,0.0,0.0,0.0
67.971,1080,17.3,0.0936,1.0,0.1506,0.42,0.9243,0.0,0.0,0,1.0,14,0,6,0.0,0.0,0.0
68.043,1081,17.5,0.0657,1.0,0.108,0.4388,0.9005,0.0,0.0,0,1.0,15,0,6,0.0,0.0,0.0
68.109,1082,17.5,0.1064,1.0,0.1218,0.1214,0.9082,0.0,0.0,0,1.0,15,0,6,0.0,0.0,0.0
68.174,1083,17.5,0.0746,1.0,0.0877,0.1463,0.8891,0.0,0.0,0,1.0,15,0,6,0.0,0.0,0.0
68.238,1084,17.5,0.114,0.962,0.2119,0.5407,0.9268,0.0,0.0,0,1.0,16,0,6,0.0,0.0,0.0
68.295,1085,17.5,0.0,0.3292,0.6239,1.0,0.6259,0.0,0.0,0,1.0,11,0,6,0.0,0.0,0.0
68.366,1086,17.5,0.3343,0.3341,0.3159,-0.051,0.4679,0.0,0.0,0,1.0,15,0,6,0.0,0.0,0.0
68.425,1087,17.5,0.1841,0.6798,0.2354,0.2202,0.7028,-0.2303,0.0,0,1.0,15,0,6,0.0115,0.0,0.0046
68.483,1088,17.5,0.0,0.3246,0.6162,1.0,0.6178,0.0,0.0,0,1.0,15,0,6,0.0,0.0,0.0
68.54,1089,17.5,0.0,0.7334,0.3313,1.0,0.8016,0.0915,0.0,0,1.0,14,0,6,0.0046,0.0,0.0018
68.589,1090,17.5,0.0,0.3827,0.564,1.0,0.6373,0.0915,0.0,0,1.0,14,0,6,0.0046,0.0,0.0018
68.642,1091,17.5,0.0,0.3854,0.5541,1.0,0.6341,0.0,0.0,0,1.0,15,0,6,0.0,0.0,0.0
68.701,1092,17.5,0.1124,0.8871,0.161,0.3199,0.8353,0.0045,0.0,0,1.0,17,0,6,0.0002,0.0,0.0001
68.759,1093,17.5,0.1875,0.9258,0.1358,-0.2878,0.8826,0.0,0.0,0,1.0,17,0,6,0.0,0.0,0.0
68.826,1094,17.5,0.0391,1.0,0.1398,1.0,0.9183,0.0,0.0,0,1.0,16,0,6,0.0,0.0,0.0
68.884,1095,17.5,0.1201,1.0,0.0534,-0.6921,0.9072,0.0,0.0,0,1.0,16,0,6,0.0,0.0,0.0
68.945,1096,17.5,0.1531,0.9813,0.0552,-0.8465,0.91,0.0,0.0,0,1.0,15,0,6,0.0,0.0,0.0
69.002,1097,17.5,0.2379,0.983,0.0278,-1.0,0.9589,0.0,0.0,0,1.0,20,0,6,0.0,0.0,0.0
69.062,1098,17.5,0.0706,1.0,0.045,-0.3994,0.8795,0.0,0.0,0,1.0,18,0,6,0.0,0.0,0.0
69.116,1099,17.5,0.1759,1.0,0.0307,-1.0,0.9385,0.0,0.0,0,1.0,16,0,6,0.0,0.0,0.0
69.184,1100,17.5,0.0476,1.0,0.065,0.2788,0.8764,0.0,0.0,0,1.0,18,0,6,0.0,0.0,0.0
69.248,1101,17.5,0.0393,0.9329,0.4575,1.0,1.0,0.0,0.0,0,1.0,17,0,6,0.0,0.0,0.0
69.315,1102,17.5,0.0581,1.0,0.0458,-0.2134,0.8725,0.0,0.0,0,1.0,18,0,6,0.0,0.0,0.0
69.381,1103,17.5,0.1033,0.9403,0.143,0.29,0.87,-0.1129,0.0,0,1.0,14,1,6,0.0056,0.0,0.0023
69.446,1104,17.5,0.2375,0.7133,0.1119,-0.6473,0.7322,0.0,0.0,0,1.0,13,1,6,0.0,0.0,0.0
69.499,1105,17.5,0.0872,0.6674,0.5856,1.0,0.8886,0.0,0.0,0,1.0,15,1,6,0.0,0.0,0.0
69.559,1106,17.5,0.1642,0.5958,0.2678,0.4317,0.6505,0.0915,0.0,0,1.0,12,1,6,0.0046,0.0,0.0018
69.616,1107,17.5,0.1686,0.6061,0.2534,0.3616,0.6511,0.0,0.0,0,1.0,12,1,6,0.0,0.0,0.0
69.675,1108,17.5,0.2268,0.7052,0.1356,-0.4526,0.7194,-0.2303,0.0,0,1.0,13,1,6,0.0115,0.0,0.0046
69.738,1109,17.5,0.1804,0.6122,0.2463,0.278,0.6522,0.0,0.0,0,1.0,13,1,6,0.0,0.0,0.0
69.797,1110,17.5,0.1881,0.6482,0.1929,0.023,0.6526,0.0,0.0,0,1.0,15,1,6,0.0,0.0,0.0
69.861,1111,16.4,0.1376,0.8893,0.1243,-0.0912,0.824,-0.2303,0.0,0,1.0,15,1,6,0.0115,0.0,0.0046
69.943,1112,16.4,0.1578,0.9491,0.0857,-0.533,0.8856,0.0,0.0,0,1.0,16,1,6,0.0,0.0,0.0
70.006,1113,16.4,0.2963,0.6467,0.1272,-0.7186,0.7091,0.0,0.0,0,1.0,15,1,6,0.0,0.0,0.0
70.068,1114,16.4,0.1152,1.0,0.0352,-0.9574,0.9045,0.0,0.0,0,1.0,7,1,6,0.0,0.0,0.0
70.126,1115,16.4,0.1138,1.0,0.0351,-0.9508,0.9037,0.0,0.0,0,1.0,9,1,6,0.0,0.0,0.0
70.188,1116,16.4,0.1383,1.0,0.0328,-1.0,0.9175,0.0,0.0,0,1.0,9,1,6,0.0,0.0,0.0
70.253,1117,16.4,0.1779,0.989,0.0222,-1.0,0.9304,0.0,0.0,0,1.0,5,1,6,0.0,0.0,0.0
70.31,1118,16.4,0.1248,0.9875,0.0829,-0.3636,0.8994,0.0,0.0,0,1.0,14,1,6,0.0,0.0,0.0
70.387,1119,16.4,0.1348,1.0,0.0242,-1.0,0.9155,0.0,0.0,0,1.0,4,1,6,0.0,0.0,0.0
70.445,1120,16.4,0.2761,0.7201,0.1127,-0.7563,0.7595,0.0,0.0,0,1.0,15,1,6,0.0,0.0,0.0
70.496,1121,16.4,0.4253,0.7304,0.0274,-1.0,0.8517,0.0,0.0,0,1.0,17,1,6,0.0,0.0,0.0
70.547,1122,16.4,0.1983,0.6116,0.2209,0.0971,0.6374,-0.7,0.0,0,1.0,11,1,6,0.035,0.0,0.014
70.598,1123,16.4,0.1534,0.9958,0.113,-0.2731,0.9224,-0.7,0.0,0,1.0,13,1,6,0.035,0.0,0.014
70.66,1124,16.4,0.1619,0.6076,0.241,0.3532,0.6453,0.0,0.0,0,1.0,12,1,6,0.0,0.0,0.0
70.715,1125,16.4,0.0,0.3771,0.6366,1.0,0.6732,0.0,0.0,0,1.0,13,1,6,0.0,0.0,0.0
70.776,1126,16.4,0.0,0.4065,0.5448,1.0,0.6465,0.0045,0.0,0,1.0,11,1,6,0.0002,0.0,0.0001
70.842,1127,16.4,0.363,0.7711,0.1197,-0.9073,0.851,0.0045,0.0,0,1.0,12,1,6,0.0002,0.0,0.0001
70.905,1128,16.4,0.2876,0.5034,0.2279,-0.2085,0.584,-0.7,0.0,0,1.0,10,1,6,0.035,0.0,0.014
70.97,1129,16.4,0.2406,0.9994,0.1041,-0.7128,0.9742,-0.7,0.0,0,1.0,12,1,6,0.035,0.0,0.014
71.029,1130,16.4,0.2649,0.5913,0.1706,-0.3896,0.6451,0.0,0.0,0,1.0,15,1,6,0.0,0.0,0.0
71.096,1131,16.4,0.0,0.3899,0.5465,1.0,0.6336,-0.1363,0.0,0,1.0,10,1,6,0.0068,0.0,0.0027
71.153,1132,16.4,0.0,0.6842,0.3418,1.0,0.7661,-0.1363,0.0,0,1.0,12,1,6,0.0068,0.0,0.0027
71.224,1133,16.4,0.0,0.6481,0.3452,1.0,0.7377,0.0045,0.0,0,1.0,13,1,6,0.0002,0.0,0.0001
71.287,1134,16.4,0.3842,0.5995,0.2766,-0.2931,0.7187,0.0,0.0,0,1.0,13,1,6,0.0,0.0,0.0
71.347,1135,16.4,0.0,0.429,0.5111,1.0,0.6466,-0.2596,0.0,0,1.0,11,1,6,0.013,0.0,0.0052
71.4,1136,16.4,0.0,0.6781,0.339,1.0,0.7594,-0.0835,0.0,0,1.0,13,1,6,0.0042,0.0,0.0017
71.457,1137,16.4,0.0,0.4159,0.518,1.0,0.6394,-0.0835,0.0,0,1.0,11,1,6,0.0042,0.0,0.0017
71.513,1138,16.4,0.0299,0.8394,0.3071,1.0,0.8771,0.0,0.0,0,1.0,13,1,6,0.0,0.0,0.0
71.564,1139,16.4,0.0308,1.0,0.1594,1.0,0.9293,0.0045,0.0,0,1.0,15,1,6,0.0002,0.0,0.0001
71.618,1140,16.4,0.0986,1.0,0.0812,-0.1738,0.8952,0.0,0.0,0,1.0,15,1,6,0.0,0.0,0.0
71.677,1141,16.5,0.0994,1.0,0.044,-0.6952,0.8957,0.0,0.0,0,1.0,17,1,6,0.0,0.0,0.0
71.734,1142,16.5,0.1489,1.0,0.0411,-1.0,0.9234,0.0,0.0,0,1.0,17,1,6,0.0,0.0,0.0
71.793,1143,16.5,0.2195,1.0,0.0749,-0.8841,0.9629,0.0,0.0,0,1.0,16,1,6,0.0,0.0,0.0
71.853,1144,16.5,0.2253,0.9711,0.0747,-0.9035,0.9419,0.0,0.0,0,1.0,15,1,6,0.0,0.0,0.0
71.91,1145,16.5,0.2295,0.986,0.0274,-1.0,0.9568,0.0,0.0,0,1.0,16,1,6,0.0,0.0,0.0
71.969,1146,16.5,0.1118,1.0,0.0718,-0.3919,0.9026,0.0,0.0,0,1.0,15,1,6,0.0,0.0,0.0
72.029,1147,16.5,0.0857,0.9376,0.1404,0.4357,0.8662,0.0,0.0,0,1.0,13,1,6,0.0,0.0,0.0
72.086,1148,16.5,0.103,1.0,0.0418,-0.7613,0.8977,0.0,0.0,0,1.0,15,1,6,0.0,0.0,0.0
72.141,1149,16.5,0.1728,1.0,0.0274,-1.0,0.9368,0.0,0.0,0,1.0,16,1,6,0.0,0.0,0.0
72.204,1150,16.5,0.3556,0.7441,0.0653,-1.0,0.8242,0.0,0.0,0,1.0,14,1,6,0.0,0.0,0.0
72.26,1151,16.5,0.3373,0.6793,0.1461,-0.7121,0.7595,-0.7,0.0,0,1.0,15,1,6,0.035,0.0,0.014
72.328,1152,16.5,0.2637,0.5179,0.2922,0.0923,0.5987,0.0,0.0,0,1.0,14,1,6,0.0,0.0,0.0
72.393,1153,16.5,0.2043,1.0,0.0737,-0.8462,0.9544,0.0,0.0,0,1.0,15,1,6,0.0,0.0,0.0
72.455,1154,16.5,0.2093,0.9457,0.1693,-0.1901,0.9116,-0.0737,0.0,0,1.0,17,1,6,0.0037,0.0,0.0015
72.507,1155,16.5,0.3849,0.6048,0.2617,-0.3429,0.7236,0.0,0.0,0,1.0,12,1,6,0.0,0.0,0.0
72.574,1156,16.5,0.0,0.3729,0.5568,1.0,0.625,-0.2664,0.0,0,1.0,13,1,6,0.0133,0.0,0.0053
72.626,1157,16.5,0.1918,0.711,0.1563,-0.1838,0.7047,0.0045,0.0,0,1.0,14,1,6,0.0002,0.0,0.0001
72.688,1158,16.5,0.3354,0.3342,0.3172,-0.0503,0.4685,0.0,0.0,0,1.0,15,1,6,0.0,0.0,0.0
72.741,1159,16.5,0.0845,1.0,0.0761,-0.094,0.8873,0.0,0.0,0,1.0,17,1,6,0.0,0.0,0.0
72.806,1160,16.5,0.0609,0.9217,0.131,0.6567,0.8475,0.0,0.0,0,1.0,16,1,6,0.0,0.0,0.0
72.875,1161,16.5,0.3347,0.5361,0.1782,-0.549,0.6377,0.0,0.0,0,1.0,14,1,6,0.0,0.0,0.0
72.936,1162,16.5,0.1841,0.7897,0.1231,-0.3577,0.7665,0.0,0.0,0,1.0,14,1,6,0.0,0.0,0.0
72.995,1163,16.5,0.3163,0.6598,0.0762,-1.0,0.7313,-0.2303,0.0,0,1.0,14,1,6,0.0115,0.0,0.0046
73.051,1164,16.5,0.2222,0.8893,0.1704,-0.2375,0.8715,0.0,0.0,0,1.0,13,1,6,0.0,0.0,0.0
73.11,1165,16.5,0.0,0.268,0.6743,1.0,0.6027,0.0,0.0,0,1.0,12,1,6,0.0,0.0,0.0
73.165,1166,16.5,0.0,0.7489,0.3622,1.0,0.8319,0.0045,0.0,0,1.0,13,1,6,0.0002,0.0,0.0001
73.228,1167,16.5,0.0,0.3139,0.6266,1.0,0.6146,0.0045,0.0,0,1.0,12,1,6,0.0002,0.0,0.0001
73.295,1168,16.5,0.3354,0.3097,0.339,0.0096,0.45,-0.7,0.0,0,1.0,14,1,6,0.035,0.0,0.014
73.355,1169,16.5,0.1845,0.7623,0.1871,0.0125,0.7451,-0.2303,0.0,0,1.0,15,1,6,0.0115,0.0,0.0046
73.412,1170,16.5,0.2377,0.7062,0.1306,-0.5232,0.7263,0.0,0.0,0,1.0,13,1,6,0.0,0.0,0.0
73.471,1171,16.7,0.1842,0.8319,0.2113,0.1235,0.8172,0.0,0.0,0,1.0,13,1,6,0.0,0.0,0.0
73.527,1172,16.7,0.0,0.7029,0.3229,1.0,0.7713,0.0,0.0,0,1.0,12,1,6,0.0,0.0,0.0
73.585,1173,16.7,0.361,0.7732,0.0883,-1.0,0.8516,0.0,0.0,0,1.0,16,1,6,0.0,0.0,0.0
73.642,1174,16.7,0.24,1.0,0.0534,-1.0,0.9744,0.0,0.0,0,1.0,18,1,6,0.0,0.0,0.0
73.702,1175,16.7,0.0062,1.0,0.1174,1.0,0.9058,0.0,0.0,0,1.0,19,1,6,0.0,0.0,0.0
73.758,1176,16.7,0.0541,1.0,0.0673,0.1951,0.8777,0.0,0.0,0,1.0,17,1,6,0.0,0.0,0.0
73.818,1177,16.7,0.2202,1.0,0.0178,-1.0,0.9633,0.0,0.0,0,1.0,19,1,6,0.0,0.0,0.0
73.882,1178,16.7,0.0911,1.0,0.0332,-0.8375,0.891,0.0,0.0,0,1.0,20,1,6,0.0,0.0,0.0
73.944,1179,16.7,0.0699,1.0,0.043,-0.4291,0.8792,0.0,0.0,0,1.0,19,1,6,0.0,0.0,0.0
74.001,1180,16.7,0.1797,0.9825,0.065,-0.8441,0.9259,0.0,0.0,0,1.0,15,1,6,0.0,0.0,0.0
74.062,1181,16.7,0.1203,0.9709,0.1482,0.187,0.8985,0.0,0.0,0,1.0,13,1,6,0.0,0.0,0.0
74.119,1182,16.7,0.2217,0.7768,0.1028,-0.6593,0.7766,0.0,0.0,0,1.0,14,1,6,0.0,0.0,0.0
74.178,1183,16.7,0.258,0.9546,0.0261,-1.0,0.9464,0.0,0.0,0,1.0,17,1,6,0.0,0.0,0.0
74.24,1184,16.7,0.2745,1.0,0.006,-1.0,0.9937,0.0,0.0,0,1.0,17,1,6,0.0,0.0,0.0
74.303,1185,16.7,0.4134,0.658,0.0203,-1.0,0.7842,0.0,0.0,0,1.0,18,1,6,0.0,0.0,0.0
74.364,1186,16.7,0.3042,0.6758,0.1145,-0.8156,0.738,0.0,0.0,0,1.0,15,1,6,0.0,0.0,0.0
74.433,1187,16.7,0.2674,0.6785,0.1515,-0.4979,0.7197,0.0,0.0,0,1.0,14,1,6,0.0,0.0,0.0
74.497,1188,16.7,0.1111,1.0,0.1047,-0.0536,0.9022,0.0,0.0,0,1.0,14,1,6,0.0,0.0,0.0
74.562,1189,16.7,0.0141,0.9144,0.1597,1.0,0.8575,0.0,0.0,0,1.0,13,1,6,0.0,0.0,0.0
74.615,1190,16.7,0.1312,0.5886,0.2953,0.6925,0.6598,0.0,0.0,0,1.0,14,1,6,0.0,0.0,0.0
74.681,1191,16.7,0.5171,0.7442,0.0,-1.0,0.9147,0.0,0.0,0,1.0,17,1,6,0.0,0.0,0.0
74.733,1192,16.7,0.2457,1.0,0.0141,-1.0,0.9776,0.0915,0.0,0,1.0,21,1,6,0.0046,0.0,0.0018
74.799,1193,16.7,0.1232,1.0,0.1041,-0.1519,0.909,0.0,0.0,0,1.0,17,2,6,0.0,0.0,0.0
74.863,1194,16.7,0.086,1.0,0.1294,0.3629,0.9125,0.0,0.0,1,1.0,17,2,6,0.0,1.0,0.0
74.922,1195,16.7,0.6062,0.527,0.1691,-1.0,0.7821,0.0,0.0,1,1.0,16,2,6,0.0,0.8,0.0
74.987,1196,16.7,0.6694,0.4662,0.1853,-1.0,0.7665,0.0,0.0,1,1.0,5,2,6,0.0,0.8,0.0
75.045,1197,16.7,0.6652,0.4301,0.2639,-0.7774,0.7338,-0.1876,0.0,1,1.0,12,2,6,0.0094,0.8,0.0038
75.099,1198,16.7,0.8457,0.4441,0.0549,-1.0,0.8466,-0.2491,0.0,1,1.0,7,2,6,0.0125,0.8,0.005
75.159,1199,16.7,0.999,0.4552,0.0196,-1.0,0.9418,-0.2099,0.0,1,1.0,6,2,6,0.0105,0.8,0.0042
75.219,1200,16.7,0.8254,0.4119,0.0384,-1.0,0.8083,-0.2099,0.0,1,1.0,3,2,6,0.0105,0.8,0.0042
75.275,1201,16.6,0.2508,0.7577,0.0231,-1.0,0.7769,-0.1876,0.0,1,1.0,2,2,6,0.0094,0.8,0.0038
75.336,1202,16.6,0.9635,0.6576,0.0,-1.0,1.0,0.0,0.0,1,1.0,6,2,6,0.0,0.8,0.0
75.394,1203,16.6,0.9653,0.6454,0.0,-1.0,1.0,-0.1876,0.0,0,1.6,6,0,7,0.0094,0.8,0.0038
75.449,1204,16.6,0.9189,0.7108,0.0,-1.0,1.0,-0.1876,0.0,0,1.56,6,0,7,0.0094,0.0,0.0038
75.502,1205,16.6,1.0,0.6107,0.0,-1.0,1.0,-0.1876,0.0,0,1.52,7,0,7,0.0094,0.0,0.0038
75.558,1206,16.6,0.7974,0.8747,0.0,-1.0,1.0,-0.1876,0.0,0,1.48,9,0,7,0.0094,0.0,0.0038
75.611,1207,16.6,0.8926,0.6053,0.0,-1.0,1.0,-0.1876,0.0,0,1.44,9,0,7,0.0094,0.0,0.0038
75.663,1208,16.6,0.4689,0.7939,0.0,-1.0,1.0,-0.2179,0.0,0,1.4,8,0,7,0.0109,0.0,0.0044
75.718,1209,16.6,0.6169,0.5809,0.0,-1.0,1.0,-0.1129,0.0,0,1.36,9,0,7,0.0056,0.0,0.0023
75.774,1210,16.6,0.5799,0.7615,0.0,-1.0,1.0,-0.1876,0.0,0,1.32,9,0,7,0.0094,0.0,0.0038
75.832,1211,16.6,0.681,0.5752,0.0,-1.0,1.0,-0.1876,0.0,0,1.28,9,0,7,0.0094,0.0,0.0038
75.89,1212,16.6,0.3655,0.88,0.0,-1.0,1.0,0.0915,0.0,0,1.24,13,0,7,0.0046,0.0,0.0018
75.941,1213,16.6,0.314,0.8583,0.071,-1.0,1.0,-0.7,0.0,0,1.2,12,0,7,0.035,0.0,0.014
76.001,1214,16.6,0.4228,0.3609,0.2388,-0.5006,0.6263,0.0,0.0,0,1.16,7,0,7,0.0,0.0,0.0
76.061,1215,16.6,0.4428,0.7614,0.0411,-1.0,0.994,0.0,0.0,0,1.12,14,0,7,0.0,0.0,0.0
76.114,1216,16.6,0.4591,0.7424,0.0422,-1.0,0.9511,-0.4651,0.0,0,1.08,14,0,7,0.0233,0.0,0.0093
76.164,1217,16.6,0.3842,0.8765,0.0,-1.0,0.9895,-0.1967,0.0,0,1.04,17,0,7,0.0098,0.0,0.0039
76.216,1218,16.6,0.4317,0.8408,0.0,-1.0,0.948,-0.1967,0.0,0,1.0,16,0,7,0.0098,0.0,0.0039
76.276,1219,16.6,0.3506,0.8828,0.0455,-1.0,0.9379,-0.4651,0.0,0,1.0,11,0,7,0.0233,0.0,0.0093
76.334,1220,16.6,0.2842,0.9596,0.0459,-1.0,0.9652,-0.4651,0.0,0,1.0,13,0,7,0.0233,0.0,0.0093
76.389,1221,16.6,0.3704,0.8172,0.0797,-1.0,0.8939,0.0,0.0,0,1.0,10,0,7,0.0,0.0,0.0
76.44,1222,16.6,0.4121,0.4396,0.2721,-0.3683,0.6001,-0.7,0.0,0,1.0,9,0,7,0.035,0.0,0.014
76.5,1223,16.6,0.1968,1.0,0.0436,-1.0,0.9502,-0.7,0.0,0,1.0,9,0,7,0.035,0.0,0.014
76.554,1224,16.6,0.3675,0.8995,0.0073,-1.0,0.9614,0.0045,0.0,0,1.0,10,0,7,0.0002,0.0,0.0001
76.62,1225,16.6,0.3558,0.9131,0.0072,-1.0,0.9663,-0.7,0.0,0,1.0,7,0,7,0.035,0.0,0.014
76.674,1226,16.6,0.9467,0.528,0.0,-1.0,0.9736,-0.7,0.0,0,1.0,11,0,7,0.035,0.0,0.014
76.734,1227,16.6,0.8445,0.7224,0.0,-1.0,1.0,-0.7,0.0,0,1.0,13,0,7,0.035,0.0,0.014
76.789,1228,16.6,0.7841,0.7816,0.0,-1.0,1.0,-0.1876,0.0,0,1.0,17,0,7,0.0094,0.0,0.0038
76.849,1229,16.6,0.8598,0.7137,0.0,-1.0,1.0,-0.1876,0.0,0,1.0,15,0,7,0.0094,0.0,0.0038
76.907,1230,16.6,0.8545,0.7242,0.0,-1.0,1.0,-0.1876,0.0,0,1.0,17,0,7,0.0094,0.0,0.0038
76.97,1231,17.8,0.8696,0.7098,0.0,-1.0,1.0,-0.1876,0.0,0,1.6,17,0,8,0.0094,0.0,0.0038
77.025,1232,17.8,0.8265,0.7628,0.0,-1.0,1.0,-0.1876,0.0,0,1.56,16,0,8,0.0094,0.0,0.0038
77.088,1233,17.8,0.8324,0.7633,0.0,-1.0,1.0,-0.1876,0.0,0,1.52,14,0,8,0.0094,0.0,0.0038
77.139,1234,17.8,0.8366,0.7643,0.0,-1.0,1.0,-0.1876,0.0,0,1.48,19,0,8,0.0094,0.0,0.0038
77.191,1235,17.8,0.7843,0.8486,0.0,-1.0,1.0,-0.1876,0.0,0,1.44,15,0,8,0.0094,0.0,0.0038
77.252,1236,17.8,0.7797,0.8544,0.0,-1.0,1.0,-0.1876,0.0,0,1.4,15,0,8,0.0094,0.0,0.0038
77.311,1237,17.8,0.7719,0.8538,0.0,-1.0,1.0,-0.2122,0.0,0,1.36,13,0,8,0.0106,0.0,0.0042
77.367,1238,17.8,0.8228,0.8002,0.0022,-1.0,1.0,-0.2471,0.0,0,1.32,12,0,8,0.0124,0.0,0.0049
77.419,1239,17.8,0.8456,0.7634,0.0039,-1.0,1.0,-0.2471,0.0,0,1.28,10,0,8,0.0124,0.0,0.0049
77.47,1240,17.8,0.8152,0.8032,0.0065,-1.0,1.0,-0.1876,0.0,0,1.24,11,0,8,0.0094,0.0,0.0038
77.524,1241,17.8,0.837,0.7644,0.0083,-1.0,1.0,-0.2156,0.0,0,1.2,16,0,8,0.0108,0.0,0.0043
77.578,1242,17.8,0.8666,0.7323,0.01,-1.0,1.0,-0.2156,0.0,0,1.16,10,0,8,0.0108,0.0,0.0043
77.628,1243,17.8,0.8599,0.7559,0.0122,-1.0,1.0,-0.1876,0.0,0,1.12,15,0,8,0.0094,0.0,0.0038
77.683,1244,17.8,0.7742,0.846,0.013,-1.0,1.0,-0.1876,0.0,0,1.08,15,0,8,0.0094,0.0,0.0038
77.745,1245,17.8,0.8518,0.7484,0.013,-1.0,1.0,-0.1876,0.0,0,1.04,12,0,8,0.0094,0.0,0.0038
77.807,1246,17.8,0.825,0.7918,0.0029,-1.0,1.0,-0.2122,0.0,0,1.0,10,0,8,0.0106,0.0,0.0042
77.875,1247,17.8,0.9848,0.5336,0.0,-1.0,0.9997,-0.1876,0.0,0,1.0,7,0,8,0.0094,0.0,0.0038
77.937,1248,17.8,0.7915,0.8371,0.0,-1.0,1.0,-0.1876,0.0,0,1.0,10,0,8,0.0094,0.0,0.0038
77.998,1249,17.8,0.895,0.7326,0.0,-1.0,1.0,-0.2122,0.0,0,1.0,14,0,8,0.0106,0.0,0.0042
78.066,1250,17.8,0.8797,0.7241,0.016,-1.0,1.0,-0.2122,0.0,0,1.0,10,0,8,0.0106,0.0,0.0042
78.129,1251,17.8,0.5172,0.9368,0.0044,-1.0,1.0,-0.1876,0.0,0,1.0,7,0,8,0.0094,0.0,0.0038
78.19,1252,17.8,0.5901,0.6331,0.0,-1.0,0.8623,0.0915,0.0,0,1.0,3,0,8,0.0046,0.0,0.0018
78.255,1253,17.8,0.6989,0.6827,0.0,-1.0,0.9648,0.0915,0.0,0,1.0,7,0,8,0.0046,0.0,0.0018
78.322,1254,17.8,0.6741,0.3341,0.1473,-1.0,0.6581,-0.0737,0.0,0,1.0,4,0,8,0.0037,0.0,0.0015
78.373,1255,17.8,0.5379,0.634,0.0,-1.0,0.8338,-0.0737,0.0,0,1.0,9,0,8,0.0037,0.0,0.0015
78.428,1256,17.8,0.6853,0.6639,0.0,-1.0,0.9414,-0.2471,0.0,0,1.0,10,0,8,0.0124,0.0,0.0049
78.481,1257,17.8,0.0527,0.8843,0.4257,1.0,0.9812,-0.0737,0.0,0,1.0,6,0,8,0.0037,0.0,0.0015
78.531,1258,17.8,0.1791,0.746,0.0352,-1.0,0.7269,-0.0737,0.0,0,1.0,3,0,8,0.0037,0.0,0.0015
78.579,1259,17.8,0.0623,0.7642,0.466,1.0,0.9029,0.0,0.0,0,1.0,4,0,8,0.0,0.0,0.0
78.63,1260,17.8,0.0424,0.8114,0.4641,1.0,0.9415,-0.1129,0.0,0,1.0,4,0,8,0.0056,0.0,0.0023
78.683,1261,17.4,0.0952,0.8169,0.4308,1.0,0.9275,-0.1129,0.0,0,1.0,5,0,8,0.0056,0.0,0.0023
78.745,1262,17.4,0.0958,0.8816,0.384,1.0,0.9556,-0.1129,0.0,0,1.0,7,0,8,0.0056,0.0,0.0023
78.799,1263,17.4,0.0809,0.7663,0.4461,1.0,0.8935,-0.7,0.0,0,1.0,4,0,8,0.035,0.0,0.014
78.858,1264,17.4,0.0,0.4092,0.594,1.0,0.6764,-0.2303,0.0,0,1.0,2,0,8,0.0115,0.0,0.0046
78.915,1265,17.4,0.0793,0.5561,0.5495,1.0,0.7748,0.0915,0.0,0,1.0,3,0,8,0.0046,0.0,0.0018
78.976,1266,17.4,0.1062,0.8906,0.3646,0.9878,0.9522,0.0045,0.0,0,1.0,6,0,8,0.0002,0.0,0.0001
79.032,1267,17.4,0.0,0.6117,0.5169,1.0,0.8033,0.0045,0.0,0,1.0,3,0,8,0.0002,0.0,0.0001
79.089,1268,17.4,0.0,0.6647,0.4242,1.0,0.7959,-0.7,0.0,0,1.0,2,0,8,0.035,0.0,0.014
79.148,1269,17.4,0.0802,0.8125,0.4239,1.0,0.9199,0.0,0.0,0,1.0,4,0,8,0.0,0.0,0.0
79.209,1270,17.4,0.2584,0.6651,0.4805,0.541,0.8278,0.0,0.0,0,1.0,6,0,8,0.0,0.0,0.0
79.266,1271,17.4,0.2993,0.6485,0.4523,0.3663,0.798,-0.1967,0.0,0,1.0,5,0,8,0.0098,0.0,0.0039
79.33,1272,17.4,0.1467,0.8797,0.3714,0.7806,0.9469,-0.1967,0.0,0,1.0,5,0,8,0.0098,0.0,0.0039
79.386,1273,17.4,0.3064,0.6686,0.3716,0.1729,0.7697,-0.2471,0.0,0,1.0,4,0,8,0.0124,0.0,0.0049
79.442,1274,17.4,0.1046,0.6178,0.3315,0.9369,0.7046,-0.2303,0.0,0,1.0,2,0,8,0.0115,0.0,0.0046
79.496,1275,17.4,0.1106,0.6286,0.3192,0.874,0.7068,0.0,0.0,0,1.0,2,0,8,0.0,0.0,0.0
79.545,1276,17.4,0.1172,0.6226,0.3106,0.8137,0.6969,0.0,0.0,0,1.0,2,0,8,0.0,0.0,0.0
79.596,1277,17.4,0.12,0.6235,0.3053,0.7844,0.6947,0.0,0.0,0,1.0,2,0,8,0.0,0.0,0.0
79.645,1278,17.4,0.0686,0.9278,0.3068,1.0,0.9512,0.0,0.0,0,1.0,4,0,8,0.0,0.0,0.0
79.707,1279,17.4,0.0773,0.8437,0.2978,1.0,0.8755,0.0,0.0,0,1.0,3,0,8,0.0,0.0,0.0
79.764,1280,17.4,0.0747,0.8464,0.373,1.0,0.9199,0.0,0.0,0,1.0,4,0,8,0.0,0.0,0.0
79.815,1281,17.4,0.0501,0.9577,0.3015,1.0,0.9734,0.0,0.0,0,1.0,4,0,8,0.0,0.0,0.0
79.88,1282,17.4,0.0995,0.8465,0.2793,0.8541,0.8675,0.0,0.0,0,1.0,3,0,8,0.0,0.0,0.0
79.931,1283,17.4,0.1587,0.794,0.2719,0.4733,0.8192,0.0,0.0,0,1.0,3,0,8,0.0,0.0,0.0
79.994,1284,17.4,0.0839,0.927,0.2471,0.8877,0.917,-0.4651,0.0,0,1.0,3,0,8,0.0233,0.0,0.0093
80.048,1285,17.4,0.1608,0.9535,0.1738,0.0702,0.8983,0.0,0.0,0,1.0,4,0,8,0.0,0.0,0.0
80.109,1286,17.4,0.3316,0.6053,0.0,-1.0,0.6941,0.0,0.0,0,1.0,3,0,8,0.0,0.0,0.0
80.167,1287,17.4,0.1215,0.4414,0.4714,1.0,0.6347,0.0,0.0,0,1.0,3,0,8,0.0,0.0,0.0
80.225,1288,17.4,0.2293,0.5687,0.0006,-1.0,0.6061,0.0,0.0,0,1.0,2,0,8,0.0,0.0,0.0
80.281,1289,17.4,0.1352,0.7929,0.062,-0.6688,0.7417,0.0045,0.0,0,1.0,3,0,8,0.0002,0.0,0.0001
80.343,1290,17.4,0.0,0.5022,0.067,1.0,0.4593,0.0,0.0,0,1.0,1,0,8,0.0,0.0,0.0
80.401,1291,17.5,0.2167,0.5236,0.0,-1.0,0.5612,0.0,0.0,0,1.0,1,0,8,0.0,0.0,0.0
80.455,1292,17.5,0.0,0.3868,0.0917,1.0,0.3762,0.0,0.0,0,1.0,1,0,8,0.0,0.0,0.0
80.504,1293,17.5,0.0,0.5821,0.0024,1.0,0.4903,0.0,0.0,0,1.0,1,0,8,0.0,0.0,0.0
80.553,1294,17.5,0.2229,0.8394,0.0024,-1.0,0.8299,0.0,0.0,0,1.0,2,0,8,0.0,0.0,0.0
80.603,1295,17.5,0.2227,0.8447,0.0,-1.0,0.8342,0.0,0.0,0,1.0,2,0,8,0.0,0.0,0.0
80.652,1296,17.5,0.2255,0.8442,0.0,-1.0,0.8354,0.0,0.0,0,1.0,2,0,8,0.0,0.0,0.0
80.704,1297,17.5,0.223,0.8427,0.0,-1.0,0.8328,0.0,0.0,0,1.0,2,0,8,0.0,0.0,0.0
80.755,1298,17.5,0.2252,0.9678,0.0116,-1.0,0.9391,0.0,0.0,0,1.0,3,0,8,0.0,0.0,0.0
80.809,1299,17.5,0.2204,1.0,0.032,-1.0,0.9634,0.0,0.0,0,1.0,4,0,8,0.0,0.0,0.0
80.872,1300,17.5,0.2196,0.953,0.0214,-1.0,0.9235,0.0,0.0,0,1.0,3,0,8,0.0,0.0,0.0
80.935,1301,17.5,0.2181,0.7644,0.0119,-1.0,0.7642,0.0,0.0,0,1.0,2,0,8,0.0,0.0,0.0
80.988,1302,17.5,0.2246,1.0,0.0051,-1.0,0.9658,0.0,0.0,0,1.0,4,0,8,0.0,0.0,0.0
81.037,1303,17.5,0.2166,0.9852,0.0029,-1.0,0.9489,0.0,0.0,0,1.0,3,0,8,0.0,0.0,0.0
81.092,1304,17.5,0.016,1.0,0.0318,0.5971,0.8578,0.0,0.0,0,1.0,4,0,8,0.0,0.0,0.0
81.152,1305,17.5,0.2384,0.7821,0.0,-1.0,0.7904,0.0,0.0,0,1.0,2,0,8,0.0,0.0,0.0
81.206,1306,17.5,0.2111,0.8277,0.013,-1.0,0.8135,0.0,0.0,0,1.0,2,0,8,0.0,0.0,0.0
81.275,1307,17.5,0.3593,0.935,0.0,-1.0,0.9866,0.0,0.0,0,1.0,4,0,8,0.0,0.0,0.0
81.336,1308,17.5,0.2986,0.9981,0.002,-1.0,1.0,0.0,0.0,0,1.0,4,0,8,0.0,0.0,0.0
81.403,1309,17.5,0.2962,1.0,0.0014,-1.0,1.0,0.0,0.0,0,1.0,5,0,8,0.0,0.0,0.0
81.454,1310,17.5,0.277,1.0,0.0026,-1.0,0.9951,0.0,0.0,0,1.0,4,0,8,0.0,0.0,0.0
81.513,1311,17.5,0.3539,0.9575,0.0153,-1.0,1.0,0.0,0.0,0,1.0,6,0,8,0.0,0.0,0.0
81.565,1312,17.5,0.3666,0.8754,0.0027,-1.0,0.9407,-0.7,0.0,0,1.0,4,0,8,0.035,0.0,0.014
81.622,1313,17.5,0.3453,0.9402,0.0029,-1.0,0.9831,-0.7,0.0,0,1.0,4,0,8,0.035,0.0,0.014
81.672,1314,17.5,0.3499,0.9829,0.0037,-1.0,1.0,-0.7,0.0,0,1.0,5,0,8,0.035,0.0,0.014
81.731,1315,17.5,0.2936,1.0,0.0003,-1.0,1.0,0.0,0.0,0,1.0,6,0,8,0.0,0.0,0.0
81.787,1316,17.5,0.4661,0.7692,0.0032,-1.0,0.9071,0.0,0.0,0,1.0,4,0,8,0.0,0.0,0.0
81.839,1317,17.5,0.2889,1.0,0.0164,-1.0,1.0,-0.1129,0.0,0,1.0,5,0,8,0.0056,0.0,0.0023
81.889,1318,17.5,0.3464,0.9639,0.0141,-1.0,1.0,-0.1129,0.0,0,1.0,5,0,8,0.0056,0.0,0.0023
81.938,1319,17.5,0.3457,0.9892,0.0025,-1.0,1.0,0.0,0.0,0,1.0,5,0,8,0.0,0.0,0.0
81.989,1320,17.5,0.4686,0.8044,0.0019,-1.0,0.9381,0.0,0.0,0,1.0,5,1,8,0.0,0.0,0.0
82.049,1321,18.2,0.3414,0.9837,0.0042,-1.0,1.0,-0.1129,0.0,0,1.0,5,1,8,0.0056,0.0,0.0023
82.109,1322,18.2,0.4485,0.56,0.0,-1.0,0.7215,-0.1129,0.0,0,1.0,2,1,8,0.0056,0.0,0.0023
82.172,1323,18.2,0.1364,0.625,0.2593,0.5588,0.6702,0.0,0.0,0,1.0,3,1,8,0.0,0.0,0.0
82.221,1324,18.2,0.2464,0.5698,0.0183,-1.0,0.6166,-0.1129,0.0,0,1.0,2,1,8,0.0056,0.0,0.0023
82.276,1325,18.2,0.2494,0.6052,0.0,-1.0,0.648,0.0,0.0,0,1.0,2,1,8,0.0,0.0,0.0
82.336,1326,18.2,0.0,0.5844,0.0006,0.0,0.4913,0.0,0.0,0,1.0,1,1,8,0.0,0.0,0.0
82.391,1327,18.2,0.3285,0.884,0.0,-1.0,0.9265,0.0,0.0,0,1.0,3,1,8,0.0,0.0,0.0
82.445,1328,18.2,0.4475,0.0452,0.0,-1.0,0.2886,0.0,0.0,0,1.0,1,1,8,0.0,0.0,0.0
82.493,1329,18.2,0.0744,0.9801,0.0343,-0.6627,0.865,0.0,0.0,0,1.0,4,1,8,0.0,0.0,0.0
82.545,1330,18.2,0.1334,0.7911,0.0597,-0.6872,0.7393,0.0,0.0,0,1.0,3,1,8,0.0,0.0,0.0
82.594,1331,18.2,0.2195,0.7598,0.0306,-1.0,0.7612,0.0,0.0,0,1.0,3,1,8,0.0,0.0,0.0
82.645,1332,18.2,0.425,0.0732,0.0,-1.0,0.2995,0.0,0.0,0,1.0,1,1,8,0.0,0.0,0.0
82.709,1333,18.2,0.1748,0.6504,0.2385,0.2772,0.6799,0.0,0.0,0,1.0,3,1,8,0.0,0.0,0.0
82.762,1334,18.2,0.2565,0.3136,0.4453,0.4842,0.5128,-0.7,0.0,0,1.0,3,1,8,0.035,0.0,0.014
82.815,1335,18.2,0.3892,0.1164,0.0,-1.0,0.3158,-0.1967,0.0,0,1.0,1,1,8,0.0098,0.0,0.0039
82.879,1336,18.2,0.3895,0.1206,0.0,-1.0,0.3195,-0.7,0.0,0,1.0,1,1,8,0.035,0.0,0.014
82.931,1337,18.2,0.3876,0.1221,0.0,-1.0,0.3197,-0.7,0.0,0,1.0,1,1,8,0.035,0.0,0.014
82.982,1338,18.2,0.453,0.3293,0.0,-1.0,0.5303,-0.7,0.0,0,1.0,2,1,8,0.035,0.0,0.014
83.045,1339,18.2,0.2863,0.7496,0.1021,-0.8533,0.79,-0.7,0.0,0,1.0,4,1,8,0.035,0.0,0.014
83.102,1340,18.2,0.2852,0.8883,0.1774,-0.4197,0.9059,0.0,0.0,0,1.0,5,1,8,0.0,0.0,0.0
83.157,1341,18.2,0.3227,0.847,0.1791,-0.5152,0.8922,-0.2303,0.0,0,1.0,5,1,8,0.0115,0.0,0.0046
83.217,1342,18.2,0.1695,0.9935,0.2386,0.305,0.9682,-0.2303,0.0,0,1.0,6,1,8,0.0115,0.0,0.0046
83.277,1343,18.2,0.1736,0.9478,0.2716,0.3961,0.9482,-0.2303,0.0,0,1.0,5,1,8,0.0115,0.0,0.0046
83.342,1344,18.2,0.1607,0.9304,0.3047,0.5568,0.9522,0.0,0.0,0,1.0,7,1,8,0.0,0.0,0.0
83.399,1345,18.2,0.1741,0.8982,0.3084,0.501,0.9272,0.0,0.0,0,1.0,8,1,8,0.0,0.0,0.0
83.453,1346,18.2,0.3891,0.6376,0.3057,-0.2161,0.7535,0.0,0.0,0,1.0,4,1,8,0.0,0.0,0.0
83.503,1347,18.2,0.3135,0.7252,0.3316,0.0506,0.7949,-0.2027,0.0,0,1.0,5,1,8,0.0101,0.0,0.0041
83.555,1348,18.2,0.3299,0.7396,0.3083,-0.061,0.806,-0.2027,0.0,0,1.0,5,1,8,0.0101,0.0,0.0041
83.605,1349,18.2,0.2273,0.7683,0.2538,0.0993,0.7875,0.0045,0.0,0,1.0,3,1,8,0.0002,0.0,0.0001
83.652,1350,18.2,0.2447,0.8234,0.2526,0.0286,0.8331,0.0,0.0,0,1.0,4,1,8,0.0,0.0,0.0
83.71,1351,18.0,0.3354,0.2999,0.1012,-0.9658,0.4398,0.0,0.0,0,1.0,2,1,8,0.0,0.0,0.0
83.763,1352,18.0,0.3354,0.1539,0.0,-1.0,0.3172,0.0,0.0,0,1.0,1,1,8,0.0,0.0,0.0
83.812,1353,18.0,0.3354,0.1539,0.0,-1.0,0.3172,0.0,0.0,0,1.0,1,1,8,0.0,0.0,0.0
83.864,1354,18.0,0.3354,0.1539,0.0,-1.0,0.3172,0.0,0.0,0,1.0,1,1,8,0.0,0.0,0.0
83.923,1355,18.0,0.3354,0.1539,0.0,-1.0,0.3172,0.0,0.0,0,1.0,1,1,8,0.0,0.0,0.0
83.982,1356,18.0,0.3354,0.5682,0.0324,-1.0,0.6652,0.0,0.0,0,1.0,3,1,8,0.0,0.0,0.0
84.04,1357,18.0,0.3354,0.4028,0.0315,-1.0,0.5262,0.0,0.0,0,1.0,2,1,8,0.0,0.0,0.0
84.097,1358,18.0,0.3354,0.4349,0.0103,-1.0,0.5532,0.0,0.0,0,1.0,2,1,8,0.0,0.0,0.0
84.148,1359,18.0,0.3572,0.6465,0.0196,-1.0,0.743,0.0,0.0,0,1.0,4,1,8,0.0,0.0,0.0
84.198,1360,18.0,0.4081,0.6364,0.0201,-1.0,0.7631,-0.7,0.0,0,1.0,5,1,8,0.035,0.0,0.014
84.261,1361,18.0,0.4094,0.3651,0.0,-1.0,0.536,-0.7,0.0,0,1.0,2,1,8,0.035,0.0,0.014
84.317,1362,18.0,0.1845,0.452,0.2005,0.075,0.492,-0.7,0.0,0,1.0,2,1,8,0.035,0.0,0.014
84.378,1363,18.0,0.2444,0.6195,0.2066,-0.1507,0.6572,0.0,0.0,0,1.0,4,1,8,0.0,0.0,0.0
84.446,1364,18.0,0.1845,0.5549,0.2822,0.3768,0.6242,0.0,0.0,0,1.0,2,1,8,0.0,0.0,0.0
84.498,1365,18.0,0.2128,0.6701,0.2895,0.2749,0.725,0.0045,0.0,0,1.0,3,1,8,0.0002,0.0,0.0001
84.56,1366,18.0,0.2319,0.7296,0.296,0.2185,0.7786,0.0045,0.0,0,1.0,4,1,8,0.0002,0.0,0.0001
84.614,1367,18.0,0.2084,0.6882,0.3252,0.394,0.7602,0.0045,0.0,0,1.0,3,1,8,0.0002,0.0,0.0001
84.662,1368,18.0,0.2074,0.6874,0.3268,0.4023,0.7605,-0.7,0.0,0,1.0,3,1,8,0.035,0.0,0.014
84.714,1369,18.0,0.2065,0.6899,0.3274,0.4075,0.7629,0.1784,0.0,0,1.0,3,1,8,0.0089,0.0,0.0036
84.767,1370,18.0,0.2061,0.6888,0.3274,0.4091,0.762,0.1784,0.0,0,1.0,3,1,8,0.0089,0.0,0.0036
84.827,1371,18.0,0.1845,0.555,0.326,0.4991,0.6488,0.1784,0.0,0,1.0,2,1,8,0.0089,0.0,0.0036
84.882,1372,18.0,0.2211,0.7099,0.2861,0.2307,0.7565,0.0,0.0,0,1.0,3,1,8,0.0,0.0,0.0
84.943,1373,18.0,0.2115,0.7134,0.2958,0.2992,0.7649,-0.7,0.0,0,1.0,3,1,8,0.035,0.0,0.014
85.004,1374,18.0,0.1845,0.5893,0.2974,0.4218,0.6616,-0.2303,0.0,0,1.0,2,1,8,0.0115,0.0,0.0046
85.056,1375,18.0,0.1845,0.5936,0.2933,0.41,0.6629,-0.2303,0.0,0,1.0,2,1,8,0.0115,0.0,0.0046
85.112,1376,18.0,0.1845,0.5537,0.2679,0.3319,0.6151,0.0,0.0,0,1.0,2,1,8,0.0,0.0,0.0
85.167,1377,18.0,0.1845,0.4667,0.2085,0.1102,0.5088,0.0,0.0,0,1.0,2,1,8,0.0,0.0,0.0
85.226,1378,18.0,0.3354,0.1539,0.0,-1.0,0.3172,0.0,0.0,0,1.0,1,1,8,0.0,0.0,0.0
85.283,1379,18.0,0.3354,0.3412,0.0681,-1.0,0.4745,0.0,0.0,0,1.0,2,1,8,0.0,0.0,0.0
85.344,1380,18.0,0.3433,0.4367,0.0,-1.0,0.5591,0.0,0.0,0,1.0,2,1,8,0.0,0.0,0.0
85.399,1381,17.7,0.3496,0.4292,0.0,-1.0,0.5563,0.0,0.0,0,1.0,2,1,8,0.0,0.0,0.0
85.453,1382,17.7,0.4535,0.4529,0.0093,-1.0,0.6344,0.0,0.0,0,1.0,3,1,8,0.0,0.0,0.0
85.502,1383,17.7,0.4975,0.4266,0.0,-1.0,0.637,-0.1967,0.0,0,1.0,3,1,8,0.0098,0.0,0.0039
85.552,1384,17.7,0.4759,0.2887,0.0,-1.0,0.509,-0.1967,0.0,0,1.0,2,1,8,0.0098,0.0,0.0039
85.602,1385,17.7,0.4822,0.2802,0.0,-1.0,0.5054,-0.2303,0.0,0,1.0,2,1,8,0.0115,0.0,0.0046
85.654,1386,17.7,0.4922,0.5485,0.0122,-1.0,0.7364,-0.1129,0.0,0,1.0,5,1,8,0.0056,0.0,0.0023
85.709,1387,17.7,0.4154,0.5654,0.0441,-1.0,0.7076,-0.1129,0.0,0,1.0,4,1,8,0.0056,0.0,0.0023
85.761,1388,17.7,0.3354,0.4065,0.0453,-1.0,0.5293,-0.1129,0.0,0,1.0,2,1,8,0.0056,0.0,0.0023
85.813,1389,17.7,0.4114,0.5195,0.0,-1.0,0.6668,-0.7,0.0,0,1.0,3,1,8,0.035,0.0,0.014
85.862,1390,17.7,0.53,0.529,0.0,-1.0,0.7411,-0.7,0.0,0,1.0,6,1,8,0.035,0.0,0.014
85.917,1391,17.7,0.4524,0.5665,0.0,-1.0,0.7292,-0.7,0.0,0,1.0,4,1,8,0.035,0.0,0.014
85.983,1392,17.7,0.2447,0.7756,0.0736,-0.9679,0.7885,0.0915,0.0,0,1.0,5,1,8,0.0046,0.0,0.0018
86.037,1393,17.7,0.3354,0.1539,0.0,-1.0,0.3172,-0.1129,0.0,0,1.0,1,1,8,0.0056,0.0,0.0023
86.093,1394,17.7,0.1845,0.5999,0.0443,-1.0,0.6072,0.0,0.0,0,1.0,2,1,8,0.0,0.0,0.0
86.147,1395,17.7,0.3076,0.4644,0.0,-1.0,0.5623,0.0,0.0,0,1.0,2,1,8,0.0,0.0,0.0
86.201,1396,17.7,0.2023,0.8456,0.0279,-1.0,0.8236,0.0,0.0,0,1.0,4,1,8,0.0,0.0,0.0
86.255,1397,17.7,0.3751,0.5371,0.0137,-1.0,0.6612,0.0,0.0,0,1.0,3,1,8,0.0,0.0,0.0
86.309,1398,17.7,0.2235,0.5577,0.1815,-0.1868,0.5936,0.0,0.0,0,1.0,3,1,8,0.0,0.0,0.0
86.369,1399,17.7,0.1845,0.558,0.2752,0.3554,0.6228,0.0,0.0,0,1.0,2,1,8,0.0,0.0,0.0
86.421,1400,17.7,0.2152,0.6541,0.2798,0.2347,0.7061,0.0045,0.0,0,1.0,3,1,8,0.0002,0.0,0.0001
86.473,1401,17.7,0.2273,0.7288,0.3296,0.3304,0.7967,0.0045,0.0,0,1.0,4,1,8,0.0002,0.0,0.0001
86.533,1402,17.7,0.1764,0.7039,0.3394,0.5689,0.7813,-0.2303,0.0,0,1.0,3,1,8,0.0115,0.0,0.0046
86.587,1403,17.7,0.0694,0.6731,0.5268,1.0,0.8604,-0.1716,0.0,0,1.0,4,1,8,0.0086,0.0,0.0034
86.637,1404,17.7,0.0,0.4401,0.5904,1.0,0.7003,0.0045,0.0,0,1.0,2,1,8,0.0002,0.0,0.0001
86.696,1405,17.7,0.0609,0.6109,0.5295,1.0,0.8097,0.0045,0.0,0,1.0,3,1,8,0.0002,0.0,0.0001
86.745,1406,17.7,0.0,0.3816,0.6421,1.0,0.6801,0.0915,0.0,0,1.0,2,1,8,0.0046,0.0,0.0018
86.799,1407,17.7,0.0478,0.5876,0.5424,1.0,0.7973,0.0045,0.0,0,1.0,3,1,8,0.0002,0.0,0.0001
86.868,1408,17.7,0.0,0.3676,0.6496,1.0,0.6726,0.0045,0.0,0,1.0,2,1,8,0.0002,0.0,0.0001
86.924,1409,17.7,0.0,0.3698,0.6469,1.0,0.6729,0.0045,0.0,0,1.0,2,1,8,0.0002,0.0,0.0001
86.981,1410,17.7,0.0267,0.6375,0.5443,1.0,0.8403,0.0045,0.0,0,1.0,3,2,8,0.0002,0.0,0.0001
87.039,1411,18.3,0.0287,0.6965,0.5515,1.0,0.894,0.0045,0.0,1,1.0,4,2,8,0.0002,1.0,0.0001
87.101,1412,18.3,0.0,0.5133,0.2713,1.0,0.5831,0.0045,0.0,1,1.0,1,2,8,0.0002,0.8,0.0001
87.157,1413,18.3,0.0,0.5696,0.2028,1.0,0.592,0.0,0.0,1,1.0,1,2,8,0.0,0.8,0.0
87.217,1414,18.3,0.329,0.1517,0.0,-1.0,0.3117,0.0,0.0,1,1.0,1,2,8,0.0,0.8,0.0
87.284,1415,18.3,0.0787,0.5582,0.067,-0.1449,0.513,0.0,0.0,1,1.0,2,2,8,0.0,0.8,0.0
87.349,1416,18.3,0.0,0.0,0.0,0.0,0.3,0.0,0.0,1,1.0,0,0,8,0.0,0.8,0.0
87.412,1417,18.3,0.9081,0.3439,0.0,-1.0,0.7975,0.0,0.0,1,1.0,3,0,8,0.0,0.8,0.0
87.462,1418,18.3,0.2313,0.7092,0.2323,0.0041,0.7258,0.0,0.0,1,1.0,3,0,8,0.0,0.8,0.0
87.514,1419,18.3,0.335,0.1537,0.0,-1.0,0.3167,0.0,0.0,1,1.0,1,0,8,0.0,0.8,0.0
87.566,1420,18.3,0.2597,0.7476,0.0,-1.0,0.7734,0.0,0.0,0,1.0,2,0,8,0.0,0.8,0.0
87.627,1421,18.3,0.3351,0.1538,0.0,-1.0,0.3169,0.0,0.0,0,1.0,1,0,8,0.0,0.0,0.0
87.684,1422,18.3,0.3351,0.1538,0.0,-1.0,0.3169,0.0,0.0,0,1.0,1,0,8,0.0,0.0,0.0
87.74,1423,18.3,0.4083,0.3549,0.0,-1.0,0.5268,0.0,0.0,0,1.0,2,0,8,0.0,0.0,0.0
87.798,1424,18.3,0.4074,0.357,0.0,-1.0,0.528,-0.7,0.0,0,1.0,2,0,8,0.035,0.0,0.014
87.858,1425,18.3,0.3351,0.1538,0.0,-1.0,0.3169,-0.7,0.0,0,1.0,1,0,8,0.035,0.0,0.014
87.921,1426,18.3,0.2216,0.9553,0.0369,-1.0,0.9265,0.0,0.0,0,1.0,4,0,8,0.0,0.0,0.0
87.972,1427,18.3,0.3996,0.3706,0.0,-1.0,0.535,0.0,0.0,0,1.0,2,0,8,0.0,0.0,0.0
88.032,1428,18.3,0.2188,0.785,0.0734,-0.8953,0.7819,0.0,0.0,0,1.0,7,0,8,0.0,0.0,0.0
88.089,1429,18.3,0.3884,0.5404,0.0488,-1.0,0.6714,0.0,0.0,0,1.0,4,0,8,0.0,0.0,0.0
88.14,1430,18.3,0.3351,0.5309,0.0378,-1.0,0.6336,-0.7,0.0,0,1.0,3,0,8,0.035,0.0,0.014
88.198,1431,18.3,0.3812,0.3823,0.0,-1.0,0.5346,0.0,0.0,0,1.0,2,0,8,0.0,0.0,0.0
88.257,1432,18.3,0.3351,0.5017,0.0722,-1.0,0.6091,-0.4651,0.0,0,1.0,3,0,8,0.0233,0.0,0.0093
88.319,1433,18.3,0.3763,0.3891,0.0,-1.0,0.5376,-0.4651,0.0,0,1.0,2,0,8,0.0233,0.0,0.0093
88.38,1434,18.3,0.3763,0.4937,0.0403,-1.0,0.6254,0.0,0.0,0,1.0,3,0,8,0.0,0.0,0.0
88.439,1435,18.3,0.3777,0.5799,0.0244,-1.0,0.6986,0.0,0.0,0,1.0,4,0,8,0.0,0.0,0.0
88.493,1436,18.3,0.3351,0.4417,0.0974,-0.9892,0.5587,-0.7,0.0,0,1.0,3,0,8,0.035,0.0,0.014
88.546,1437,18.3,0.3658,0.4252,0.0,-1.0,0.562,0.0,0.0,0,1.0,1,0,8,0.0,0.0,0.0
88.599,1438,18.3,0.0,0.364,0.0761,1.0,0.3484,0.0,0.0,0,1.0,1,0,8,0.0,0.0,0.0
88.656,1439,18.3,0.2478,0.8036,0.0708,-0.9999,0.8138,-0.7,0.0,0,1.0,2,0,8,0.035,0.0,0.014
88.714,1440,18.3,0.0297,0.5565,0.1265,1.0,0.5383,0.0,0.0,0,1.0,2,0,8,0.0,0.0,0.0
88.776,1441,17.3,0.0,0.0,0.0,0.0,0.3,0.0,0.0,0,1.0,0,0,8,0.0,0.0,0.0
88.833,1442,17.3,0.0,0.5885,0.0542,1.0,0.5247,0.0,0.0,0,1.0,1,0,8,0.0,0.0,0.0
88.89,1443,17.3,0.0,0.357,0.1298,1.0,0.3726,0.0,0.0,0,1.0,1,0,8,0.0,0.0,0.0
88.95,1444,17.3,0.1843,0.6918,0.2302,0.1993,0.7101,0.0,0.0,0,1.0,6,0,8,0.0,0.0,0.0
89.008,1445,17.3,0.331,1.0,0.0991,-0.9706,1.0,0.0,0.0,0,1.0,11,0,8,0.0,0.0,0.0
89.064,1446,17.3,0.2304,0.7081,0.2068,-0.0969,0.7238,0.0,0.0,0,1.0,10,0,8,0.0,0.0,0.0
89.116,1447,17.3,0.3759,0.5758,0.0746,-1.0,0.6942,0.0,0.0,0,1.0,5,0,8,0.0,0.0,0.0
89.175,1448,17.3,0.3882,0.5203,0.0501,-1.0,0.6545,0.0,0.0,0,1.0,4,0,8,0.0,0.0,0.0
89.23,1449,17.3,0.3403,0.6678,0.0579,-1.0,0.7515,0.0,0.0,0,1.0,7,0,8,0.0,0.0,0.0
89.293,1450,17.3,0.4365,0.5173,0.0028,-1.0,0.679,0.0,0.0,0,1.0,4,0,8,0.0,0.0,0.0
89.353,1451,17.3,0.4149,0.326,0.0,-1.0,0.5062,-0.4651,0.0,0,1.0,2,0,8,0.0233,0.0,0.0093
89.411,1452,17.3,0.4677,0.517,0.0045,-1.0,0.6962,-0.7,0.0,0,1.0,5,0,8,0.035,0.0,0.014
89.474,1453,17.3,0.2928,0.6557,0.0,-1.0,0.7147,-0.1129,0.0,0,1.0,3,0,8,0.0056,0.0,0.0023
89.535,1454,17.3,0.3612,0.5188,0.0904,-1.0,0.6381,-0.1129,0.0,0,1.0,4,0,8,0.0056,0.0,0.0023
89.594,1455,17.3,0.2105,0.624,0.2523,0.1626,0.6654,0.0,0.0,0,1.0,6,0,8,0.0,0.0,0.0
89.644,1456,17.3,0.4497,0.5248,0.0,-1.0,0.6926,-0.7,0.0,0,1.0,4,0,8,0.035,0.0,0.014
89.695,1457,17.3,0.3351,0.1538,0.0,-1.0,0.3169,-0.1129,0.0,0,1.0,1,0,8,0.0056,0.0,0.0023
89.748,1458,17.3,0.3691,0.4001,0.1058,-0.9983,0.5428,-0.1129,0.0,0,1.0,3,0,8,0.0056,0.0,0.0023
89.81,1459,17.3,0.5384,0.4155,0.0,-1.0,0.6506,0.0,0.0,0,1.0,4,0,8,0.0,0.0,0.0
89.865,1460,17.3,0.0944,0.5108,0.6148,1.0,0.7734,-0.7,0.0,0,1.0,8,0,8,0.035,0.0,0.014
89.924,1461,17.3,0.1416,0.8859,0.1549,0.0808,0.831,-0.2068,0.0,0,1.0,7,0,8,0.0103,0.0,0.0041
89.981,1462,17.3,0.4048,0.9681,0.0,-1.0,1.0,0.0,0.0,0,1.0,6,0,8,0.0,0.0,0.0
90.04,1463,17.3,0.3603,1.0,0.0,-1.0,1.0,-0.7,0.0,0,1.0,6,0,8,0.035,0.0,0.014
90.102,1464,17.3,0.3038,0.9736,0.0258,-1.0,0.988,-0.7,0.0,0,1.0,4,0,8,0.035,0.0,0.014
90.159,1465,17.3,0.3878,0.6698,0.0131,-1.0,0.7798,-0.7,0.0,0,1.0,7,0,8,0.035,0.0,0.014
90.214,1466,17.3,0.3948,1.0,0.0,-1.0,1.0,-0.7,0.0,0,1.0,6,0,8,0.035,0.0,0.014
90.273,1467,17.3,0.337,0.4482,0.2202,-0.3772,0.5652,-0.7,0.0,0,1.0,7,0,8,0.035,0.0,0.014
90.336,1468,17.3,0.0082,0.5215,0.375,1.0,0.6481,-0.2303,0.0,0,1.0,4,0,8,0.0115,0.0,0.0046
90.392,1469,17.3,0.0013,0.4279,0.6125,1.0,0.7024,-0.2303,0.0,0,1.0,5,0,8,0.0115,0.0,0.0046
90.447,1470,17.3,0.0591,0.8995,0.1526,0.795,0.8411,0.0,0.0,0,1.0,6,0,8,0.0,0.0,0.0
90.501,1471,17.3,0.1735,0.7536,0.1156,-0.3607,0.7302,0.0,0.0,0,1.0,8,0,8,0.0,0.0,0.0
90.558,1472,17.3,0.0707,0.6584,0.2544,1.0,0.6955,0.0,0.0,0,1.0,8,0,8,0.0,0.0,0.0
90.612,1473,17.3,0.0174,0.9059,0.1703,1.0,0.8563,0.0,0.0,0,1.0,10,0,8,0.0,0.0,0.0
90.665,1474,17.3,0.0749,0.9835,0.0512,-0.3382,0.8681,0.0,0.0,0,1.0,10,0,8,0.0,0.0,0.0
90.723,1475,17.3,0.0371,0.8651,0.1633,1.0,0.8181,0.0,0.0,0,1.0,7,0,8,0.0,0.0,0.0
90.787,1476,17.3,0.0301,0.8302,0.2009,1.0,0.8099,0.0,0.0,0,1.0,9,0,8,0.0,0.0,0.0
90.842,1477,17.3,0.0,0.8204,0.2292,1.0,0.8175,0.0,0.0,0,1.0,8,0,8,0.0,0.0,0.0
90.902,1478,17.3,0.0,0.5017,0.4545,1.0,0.6759,0.0,0.0,0,1.0,5,0,8,0.0,0.0,0.0
90.96,1479,17.3,0.0,0.6276,0.3467,1.0,0.7213,0.0,0.0,0,1.0,8,0,8,0.0,0.0,0.0
91.018,1480,17.3,0.1278,0.6623,0.2321,0.5215,0.6864,0.0,0.0,0,1.0,8,0,8,0.0,0.0,0.0
91.08,1481,17.3,0.0992,0.8241,0.134,0.2691,0.7673,0.0,0.0,0,1.0,7,0,8,0.0,0.0,0.0
91.144,1482,17.3,0.0254,0.5046,0.4553,1.0,0.6789,0.0,0.0,0,1.0,12,0,8,0.0,0.0,0.0
91.207,1483,17.3,0.0064,0.9398,0.1854,1.0,0.8933,-0.1129,0.0,0,1.0,8,0,8,0.0056,0.0,0.0023
91.274,1484,17.3,0.3397,0.4599,0.1955,-0.4848,0.5765,0.0,0.0,0,1.0,9,0,8,0.0,0.0,0.0
91.342,1485,17.3,0.1465,0.6138,0.216,0.3452,0.6366,0.0,0.0,0,1.0,6,0,8,0.0,0.0,0.0
91.406,1486,17.3,0.2508,0.5676,0.1688,-0.3518,0.6173,0.0,0.0,0,1.0,7,0,8,0.0,0.0,0.0
91.457,1487,17.3,0.417,0.6906,0.0,-1.0,0.8136,0.0,0.0,0,1.0,9,0,8,0.0,0.0,0.0
91.526,1488,17.3,0.1767,0.6073,0.2517,0.315,0.6512,0.1784,0.0,0,1.0,6,0,8,0.0089,0.0,0.0036
91.592,1489,17.3,0.1641,0.9571,0.0414,-1.0,0.8958,-0.7,0.0,0,1.0,13,0,8,0.035,0.0,0.014
91.656,1490,17.3,0.3822,0.709,0.064,-1.0,0.8096,-0.2303,0.0,0,1.0,12,0,8,0.0115,0.0,0.0046
91.722,1491,17.3,0.1561,0.9094,0.116,-0.2655,0.8513,-0.4651,0.0,0,1.0,13,0,8,0.0233,0.0,0.0093
91.788,1492,17.3,0.3459,0.7168,0.0278,-1.0,0.7958,0.0,0.0,0,1.0,14,0,8,0.0,0.0,0.0
91.849,1493,17.3,0.7033,0.3623,0.0,-1.0,0.6981,0.0,0.0,0,1.0,13,0,8,0.0,0.0,0.0
91.911,1494,17.3,0.2984,0.8024,0.0614,-1.0,0.8412,-0.0737,0.0,0,1.0,15,0,8,0.0037,0.0,0.0015
91.968,1495,17.3,0.1431,0.9651,0.0607,-0.7274,0.8908,0.0,0.0,0,1.0,12,0,8,0.0,0.0,0.0
92.026,1496,17.3,0.154,0.5162,0.3181,0.6256,0.6117,0.0,0.0,0,1.0,12,0,8,0.0,0.0,0.0
92.084,1497,17.3,0.172,0.9268,0.0402,-1.0,0.8749,0.0,0.0,0,1.0,11,0,8,0.0,0.0,0.0
92.143,1498,17.3,0.1647,0.6753,0.1804,0.0819,0.6682,0.0,0.0,0,1.0,16,0,8,0.0,0.0,0.0
92.202,1499,17.3,0.3634,0.8403,0.0,-1.0,0.9094,0.0,0.0,0,1.0,20,0,8,0.0,0.0,0.0
92.26,1500,17.3,0.3123,0.8856,0.0188,-1.0,0.9188,0.0,0.0,0,1.0,13,0,8,0.0,0.0,0.0
92.338,1501,16.5,0.2203,0.9753,0.0144,-1.0,0.9426,-0.7,0.0,0,1.0,13,0,8,0.035,0.0,0.014
92.406,1502,16.5,0.166,0.562,0.3159,0.5597,0.649,0.0,0.0,0,1.0,9,0,8,0.0,0.0,0.0
92.457,1503,16.5,0.3844,0.604,0.0811,-1.0,0.7226,0.0,0.0,0,1.0,10,0,8,0.0,0.0,0.0
92.517,1504,16.5,0.3838,0.8089,0.0,-1.0,0.8944,-0.4651,0.0,0,1.0,18,0,8,0.0233,0.0,0.0093
92.574,1505,16.5,0.2002,0.8606,0.0683,-0.8845,0.835,-0.4651,0.0,0,1.0,13,0,8,0.0233,0.0,0.0093
92.633,1506,16.5,0.2039,0.9804,0.0442,-1.0,0.9377,0.0,0.0,0,1.0,17,0,8,0.0,0.0,0.0
92.691,1507,16.5,0.2571,0.8614,0.0384,-1.0,0.8676,0.0,0.0,0,1.0,13,0,8,0.0,0.0,0.0
92.748,1508,16.5,0.4848,0.591,0.0413,-1.0,0.7679,0.0,0.0,0,1.0,5,0,8,0.0,0.0,0.0
92.814,1509,16.5,0.1531,0.9984,0.0627,-0.7534,0.9244,0.0045,0.0,0,1.0,10,0,8,0.0002,0.0,0.0001
92.876,1510,16.5,0.2206,0.9977,0.028,-1.0,0.9616,0.0045,0.0,0,1.0,12,0,8,0.0002,0.0,0.0001
92.936,1511,16.5,0.1041,1.0,0.0654,-0.4115,0.8983,0.0,0.0,0,1.0,17,0,8,0.0,0.0,0.0
92.997,1512,16.5,0.1236,0.6453,0.2252,0.524,0.6681,0.0,0.0,0,1.0,12,0,8,0.0,0.0,0.0
93.064,1513,16.5,0.2504,0.8357,0.0818,-0.9137,0.8422,0.0,0.0,0,1.0,13,0,8,0.0,0.0,0.0
93.131,1514,16.5,0.35,0.8169,0.0484,-1.0,0.8822,0.0,0.0,0,1.0,17,0,8,0.0,0.0,0.0
93.195,1515,16.5,0.2983,0.7963,0.0785,-1.0,0.8359,0.0,0.0,0,1.0,12,0,8,0.0,0.0,0.0
93.258,1516,16.5,0.5467,0.8861,0.0474,-1.0,1.0,0.0,0.0,0,1.0,17,0,8,0.0,0.0,0.0
93.328,1517,16.5,0.4659,0.9734,0.0552,-1.0,1.0,0.0915,0.0,0,1.0,16,0,8,0.0046,0.0,0.0018
93.397,1518,16.5,0.5373,0.9444,0.0,-1.0,1.0,-0.1129,0.0,0,1.0,17,0,8,0.0056,0.0,0.0023
93.46,1519,16.5,0.4225,1.0,0.0,-1.0,1.0,0.0915,0.0,0,1.0,17,0,8,0.0046,0.0,0.0018
93.517,1520,16.5,0.4043,0.5914,0.1265,-0.9419,0.7232,-0.7,0.0,0,1.0,13,0,8,0.035,0.0,0.014
93.58,1521,16.5,0.2792,0.7935,0.0838,-0.9692,0.8228,-0.7,0.0,0,1.0,12,0,8,0.035,0.0,0.014
93.636,1522,16.5,0.0,0.7985,0.2913,1.0,0.8338,0.0,0.0,0,1.0,17,0,8,0.0,0.0,0.0
93.695,1523,16.5,0.2823,1.0,0.0288,-1.0,0.9981,0.0,0.0,0,1.0,12,0,8,0.0,0.0,0.0
93.754,1524,16.5,0.1053,1.0,0.1187,0.1079,0.9065,0.0,0.0,0,1.0,13,0,8,0.0,0.0,0.0
93.811,1525,16.5,0.0169,1.0,0.0099,-0.4719,0.8494,0.0,0.0,0,1.0,22,0,8,0.0,0.0,0.0
93.868,1526,16.5,0.0,1.0,0.0424,1.0,0.8637,0.0,0.0,0,1.0,18,0,8,0.0,0.0,0.0
93.93,1527,16.5,0.1668,0.9695,0.085,-0.5845,0.9077,0.0,0.0,0,1.0,22,0,8,0.0,0.0,0.0
93.994,1528,16.5,0.5836,0.5362,0.0319,-1.0,0.7772,0.0,0.0,0,1.0,15,0,8,0.0,0.0,0.0
94.051,1529,16.5,0.359,0.8041,0.031,-1.0,0.8764,0.0915,0.0,0,1.0,18,0,8,0.0046,0.0,0.0018
94.116,1530,16.5,0.4273,0.8217,0.0,-1.0,0.9295,-0.7,0.0,0,1.0,27,0,8,0.035,0.0,0.014
94.177,1531,16.2,0.3203,0.8469,0.0315,-1.0,0.8907,-0.7,0.0,0,1.0,19,1,8,0.035,0.0,0.014
94.235,1532,16.2,0.3747,0.8609,0.0,-1.0,0.933,0.0,0.0,0,1.0,23,1,8,0.0,0.0,0.0
94.299,1533,16.2,0.6654,0.4644,0.0,-1.0,0.7627,0.0,0.0,0,1.0,16,1,8,0.0,0.0,0.0
94.361,1534,16.2,0.5275,0.5478,0.033,-1.0,0.7555,0.0,0.0,0,1.0,19,1,8,0.0,0.0,0.0
94.415,1535,16.2,0.6085,0.4723,0.0213,-1.0,0.7375,-0.0737,0.0,0,1.0,20,1,8,0.0037,0.0,0.0015
94.472,1536,16.2,0.6184,0.4774,0.014,-1.0,0.7473,0.0915,0.0,0,1.0,21,1,8,0.0046,0.0,0.0018
94.526,1537,16.2,0.2801,0.9678,0.0007,-1.0,0.9698,0.0915,0.0,0,1.0,26,1,8,0.0046,0.0,0.0018
94.578,1538,16.2,0.2714,0.9823,0.0143,-1.0,0.9771,-0.1876,0.0,0,1.0,21,1,8,0.0094,0.0,0.0038
94.63,1539,16.2,0.498,0.703,0.0,-1.0,0.8694,0.0,0.0,0,1.0,20,1,8,0.0,0.0,0.0
94.682,1540,16.2,0.4725,0.7096,0.0,-1.0,0.8606,-0.1967,0.0,0,1.0,21,1,8,0.0098,0.0,0.0039
94.744,1541,16.2,0.4303,0.6575,0.0174,-1.0,0.7933,-0.1967,0.0,0,1.0,19,1,8,0.0098,0.0,0.0039
94.799,1542,16.2,0.4003,0.676,0.0179,-1.0,0.792,-0.1129,0.0,0,1.0,20,1,8,0.0056,0.0,0.0023
94.858,1543,16.2,0.0808,1.0,0.1083,0.2615,0.9006,-0.7,0.0,0,1.0,20,1,8,0.035,0.0,0.014
94.919,1544,16.2,0.0942,1.0,0.1327,0.3054,0.9143,0.0,0.0,0,1.0,23,1,8,0.0,0.0,0.0
94.976,1545,16.2,0.6188,0.3559,0.1234,-1.0,0.6455,0.0,0.0,0,1.0,19,1,8,0.0,0.0,0.0
95.035,1546,16.2,0.4527,0.5879,0.041,-1.0,0.7473,-0.1876,0.0,0,1.0,21,1,8,0.0094,0.0,0.0038
95.092,1547,16.2,0.0949,1.0,0.0514,-0.5358,0.8932,-0.1967,0.0,0,1.0,29,1,8,0.0098,0.0,0.0039
95.149,1548,16.2,0.1876,0.9263,0.0602,-0.9257,0.8831,0.0,0.0,0,1.0,20,1,8,0.0,0.0,0.0
95.21,1549,16.2,0.0657,0.7352,0.2668,1.0,0.7669,0.0,0.0,0,1.0,19,1,8,0.0,0.0,0.0
95.269,1550,16.2,0.3403,0.7281,0.0713,-1.0,0.8021,0.0,0.0,0,1.0,19,1,8,0.0,0.0,0.0
95.331,1551,16.2,0.3379,0.822,0.0,-1.0,0.8797,0.0,0.0,0,1.0,22,1,8,0.0,0.0,0.0
95.392,1552,16.2,0.2879,0.7875,0.0687,-1.0,0.8227,0.0,0.0,0,1.0,23,1,8,0.0,0.0,0.0
95.449,1553,16.2,0.7929,0.2902,0.0718,-1.0,0.6878,0.0,0.0,0,1.0,27,1,8,0.0,0.0,0.0
95.508,1554,16.2,0.3114,0.4416,0.2747,-0.1127,0.5454,-0.2694,0.0,0,1.0,18,1,8,0.0135,0.0,0.0054
95.566,1555,16.2,0.7598,0.294,0.0301,-1.0,0.6725,0.0045,0.0,0,1.0,17,1,8,0.0002,0.0,0.0001
95.623,1556,16.2,0.2188,0.886,0.0975,-0.6905,0.8668,0.0045,0.0,0,1.0,22,1,8,0.0002,0.0,0.0001
95.682,1557,16.2,0.237,0.6988,0.145,-0.4336,0.7198,-0.2122,0.0,0,1.0,17,1,8,0.0106,0.0,0.0042
95.74,1558,16.2,0.492,0.6487,0.0236,-1.0,0.8204,0.0,0.0,0,1.0,20,1,8,0.0,0.0,0.0
95.801,1559,16.2,0.3485,0.7862,0.0239,-1.0,0.8556,-0.1129,0.0,0,1.0,21,1,8,0.0056,0.0,0.0023
95.861,1560,16.2,0.2702,0.7801,0.0831,-0.9532,0.8066,0.0,0.0,0,1.0,16,1,8,0.0,0.0,0.0
95.924,1561,17.2,0.323,0.5728,0.1551,-0.6319,0.662,0.0,0.0,0,1.0,16,1,8,0.0,0.0,0.0
95.985,1562,17.2,0.4679,0.5772,0.0493,-1.0,0.7468,0.0,0.0,0,1.0,17,1,8,0.0,0.0,0.0
96.042,1563,17.2,0.18,0.9171,0.0988,-0.5246,0.8712,0.0,0.0,0,1.0,18,1,8,0.0,0.0,0.0
96.1,1564,17.2,0.5032,0.6067,0.0,-1.0,0.7914,-0.1129,0.0,0,1.0,19,1,8,0.0056,0.0,0.0023
96.158,1565,17.2,0.3479,0.7759,0.0,-1.0,0.8465,-0.0961,0.0,0,1.0,15,1,8,0.0048,0.0,0.0019
96.216,1566,17.2,0.4058,0.6531,0.0323,-1.0,0.7759,0.0,0.0,0,1.0,17,1,8,0.0,0.0,0.0
96.274,1567,17.2,0.4859,0.6301,0.0,-1.0,0.8013,0.0,0.0,0,1.0,14,1,8,0.0,0.0,0.0
96.338,1568,17.2,0.2688,0.8977,0.0,-1.0,0.9046,-0.7,0.0,0,1.0,14,1,8,0.035,0.0,0.014
96.4,1569,17.2,0.7051,0.3833,0.0,-1.0,0.7168,-0.1129,0.0,0,1.0,13,1,8,0.0056,0.0,0.0023
96.452,1570,17.2,0.4247,0.775,0.0,-1.0,0.8888,-0.0737,0.0,0,1.0,20,1,8,0.0037,0.0,0.0015
96.507,1571,17.2,0.2275,0.9182,0.0368,-1.0,0.8987,-0.7,0.0,0,1.0,21,1,8,0.035,0.0,0.014
96.556,1572,17.2,0.254,0.9367,0.0,-1.0,0.9291,-0.7,0.0,0,1.0,17,1,8,0.035,0.0,0.014
96.622,1573,17.2,0.252,0.9485,0.0,-1.0,0.9379,0.0,0.0,0,1.0,18,1,8,0.0,0.0,0.0
96.68,1574,17.2,0.418,0.8114,0.0,-1.0,0.9157,0.0,0.0,0,1.0,13,1,8,0.0,0.0,0.0
96.743,1575,17.2,0.4285,0.8108,0.0,-1.0,0.921,-0.7,0.0,0,1.0,13,1,8,0.035,0.0,0.014
96.807,1576,17.2,0.4226,0.8334,0.0,-1.0,0.9367,-0.7,0.0,0,1.0,15,1,8,0.035,0.0,0.014
96.866,1577,17.2,0.4271,0.8135,0.0,-1.0,0.9225,-0.7,0.0,0,1.0,15,1,8,0.035,0.0,0.014
96.929,1578,17.2,0.2756,0.8508,0.0259,-1.0,0.869,-0.7,0.0,0,1.0,17,1,8,0.035,0.0,0.014
96.996,1579,17.2,0.2498,0.9498,0.0,-1.0,0.9377,0.0,0.0,0,1.0,17,1,8,0.0,0.0,0.0
97.055,1580,17.2,0.2013,0.9763,0.0304,-1.0,0.9328,0.0,0.0,0,1.0,17,1,8,0.0,0.0,0.0
97.125,1581,17.2,0.7114,0.4314,0.0,-1.0,0.7608,0.0,0.0,0,1.0,17,1,8,0.0,0.0,0.0
97.182,1582,17.2,0.7122,0.4362,0.0,-1.0,0.7652,-0.0737,0.0,0,1.0,13,1,8,0.0037,0.0,0.0015
97.244,1583,17.2,0.7117,0.4419,0.0,-1.0,0.7698,-0.0737,0.0,0,1.0,13,1,8,0.0037,0.0,0.0015
97.298,1584,17.2,0.7127,0.444,0.0,-1.0,0.7721,-0.0737,0.0,0,1.0,14,1,8,0.0037,0.0,0.0015
97.362,1585,17.2,0.2149,0.9659,0.0,-1.0,0.9317,-0.0737,0.0,0,1.0,14,1,8,0.0037,0.0,0.0015
97.412,1586,17.2,0.6255,0.5252,0.0,-1.0,0.7915,0.0,0.0,0,1.0,14,1,8,0.0,0.0,0.0
97.463,1587,17.2,0.3336,0.8654,0.0075,-1.0,0.9138,-0.1876,0.0,0,1.0,14,1,8,0.0094,0.0,0.0038
97.514,1588,17.2,0.3487,0.8516,0.0,-1.0,0.9106,-0.1876,0.0,0,1.0,15,1,8,0.0094,0.0,0.0038
97.572,1589,17.2,0.3541,0.8476,0.0,-1.0,0.9103,0.0,0.0,0,1.0,16,1,8,0.0,0.0,0.0
97.623,1590,17.2,0.2793,0.9199,0.0087,-1.0,0.9291,-0.7,0.0,0,1.0,16,1,8,0.035,0.0,0.014
97.681,1591,17.0,0.3063,0.898,0.0,-1.0,0.9258,0.0,0.0,0,1.0,16,1,8,0.0,0.0,0.0
97.744,1592,17.0,0.2894,0.9143,0.0,-1.0,0.9301,0.0,0.0,0,1.0,11,1,8,0.0,0.0,0.0
97.8,1593,17.0,0.1574,1.0,0.0321,-1.0,0.9281,0.0,0.0,0,1.0,21,1,8,0.0,0.0,0.0
97.858,1594,17.0,0.2543,0.9373,0.0117,-1.0,0.9297,0.0,0.0,0,1.0,15,1,8,0.0,0.0,0.0
97.915,1595,17.0,0.2653,0.9362,0.0,-1.0,0.935,0.0,0.0,0,1.0,17,1,8,0.0,0.0,0.0
97.976,1596,17.0,0.242,0.9425,0.0232,-1.0,0.9272,0.0,0.0,0,1.0,17,1,8,0.0,0.0,0.0
98.038,1597,17.0,0.2404,0.9545,0.0232,-1.0,0.9364,0.0,0.0,0,1.0,14,1,8,0.0,0.0,0.0
98.099,1598,17.0,0.2379,0.947,0.022,-1.0,0.9287,0.0,0.0,0,1.0,12,1,8,0.0,0.0,0.0
98.162,1599,17.0,0.2271,0.9853,0.0,-1.0,0.9549,0.0,0.0,0,1.0,13,1,8,0.0,0.0,0.0
98.219,1600,17.0,0.1985,0.989,0.0037,-1.0,0.9419,0.0,0.0,1,1.0,7,1,8,0.0,1.0,0.0
98.277,1601,17.0,0.4019,0.7569,0.0,-1.0,0.8608,0.0,0.0,1,1.0,9,1,8,0.0,0.8,0.0
98.334,1602,17.0,0.5503,0.6292,0.0,-1.0,0.8367,0.0,0.0,1,1.0,16,1,8,0.0,0.8,0.0
98.39,1603,17.0,0.5981,0.5573,0.0,-1.0,0.8031,-0.7,0.0,1,1.0,13,1,8,0.035,0.8,0.014
98.445,1604,17.0,0.5138,0.6352,0.0,-1.0,0.8213,0.0915,0.0,1,1.0,14,1,8,0.0046,0.8,0.0018
98.495,1605,17.0,0.5915,0.5801,0.0,-1.0,0.8185,0.0915,0.0,1,1.0,12,1,8,0.0046,0.8,0.0018
98.545,1606,17.0,0.6939,0.4251,0.0,-1.0,0.7457,-0.0835,0.0,1,1.0,10,1,8,0.0042,0.8,0.0017
98.594,1607,17.0,0.5437,0.8789,0.0,-1.0,1.0,-0.0737,0.0,1,1.0,12,1,8,0.0037,0.8,0.0015
98.645,1608,17.0,0.3676,0.6443,0.0227,-1.0,0.747,-0.0737,0.0,1,1.0,11,1,8,0.0037,0.8,0.0015
98.694,1609,17.0,0.3646,0.6578,0.0355,-1.0,0.7567,0.0915,0.0,0,1.0,11,1,8,0.0046,0.8,0.0018
98.747,1610,17.0,0.4053,0.6481,0.0156,-1.0,0.7714,-0.7,0.0,0,1.0,14,1,8,0.035,0.0,0.014
98.811,1611,17.0,0.4997,0.4962,0.0475,-1.0,0.6966,-0.7,0.0,0,1.0,10,1,8,0.035,0.0,0.014
98.866,1612,17.0,0.2639,0.7553,0.0756,-0.9981,0.7822,-0.1967,0.0,0,1.0,16,1,8,0.0098,0.0,0.0039
98.926,1613,17.0,0.2711,1.0,0.0,-1.0,0.9918,0.0,0.0,0,1.0,18,1,8,0.0,0.0,0.0
98.984,1614,17.0,0.7479,0.4964,0.0541,-1.0,0.8358,0.0,0.0,0,1.0,18,1,8,0.0,0.0,0.0
99.041,1615,17.0,0.7164,0.5872,0.0548,-1.0,0.8945,0.0,0.0,0,1.0,21,1,8,0.0,0.0,0.0
99.101,1616,17.0,0.8322,0.4535,0.0,-1.0,0.8469,-0.2122,0.0,0,1.0,16,1,8,0.0106,0.0,0.0042
99.159,1617,17.0,0.4029,0.7467,0.0,-1.0,0.8528,-0.1876,0.0,0,1.0,19,1,8,0.0094,0.0,0.0038
99.216,1618,17.0,0.6407,0.5155,0.0,-1.0,0.7918,-0.1876,0.0,0,1.0,23,1,8,0.0094,0.0,0.0038
99.277,1619,17.0,0.225,0.6033,0.4985,0.6805,0.7859,-0.7,0.0,0,1.0,25,1,8,0.035,0.0,0.014
99.337,1620,17.0,0.2003,0.7791,0.4148,0.6276,0.8867,-0.0737,0.0,0,1.0,26,1,8,0.0037,0.0,0.0015
99.4,1621,17.5,0.3035,0.6228,0.4428,0.3358,0.7711,0.0045,0.0,0,1.0,23,2,8,0.0002,0.0,0.0001
99.455,1622,17.5,0.5704,0.4925,0.0941,-1.0,0.7331,-0.2303,0.0,0,1.0,23,2,8,0.0115,0.0,0.0046
99.508,1623,17.5,0.1385,0.6507,0.4367,0.9334,0.7911,-0.2303,0.0,0,1.0,28,2,8,0.0115,0.0,0.0046
99.564,1624,17.5,0.1751,0.5094,0.4472,0.7868,0.6784,0.0915,0.0,0,1.0,19,2,8,0.0046,0.0,0.0018
99.623,1625,17.5,0.2866,0.5449,0.3118,0.0755,0.6323,-0.1363,0.0,0,1.0,22,2,8,0.0068,0.0,0.0027
99.685,1626,17.5,0.2148,0.7063,0.4498,0.6365,0.8452,-0.2303,0.0,0,1.0,20,2,8,0.0115,0.0,0.0046
99.743,1627,17.5,0.2516,0.6274,0.4473,0.5041,0.7776,-0.0737,0.0,0,1.0,17,2,8,0.0037,0.0,0.0015
99.799,1628,17.5,0.231,0.611,0.5409,0.7227,0.8162,-0.0737,0.0,0,1.0,23,2,8,0.0037,0.0,0.0015
99.857,1629,17.5,0.2656,0.7016,0.3979,0.359,0.8122,-0.152,0.0,0,1.0,30,2,8,0.0076,0.0,0.003
99.915,1630,17.5,0.1314,0.807,0.4484,0.984,0.929,-0.2303,0.0,0,1.0,26,2,8,0.0115,0.0,0.0046
99.979,1631,17.5,0.1127,0.7739,0.5019,1.0,0.9311,-0.1129,0.0,0,1.0,30,2,8,0.0056,0.0,0.0023
100.034,1632,17.5,0.1249,0.7727,0.4812,1.0,0.9185,-0.0961,0.0,0,1.0,25,2,8,0.0048,0.0,0.0019
100.092,1633,17.5,0.1428,0.6721,0.3631,0.7837,0.7679,-0.0961,0.0,0,1.0,27,2,8,0.0048,0.0,0.0019
100.157,1634,17.5,0.18,0.6184,0.5934,0.9622,0.8518,0.0045,0.0,0,1.0,30,2,8,0.0002,0.0,0.0001
100.219,1635,17.5,0.1264,0.6354,0.6265,1.0,0.8846,-0.1198,0.0,0,1.0,29,2,8,0.006,0.0,0.0024
100.276,1636,17.5,0.2973,0.5975,0.4997,0.4571,0.7817,-0.1235,0.0,0,1.0,29,2,8,0.0062,0.0,0.0025
100.342,1637,17.5,0.2766,0.5855,0.5222,0.5536,0.7843,-0.1275,0.0,0,1.0,32,2,8,0.0064,0.0,0.0026
100.403,1638,17.5,0.2989,0.5679,0.5165,0.4804,0.7663,-0.1275,0.0,0,1.0,23,2,8,0.0064,0.0,0.0026
100.454,1639,17.5,0.32,0.4843,0.5764,0.5148,0.7296,0.0045,0.0,0,1.0,26,2,8,0.0002,0.0,0.0001
100.507,1640,17.5,0.4585,0.4927,0.429,-0.0598,0.6706,-0.287,0.0,0,1.0,23,2,8,0.0143,0.0,0.0057
100.571,1641,17.5,0.2503,0.5082,0.6172,0.7613,0.7725,-0.287,0.0,0,1.0,29,2,8,0.0143,0.0,0.0057
100.622,1642,17.5,0.2234,0.5275,0.6104,0.8355,0.785,-0.2303,0.0,0,1.0,30,2,8,0.0115,0.0,0.0046
100.686,1643,17.5,0.1499,0.5124,0.6921,1.0,0.818,-0.1967,0.0,0,1.0,19,2,8,0.0098,0.0,0.0039
100.746,1644,17.5,0.1546,0.624,0.5857,1.0,0.8522,-0.2303,0.0,0,1.0,28,2,8,0.0115,0.0,0.0046
100.8,1645,17.5,0.1663,0.614,0.6228,1.0,0.8645,-0.0835,0.0,0,1.0,21,2,8,0.0042,0.0,0.0017
100.858,1646,17.5,0.1486,0.7266,0.5199,0.9997,0.9015,-0.0835,0.0,0,1.0,18,2,8,0.0042,0.0,0.0017
100.914,1647,17.5,0.0416,0.4865,0.7891,1.0,0.8506,-0.158,0.0,0,1.0,16,2,8,0.0079,0.0,0.0032
100.978,1648,17.5,0.0083,0.6432,0.6495,1.0,0.904,-0.2156,0.0,0,1.0,21,2,8,0.0108,0.0,0.0043
101.034,1649,17.5,0.0237,0.747,0.5719,1.0,0.9478,0.0045,0.0,0,1.0,22,2,8,0.0002,0.0,0.0001
101.094,1650,17.5,0.3155,0.771,0.2988,-0.0488,0.8243,0.0045,0.0,0,1.0,24,2,8,0.0002,0.0,0.0001
101.154,1651,17.1,0.4196,0.6059,0.4669,0.096,0.7704,0.0915,0.0,0,1.0,26,2,8,0.0046,0.0,0.0018
101.224,1652,17.1,0.5087,0.4549,0.2131,-0.7372,0.6669,0.0,0.0,0,1.0,14,2,8,0.0,0.0,0.0
101.288,1653,17.1,0.4411,0.8015,0.1175,-1.0,0.9203,-0.2664,0.0,0,1.0,14,2,8,0.0133,0.0,0.0053
101.356,1654,17.1,0.4522,0.9226,0.0436,-1.0,1.0,-0.1967,0.0,0,1.0,19,2,8,0.0098,0.0,0.0039
101.412,1655,17.1,0.1301,1.0,0.0361,-1.0,0.9128,-0.1967,0.0,0,1.0,13,2,8,0.0098,0.0,0.0039
101.462,1656,17.1,0.1529,0.8788,0.1431,-0.0595,0.8239,0.0,0.0,0,1.0,10,2,8,0.0,0.0,0.0
101.513,1657,17.1,0.1774,0.8784,0.1339,-0.2515,0.8372,0.0,0.0,0,1.0,12,2,8,0.0,0.0,0.0
101.565,1658,17.1,0.0606,0.6638,0.315,1.0,0.734,0.0,0.0,0,1.0,8,2,8,0.0,0.0,0.0
101.622,1659,17.1,0.5454,0.6917,0.0964,-1.0,0.8865,0.0,0.0,0,1.0,12,2,8,0.0,0.0,0.0
101.673,1660,17.1,0.5926,0.8822,0.0883,-1.0,1.0,0.0915,0.0,0,1.0,12,2,8,0.0046,0.0,0.0018
101.732,1661,17.1,0.4756,0.6686,0.1611,-0.889,0.8279,0.0915,0.0,0,1.0,10,2,8,0.0046,0.0,0.0018
101.797,1662,17.1,0.5117,0.778,0.1402,-1.0,0.9401,-0.1716,0.0,0,1.0,17,2,8,0.0086,0.0,0.0034
101.865,1663,17.1,0.4629,1.0,0.0708,-1.0,1.0,-0.1716,0.0,0,1.0,12,2,8,0.0086,0.0,0.0034
101.925,1664,17.1,0.3349,0.8575,0.1651,-0.6112,0.9078,-0.1363,0.0,0,1.0,17,2,8,0.0068,0.0,0.0027
101.985,1665,17.1,0.1145,0.9936,0.3587,0.9292,1.0,-0.1129,0.0,0,1.0,20,2,8,0.0056,0.0,0.0023
102.046,1666,17.1,0.3599,1.0,0.1222,-0.8876,1.0,-0.7,0.0,0,1.0,10,2,8,0.035,0.0,0.014
102.102,1667,17.1,0.3415,1.0,0.2476,-0.2868,1.0,-0.7,0.0,0,1.0,16,2,8,0.035,0.0,0.014
102.167,1668,17.1,0.3243,0.8027,0.3481,0.0638,0.8692,-0.7,0.0,0,1.0,16,2,8,0.035,0.0,0.014
102.226,1669,17.1,0.33,1.0,0.1577,-0.6358,1.0,0.0045,0.0,0,1.0,23,2,8,0.0002,0.0,0.0001
102.29,1670,17.1,0.2176,0.663,0.5157,0.7316,0.8457,0.0045,0.0,0,1.0,19,2,8,0.0002,0.0,0.0001
102.36,1671,17.1,0.1734,0.556,0.6404,1.0,0.8257,-0.0835,0.0,0,1.0,14,2,8,0.0042,0.0,0.0017
102.415,1672,17.1,0.0459,0.5658,0.721,1.0,0.879,-0.2393,0.0,0,1.0,11,2,8,0.012,0.0,0.0048
102.474,1673,17.1,0.0061,0.8293,0.544,1.0,1.0,-0.1235,0.0,0,1.0,10,2,8,0.0062,0.0,0.0025
102.529,1674,17.1,0.2165,0.6757,0.496,0.7061,0.8453,-0.1235,0.0,0,1.0,12,2,8,0.0062,0.0,0.0025
