timestamp,frame,fps,left,center,right,x,magnitude,fw_bias,visual_bias,escape_active,dopamine,items,skip_focus,collected,reward_rate,escape_rate,orient_rate
4.626,1,0.0,0.1515,0.8229,0.0255,-0.3622,0.7761,0.0,0.0,0,1.0,5,0,0,0.0,0.0,0.0
4.711,2,0.0,0.0123,1.0,0.0298,0.1637,0.8567,0.0,0.0,0,1.0,9,0,0,0.0,0.0,0.0
4.77,3,0.0,0.1079,0.8644,0.0405,-0.2192,0.7865,0.0,0.0,0,1.0,4,0,0,0.0,0.0,0.0
4.83,4,0.0,0.0429,1.0,0.0477,0.0231,0.8667,0.0,0.0,0,1.0,4,0,0,0.0,0.0,0.0
4.888,5,0.0,0.158,0.9834,0.0337,-0.3221,0.9145,0.0,0.0,0,1.0,4,0,0,0.0,0.0,0.0
4.946,6,0.0,0.0,0.0,0.0,0.0,0.3,0.0,0.0,0,1.0,0,0,0,0.0,0.0,0.0
5.006,7,0.0,0.2427,0.7162,0.0573,-0.3758,0.7375,0.0,0.0,0,1.0,7,0,0,0.0,0.0,0.0
5.062,8,0.0,0.1644,0.6359,0.0764,-0.2157,0.6262,0.0,0.0,0,1.0,3,0,0,0.0,0.0,0.0
5.126,9,0.0,0.0325,0.9019,0.1685,0.3471,0.852,0.0,0.0,0,1.0,5,0,0,0.0,0.0,0.0
5.188,10,0.0,0.0083,0.9329,0.296,0.5357,0.9494,0.0,0.0,0,1.0,5,0,0,0.0,0.0,0.0
5.246,11,0.0,0.0,0.8419,0.3063,0.5841,0.8787,0.0,0.0,0,1.0,7,0,0,0.0,0.0,0.0
5.312,12,0.0,0.0,1.0,0.2474,0.5266,0.9785,0.0,0.0,0,1.0,6,0,0,0.0,0.0,0.0
5.372,13,0.0,0.0792,0.8251,0.3295,0.3908,0.8776,0.0,0.0,0,1.0,5,0,0,0.0,0.0,0.0
5.427,14,0.0,0.0662,1.0,0.1337,0.169,0.9149,0.0,0.0,0,1.0,8,0,0,0.0,0.0,0.0
5.474,15,0.0,0.0271,1.0,0.1796,0.3719,0.9406,0.0,0.0,0,1.0,5,0,0,0.0,0.0,0.0
5.529,16,0.0,0.1046,0.9475,0.1457,0.088,0.8775,0.0,0.0,0,1.0,5,0,0,0.0,0.0,0.0
5.588,17,0.0,0.1955,0.8634,0.0,-0.5151,0.8348,0.0,0.0,0,1.0,5,0,0,0.0,0.0,0.0
5.644,18,0.0,0.3386,0.7269,0.0,-0.627,0.8002,0.0,0.0,0,1.0,9,0,0,0.0,0.0,0.0
5.713,19,0.0,0.361,0.6106,0.0,-0.6721,0.715,0.0,0.0,0,1.0,7,0,0,0.0,0.0,0.0
5.772,20,0.0,0.5021,0.9224,0.0462,-0.5597,1.0,0.0,0.0,0,1.0,10,0,0,0.0,0.0,0.0
5.831,21,0.0,0.0162,1.0,0.4701,0.5926,1.0,-0.0961,0.0,0,1.0,10,0,0,0.0048,0.0,0.0019
5.891,22,0.0,0.035,0.938,0.5056,0.5808,1.0,-0.1129,0.0,0,1.0,7,0,0,0.0056,0.0,0.0023
5.948,23,0.0,0.0175,0.9827,0.5099,0.61,1.0,-0.1967,0.0,0,1.0,11,0,0,0.0098,0.0,0.0039
6.006,24,0.0,0.0047,0.9892,0.5024,0.6327,1.0,-0.1967,0.0,0,1.0,8,0,0,0.0098,0.0,0.0039
6.065,25,0.0,0.0371,0.944,0.5087,0.577,1.0,-0.0835,0.0,0,1.0,16,0,0,0.0042,0.0,0.0017
6.125,26,0.0,0.0191,1.0,0.3794,0.5419,1.0,-0.1967,0.0,0,1.0,18,0,0,0.0098,0.0,0.0039
6.183,27,0.0,0.077,1.0,0.0591,-0.0608,0.8831,0.0,0.0,0,1.0,17,0,0,0.0,0.0,0.0
6.238,28,0.0,0.3308,1.0,0.1241,-0.283,1.0,0.0,0.0,0,1.0,15,0,0,0.0,0.0,0.0
6.303,29,0.0,0.4551,1.0,0.0,-0.6227,1.0,0.0,0.0,0,1.0,15,0,0,0.0,0.0,0.0
6.364,30,0.0,0.1462,1.0,0.2124,0.1075,0.959,-0.1129,0.0,0,1.0,16,0,0,0.0056,0.0,0.0023
6.42,31,5.1,0.4946,1.0,0.003,-0.6315,1.0,-0.1129,0.0,0,1.0,19,0,0,0.0056,0.0,0.0023
6.477,32,5.1,0.2284,1.0,0.0,-0.5162,0.9679,0.0,0.0,0,1.0,16,0,0,0.0,0.0,0.0
6.537,33,5.1,0.3751,1.0,0.1249,-0.3204,1.0,-0.1129,0.0,0,1.0,23,0,0,0.0056,0.0,0.0023
6.592,34,5.1,0.2249,1.0,0.0479,-0.3505,0.9659,-0.7,0.0,0,1.0,26,0,0,0.035,0.0,0.014
6.645,35,5.1,0.108,1.0,0.0761,-0.0851,0.9005,0.0,0.0,0,1.0,28,0,0,0.0,0.0,0.0
6.709,36,5.1,0.0545,1.0,0.1444,0.2256,0.9208,0.0,0.0,0,1.0,17,0,0,0.0,0.0,0.0
6.776,37,5.1,0.0171,1.0,0.2118,0.4391,0.9586,0.0,0.0,0,1.0,10,0,0,0.0,0.0,0.0
6.831,38,5.1,0.0354,1.0,0.2576,0.4174,0.9843,0.0,0.0,0,1.0,12,0,0,0.0,0.0,0.0
6.89,39,5.1,0.0384,1.0,0.2195,0.3736,0.9629,0.0,0.0,0,1.0,10,0,0,0.0,0.0,0.0
6.957,40,5.1,0.028,1.0,0.2211,0.4089,0.9638,0.0,0.0,0,1.0,19,0,0,0.0,0.0,0.0
7.017,41,5.1,0.062,1.0,0.1678,0.238,0.9339,0.0,0.0,0,1.0,19,0,0,0.0,0.0,0.0
7.071,42,5.1,0.0528,1.0,0.122,0.1921,0.9083,0.0,0.0,0,1.0,18,0,0,0.0,0.0,0.0
7.136,43,5.1,0.0857,1.0,0.084,-0.0047,0.888,0.0,0.0,0,1.0,17,0,0,0.0,0.0,0.0
7.199,44,5.1,0.1262,1.0,0.0597,-0.1758,0.9107,0.0,0.0,0,1.0,14,0,0,0.0,0.0,0.0
7.256,45,5.1,0.0891,1.0,0.0561,-0.106,0.8899,0.0,0.0,0,1.0,17,0,0,0.0,0.0,0.0
7.318,46,5.1,0.1051,1.0,0.0401,-0.2088,0.8988,0.0,0.0,0,1.0,19,0,0,0.0,0.0,0.0
7.389,47,5.1,0.1091,1.0,0.0335,-0.2464,0.9011,0.0,0.0,0,1.0,16,0,0,0.0,0.0,0.0
7.45,48,5.1,0.1405,1.0,0.0276,-0.3231,0.9187,0.0,0.0,0,1.0,21,0,0,0.0,0.0,0.0
7.5,49,5.1,0.1193,1.0,0.026,-0.2996,0.9068,0.0,0.0,0,1.0,20,0,0,0.0,0.0,0.0
7.56,50,5.1,0.1135,1.0,0.1655,0.1013,0.9327,0.0,0.0,0,1.0,13,0,0,0.0,0.0,0.0
7.619,51,5.1,0.1307,1.0,0.0312,-0.2932,0.9132,0.0,0.0,0,1.0,16,0,0,0.0,0.0,0.0
7.67,52,5.1,0.1158,1.0,0.1854,0.1281,0.9438,0.0,0.0,0,1.0,18,0,0,0.0,0.0,0.0
7.731,53,5.1,0.0342,0.9581,0.5581,0.6022,1.0,0.0,0.0,0,1.0,26,0,0,0.0,0.0,0.0
7.787,54,5.1,0.0975,0.9083,0.4904,0.4612,1.0,0.0,0.0,0,1.0,18,0,0,0.0,0.0,0.0
7.846,55,5.1,0.0277,0.9859,0.5571,0.609,1.0,0.0045,0.0,0,1.0,16,0,0,0.0002,0.0,0.0001
7.907,56,5.1,0.0566,1.0,0.2167,0.3165,0.9613,0.0045,0.0,0,1.0,15,0,0,0.0002,0.0,0.0001
7.964,57,5.1,0.15,1.0,0.0478,-0.2576,0.924,0.0,0.0,0,1.0,15,0,0,0.0,0.0,0.0
8.021,58,5.1,0.2139,1.0,0.0,-0.508,0.9598,0.0,0.0,0,1.0,9,0,0,0.0,0.0,0.0
8.078,59,5.1,0.2764,1.0,0.0,-0.5419,0.9948,0.0,0.0,0,1.0,7,0,0,0.0,0.0,0.0
8.135,60,5.1,0.2086,1.0,0.0039,-0.4884,0.9568,0.0,0.0,0,1.0,10,0,0,0.0,0.0,0.0
8.194,61,16.9,0.2076,1.0,0.0371,-0.3659,0.9563,0.0,0.0,0,1.0,12,0,0,0.0,0.0,0.0
8.257,62,16.9,0.2007,1.0,0.0576,-0.2949,0.9524,0.0,0.0,0,1.0,12,0,0,0.0,0.0,0.0
8.329,63,16.9,0.08,1.0,0.134,0.1282,0.9151,0.0,0.0,0,1.0,17,0,0,0.0,0.0,0.0
8.385,64,16.9,0.2044,0.9681,0.1874,-0.0261,0.9277,0.0,0.0,0,1.0,10,0,0,0.0,0.0,0.0
8.441,65,16.9,0.2863,0.9834,0.2047,-0.1064,0.9864,0.0,0.0,0,1.0,10,0,0,0.0,0.0,0.0
8.49,66,16.9,0.0899,1.0,0.1322,0.0977,0.9141,-0.4651,0.0,0,1.0,17,0,0,0.0233,0.0,0.0093
8.541,67,16.9,0.0928,1.0,0.1421,0.1091,0.9196,0.0,0.0,0,1.0,14,0,0,0.0,0.0,0.0
8.59,68,16.9,0.0803,1.0,0.1698,0.1888,0.9351,0.0,0.0,0,1.0,13,0,0,0.0,0.0,0.0
8.645,69,16.9,0.0304,1.0,0.2622,0.6117,0.9868,0.0,0.0,0,1.0,14,0,0,0.0,0.0,0.0
8.705,70,16.9,0.0304,1.0,0.2312,0.4101,0.9695,0.0,0.0,0,1.0,21,0,0,0.0,0.0,0.0
8.763,71,16.9,0.1175,1.0,0.1203,0.0063,0.9074,0.0,0.0,0,1.0,17,0,0,0.0,0.0,0.0
8.82,72,16.9,0.0108,1.0,0.1061,0.3653,0.8994,0.0,0.0,0,1.0,19,0,0,0.0,0.0,0.0
8.877,73,16.9,0.0169,1.0,0.1278,0.3575,0.9116,0.0,0.0,0,1.0,14,0,0,0.0,0.0,0.0
8.939,74,16.9,0.1572,1.0,0.2684,0.1595,0.9903,0.0,0.0,0,1.0,13,0,0,0.0,0.0,0.0
8.995,75,16.9,0.1432,1.0,0.0511,-0.2353,0.9202,-0.2303,0.0,0,1.0,15,0,0,0.0115,0.0,0.0046
9.052,76,16.9,0.1463,0.9705,0.1186,-0.0565,0.8972,-0.2303,0.0,0,1.0,18,0,0,0.0115,0.0,0.0046
9.115,77,16.9,0.0874,1.0,0.1059,0.0474,0.8993,0.0,0.0,0,1.0,18,0,0,0.0,0.0,0.0
9.177,78,16.9,0.1036,1.0,0.0917,-0.0303,0.898,0.0,0.0,0,1.0,16,0,0,0.0,0.0,0.0
9.236,79,16.9,0.118,1.0,0.1133,-0.0105,0.9061,0.0,0.0,0,1.0,11,0,0,0.0,0.0,0.0
9.295,80,16.9,0.1391,1.0,0.0554,-0.2139,0.9179,0.0,0.0,0,1.0,9,0,0,0.0,0.0,0.0
9.355,81,16.9,0.1551,1.0,0.057,-0.2343,0.9268,0.0,0.0,0,1.0,9,0,0,0.0,0.0,0.0
9.408,82,16.9,0.1859,1.0,0.0594,-0.2709,0.9441,0.0,0.0,0,1.0,9,0,0,0.0,0.0,0.0
9.457,83,16.9,0.1868,1.0,0.0651,-0.2557,0.9446,0.0,0.0,0,1.0,7,0,0,0.0,0.0,0.0
9.511,84,16.9,0.1409,1.0,0.0738,-0.1589,0.9189,0.0,0.0,0,1.0,11,0,0,0.0,0.0,0.0
9.566,85,16.9,0.0926,1.0,0.1804,0.1737,0.941,0.0,0.0,0,1.0,13,0,0,0.0,0.0,0.0
9.614,86,16.9,0.1086,1.0,0.1157,0.0164,0.9048,0.0,0.0,0,1.0,8,0,0,0.0,0.0,0.0
9.672,87,16.9,0.1673,1.0,0.0051,-0.455,0.9337,0.0,0.0,0,1.0,8,0,0,0.0,0.0,0.0
9.73,88,16.9,0.1242,1.0,0.076,-0.1204,0.9096,0.0,0.0,0,1.0,10,0,0,0.0,0.0,0.0
9.789,89,16.9,0.1429,1.0,0.0,-0.465,0.92,0.0,0.0,0,1.0,8,0,0,0.0,0.0,0.0
9.844,90,16.9,0.104,1.0,0.0723,-0.0874,0.8982,0.0,0.0,0,1.0,8,0,0,0.0,0.0,0.0
9.904,91,17.6,0.0997,1.0,0.0315,-0.2376,0.8958,0.0,0.0,0,1.0,10,0,0,0.0,0.0,0.0
9.964,92,17.6,0.1638,1.0,0.0,-0.4782,0.9317,0.0,0.0,0,1.0,10,0,0,0.0,0.0,0.0
10.021,93,17.6,0.0599,1.0,0.0662,0.0228,0.8771,0.0,0.0,0,1.0,7,0,0,0.0,0.0,0.0
10.079,94,17.6,0.0707,1.0,0.0992,0.0811,0.8956,0.0,0.0,0,1.0,7,0,0,0.0,0.0,0.0
10.136,95,17.6,0.2304,1.0,0.1284,-0.5065,0.969,0.0,0.0,0,1.0,8,0,0,0.0,0.0,0.0
10.194,96,17.6,0.0047,1.0,0.2666,0.5207,0.9893,0.0,0.0,0,1.0,9,1,0,0.0,0.0,0.0
10.252,97,17.6,0.0275,1.0,0.1947,0.3857,0.949,0.0,0.0,0,1.0,8,1,0,0.0,0.0,0.0
10.317,98,17.6,0.0144,1.0,0.2493,0.4768,0.9796,0.0,0.0,0,1.0,6,1,0,0.0,0.0,0.0
10.379,99,17.6,0.2608,1.0,0.1792,-0.1144,0.9861,0.0,0.0,0,1.0,11,1,0,0.0,0.0,0.0
10.439,100,17.6,0.2764,1.0,0.1397,-0.1994,0.9948,0.0045,0.0,0,1.0,11,1,0,0.0002,0.0,0.0001
10.494,101,17.6,0.0862,1.0,0.2151,0.2372,0.9605,0.0,0.0,0,1.0,12,1,0,0.0,0.0,0.0
10.549,102,17.6,0.0669,1.0,0.2018,0.2701,0.953,0.0,0.0,0,1.0,11,1,0,0.0,0.0,0.0
10.602,103,17.6,0.1479,1.0,0.1897,0.0707,0.9462,0.0,0.0,0,1.0,11,1,0,0.0,0.0,0.0
10.661,104,17.6,0.0853,1.0,0.1628,0.1646,0.9312,0.0,0.0,0,1.0,9,1,0,0.0,0.0,0.0
10.722,105,17.6,0.6565,0.8228,0.1033,-0.5557,1.0,0.0,0.0,0,1.0,10,1,0,0.0,0.0,0.0
10.779,106,17.6,0.2115,1.0,0.1835,-0.0424,0.9584,-0.2303,0.0,0,1.0,8,1,0,0.0115,0.0,0.0046
10.835,107,17.6,0.0924,1.0,0.1631,0.147,0.9314,0.0,0.0,0,1.0,8,1,0,0.0,0.0,0.0
10.893,108,17.6,0.1384,1.0,0.1884,0.0867,0.9455,0.0,0.0,0,1.0,12,1,0,0.0,0.0,0.0
10.952,109,17.6,0.1362,1.0,0.1973,0.1044,1.0,0.0,0.0,0,1.6,9,0,1,0.0,0.0,0.0
11.011,110,17.6,0.1324,1.0,0.2196,0.1433,1.0,0.0,0.0,0,1.56,12,0,1,0.0,0.0,0.0
11.067,111,17.6,0.2116,1.0,0.0952,-0.2114,1.0,0.0,0.0,0,1.52,11,0,1,0.0,0.0,0.0
11.121,112,17.6,0.8565,0.7036,0.0465,-0.7464,1.0,0.0,0.0,0,1.48,13,0,1,0.0,0.0,0.0
11.177,113,17.6,0.7499,0.9074,0.031,-0.6891,1.0,-0.1876,0.0,0,1.44,15,0,1,0.0094,0.0,0.0038
11.237,114,17.6,0.8113,0.8674,0.0,-0.766,1.0,-0.2122,0.0,0,1.4,16,0,1,0.0106,0.0,0.0042
11.295,115,17.6,0.8789,0.833,0.0,-0.7913,1.0,-0.2122,0.0,0,1.36,17,0,1,0.0106,0.0,0.0042
11.354,116,17.6,0.6413,1.0,0.0,-0.6882,1.0,-0.2156,0.0,0,1.32,15,0,1,0.0108,0.0,0.0043
11.406,117,17.6,0.2955,1.0,0.0679,-0.3657,1.0,-0.0737,0.0,0,1.28,13,0,1,0.0037,0.0,0.0015
11.462,118,17.6,0.1916,1.0,0.1589,-0.054,1.0,0.0,0.0,0,1.24,8,0,1,0.0,0.0,0.0
11.521,119,17.6,0.2774,0.9489,0.191,-0.1175,1.0,0.0,0.0,0,1.2,7,0,1,0.0,0.0,0.0
11.573,120,17.6,0.2807,0.9053,0.2019,-0.1064,1.0,0.0,0.0,0,1.16,6,0,1,0.0,0.0,0.0
11.625,121,17.4,0.0572,1.0,0.249,0.349,1.0,-0.4651,0.0,0,1.12,5,0,1,0.0233,0.0,0.0093
11.679,122,17.4,0.1561,0.9083,0.3383,0.2418,1.0,0.0,0.0,0,1.08,8,0,1,0.0,0.0,0.0
11.738,123,17.4,0.075,0.9986,0.2753,0.3307,1.0,0.0,0.0,0,1.04,11,0,1,0.0,0.0,0.0
11.793,124,17.4,0.0636,0.9149,0.1824,0.2597,0.8706,-0.4651,0.0,0,1.0,6,0,1,0.0233,0.0,0.0093
11.854,125,17.4,0.2524,0.8719,0.2769,0.0314,0.8874,0.0,0.0,0,1.0,11,0,1,0.0,0.0,0.0
11.909,126,17.4,0.3099,0.9646,0.2075,-0.1292,0.9838,-0.0737,0.0,0,1.0,9,0,1,0.0037,0.0,0.0015
11.97,127,17.4,0.0728,1.0,0.2197,0.2762,0.963,0.0045,0.0,0,1.0,9,0,1,0.0002,0.0,0.0001
12.028,128,17.4,0.283,1.0,0.1016,-0.2799,0.9985,0.0,0.0,0,1.0,9,0,1,0.0,0.0,0.0
12.087,129,17.4,0.3223,1.0,0.0898,-0.3414,1.0,0.0,0.0,0,1.0,11,0,1,0.0,0.0,0.0
12.143,130,17.4,0.8237,0.7902,0.0453,-0.7165,1.0,0.0,0.0,0,1.0,12,0,1,0.0,0.0,0.0
12.203,131,17.4,0.8554,0.7989,0.0517,-0.7148,1.0,0.0,0.0,0,1.0,14,0,1,0.0,0.0,0.0
12.259,132,17.4,0.8626,0.8019,0.0666,-0.6947,1.0,-0.2099,0.0,0,1.0,13,0,1,0.0105,0.0,0.0042
12.322,133,17.4,0.4917,0.9641,0.0493,-0.5414,1.0,-0.2099,0.0,0,1.0,9,0,1,0.0105,0.0,0.0042
12.375,134,17.4,0.4842,0.9958,0.0778,-0.4794,1.0,-0.2099,0.0,0,1.0,6,0,1,0.0105,0.0,0.0042
12.423,135,17.4,0.405,0.8778,0.1085,-0.3869,0.9642,0.1039,0.0,0,1.0,6,0,1,0.0052,0.0,0.0021
12.474,136,17.4,0.3727,0.9297,0.1257,-0.3237,0.9897,-0.7,0.0,0,1.0,11,0,1,0.035,0.0,0.014
12.531,137,17.4,0.5266,0.4893,0.0532,-0.6658,1.0,-0.7,0.0,0,1.6,4,0,2,0.035,0.0,0.014
12.587,138,17.4,0.4665,0.6426,0.0608,-0.5683,1.0,-0.7,0.0,0,1.56,8,0,2,0.035,0.0,0.014
12.643,139,17.4,0.3722,0.5149,0.148,-0.337,0.9743,-0.1129,0.0,0,1.52,16,0,2,0.0056,0.0,0.0023
12.702,140,17.4,0.3818,0.5125,0.135,-0.3732,0.9536,-0.7,0.0,0,1.48,23,0,2,0.035,0.0,0.014
12.761,141,17.4,0.6749,0.4117,0.0507,-0.7706,1.0,-0.2303,0.0,0,1.44,30,0,2,0.0115,0.0,0.0046
12.821,142,17.4,0.37,0.4206,0.2212,-0.2142,0.7848,-0.2303,0.0,0,1.4,25,0,2,0.0115,0.0,0.0046
12.878,143,17.4,0.9351,0.4073,0.0,-0.9451,1.0,-0.0737,0.0,0,1.36,27,0,2,0.0037,0.0,0.0015
12.939,144,17.4,0.6633,0.8589,0.0,-0.726,1.0,-0.1876,0.0,0,1.32,20,0,2,0.0094,0.0,0.0038
12.996,145,17.4,1.0,0.4239,0.0,-0.9499,1.0,-0.0737,0.0,0,1.28,23,0,2,0.0037,0.0,0.0015
13.053,146,17.4,0.7657,0.4177,0.0,-0.9035,0.9667,-0.0737,0.0,0,1.24,25,0,2,0.0037,0.0,0.0015
13.11,147,17.4,1.0,0.4454,0.0,-0.9412,1.0,-0.1876,0.0,0,1.2,22,0,2,0.0094,0.0,0.0038
13.168,148,17.4,0.9201,0.572,0.0,-0.878,1.0,-0.1876,0.0,0,1.16,19,0,2,0.0094,0.0,0.0038
13.228,149,17.4,0.9851,0.5424,0.0128,-0.8809,1.0,-0.1876,0.0,0,1.12,24,0,2,0.0094,0.0,0.0038
13.288,150,17.4,1.0,0.5341,0.0149,-0.8836,1.0,-0.1876,0.0,0,1.08,23,0,2,0.0094,0.0,0.0038
13.348,151,17.5,1.0,0.5489,0.0,-0.9023,1.0,-0.1876,0.0,0,1.04,23,0,2,0.0094,0.0,0.0038
13.403,152,17.5,0.9677,0.5853,0.0037,-0.8774,1.0,-0.1876,0.0,0,1.0,26,0,2,0.0094,0.0,0.0038
13.457,153,17.5,0.7743,0.7399,0.001,-0.7877,1.0,-0.1876,0.0,0,1.0,23,0,2,0.0094,0.0,0.0038
13.508,154,17.5,0.9922,0.5354,0.0312,-0.8559,1.0,-0.1876,0.0,0,1.0,28,0,2,0.0094,0.0,0.0038
13.56,155,17.5,1.0,0.4724,0.0,-0.9305,0.9568,-0.1876,0.0,0,1.0,34,0,2,0.0094,0.0,0.0038
13.619,156,17.5,0.7888,0.4648,0.3439,-0.3754,0.8321,-0.1876,0.0,0,1.0,37,0,2,0.0094,0.0,0.0038
13.676,157,17.5,0.353,0.5657,0.2425,-0.1467,0.6729,-0.1876,0.0,0,1.0,33,0,2,0.0094,0.0,0.0038
13.74,158,17.5,0.6896,0.4602,0.1713,-0.5464,0.7727,-0.1363,0.0,0,1.0,23,0,2,0.0068,0.0,0.0027
13.794,159,17.5,0.7215,0.492,0.0773,-0.7096,0.8173,-0.2303,0.0,0,1.0,28,0,2,0.0115,0.0,0.0046
13.856,160,17.5,0.7839,0.6859,0.0441,-0.7321,1.0,0.0045,0.0,0,1.0,37,0,2,0.0002,0.0,0.0001
13.914,161,17.5,1.0,0.437,0.0211,-0.909,0.9271,0.0045,0.0,0,1.0,29,0,2,0.0002,0.0,0.0001
13.97,162,17.5,0.7054,0.5534,0.2085,-0.4802,0.8598,-0.2122,0.0,0,1.0,28,0,2,0.0106,0.0,0.0042
14.029,163,17.5,0.7937,0.708,0.0665,-0.6939,1.0,-0.2196,0.0,0,1.0,34,0,2,0.011,0.0,0.0044
14.088,164,17.5,1.0,0.4953,0.0,-0.9218,0.976,-0.2196,0.0,0,1.0,29,0,2,0.011,0.0,0.0044
14.15,165,17.5,0.8245,0.4829,0.1532,-0.6332,0.8674,-0.2441,0.0,0,1.0,19,0,2,0.0122,0.0,0.0049
14.212,166,17.5,1.0,0.3726,0.0,-0.972,0.873,-0.1876,0.0,0,1.0,30,0,2,0.0094,0.0,0.0038
14.271,167,17.5,0.7888,0.5164,0.2256,-0.5088,0.8755,-0.1876,0.0,0,1.0,18,0,2,0.0094,0.0,0.0038
14.333,168,17.5,0.927,0.5009,0.0,-0.9053,0.9399,-0.2441,0.0,0,1.0,17,0,2,0.0122,0.0,0.0049
14.391,169,17.5,1.0,0.4331,0.0,-0.9462,0.9238,-0.2441,0.0,0,1.0,13,0,2,0.0122,0.0,0.0049
14.442,170,17.5,0.3131,0.4849,0.4431,0.1498,0.6554,-0.1876,0.0,0,1.0,15,0,2,0.0094,0.0,0.0038
14.493,171,17.5,0.9832,0.4296,0.0707,-0.8284,0.9115,-0.1967,0.0,0,1.0,17,0,2,0.0098,0.0,0.0039
14.546,172,17.5,1.0,0.472,0.0,-0.9307,0.9565,-0.1967,0.0,0,1.0,21,0,2,0.0098,0.0,0.0039
14.6,173,17.5,1.0,0.3763,0.0239,-0.9287,0.8761,-0.2303,0.0,0,1.0,13,0,2,0.0115,0.0,0.0046
14.651,174,17.5,1.0,0.3972,0.0383,-0.8962,0.8937,-0.1876,0.0,0,1.0,11,0,2,0.0094,0.0,0.0038
14.715,175,17.5,0.5078,0.679,0.0374,-0.6333,0.8548,-0.1876,0.0,0,1.0,12,0,2,0.0094,0.0,0.0038
14.773,176,17.5,0.5804,0.6177,0.0177,-0.7274,0.8439,-0.1876,0.0,0,1.0,17,0,2,0.0094,0.0,0.0038
14.827,177,17.5,0.6787,0.476,0.0405,-0.7679,0.7799,-0.0835,0.0,0,1.0,7,0,2,0.0042,0.0,0.0017
14.888,178,17.5,0.5376,0.4189,0.1874,-0.4311,0.6529,-0.0737,0.0,0,1.0,7,0,2,0.0037,0.0,0.0015
14.951,179,17.5,0.7489,0.4133,0.0,-0.9013,0.7666,-0.0737,0.0,0,1.0,10,0,2,0.0037,0.0,0.0015
15.012,180,17.5,0.5421,0.6491,0.0,-0.7423,0.8488,-0.158,0.0,0,1.0,10,0,2,0.0079,0.0,0.0032
15.069,181,17.4,0.278,0.8083,0.0142,-0.5264,0.8346,-0.2471,0.0,0,1.0,8,0,2,0.0124,0.0,0.0049
15.13,182,17.4,0.4425,0.1541,0.0,-0.983,0.3772,0.0,0.0,0,1.0,1,0,2,0.0,0.0,0.0
15.187,183,17.4,0.6029,0.5042,0.0239,-0.7627,0.7611,-0.1129,0.0,0,1.0,6,0,2,0.0056,0.0,0.0023
15.244,184,17.4,0.6042,0.399,0.0082,-0.8454,0.6735,0.0045,0.0,0,1.0,3,0,2,0.0002,0.0,0.0001
15.308,185,17.4,0.6304,0.46,0.0,-0.8456,0.7394,0.0045,0.0,0,1.0,8,0,2,0.0002,0.0,0.0001
15.364,186,17.4,0.479,0.8731,0.0,-0.6576,1.0,0.0045,0.0,0,1.0,14,0,2,0.0002,0.0,0.0001
15.417,187,17.4,0.8992,0.348,0.0,-0.9656,0.7958,-0.1129,0.0,0,1.0,13,0,2,0.0056,0.0,0.0023
15.468,188,17.4,1.0,0.3645,0.0,-0.9756,0.8662,-0.1129,0.0,0,1.0,14,0,2,0.0056,0.0,0.0023
15.515,189,17.4,0.843,0.2409,0.0,-1.0,0.6745,-0.1876,0.0,0,1.0,11,0,2,0.0094,0.0,0.0038
15.566,190,17.4,1.0,0.6184,0.0,-0.879,1.0,-0.1876,0.0,0,1.0,8,0,2,0.0094,0.0,0.0038
15.618,191,17.4,0.6734,0.4816,0.0,-0.8498,0.7817,-0.1876,0.0,0,1.0,8,0,2,0.0094,0.0,0.0038
15.668,192,17.4,0.7791,0.3261,0.0,-0.9522,0.7102,-0.1876,0.0,0,1.0,16,0,2,0.0094,0.0,0.0038
15.728,193,17.4,0.8531,0.3695,0.0,-0.9462,0.7881,-0.2303,0.0,0,1.0,21,0,2,0.0115,0.0,0.0046
15.788,194,17.4,0.577,0.4879,0.0857,-0.6255,0.7329,-0.1876,0.0,0,1.0,23,0,2,0.0094,0.0,0.0038
15.845,195,17.4,0.8403,0.3927,0.0146,-0.9037,0.8004,-0.1876,0.0,0,1.0,18,0,2,0.0094,0.0,0.0038
15.903,196,17.4,0.6378,0.5726,0.0,-0.8026,0.8382,0.0915,0.0,0,1.0,16,0,2,0.0046,0.0,0.0018
15.964,197,17.4,0.601,0.571,0.0181,-0.7503,0.8162,-0.0737,0.0,0,1.0,26,0,2,0.0037,0.0,0.0015
16.02,198,17.4,0.685,0.4905,0.0042,-0.8404,0.7956,0.0915,0.0,0,1.0,17,0,2,0.0046,0.0,0.0018
16.078,199,17.4,1.0,0.436,0.0,-0.9449,0.9263,0.0915,0.0,0,1.0,17,0,2,0.0046,0.0,0.0018
16.136,200,17.4,1.0,0.4853,0.0,-0.9255,0.9677,-0.0737,0.0,0,1.0,17,0,2,0.0037,0.0,0.0015
16.194,201,17.4,0.9953,0.4942,0.0,-0.9213,0.9725,-0.1876,0.0,0,1.0,14,0,2,0.0094,0.0,0.0038
16.253,202,17.4,0.931,0.7234,0.0,-0.8327,1.0,-0.1876,0.0,0,1.0,15,0,2,0.0094,0.0,0.0038
16.315,203,17.4,0.9123,0.7195,0.0102,-0.8135,1.0,-0.1876,0.0,0,1.0,16,0,2,0.0094,0.0,0.0038
16.373,204,17.4,0.8978,0.7551,0.0,-0.8163,1.0,-0.1876,0.0,0,1.0,18,0,2,0.0094,0.0,0.0038
16.422,205,17.4,0.472,0.9958,0.0,-0.6301,1.0,-0.1876,0.0,0,1.0,14,0,2,0.0094,0.0,0.0038
16.475,206,17.4,0.6749,0.9196,0.0298,-0.6632,1.0,-0.1129,0.0,0,1.0,16,0,2,0.0056,0.0,0.0023
16.525,207,17.4,0.3607,1.0,0.0413,-0.4775,1.0,-0.1129,0.0,0,1.0,13,0,2,0.0056,0.0,0.0023
16.574,208,17.4,0.2493,1.0,0.0361,-0.4082,0.9796,-0.0737,0.0,0,1.0,14,0,2,0.0037,0.0,0.0015
16.625,209,17.4,0.2765,1.0,0.0075,-0.5169,0.9948,-0.0737,0.0,0,1.0,18,0,2,0.0037,0.0,0.0015
16.686,210,17.4,0.2975,1.0,0.0132,-0.5117,1.0,0.0,0.0,0,1.0,14,0,2,0.0,0.0,0.0
16.746,211,17.9,0.0478,1.0,0.0432,-0.0218,0.8668,0.0,0.0,0,1.0,14,0,2,0.0,0.0,0.0
16.813,212,17.9,0.701,0.3648,0.073,-0.7553,0.699,0.0,0.0,0,1.0,12,0,2,0.0,0.0,0.0
16.876,213,17.9,0.9756,0.4781,0.0153,-0.898,0.948,0.0,0.0,0,1.0,19,0,2,0.0,0.0,0.0
16.943,214,17.9,0.3138,0.5895,0.4942,0.1888,0.772,0.0045,0.0,0,1.0,14,0,2,0.0002,0.0,0.0001
17.004,215,17.9,0.6154,0.5443,0.0423,-0.7142,0.8018,-0.1363,0.0,0,1.0,15,0,2,0.0068,0.0,0.0027
17.061,216,17.9,0.7784,0.5975,0.0958,-0.6707,0.9378,-0.1876,0.0,0,1.0,22,0,2,0.0094,0.0,0.0038
17.118,217,17.9,0.6418,0.676,0.1103,-0.5671,0.9272,-0.1876,0.0,0,1.0,21,0,2,0.0094,0.0,0.0038
17.178,218,17.9,0.8182,0.59,0.0545,-0.7535,0.9538,-0.2974,0.0,0,1.0,17,0,2,0.0149,0.0,0.0059
17.236,219,17.9,1.0,0.4599,0.0,-0.9354,0.9463,-0.2303,0.0,0,1.0,19,0,2,0.0115,0.0,0.0046
17.297,220,17.9,0.9473,0.4337,0.0957,-0.7783,0.8948,-0.1876,0.0,0,1.0,18,0,2,0.0094,0.0,0.0038
17.358,221,17.9,0.958,0.4957,0.039,-0.849,0.9528,-0.1876,0.0,0,1.0,13,0,2,0.0094,0.0,0.0038
17.408,222,17.9,0.6834,0.5142,0.0,-0.8393,0.8146,-0.2722,0.0,0,1.0,13,0,2,0.0136,0.0,0.0054
17.457,223,17.9,0.6333,0.5139,0.0378,-0.7415,0.7863,-0.0737,0.0,0,1.0,8,0,2,0.0037,0.0,0.0015
17.512,224,17.9,0.7043,0.4795,0.0,-0.8598,0.7972,-0.0737,0.0,0,1.0,9,0,2,0.0037,0.0,0.0015
17.565,225,17.9,0.7293,0.4607,0.0,-0.8748,0.7954,-0.0737,0.0,0,1.0,12,0,2,0.0037,0.0,0.0015
17.616,226,17.9,0.7363,0.464,0.0,-0.8753,0.8021,-0.2122,0.0,0,1.0,13,1,2,0.0106,0.0,0.0042
17.669,227,17.9,0.4737,0.7779,0.0,-0.6779,0.9187,-0.2122,0.0,0,1.0,17,1,2,0.0106,0.0,0.0042
17.725,228,17.9,0.4561,0.811,0.0,-0.6624,0.9366,-0.2122,0.0,0,1.0,11,1,2,0.0106,0.0,0.0042
17.778,229,17.9,0.734,0.4652,0.0,-0.8741,0.8018,-0.1129,0.0,0,1.0,11,1,2,0.0056,0.0,0.0023
17.835,230,17.9,0.4247,0.7513,0.0021,-0.6578,0.8689,-0.2122,0.0,0,1.0,7,1,2,0.0106,0.0,0.0042
17.887,231,17.9,0.1831,0.9142,0.0564,-0.2828,0.8705,-0.2122,0.0,0,1.0,4,1,2,0.0106,0.0,0.0042
17.95,232,17.9,0.159,0.9511,0.0818,-0.1699,0.888,-0.7,0.0,0,1.0,6,1,2,0.035,0.0,0.014
18.01,233,17.9,0.3209,0.4652,0.2195,-0.1522,0.5705,0.0,0.0,0,1.0,4,1,2,0.0,0.0,0.0
18.067,234,17.9,0.1655,0.6584,0.1744,0.0171,0.6507,-0.4651,0.0,0,1.0,4,1,2,0.0233,0.0,0.0093
18.117,235,17.9,0.1034,0.8472,0.1106,0.0177,0.7736,0.0,0.0,0,1.0,5,1,2,0.0,0.0,0.0
18.17,236,17.9,0.0,0.6424,0.1614,0.5286,0.63,0.0,0.0,0,1.0,2,1,2,0.0,0.0,0.0
18.226,237,17.9,0.0,0.2229,0.2623,0.8141,0.3341,0.0,0.0,0,1.0,1,1,2,0.0,0.0,0.0
18.276,238,17.9,0.0,0.2173,0.2601,0.8176,0.3282,0.0,0.0,0,1.0,1,1,2,0.0,0.0,0.0
18.328,239,17.9,0.5952,0.3954,0.142,-0.5574,0.6654,0.0,0.0,0,1.0,2,1,2,0.0,0.0,0.0
18.384,240,17.9,0.5388,0.5504,0.0362,-0.6899,0.7641,0.0915,0.0,0,1.0,4,1,2,0.0046,0.0,0.0018
18.433,241,17.7,0.296,0.8015,0.0905,-0.3367,0.839,0.0915,0.0,0,1.0,4,1,2,0.0046,0.0,0.0018
18.481,242,17.7,0.4926,0.5527,0.137,-0.4559,0.7402,0.0915,0.0,0,1.0,4,1,2,0.0046,0.0,0.0018
18.533,243,17.7,0.3417,0.5675,0.2794,-0.0801,0.668,-0.1129,0.0,0,1.0,4,1,2,0.0056,0.0,0.0023
18.583,244,17.7,0.3024,0.6065,0.303,0.0007,0.6791,-0.1129,0.0,0,1.0,4,1,2,0.0056,0.0,0.0023
18.632,245,17.7,0.3419,0.4488,0.3283,-0.0175,0.5684,-0.1363,0.0,0,1.0,3,1,2,0.0068,0.0,0.0027
18.685,246,17.7,0.3417,0.4827,0.3799,0.0458,0.6183,0.0,0.0,0,1.0,3,1,2,0.0,0.0,0.0
18.746,247,17.7,0.3417,0.4952,0.3931,0.0603,0.6361,-0.0835,0.0,0,1.0,4,1,2,0.0042,0.0,0.0017
18.803,248,17.7,0.81,0.3244,0.2724,-0.4999,0.7261,-0.0835,0.0,0,1.0,4,1,2,0.0042,0.0,0.0017
18.858,249,17.7,1.0,0.3651,0.068,-0.8604,0.8667,-0.1716,0.0,0,1.0,5,1,2,0.0086,0.0,0.0034
18.924,250,17.7,0.4942,0.3786,0.2895,-0.242,0.5948,-0.2303,0.0,0,1.0,4,1,2,0.0115,0.0,0.0046
18.982,251,17.7,0.5386,0.3499,0.2973,-0.2749,0.5955,-0.2303,0.0,0,1.0,6,1,2,0.0115,0.0,0.0046
19.039,252,17.7,0.6474,0.3458,0.0,-0.9076,0.653,-0.2303,0.0,0,1.0,3,1,2,0.0115,0.0,0.0046
19.091,253,17.7,0.6212,0.2368,0.0,-0.9682,0.5468,-0.1363,0.0,0,1.0,2,1,2,0.0068,0.0,0.0027
19.14,254,17.7,0.267,0.5765,0.0,-0.6259,0.6338,-0.1876,0.0,0,1.0,2,1,2,0.0094,0.0,0.0038
19.202,255,17.7,0.3354,0.1539,0.0,-0.9357,0.3172,-0.1876,0.0,0,1.0,1,1,2,0.0094,0.0,0.0038
19.259,256,17.7,0.3801,0.3724,0.0,-0.7843,0.5256,0.0,0.0,0,1.0,2,1,2,0.0,0.0,0.0
19.319,257,17.7,0.3998,0.3481,0.0,-0.8091,0.5162,0.0,0.0,0,1.0,2,1,2,0.0,0.0,0.0
19.376,258,17.7,0.3355,0.154,0.0,-0.9357,0.3172,-0.7,0.0,0,1.0,1,1,2,0.035,0.0,0.014
19.422,259,17.7,0.0961,0.3651,0.0,-0.535,0.3605,0.0,0.0,0,1.0,1,1,2,0.0,0.0,0.0
19.472,260,17.7,0.1205,0.6271,0.0284,-0.3225,0.5942,0.0,0.0,0,1.0,2,1,2,0.0,0.0,0.0
19.523,261,17.7,0.0,0.0,0.0,0.0,0.3,0.0,0.0,0,1.0,0,0,2,0.0,0.0,0.0
19.573,262,17.7,0.0548,0.4109,0.0,-0.4589,0.3759,0.0,0.0,0,1.0,1,0,2,0.0,0.0,0.0
19.623,263,17.7,0.0802,0.4659,0.0,-0.4834,0.4363,0.0,0.0,0,1.0,1,0,2,0.0,0.0,0.0
19.675,264,17.7,0.2894,0.496,0.0,-0.6695,0.5787,0.0,0.0,0,1.0,2,0,2,0.0,0.0,0.0
19.724,265,17.7,0.3908,0.3797,0.0,-0.7861,0.5378,0.0,0.0,0,1.0,2,0,2,0.0,0.0,0.0
19.777,266,17.7,0.2325,0.2009,0.0,-0.8106,0.299,0.0,0.0,0,1.0,1,0,2,0.0,0.0,0.0
19.835,267,17.7,0.2013,0.1939,0.0,-0.7879,0.2756,-0.7,0.0,0,1.0,1,0,2,0.035,0.0,0.014
19.886,268,17.7,0.0,0.0,0.0,0.0,0.3,-0.7,0.0,0,1.0,0,0,2,0.035,0.0,0.014
19.943,269,17.7,0.0,0.0,0.0,0.0,0.3,-0.7,0.0,0,1.0,0,0,2,0.035,0.0,0.014
20.003,270,17.7,0.3354,0.1539,0.0,-0.9357,0.3172,0.0,0.0,0,1.0,1,0,2,0.0,0.0,0.0
20.061,271,18.5,0.3922,0.3414,0.0,-0.8091,0.5064,0.0,0.0,0,1.0,2,0,2,0.0,0.0,0.0
20.119,272,18.5,0.3198,0.5944,0.0,-0.6539,0.6784,0.0,0.0,0,1.0,3,0,2,0.0,0.0,0.0
20.178,273,18.5,0.1536,0.776,0.023,-0.3813,0.7379,-0.7,0.0,0,1.0,3,0,2,0.035,0.0,0.014
20.234,274,18.5,0.3851,0.3784,0.0,-0.7837,0.5335,0.0,0.0,0,1.0,2,0,2,0.0,0.0,0.0
20.296,275,18.5,0.2371,0.8373,0.0925,-0.2621,0.8362,-0.4651,0.0,0,1.0,3,0,2,0.0233,0.0,0.0093
20.356,276,18.5,0.1719,0.8704,0.1625,-0.0166,0.8274,0.0,0.0,0,1.0,3,0,2,0.0,0.0,0.0
20.406,277,18.5,0.3249,0.7224,0.1981,-0.1729,0.7888,0.0,0.0,0,1.0,4,0,2,0.0,0.0,0.0
20.455,278,18.5,0.2149,0.5511,0.2603,0.0716,0.6087,0.0,0.0,0,1.0,2,0,2,0.0,0.0,0.0
20.507,279,18.5,0.5923,0.1157,0.0,-1.0,0.4289,-0.7,0.0,0,1.0,2,0,2,0.035,0.0,0.014
20.561,280,18.5,0.2021,0.3786,0.4721,0.3597,0.5824,0.0915,0.0,0,1.0,2,0,2,0.0046,0.0,0.0018
20.617,281,18.5,0.3077,0.353,0.5129,0.2369,0.5837,0.0045,0.0,0,1.0,3,0,2,0.0002,0.0,0.0001
20.668,282,18.5,0.1946,0.2496,0.4851,0.4165,0.4813,0.0045,0.0,0,1.0,2,0,2,0.0002,0.0,0.0001
20.725,283,18.5,0.2079,0.4594,0.4931,0.3528,0.6621,-0.1198,0.0,0,1.0,6,0,2,0.006,0.0,0.0024
20.781,284,18.5,0.1785,0.4844,0.5142,0.4141,0.6948,-0.2122,0.0,0,1.0,6,0,2,0.0106,0.0,0.0042
20.835,285,18.5,0.1112,0.3818,0.5023,0.5596,0.602,-0.2122,0.0,0,1.0,3,0,2,0.0106,0.0,0.0042
20.896,286,18.5,0.3805,0.4207,0.0021,-0.7516,0.5665,-0.0659,0.0,0,1.0,2,0,2,0.0033,0.0,0.0013
20.957,287,18.5,0.3882,0.4001,0.0064,-0.7517,0.5534,-0.7,0.0,0,1.0,2,0,2,0.035,0.0,0.014
21.01,288,18.5,0.391,0.1402,0.2255,-0.2805,0.3367,-0.7,0.0,0,1.0,2,0,2,0.035,0.0,0.014
21.071,289,18.5,0.3789,0.1385,0.0,-0.9751,0.3285,-0.7,0.0,0,1.0,1,0,2,0.035,0.0,0.014
21.132,290,18.5,0.3625,0.16,0.0,-0.9427,0.3374,-0.7,0.0,0,1.0,1,0,2,0.035,0.0,0.014
21.188,291,18.5,0.5768,0.4141,0.0,-0.8489,0.6709,-0.7,0.0,0,1.0,4,0,2,0.035,0.0,0.014
21.242,292,18.5,0.6583,0.3295,0.0,-0.9198,0.6455,-0.7,0.0,0,1.0,4,0,2,0.035,0.0,0.014
21.293,293,18.5,0.3656,0.5863,0.0178,-0.6277,0.6972,-0.0737,0.0,0,1.0,3,0,2,0.0037,0.0,0.0015
21.356,294,18.5,0.7664,0.2923,0.0,-0.9681,0.6747,-0.7,0.0,0,1.0,4,0,2,0.035,0.0,0.014
21.409,295,18.5,0.9,0.2267,0.0,-1.0,0.6944,-0.7,0.0,0,1.0,8,0,2,0.035,0.0,0.014
21.456,296,18.5,0.8679,0.2785,0.0,-0.9959,0.7199,-0.2471,0.0,0,1.0,8,0,2,0.0124,0.0,0.0049
21.508,297,18.5,0.6365,0.3803,0.0,-0.8858,0.6759,-0.1876,0.0,0,1.0,3,0,2,0.0094,0.0,0.0038
21.562,298,18.5,0.6745,0.4573,0.0,-0.8606,0.7618,-0.1876,0.0,0,1.0,4,0,2,0.0094,0.0,0.0038
21.615,299,18.5,0.6204,0.6897,0.0,-0.7578,0.9268,-0.0737,0.0,0,1.0,14,0,2,0.0037,0.0,0.0015
21.678,300,18.5,0.3721,0.7843,0.0,-0.6303,0.8672,-0.1876,0.0,0,1.0,15,0,2,0.0094,0.0,0.0038
21.737,301,17.9,0.3436,0.8273,0.0,-0.6065,0.8874,-0.1876,0.0,0,1.0,11,0,2,0.0094,0.0,0.0038
21.796,302,17.9,0.1932,0.8775,0.0937,-0.0082,0.8453,-0.7,0.0,0,1.0,14,0,2,0.035,0.0,0.014
21.854,303,17.9,0.1846,0.6457,0.0,-0.5468,0.6458,0.0,0.0,0,1.0,2,0,2,0.0,0.0,0.0
21.911,304,17.9,0.1161,0.3352,0.0,-0.5761,0.3466,0.0,0.0,0,1.0,1,0,2,0.0,0.0,0.0
21.971,305,17.9,0.0,0.0,0.0,0.0,0.3,0.0,0.0,0,1.0,0,0,2,0.0,0.0,0.0
22.028,306,17.9,0.0,0.4847,0.0399,0.4239,0.4295,0.0,0.0,0,1.0,1,0,2,0.0,0.0,0.0
22.086,307,17.9,0.0,0.0,0.0,0.0,0.3,0.0,0.0,0,1.0,0,0,2,0.0,0.0,0.0
22.144,308,17.9,0.417,0.6331,0.0,-0.6936,0.7653,0.0,0.0,0,1.0,8,0,2,0.0,0.0,0.0
22.203,309,17.9,0.4699,0.8754,0.0058,-0.6398,0.9985,-0.7,0.0,0,1.0,11,0,2,0.035,0.0,0.014
22.261,310,17.9,0.5691,0.7446,0.0,-0.7239,0.9442,-0.1129,0.0,0,1.0,11,0,2,0.0056,0.0,0.0023
22.321,311,17.9,0.4881,0.8229,0.0012,-0.6699,0.9646,-0.1129,0.0,0,1.0,9,0,2,0.0056,0.0,0.0023
22.378,312,17.9,0.4392,0.9028,0.0026,-0.6286,1.0,0.0045,0.0,0,1.0,16,0,2,0.0002,0.0,0.0001
22.432,313,17.9,0.4638,0.632,0.0,-0.7155,0.7906,-0.4651,0.0,0,1.0,14,0,2,0.0233,0.0,0.0093
22.485,314,17.9,0.2102,0.9101,0.0249,-0.4196,0.8821,-0.1129,0.0,0,1.0,15,0,2,0.0056,0.0,0.0023
22.545,315,17.9,0.2043,0.8529,0.0,-0.5224,0.8308,0.0,0.0,0,1.0,4,0,2,0.0,0.0,0.0
22.601,316,17.9,0.1526,0.9867,0.0326,-0.3193,0.9143,0.0,0.0,0,1.0,10,0,2,0.0,0.0,0.0
22.65,317,17.9,0.1208,1.0,0.0326,-0.2711,0.9076,0.0,0.0,1,1.0,12,0,2,0.0,1.0,0.0
22.702,318,17.9,0.3068,0.8319,0.0,-0.5863,0.8706,0.0,0.0,1,1.0,13,0,2,0.0,0.8,0.0
22.765,319,17.9,0.1377,0.985,0.0028,-0.4462,0.9045,0.0,0.0,1,1.0,19,0,2,0.0,0.8,0.0
22.819,320,17.9,0.0736,1.0,0.0045,-0.3719,0.8812,0.0,0.0,1,1.0,11,0,2,0.0,0.8,0.0
22.877,321,17.9,0.2463,0.9115,0.0,-0.5387,0.9036,0.0,0.0,1,1.0,10,0,2,0.0,0.8,0.0
22.937,322,17.9,0.4001,0.6642,0.0193,-0.6221,0.782,0.0,0.0,1,1.0,7,0,2,0.0,0.8,0.0
22.994,323,17.9,0.0,0.6211,0.093,0.4694,0.5738,0.0,0.0,1,1.0,2,0,2,0.0,0.8,0.0
23.051,324,17.9,0.3334,0.3452,0.0617,-0.5559,0.4767,-0.7,0.0,1,1.0,2,0,2,0.035,0.8,0.014
23.112,325,17.9,0.0,0.0,0.0,0.0,0.3,-0.7,0.0,1,1.0,0,0,2,0.035,0.8,0.014
23.173,326,17.9,0.0,0.6874,0.0207,0.3845,0.589,-0.7,0.0,1,1.0,1,0,2,0.035,0.8,0.014
23.229,327,17.9,0.0157,1.0,0.0841,0.2991,0.8871,0.0,0.0,1,1.0,4,0,2,0.0,0.8,0.0
23.292,328,17.9,0.0368,1.0,0.1335,0.274,0.9148,0.0,0.0,1,1.0,9,0,2,0.0,0.8,0.0
23.357,329,17.9,0.076,1.0,0.1294,0.1309,0.9125,0.0,0.0,0,1.0,21,0,2,0.0,0.8,0.0
23.417,330,17.9,0.1224,1.0,0.0993,-0.0534,0.9086,0.0,0.0,0,1.0,17,0,2,0.0,0.0,0.0
23.465,331,17.3,0.0622,1.0,0.1453,0.2021,0.9214,0.0,0.0,0,1.0,15,0,2,0.0,0.0,0.0
23.517,332,17.3,0.0071,1.0,0.5034,0.626,1.0,0.0,0.0,0,1.0,16,0,2,0.0,0.0,0.0
23.567,333,17.3,0.0,1.0,0.547,0.657,1.0,0.0,0.0,0,1.0,18,0,2,0.0,0.0,0.0
23.627,334,17.3,0.0068,1.0,0.1535,0.4355,0.926,-0.1967,0.0,0,1.0,17,0,2,0.0098,0.0,0.0039
23.682,335,17.3,0.0418,1.0,0.1344,0.2552,0.9152,0.0,0.0,0,1.0,16,0,2,0.0,0.0,0.0
23.735,336,17.3,0.0254,1.0,0.1665,0.3643,0.9332,0.0,0.0,0,1.0,15,0,2,0.0,0.0,0.0
23.795,337,17.3,0.0512,1.0,0.1739,0.2804,0.9374,0.0,0.0,0,1.0,14,0,2,0.0,0.0,0.0
23.854,338,17.3,0.0661,1.0,0.1084,0.1175,0.9007,0.0,0.0,0,1.0,16,0,2,0.0,0.0,0.0
23.912,339,17.3,0.0941,1.0,0.058,-0.1119,0.8927,0.0,0.0,0,1.0,17,0,2,0.0,0.0,0.0
23.975,340,17.3,0.1166,1.0,0.0332,-0.2612,0.9053,0.0,0.0,0,1.0,18,0,2,0.0,0.0,0.0
24.037,341,17.3,0.1268,1.0,0.0328,-0.2803,0.911,0.0,0.0,0,1.0,15,0,2,0.0,0.0,0.0
24.106,342,17.3,0.1761,1.0,0.0178,-0.4052,0.9386,0.0,0.0,0,1.0,13,0,2,0.0,0.0,0.0
24.159,343,17.3,0.1964,1.0,0.0659,-0.2659,0.95,0.0,0.0,0,1.0,11,0,2,0.0,0.0,0.0
24.221,344,17.3,0.1355,1.0,0.1065,-0.0628,0.9159,0.0,0.0,0,1.0,14,0,2,0.0,0.0,0.0
24.28,345,17.3,0.1145,1.0,0.1282,0.0296,0.9118,0.0,0.0,0,1.0,11,0,2,0.0,0.0,0.0
24.338,346,17.3,0.0784,1.0,0.225,0.2683,0.966,0.0,0.0,0,1.0,9,0,2,0.0,0.0,0.0
24.392,347,17.3,0.0307,0.9895,0.504,0.5795,1.0,0.0,0.0,0,1.0,6,0,2,0.0,0.0,0.0
24.448,348,17.3,0.001,1.0,0.5023,0.6386,1.0,0.0,0.0,0,1.0,6,0,2,0.0,0.0,0.0
24.497,349,17.3,0.0,1.0,0.4838,0.6339,1.0,-0.1967,0.0,0,1.0,10,0,2,0.0098,0.0,0.0039
24.549,350,17.3,0.0,1.0,0.4438,0.6182,1.0,-0.1129,0.0,0,1.0,11,0,2,0.0056,0.0,0.0023
24.6,351,17.3,0.0,1.0,0.3895,0.5955,1.0,-0.1129,0.0,0,1.0,10,0,2,0.0056,0.0,0.0023
24.652,352,17.3,0.1349,1.0,0.1734,0.0698,0.9371,-0.2303,0.0,0,1.0,11,0,2,0.0115,0.0,0.0046
24.71,353,17.3,0.2211,1.0,0.1492,-0.1141,0.9638,0.0,0.0,0,1.0,10,0,2,0.0,0.0,0.0
24.773,354,17.3,0.3064,1.0,0.0282,-0.4744,1.0,0.0,0.0,0,1.0,13,0,2,0.0,0.0,0.0
24.828,355,17.3,0.3624,1.0,0.0115,-0.5524,1.0,0.0,0.0,0,1.0,12,0,2,0.0,0.0,0.0
24.885,356,17.3,0.3772,1.0,0.0595,-0.4477,1.0,-0.7,0.0,0,1.0,11,0,2,0.035,0.0,0.014
24.947,357,17.3,0.1095,1.0,0.0883,-0.0535,0.9013,-0.7,0.0,0,1.0,7,0,2,0.035,0.0,0.014
25.004,358,17.3,0.0042,1.0,0.2233,0.4967,0.9651,0.0,0.0,0,1.0,5,0,2,0.0,0.0,0.0
25.062,359,17.3,0.0034,1.0,0.2336,0.5061,0.9708,0.0,0.0,0,1.0,6,0,2,0.0,0.0,0.0
25.119,360,17.3,0.0552,1.0,0.3805,0.4591,1.0,0.0,0.0,0,1.0,11,0,2,0.0,0.0,0.0
25.187,361,17.6,0.0178,1.0,0.1185,0.3405,0.9063,0.0,0.0,0,1.0,7,0,2,0.0,0.0,0.0
25.242,362,17.6,0.0304,1.0,0.171,0.3495,0.9358,0.0,0.0,0,1.0,9,0,2,0.0,0.0,0.0
25.307,363,17.6,0.0558,1.0,0.1533,0.2356,0.9259,0.0,0.0,0,1.0,11,0,2,0.0,0.0,0.0
25.362,364,17.6,0.1499,0.9164,0.2085,0.0975,0.8865,0.0,0.0,0,1.0,6,0,2,0.0,0.0,0.0
25.418,365,17.6,0.1273,1.0,0.1256,-0.0036,0.9113,0.0,0.0,0,1.0,9,0,2,0.0,0.0,0.0
25.479,366,17.6,0.0,0.7734,0.3174,0.6044,0.8274,0.0,0.0,0,1.0,6,0,2,0.0,0.0,0.0
25.534,367,17.6,0.0116,0.8036,0.2871,0.542,0.8358,0.0,0.0,0,1.0,7,0,2,0.0,0.0,0.0
25.589,368,17.6,0.2258,0.9251,0.1714,-0.0838,0.9035,0.0,0.0,0,1.0,11,0,2,0.0,0.0,0.0
25.644,369,17.6,0.2954,1.0,0.0754,-0.3483,1.0,0.0,0.0,0,1.0,10,0,2,0.0,0.0,0.0
25.699,370,17.6,0.3457,0.9378,0.0744,-0.4004,0.9814,0.0,0.0,0,1.0,12,0,2,0.0,0.0,0.0
25.755,371,17.6,0.2471,0.9527,0.1156,-0.2144,0.9386,0.0,0.0,0,1.0,11,0,2,0.0,0.0,0.0
25.814,372,17.6,0.348,1.0,0.0275,-0.6868,1.0,0.0,0.0,0,1.0,16,0,2,0.0,0.0,0.0
25.87,373,17.6,0.3308,0.9095,0.1105,-0.3167,0.9492,0.0,0.0,0,1.0,13,0,2,0.0,0.0,0.0
25.93,374,17.6,0.2669,0.9393,0.1746,-0.1314,0.9385,0.0,0.0,0,1.0,12,0,2,0.0,0.0,0.0
25.99,375,17.6,0.2161,0.9837,0.1455,-0.1144,0.9473,0.1784,0.0,0,1.0,10,0,2,0.0089,0.0,0.0036
26.044,376,17.6,0.2045,1.0,0.069,-0.2677,0.9545,0.0,0.0,0,1.0,11,0,2,0.0,0.0,0.0
26.104,377,17.6,0.0344,0.7843,0.301,0.486,0.8273,0.0,0.0,0,1.0,10,0,2,0.0,0.0,0.0
26.163,378,17.6,0.1659,1.0,0.168,0.0036,0.9341,0.0,0.0,0,1.0,10,0,2,0.0,0.0,0.0
26.221,379,17.6,0.3502,0.8563,0.1038,-0.3533,0.9154,0.0,0.0,0,1.0,12,0,2,0.0,0.0,0.0
26.279,380,17.6,0.2478,1.0,0.0577,-0.3462,0.9788,0.0,0.0,0,1.0,17,0,2,0.0,0.0,0.0
26.339,381,17.6,0.2379,1.0,0.0355,-0.4001,0.9732,0.0,0.0,0,1.0,17,0,2,0.0,0.0,0.0
26.393,382,17.6,0.1974,0.9259,0.0676,-0.2677,0.8883,0.0,0.0,0,1.0,10,0,2,0.0,0.0,0.0
26.449,383,17.6,0.2522,0.9231,0.0951,-0.2666,0.9167,0.0,0.0,0,1.0,11,0,2,0.0,0.0,0.0
26.499,384,17.6,0.2659,0.9196,0.1264,-0.2172,0.9213,0.0,0.0,0,1.0,8,0,2,0.0,0.0,0.0
26.55,385,17.6,0.012,0.9658,0.5707,0.6483,1.0,0.0,0.0,0,1.0,10,0,2,0.0,0.0,0.0
26.598,386,17.6,0.0307,0.8202,0.6991,0.6919,1.0,0.0,0.0,0,1.0,7,0,2,0.0,0.0,0.0
26.649,387,17.6,0.0583,0.7075,0.7429,0.6888,1.0,-0.1235,0.0,0,1.0,6,0,2,0.0062,0.0,0.0025
26.703,388,17.6,0.0171,0.7603,0.7458,0.7456,1.0,-0.1235,0.0,0,1.0,8,0,2,0.0062,0.0,0.0025
26.762,389,17.6,0.0307,0.8904,0.6283,0.6504,1.0,-0.1967,0.0,0,1.0,8,0,2,0.0098,0.0,0.0039
26.818,390,17.6,0.1845,0.3521,0.6879,0.5531,0.681,-0.1967,0.0,0,1.0,6,0,2,0.0098,0.0,0.0039
26.878,391,17.7,0.1796,0.8409,0.3539,0.2242,0.9046,-0.1612,0.0,0,1.0,10,0,2,0.0081,0.0,0.0032
26.939,392,17.7,0.1882,1.0,0.055,-0.2871,0.9454,-0.1612,0.0,0,1.0,9,0,2,0.0081,0.0,0.0032
26.997,393,17.7,0.2783,0.9525,0.0442,-0.4157,0.956,-0.0737,0.0,0,1.0,12,0,2,0.0037,0.0,0.0015
27.053,394,17.7,0.0663,1.0,0.16,0.2133,0.9296,0.0,0.0,0,1.0,11,0,2,0.0,0.0,0.0
27.11,395,17.7,0.147,1.0,0.079,-0.155,0.9223,0.0,0.0,0,1.0,14,0,2,0.0,0.0,0.0
27.169,396,17.7,0.8653,0.6116,0.0227,-0.8136,0.9983,0.0,0.0,0,1.0,10,0,2,0.0,0.0,0.0
27.229,397,17.7,0.1883,1.0,0.1239,-0.1154,0.9454,-0.1876,0.0,0,1.0,9,0,2,0.0094,0.0,0.0038
27.289,398,17.7,0.232,1.0,0.0447,-0.3669,0.9699,0.0,0.0,0,1.0,8,0,2,0.0,0.0,0.0
27.346,399,17.7,0.6072,0.827,0.1781,-0.4203,1.0,0.0,0.0,0,1.0,12,0,2,0.0,0.0,0.0
27.401,400,17.7,0.5612,0.6573,0.3339,-0.2144,0.8664,0.0,0.0,0,1.0,11,0,2,0.0,0.0,0.0
27.458,401,17.7,0.1053,1.0,0.3752,0.3555,1.0,-0.2491,0.0,0,1.0,8,0,2,0.0125,0.0,0.005
27.51,402,17.7,0.1077,0.8609,0.4331,0.4115,0.9657,-0.7,0.0,0,1.0,9,0,2,0.035,0.0,0.014
27.572,403,17.7,0.1079,0.8359,0.462,0.4352,0.9608,-0.7,0.0,0,1.0,8,0,2,0.035,0.0,0.014
27.624,404,17.7,0.1942,0.8029,0.4033,0.2514,0.9002,-0.2303,0.0,0,1.0,7,0,2,0.0115,0.0,0.0046
27.677,405,17.7,0.3615,0.3558,0.5994,0.2409,0.6345,0.0045,0.0,0,1.0,10,0,2,0.0002,0.0,0.0001
27.734,406,17.7,0.3741,0.3666,0.6207,0.2414,0.6556,-0.2564,0.0,0,1.0,12,0,2,0.0128,0.0,0.0051
27.797,407,17.7,0.3877,0.366,0.6011,0.21,0.644,-0.2564,0.0,0,1.0,14,0,2,0.0128,0.0,0.0051
27.854,408,17.7,0.2626,0.8872,0.3375,0.0872,0.9343,-0.1967,0.0,0,1.0,11,0,2,0.0098,0.0,0.0039
27.91,409,17.7,0.2656,1.0,0.1848,-0.1114,0.9887,-0.1876,0.0,0,1.0,11,0,2,0.0094,0.0,0.0038
27.97,410,17.7,0.2004,0.9392,0.3409,0.1732,0.9799,-0.2303,0.0,0,1.0,14,0,2,0.0115,0.0,0.0046
28.031,411,17.7,0.0983,0.7142,0.6177,0.5662,0.9459,0.0,0.0,0,1.0,12,0,2,0.0,0.0,0.0
28.087,412,17.7,0.5411,0.8266,0.2271,-0.3125,0.9974,0.0,0.0,0,1.0,12,0,2,0.0,0.0,0.0
28.142,413,17.7,0.717,0.5921,0.2463,-0.4301,0.8989,-0.1129,0.0,0,1.0,11,0,2,0.0056,0.0,0.0023
28.196,414,17.7,0.2227,0.8434,0.345,0.1504,0.9017,-0.2122,0.0,0,1.0,11,0,2,0.0106,0.0,0.0042
28.256,415,17.7,0.5406,0.8751,0.1505,-0.4125,1.0,-0.2122,0.0,0,1.0,13,1,2,0.0106,0.0,0.0042
28.315,416,17.7,0.5723,0.9575,0.0023,-0.6696,1.0,0.0045,0.0,0,1.0,12,1,2,0.0002,0.0,0.0001
28.371,417,17.7,1.0,0.5697,0.0347,-0.8413,1.0,0.0915,0.0,0,1.0,13,1,2,0.0046,0.0,0.0018
28.425,418,17.7,1.0,0.3767,0.0692,-0.8541,0.8764,-0.1876,0.0,0,1.0,13,1,2,0.0094,0.0,0.0038
28.476,419,17.7,1.0,0.399,0.1294,-0.756,0.8952,-0.1876,0.0,0,1.0,9,1,2,0.0094,0.0,0.0038
28.524,420,17.7,0.8128,0.5504,0.0452,-0.7798,0.9175,-0.2303,0.0,0,1.0,7,1,2,0.0115,0.0,0.0046
28.576,421,17.6,0.7594,0.5528,0.117,-0.6414,0.8897,-0.2156,0.0,0,1.0,6,1,2,0.0108,0.0,0.0043
28.624,422,17.6,0.7086,0.6178,0.3005,-0.3563,0.9157,-0.2156,0.0,0,1.0,11,1,2,0.0108,0.0,0.0043
28.674,423,17.6,0.6591,0.5971,0.356,-0.2654,0.8707,-0.1967,0.0,0,1.0,9,1,2,0.0098,0.0,0.0039
28.727,424,17.6,0.2687,0.5536,0.5745,0.3145,0.7868,-0.1967,0.0,0,1.0,7,1,2,0.0098,0.0,0.0039
28.789,425,17.6,0.5688,0.6959,0.2909,-0.2665,0.9031,-0.2454,0.0,0,1.0,10,1,2,0.0123,0.0,0.0049
28.842,426,17.6,0.3537,0.5268,0.5035,0.1539,0.7245,-0.1833,0.0,0,1.0,7,1,2,0.0092,0.0,0.0037
28.907,427,17.6,0.6502,0.4157,0.0761,-0.7067,0.7133,-0.1486,0.0,0,1.0,7,1,2,0.0074,0.0,0.003
28.963,428,17.6,0.3635,0.5046,0.5086,0.1485,0.7087,-0.1486,0.0,0,1.0,5,1,2,0.0074,0.0,0.003
29.02,429,17.6,0.37,0.4929,0.5103,0.1431,0.6998,-0.0737,0.0,0,1.0,6,1,2,0.0037,0.0,0.0015
29.078,430,17.6,0.6813,0.4251,0.022,-0.8282,0.7386,-0.287,0.0,0,1.0,7,1,2,0.0143,0.0,0.0057
29.137,431,17.6,0.3867,0.3498,0.5033,0.1262,0.5757,-0.0737,0.0,0,1.0,4,1,2,0.0037,0.0,0.0015
29.197,432,17.6,0.5389,0.4117,0.0884,-0.6228,0.6476,-0.0737,0.0,0,1.0,3,1,2,0.0037,0.0,0.0015
29.251,433,17.6,0.5756,0.5127,0.1032,-0.5836,0.753,-0.2141,0.0,0,1.0,7,1,2,0.0107,0.0,0.0043
29.313,434,17.6,0.6213,0.2368,0.0,-0.9682,0.5469,0.0915,0.0,0,1.0,2,1,2,0.0046,0.0,0.0018
29.373,435,17.6,0.1845,0.6201,0.1887,0.0077,0.6266,-0.1876,0.0,0,1.0,3,1,2,0.0094,0.0,0.0038
29.427,436,17.6,0.5845,0.2561,0.0,-0.9441,0.5424,-0.1876,0.0,0,1.0,2,1,2,0.0094,0.0,0.0038
29.484,437,17.6,0.1782,0.7384,0.5108,0.3694,0.9063,0.0,0.0,0,1.0,5,1,2,0.0,0.0,0.0
29.533,438,17.6,0.1046,0.7366,0.4838,0.4723,0.8897,0.0915,0.0,0,1.0,5,1,2,0.0046,0.0,0.0018
29.588,439,17.6,0.1902,0.8048,0.2503,-0.5162,0.8162,0.0045,0.0,0,1.0,4,1,2,0.0002,0.0,0.0001
29.642,440,17.6,0.2353,0.6295,0.1364,-0.1788,0.6606,0.0045,0.0,0,1.0,4,1,2,0.0002,0.0,0.0001
29.709,441,17.6,0.2231,0.8178,0.272,-0.072,0.8393,-0.4651,0.0,0,1.0,7,1,2,0.0233,0.0,0.0093
29.771,442,17.6,0.3712,0.6799,0.2665,-0.1259,0.779,0.0,0.0,0,1.0,4,1,2,0.0,0.0,0.0
29.828,443,17.6,0.1845,0.3825,0.512,0.4243,0.608,-0.7,0.0,0,1.0,4,1,2,0.035,0.0,0.014
29.883,444,17.6,0.1015,0.4686,0.5717,0.5974,0.7137,-0.1876,0.0,0,1.0,4,1,2,0.0094,0.0,0.0038
29.938,445,17.6,0.3355,0.3811,0.0162,-0.6928,0.508,-0.1876,0.0,0,1.0,2,1,2,0.0094,0.0,0.0038
29.995,446,17.6,0.4566,0.5626,0.0298,-0.6577,0.7283,0.0915,0.0,0,1.0,8,1,2,0.0046,0.0,0.0018
30.053,447,17.6,0.1704,0.793,0.0347,-0.3525,0.7616,-0.1967,0.0,0,1.0,5,1,2,0.0098,0.0,0.0039
30.111,448,17.6,0.0,0.3051,0.3744,0.8228,0.466,0.0,0.0,0,1.0,2,1,2,0.0,0.0,0.0
30.172,449,17.6,0.084,0.7619,0.0246,-0.254,0.687,0.0,0.0,0,1.0,4,1,2,0.0,0.0,0.0
30.231,450,17.6,0.211,0.4332,0.2699,0.0982,0.515,0.0,0.0,0,1.0,4,1,2,0.0,0.0,0.0
30.287,451,17.6,0.1509,0.6453,0.194,0.0815,0.6507,0.0,0.0,0,1.0,4,1,2,0.0,0.0,0.0
30.346,452,17.6,0.0959,0.4001,0.3469,0.4543,0.5304,-0.7,0.0,0,1.0,3,1,2,0.035,0.0,0.014
30.402,453,17.6,0.075,0.2176,0.5774,0.7624,0.5061,0.0,0.0,0,1.0,4,1,2,0.0,0.0,0.0
30.455,454,17.6,0.1058,0.6086,0.269,0.2961,0.6619,0.0915,0.0,0,1.0,4,1,2,0.0046,0.0,0.0018
30.508,455,17.6,0.1404,0.8553,0.2064,0.1146,0.8341,0.0,0.0,0,1.0,4,1,2,0.0,0.0,0.0
30.56,456,17.6,0.2167,0.5785,0.3437,0.1752,0.6784,0.0,0.0,0,1.0,7,1,2,0.0,0.0,0.0
30.618,457,17.6,0.3992,0.4103,0.0712,-0.5639,0.5682,0.0,0.0,0,1.0,3,1,2,0.0,0.0,0.0
30.676,458,17.6,0.633,0.3821,0.1099,-0.6441,0.6754,-0.1716,0.0,0,1.0,3,1,2,0.0086,0.0,0.0034
30.728,459,17.6,0.1795,0.5514,0.3033,0.1929,0.633,-0.1876,0.0,0,1.0,5,1,2,0.0094,0.0,0.0038
30.787,460,17.6,0.3819,0.4801,0.1023,-0.4515,0.6172,-0.1876,0.0,0,1.0,4,1,2,0.0094,0.0,0.0038
30.842,461,17.6,0.2092,0.5559,0.0,-0.5897,0.5841,0.0,0.0,0,1.0,2,1,2,0.0,0.0,0.0
30.902,462,17.6,0.1809,0.1543,0.344,0.3135,0.3223,-0.4651,0.0,0,1.0,2,1,2,0.0233,0.0,0.0093
30.969,463,17.6,0.3443,0.085,0.0,-1.0,0.2642,-0.2303,0.0,0,1.0,1,1,2,0.0115,0.0,0.0046
31.028,464,17.6,0.112,0.4848,0.2395,0.2588,0.5414,0.0,0.0,0,1.0,3,1,2,0.0,0.0,0.0
31.085,465,17.6,0.2493,0.4665,0.1888,-0.1058,0.5315,0.0,0.0,0,1.0,3,1,2,0.0,0.0,0.0
31.139,466,17.6,0.3653,0.6055,0.0743,-0.4722,0.7132,-0.7,0.0,0,1.0,4,1,2,0.035,0.0,0.014
31.194,467,17.6,0.3354,0.5593,0.1134,-0.3631,0.6576,-0.7,0.0,0,1.0,5,1,2,0.035,0.0,0.014
31.25,468,17.6,0.1845,0.6855,0.1684,-0.0295,0.6791,-0.7,0.0,0,1.0,4,1,2,0.035,0.0,0.014
31.318,469,17.6,0.3354,0.3493,0.0681,-0.5369,0.4813,0.0,0.0,0,1.0,2,1,2,0.0,0.0,0.0
31.379,470,17.6,0.3354,0.1539,0.0,-0.9357,0.3171,0.0,0.0,0,1.0,1,1,2,0.0,0.0,0.0
31.434,471,17.6,0.1845,0.5866,0.0488,-0.3485,0.5961,0.0,0.0,0,1.0,2,1,2,0.0,0.0,0.0
31.485,472,17.6,0.3354,0.1539,0.0,-0.9357,0.3172,0.0,0.0,0,1.0,1,1,2,0.0,0.0,0.0
31.539,473,17.6,0.3858,0.3767,0.0,-0.785,0.5324,0.0,0.0,0,1.0,2,1,2,0.0,0.0,0.0
31.589,474,17.6,0.3907,0.3737,0.0,-0.7893,0.5327,0.0,0.0,0,1.0,2,1,2,0.0,0.0,0.0
31.639,475,17.6,0.3893,0.3736,0.0,-0.7886,0.5318,-0.7,0.0,0,1.0,2,1,2,0.035,0.0,0.014
31.692,476,17.6,0.3354,0.1539,0.0,-0.9357,0.3172,-0.7,0.0,0,1.0,1,1,2,0.035,0.0,0.014
31.741,477,17.6,0.3354,0.1539,0.0,-0.9357,0.3172,-0.7,0.0,0,1.0,1,1,2,0.035,0.0,0.014
31.792,478,17.6,0.3354,0.1539,0.0,-0.9357,0.3172,0.0,0.0,0,1.0,1,1,2,0.0,0.0,0.0
31.855,479,17.6,0.3686,0.3977,0.0,-0.764,0.5405,0.0,0.0,0,1.0,2,1,2,0.0,0.0,0.0
31.912,480,17.6,0.3223,0.4914,0.0,-0.6927,0.5933,-0.7,0.0,0,1.0,2,1,2,0.035,0.0,0.014
31.984,481,17.8,0.3354,0.4113,0.024,-0.6512,0.5333,-0.7,0.0,0,1.0,2,1,2,0.035,0.0,0.014
32.046,482,17.8,0.37,0.4012,0.0,-0.763,0.5442,0.0,0.0,0,1.0,2,1,2,0.0,0.0,0.0
32.102,483,17.8,0.3717,0.4082,0.0,-0.7604,0.551,0.0,0.0,0,1.0,2,1,2,0.0,0.0,0.0
32.159,484,17.8,0.374,0.5419,0.0171,-0.65,0.6647,-0.7,0.0,0,1.0,3,1,2,0.035,0.0,0.014
32.209,485,17.8,0.4359,0.4921,0.0,-0.7546,0.6575,0.0,0.0,0,1.0,3,1,2,0.0,0.0,0.0
32.268,486,17.8,0.3355,0.154,0.0,-0.9357,0.3172,-0.4651,0.0,0,1.0,1,1,2,0.0233,0.0,0.0093
32.328,487,17.8,0.1168,0.4096,0.0,-0.5464,0.4095,-0.4651,0.0,0,1.0,1,1,2,0.0233,0.0,0.0093
32.384,488,17.8,0.0,0.0,0.0,0.0,0.3,-0.4651,0.0,0,1.0,0,0,2,0.0233,0.0,0.0093
32.431,489,17.8,0.0697,0.6532,0.0578,-0.0463,0.5878,0.0,0.0,0,1.0,2,0,2,0.0,0.0,0.0
32.485,490,17.8,0.1501,0.6666,0.0,-0.5144,0.644,0.0,0.0,0,1.0,2,0,2,0.0,0.0,0.0
32.539,491,17.8,0.1743,0.8708,0.0107,-0.4484,0.8291,0.0,0.0,0,1.0,4,0,2,0.0,0.0,0.0
32.59,492,17.8,0.5476,0.0359,0.0,-1.0,0.3368,0.0,0.0,0,1.0,1,0,2,0.0,0.0,0.0
32.641,493,17.8,0.5784,0.2925,0.0,-0.9179,0.5697,0.0,0.0,0,1.0,2,0,2,0.0,0.0,0.0
32.69,494,17.8,0.5611,0.2758,0.0,-0.9232,0.5458,0.0915,0.0,0,1.0,2,0,2,0.0046,0.0,0.0018
32.741,495,17.8,0.4658,0.1046,0.0,-1.0,0.3487,0.0045,0.0,0,1.0,1,0,2,0.0002,0.0,0.0001
32.792,496,17.8,0.6086,0.2277,0.0,-0.9712,0.5321,0.0045,0.0,0,1.0,2,0,2,0.0002,0.0,0.0001
32.842,497,17.8,0.6987,0.2742,0.0,-0.9633,0.6216,-0.1129,0.0,0,1.0,3,0,2,0.0056,0.0,0.0023
32.892,498,17.8,0.32,0.9113,0.0,-0.5783,0.9447,-0.0737,0.0,0,1.0,3,0,2,0.0037,0.0,0.0015
32.951,499,17.8,0.4761,0.5266,0.0,-0.7588,0.709,0.0,0.0,0,1.0,3,0,2,0.0,0.0,0.0
33.012,500,17.8,0.3128,0.2715,0.0,-0.8097,0.4032,0.0,0.0,0,1.0,1,0,2,0.0,0.0,0.0
33.069,501,17.8,0.4453,0.6946,0.0,-0.6881,0.8328,-0.1129,0.0,0,1.0,5,0,2,0.0056,0.0,0.0023
33.128,502,17.8,0.5824,0.5501,0.0,-0.792,0.7882,-0.1129,0.0,0,1.0,7,0,2,0.0056,0.0,0.0023
33.187,503,17.8,0.4901,0.6538,0.0,-0.7199,0.8237,0.0915,0.0,0,1.0,8,0,2,0.0046,0.0,0.0018
33.244,504,17.8,0.4952,0.5104,0.0,-0.7736,0.7061,0.0915,0.0,0,1.0,3,0,2,0.0046,0.0,0.0018
33.304,505,17.8,0.16,0.4369,0.1449,-0.0349,0.4566,-0.1129,0.0,0,1.0,2,0,2,0.0056,0.0,0.0023
33.36,506,17.8,0.2424,0.8004,0.1826,-0.0915,0.808,-0.2303,0.0,0,1.0,4,0,2,0.0115,0.0,0.0046
33.418,507,17.8,0.2092,0.7364,0.2179,0.0135,0.7406,-0.7,0.0,0,1.0,3,0,2,0.035,0.0,0.014
33.472,508,17.8,0.3804,0.6749,0.2854,-0.1108,0.7799,0.0,0.0,0,1.0,4,0,2,0.0,0.0,0.0
33.527,509,17.8,0.3746,0.6553,0.0,-0.6655,0.7603,0.0,0.0,1,1.0,5,0,2,0.0,1.0,0.0
33.584,510,17.8,0.4743,0.5854,0.0,-0.5964,0.7573,-0.2027,0.0,1,1.0,6,0,2,0.0101,0.8,0.0041
33.637,511,17.9,0.6153,0.2742,0.0,-0.9411,0.5749,0.0,0.0,1,1.0,3,0,2,0.0,0.8,0.0
33.693,512,17.9,0.1184,0.7124,0.5186,0.4753,0.8888,-0.1876,0.0,1,1.0,7,0,2,0.0094,0.8,0.0038
33.753,513,17.9,0.1697,0.5652,0.5652,0.4493,0.7912,0.0045,0.0,1,1.0,7,0,2,0.0002,0.8,0.0001
33.813,514,17.9,0.3148,0.5645,0.0694,-0.4473,0.6504,0.0045,0.0,1,1.0,4,0,2,0.0002,0.8,0.0001
33.87,515,17.9,0.3476,0.5546,0.046,-0.5431,0.6605,-0.1235,0.0,1,1.0,4,0,2,0.0062,0.8,0.0025
33.931,516,17.9,0.4484,0.3904,0.0,-0.8091,0.579,0.0,0.0,1,1.0,3,0,2,0.0,0.8,0.0
33.99,517,17.9,0.3903,0.5635,0.0,-0.7038,0.6919,-0.1129,0.0,1,1.0,4,0,2,0.0056,0.8,0.0023
34.055,518,17.9,0.177,0.8766,0.2215,0.0694,0.8603,-0.7,0.0,1,1.0,4,0,2,0.035,0.8,0.014
34.11,519,17.9,0.0603,0.9843,0.2742,0.3663,0.9803,0.0,0.0,1,1.0,4,0,2,0.0,0.8,0.0
34.169,520,17.9,0.121,0.8534,0.2889,0.2591,0.8787,0.0,0.0,1,1.0,7,0,2,0.0,0.8,0.0
34.23,521,17.9,0.1273,0.7856,0.3557,0.5894,0.859,0.0,0.0,0,1.0,6,0,2,0.0,0.8,0.0
34.288,522,17.9,0.0867,0.8848,0.2864,0.3261,0.9036,0.0,0.0,0,1.0,6,0,2,0.0,0.0,0.0
34.345,523,17.9,0.2031,0.6497,0.3393,0.1863,0.7357,0.0,0.0,0,1.0,5,0,2,0.0,0.0,0.0
34.398,524,17.9,0.1666,0.7508,0.3589,0.2584,1.0,-0.1716,0.0,0,1.6,4,0,3,0.0086,0.0,0.0034
34.448,525,17.9,0.1717,0.7426,0.3674,0.2589,1.0,-0.1716,0.0,0,1.56,4,0,3,0.0086,0.0,0.0034
34.497,526,17.9,0.0702,0.6777,0.4569,0.5336,1.0,-0.1235,0.0,0,1.52,3,0,3,0.0062,0.0,0.0025
34.548,527,17.9,0.073,0.6823,0.5065,0.5579,1.0,-0.1129,0.0,0,1.48,4,0,3,0.0056,0.0,0.0023
34.6,528,17.9,0.0443,0.6409,0.638,0.6901,1.0,-0.1129,0.0,0,1.44,4,0,3,0.0056,0.0,0.0023
34.649,529,17.9,0.1123,0.756,0.4304,0.4167,1.0,-0.1967,0.0,0,1.4,4,0,3,0.0098,0.0,0.0039
34.699,530,17.9,0.0994,0.6361,0.4702,0.4928,1.0,-0.7,0.0,0,1.36,3,0,3,0.035,0.0,0.014
34.754,531,17.9,0.2049,0.6075,0.3554,0.205,0.9363,-0.7,0.0,0,1.32,3,0,3,0.035,0.0,0.014
34.812,532,17.9,0.3951,0.4069,0.0,-0.7738,0.7207,0.0045,0.0,0,1.28,2,0,3,0.0002,0.0,0.0001
34.866,533,17.9,0.2269,0.336,0.0,-0.6986,0.5076,-0.7,0.0,0,1.24,1,0,3,0.035,0.0,0.014
34.919,534,17.9,0.2277,0.3327,0.0,-0.7013,0.4884,0.0,0.0,0,1.2,1,0,3,0.0,0.0,0.0
34.978,535,17.9,0.0,0.3996,0.3785,0.7686,0.6353,0.0,0.0,0,1.16,1,0,3,0.0,0.0,0.0
35.035,536,17.9,0.1106,0.5961,0.3796,0.4056,0.7989,0.0,0.0,0,1.12,2,0,3,0.0,0.0,0.0
35.091,537,17.9,0.1843,0.4811,0.3851,0.2875,0.6694,0.0,0.0,0,1.08,2,0,3,0.0,0.0,0.0
35.14,538,17.9,0.1843,0.4815,0.3839,0.2862,0.6443,-0.1876,0.0,0,1.04,2,0,3,0.0094,0.0,0.0038
35.194,539,17.9,0.0,0.0,0.0,0.0,0.3,-0.1876,0.0,0,1.0,0,0,3,0.0094,0.0,0.0038
35.253,540,17.9,0.1461,0.9116,0.0217,-0.3638,0.8475,-0.1876,0.0,0,1.0,3,0,3,0.0094,0.0,0.0038
35.311,541,18.0,0.7786,0.2961,0.0,-0.9685,0.6848,-0.1876,0.0,0,1.0,2,0,3,0.0094,0.0,0.0038
35.367,542,18.0,0.2631,0.8538,0.0,-0.5579,0.8645,-0.2303,0.0,0,1.0,2,0,3,0.0115,0.0,0.0046
35.429,543,18.0,0.1486,0.7728,0.4034,0.3276,0.875,0.0,0.0,0,1.0,4,0,3,0.0,0.0,0.0
35.484,544,18.0,0.1466,0.6939,0.4033,0.3415,0.8088,-0.4651,0.0,0,1.0,3,0,3,0.0233,0.0,0.0093
35.54,545,18.0,0.1133,0.5623,0.4118,0.4353,0.7029,-0.4651,0.0,0,1.0,2,0,3,0.0233,0.0,0.0093
35.59,546,18.0,0.1131,0.5551,0.4198,0.4439,0.7014,-0.4651,0.0,0,1.0,2,0,3,0.0233,0.0,0.0093
35.64,547,18.0,0.1111,0.5458,0.4251,0.4546,0.6965,-0.7,0.0,0,1.0,2,0,3,0.035,0.0,0.014
35.69,548,18.0,0.1261,0.7013,0.4264,0.3969,0.8279,-0.7,0.0,0,1.0,3,0,3,0.035,0.0,0.014
35.741,549,18.0,0.1523,0.6698,0.4264,0.3548,0.8014,-0.7,0.0,0,1.0,3,0,3,0.035,0.0,0.014
35.793,550,18.0,0.3455,0.4801,0.0,-0.7115,0.5968,-0.3477,0.0,0,1.0,2,0,3,0.0174,0.0,0.007
35.852,551,18.0,0.3783,0.7315,0.0,-0.6463,0.8263,0.0,0.0,0,1.0,4,0,3,0.0,0.0,0.0
35.912,552,18.0,0.3461,0.6868,0.0016,-0.6363,1.0,0.0,0.0,0,1.6,3,0,4,0.0,0.0,0.0
35.97,553,18.0,0.6515,0.7631,0.008,-0.7313,1.0,-0.7,0.0,0,1.56,6,0,4,0.035,0.0,0.014
36.027,554,18.0,0.3459,0.6521,0.0,-0.6511,1.0,-0.0737,0.0,0,1.52,3,0,4,0.0037,0.0,0.0015
36.086,555,18.0,0.3185,0.5062,0.0,-0.6844,0.8933,0.0,0.0,0,1.48,2,0,4,0.0,0.0,0.0
36.147,556,18.0,0.1732,0.6428,0.4897,0.3755,1.0,0.0,0.0,0,1.44,4,0,4,0.0,0.0,0.0
36.203,557,18.0,0.1234,0.5759,0.5272,0.5,1.0,0.0,0.0,0,1.4,3,0,4,0.0,0.0,0.0
36.263,558,18.0,0.1485,0.6254,0.555,0.4649,1.0,-0.2303,0.0,0,1.36,4,0,4,0.0115,0.0,0.0046
36.32,559,18.0,0.0597,0.4488,0.5229,0.6634,0.8842,-0.0835,0.0,0,1.32,2,0,4,0.0042,0.0,0.0017
36.379,560,18.0,0.0949,0.4604,0.0,-0.5035,0.563,0.0045,0.0,0,1.28,1,0,4,0.0002,0.0,0.0001
36.439,561,18.0,0.1455,0.4771,0.5671,0.5106,0.8908,0.0045,0.0,0,1.24,3,0,4,0.0002,0.0,0.0001
36.488,562,18.0,0.0445,0.6581,0.6004,0.6686,1.0,0.0,0.0,0,1.2,4,0,4,0.0,0.0,0.0
36.537,563,18.0,0.0329,0.5675,0.6006,0.7197,0.9431,0.0915,0.0,0,1.16,3,0,4,0.0046,0.0,0.0018
36.593,564,18.0,0.1818,0.7392,0.0,-0.5258,0.8095,0.0915,0.0,0,1.12,3,0,4,0.0046,0.0,0.0018
36.648,565,18.0,0.0709,0.4763,0.5056,0.6183,0.7379,0.0915,0.0,0,1.08,3,0,4,0.0046,0.0,0.0018
36.706,566,18.0,0.0,0.1255,0.5088,1.0,0.406,0.0,0.0,0,1.04,1,0,4,0.0,0.0,0.0
36.759,567,18.0,0.0,0.208,0.7004,1.0,0.5669,-0.0835,0.0,0,1.0,3,0,4,0.0042,0.0,0.0017
36.816,568,18.0,0.1126,0.5288,0.4207,0.4516,0.6798,-0.1235,0.0,0,1.0,5,0,4,0.0062,0.0,0.0025
36.876,569,18.0,0.1081,0.4438,0.3293,0.3928,0.5572,-0.7,0.0,0,1.0,3,0,4,0.035,0.0,0.014
36.937,570,18.0,0.0,0.0295,0.4056,1.0,0.2519,-0.7,0.0,0,1.0,1,0,4,0.035,0.0,0.014
36.993,571,17.8,0.0268,0.6686,0.0797,0.2359,0.6063,0.0,0.0,0,1.0,2,0,4,0.0,0.0,0.0
37.052,572,17.8,0.1342,0.609,0.0,-0.5117,0.5867,0.0,0.0,0,1.0,2,0,4,0.0,0.0,0.0
37.11,573,17.8,0.0,0.0117,0.4038,1.0,0.2359,0.0,0.0,0,1.0,1,0,4,0.0,0.0,0.0
37.167,574,17.8,0.1075,0.3949,0.22,0.2544,0.4549,-0.7,0.0,0,1.0,2,0,4,0.035,0.0,0.014
37.216,575,17.8,0.1074,0.4033,0.2185,0.2509,0.4611,0.0,0.0,0,1.0,2,0,4,0.0,0.0,0.0
37.278,576,17.8,0.054,0.4448,0.5387,0.6869,0.6753,0.0,0.0,0,1.0,4,0,4,0.0,0.0,0.0
37.338,577,17.8,0.0,0.1013,0.6731,1.0,0.462,0.0,0.0,0,1.0,2,0,4,0.0,0.0,0.0
37.392,578,17.8,0.064,0.4758,0.6585,0.7131,0.7684,0.0045,0.0,0,1.0,3,0,4,0.0002,0.0,0.0001
37.45,579,17.8,0.0315,0.6056,0.7112,0.753,0.907,0.0045,0.0,0,1.0,5,0,4,0.0002,0.0,0.0001
37.498,580,17.8,0.1952,0.5319,0.5934,0.4351,1.0,-0.1235,0.0,0,1.6,5,0,5,0.0062,0.0,0.0025
37.546,581,17.8,0.1964,0.51,0.5546,0.4103,1.0,-0.1235,0.0,0,1.56,4,0,5,0.0062,0.0,0.0025
37.597,582,17.8,0.305,0.6492,0.2822,-0.0295,1.0,0.0045,0.0,0,1.52,4,0,5,0.0002,0.0,0.0001
37.652,583,17.8,0.3191,0.6616,0.2859,-0.0418,1.0,0.0045,0.0,0,1.48,4,0,5,0.0002,0.0,0.0001
37.708,584,17.8,0.1147,0.6505,0.5022,0.4829,1.0,0.0045,0.0,0,1.44,4,0,5,0.0002,0.0,0.0001
37.758,585,17.8,0.3516,0.6372,0.2253,-0.1662,1.0,-0.0737,0.0,0,1.4,3,0,5,0.0037,0.0,0.0015
37.817,586,17.8,0.2362,0.7075,0.3878,0.1831,1.0,-0.1967,0.0,0,1.36,4,0,5,0.0098,0.0,0.0039
37.876,587,17.8,0.3783,0.641,0.2035,-0.2282,0.9904,-0.2303,0.0,0,1.32,3,0,5,0.0115,0.0,0.0046
37.936,588,17.8,0.2605,0.5885,0.4448,0.2137,0.9516,-0.2303,0.0,0,1.28,3,0,5,0.0115,0.0,0.0046
37.995,589,17.8,0.2644,0.5995,0.4275,0.1909,0.9213,-0.7,0.0,0,1.24,3,0,5,0.035,0.0,0.014
38.051,590,17.8,0.2653,0.6675,0.4343,0.1908,0.9647,-0.1363,0.0,0,1.2,4,0,5,0.0068,0.0,0.0027
38.11,591,17.8,0.2672,0.6118,0.4016,0.1606,0.8571,-0.0737,0.0,0,1.16,3,0,5,0.0037,0.0,0.0015
38.169,592,17.8,0.271,0.6798,0.4208,0.1697,0.9035,-0.1967,0.0,0,1.12,4,0,5,0.0098,0.0,0.0039
38.239,593,17.8,0.2712,0.6177,0.403,0.1561,0.8042,-0.1967,0.0,0,1.08,3,0,5,0.0098,0.0,0.0039
38.312,594,17.8,0.2682,0.6211,0.401,0.1578,0.7761,0.0045,0.0,0,1.04,3,0,5,0.0002,0.0,0.0001
38.371,595,17.8,0.1845,0.4746,0.3998,0.3035,0.6225,-0.158,0.0,0,1.0,2,0,5,0.0079,0.0,0.0032
38.424,596,17.8,0.2025,0.6839,0.4044,0.2512,0.8009,-0.1876,0.0,0,1.0,4,0,5,0.0094,0.0,0.0038
38.482,597,17.8,0.2718,0.7194,0.389,0.1352,0.8221,-0.1876,0.0,0,1.0,4,0,5,0.0094,0.0,0.0038
38.531,598,17.8,0.2778,0.6505,0.4374,0.1785,0.7913,0.0045,0.0,0,1.0,4,0,5,0.0002,0.0,0.0001
38.582,599,17.8,0.2131,0.6435,0.426,0.2593,0.7791,-0.2303,0.0,0,1.0,4,0,5,0.0115,0.0,0.0046
38.636,600,17.8,0.3006,0.7571,0.3698,0.0778,0.843,-0.7,0.0,0,1.0,6,0,5,0.035,0.0,0.014
38.693,601,17.7,0.2529,0.6973,0.5203,0.2772,0.8771,-0.7,0.0,0,1.0,5,0,5,0.035,0.0,0.014
38.75,602,17.7,0.463,0.4192,0.3648,-0.1089,0.6115,-0.2303,0.0,0,1.0,4,0,5,0.0115,0.0,0.0046
38.799,603,17.7,0.2628,0.7958,0.4194,0.1716,0.9033,-0.2405,0.0,0,1.0,5,0,5,0.012,0.0,0.0048
38.852,604,17.7,0.059,0.8343,0.5269,0.5643,0.9958,-0.2405,0.0,0,1.0,6,0,5,0.012,0.0,0.0048
38.913,605,17.7,0.1015,0.7197,0.5201,0.5047,0.8958,-0.2156,0.0,0,1.0,4,0,5,0.0108,0.0,0.0043
38.969,606,17.7,0.1868,0.8001,0.2463,0.381,0.81,0.0045,0.0,0,1.0,3,0,5,0.0002,0.0,0.0001
39.031,607,17.7,0.0,0.0,0.0,0.0,0.3,0.0045,0.0,0,1.0,0,0,5,0.0002,0.0,0.0001
39.086,608,17.7,0.0,0.5156,0.6104,0.8154,1.0,-0.4651,0.0,0,1.6,3,0,6,0.0233,0.0,0.0093
39.144,609,17.7,0.0,0.5617,0.5704,0.7833,1.0,-0.4651,0.0,0,1.56,3,0,6,0.0233,0.0,0.0093
39.203,610,17.7,0.3354,0.4374,0.0809,-0.4705,0.844,0.0915,0.0,0,1.52,3,0,6,0.0046,0.0,0.0018
39.262,611,17.7,0.1023,0.5094,0.6712,0.6373,1.0,0.0,0.0,0,1.48,4,0,6,0.0,0.0,0.0
39.32,612,17.7,0.1015,0.4696,0.6259,0.6276,1.0,-0.1129,0.0,0,1.44,3,0,6,0.0056,0.0,0.0023
39.379,613,17.7,0.5213,0.3362,0.1407,-0.6147,0.8041,-0.1129,0.0,0,1.4,3,0,6,0.0056,0.0,0.0023
39.436,614,17.7,0.1845,0.5416,0.2866,0.1627,0.837,-0.1129,0.0,0,1.36,2,0,6,0.0056,0.0,0.0023
39.491,615,17.7,0.3643,0.8339,0.0272,-0.5411,1.0,0.0915,0.0,0,1.32,3,0,6,0.0046,0.0,0.0018
39.54,616,17.7,0.2627,0.5909,0.549,0.2985,1.0,-0.7,0.0,0,1.28,4,0,6,0.035,0.0,0.014
39.592,617,17.7,0.4034,0.8416,0.0754,-0.4553,1.0,-0.7,0.0,0,1.24,3,0,6,0.035,0.0,0.014
39.638,618,17.7,0.4928,0.5392,0.0,-0.7611,0.8747,-0.1833,0.0,0,1.2,2,0,6,0.0092,0.0,0.0037
39.69,619,17.7,0.4099,0.8875,0.0948,-0.415,1.0,-0.1129,0.0,0,1.16,4,0,6,0.0056,0.0,0.0023
39.74,620,17.7,0.4885,0.5271,0.0,-0.764,0.8023,-0.1129,0.0,0,1.12,2,0,6,0.0056,0.0,0.0023
39.794,621,17.7,0.4086,0.5007,0.0,-0.7375,0.7013,-0.7,0.0,0,1.08,3,0,6,0.035,0.0,0.014
39.851,622,17.7,0.3847,0.4785,0.1257,-0.4026,0.6421,-0.7,0.0,0,1.04,4,0,6,0.035,0.0,0.014
39.909,623,17.7,0.4973,0.7732,0.0387,-0.6022,0.9279,-0.4651,0.0,0,1.0,8,0,6,0.0233,0.0,0.0093
39.97,624,17.7,0.5057,0.7489,0.0027,-0.6921,0.9123,-0.2303,0.0,0,1.0,4,0,6,0.0115,0.0,0.0046
40.029,625,17.7,0.5936,0.7098,0.0,-0.7426,0.9286,-0.2303,0.0,0,1.0,9,0,6,0.0115,0.0,0.0046
40.084,626,17.7,0.4587,0.8301,0.0844,-0.477,0.9542,0.0045,0.0,0,1.0,4,0,6,0.0002,0.0,0.0001
40.142,627,17.7,0.3039,0.9847,0.1608,-0.1938,0.9973,0.0915,0.0,0,1.0,5,0,6,0.0046,0.0,0.0018
40.191,628,17.7,0.7616,0.674,0.0137,-0.7808,0.9926,-0.2303,0.0,0,1.0,4,0,6,0.0115,0.0,0.0046
40.246,629,17.7,0.5061,0.6301,0.0279,-0.6674,0.8126,-0.2303,0.0,0,1.0,3,0,6,0.0115,0.0,0.0046
40.304,630,17.7,0.4033,0.7965,0.1255,-0.3652,0.8949,-0.2122,0.0,0,1.0,3,0,6,0.0106,0.0,0.0042
40.36,631,18.0,0.3354,0.1539,0.0,-0.9357,0.3171,-0.7,0.0,0,1.0,1,0,6,0.035,0.0,0.014
40.419,632,18.0,0.1252,0.746,0.0,-0.4808,0.6967,0.0,0.0,0,1.0,1,0,6,0.0,0.0,0.0
40.475,633,18.0,0.3354,0.1539,0.0,-0.9357,0.3171,0.0,0.0,0,1.0,1,0,6,0.0,0.0,0.0
40.524,634,18.0,0.3354,0.3896,0.0379,-0.6145,0.5151,0.0,0.0,0,1.0,2,0,6,0.0,0.0,0.0
40.571,635,18.0,0.3354,0.1539,0.0,-0.9357,0.3171,0.0,0.0,0,1.0,1,0,6,0.0,0.0,0.0
40.623,636,18.0,0.1015,0.6358,0.5187,0.2672,0.8246,0.0,0.0,0,1.0,3,0,6,0.0,0.0,0.0
40.677,637,18.0,0.1845,0.3938,0.4887,0.4022,0.6045,0.0,0.0,0,1.0,2,0,6,0.0,0.0,0.0
40.734,638,18.0,0.2522,0.6132,0.4938,0.2658,0.7916,0.0045,0.0,0,1.0,7,0,6,0.0002,0.0,0.0001
40.793,639,18.0,0.3354,0.1783,0.2324,-0.1814,0.3376,-0.0961,0.0,0,1.0,2,0,6,0.0048,0.0,0.0019
40.844,640,18.0,0.3355,0.154,0.0,-0.9357,0.3172,-0.4651,0.0,0,1.0,1,0,6,0.0233,0.0,0.0093
40.902,641,18.0,0.1845,0.7332,0.0014,-0.5221,0.7192,0.0,0.0,0,1.0,2,0,6,0.0,0.0,0.0
40.96,642,18.0,0.4031,0.5379,0.0,-0.7198,0.6776,0.0,0.0,0,1.0,3,0,6,0.0,0.0,0.0
41.02,643,18.0,0.3324,0.9493,0.0,-0.5778,0.9836,0.0,0.0,0,1.0,3,0,6,0.0,0.0,0.0
41.077,644,18.0,0.2138,1.0,0.0622,-0.2975,0.9597,-0.7,0.0,0,1.0,5,0,6,0.035,0.0,0.014
41.135,645,18.0,0.1451,0.9684,0.0363,-0.2953,0.8947,0.0,0.0,0,1.0,2,0,6,0.0,0.0,0.0
41.192,646,18.0,0.192,0.9435,0.0,-0.502,0.9,0.0,0.0,0,1.0,2,0,6,0.0,0.0,0.0
41.255,647,18.0,0.42,0.9958,0.0005,-0.6079,1.0,0.0,0.0,0,1.0,4,0,6,0.0,0.0,0.0
41.316,648,18.0,0.5155,0.3201,0.0,-0.8782,0.5576,-0.7,0.0,0,1.0,2,0,6,0.035,0.0,0.014
41.369,649,18.0,0.7521,0.534,0.2517,-0.4528,0.8697,-0.0835,0.0,0,1.0,7,0,6,0.0042,0.0,0.0017
41.426,650,18.0,0.2621,0.6963,0.4125,0.1725,0.8159,-0.0835,0.0,0,1.0,5,0,6,0.0042,0.0,0.0017
41.482,651,18.0,0.1185,0.5297,0.4408,0.4561,0.6918,-0.1851,0.0,0,1.0,2,0,6,0.0093,0.0,0.0037
41.531,652,18.0,0.1445,0.5852,0.5128,0.4507,1.0,-0.1129,0.0,0,1.6,3,0,7,0.0056,0.0,0.0023
41.582,653,18.0,0.0889,0.6038,0.5447,0.5683,1.0,-0.1129,0.0,0,1.56,3,0,7,0.0056,0.0,0.0023
41.63,654,18.0,0.0771,0.4714,0.5377,0.6258,1.0,-0.152,0.0,0,1.52,2,0,7,0.0076,0.0,0.003
41.686,655,18.0,0.1117,0.5422,0.5568,0.5485,1.0,0.0045,0.0,0,1.48,3,0,7,0.0002,0.0,0.0001
41.738,656,18.0,0.1813,0.5299,0.5601,0.4342,1.0,0.0045,0.0,0,1.44,4,0,7,0.0002,0.0,0.0001
41.79,657,18.0,0.0961,0.4964,0.5628,0.5944,1.0,0.0045,0.0,0,1.4,3,0,7,0.0002,0.0,0.0001
41.84,658,18.0,0.0,0.182,0.5059,0.9777,0.5932,-0.0835,0.0,0,1.36,1,0,7,0.0042,0.0,0.0017
41.891,659,18.0,0.0,0.2989,0.7948,0.9704,0.9189,-0.0835,0.0,0,1.32,4,0,7,0.0042,0.0,0.0017
41.942,660,18.0,0.0,0.2553,0.7688,0.9906,0.8256,-0.1967,0.0,0,1.28,4,0,7,0.0098,0.0,0.0039
42.0,661,18.3,0.1034,0.3603,0.2091,0.2537,0.5205,-0.1967,0.0,0,1.24,2,0,7,0.0098,0.0,0.0039
42.055,662,18.3,0.3355,0.3561,0.1777,-0.2632,0.5844,0.0,0.0,0,1.2,3,0,7,0.0,0.0,0.0
42.111,663,18.3,0.3275,0.5682,0.0701,-0.4568,0.7665,0.0,0.0,0,1.16,4,0,7,0.0,0.0,0.0
42.166,664,18.3,0.3367,0.4609,0.0981,-0.4213,0.6447,-0.2303,0.0,0,1.12,3,0,7,0.0115,0.0,0.0046
42.216,665,18.3,0.3364,0.4599,0.0984,-0.4205,0.6206,0.0,0.0,0,1.08,3,0,7,0.0,0.0,0.0
42.269,666,18.3,0.3288,0.4564,0.1014,-0.4057,0.5902,0.0,0.0,0,1.04,3,0,7,0.0,0.0,0.0
42.329,667,18.3,0.4295,0.4925,0.0589,-0.5904,0.6542,0.0,0.0,0,1.0,4,0,7,0.0,0.0,0.0
42.382,668,18.3,0.0968,0.449,0.2013,0.2437,0.4899,0.0,0.0,0,1.0,2,0,7,0.0,0.0,0.0
42.429,669,18.3,0.1507,0.6203,0.119,-0.0721,0.6054,0.0,0.0,0,1.0,3,0,7,0.0,0.0,0.0
42.482,670,18.3,0.056,0.3069,0.5576,0.752,0.5701,0.0,0.0,0,1.0,3,0,7,0.0,0.0,0.0
42.535,671,18.3,0.1132,0.4282,0.2277,0.246,0.4872,0.0,0.0,0,1.0,2,0,7,0.0,0.0,0.0
42.591,672,18.3,0.1092,0.4175,0.0,-0.5341,0.4118,0.0045,0.0,0,1.0,1,0,7,0.0002,0.0,0.0001
42.637,673,18.3,0.1133,0.3811,0.0,-0.5525,0.3836,0.0,0.0,0,1.0,1,0,7,0.0,0.0,0.0
42.692,674,18.3,0.0,0.56,0.2548,0.6227,0.6131,0.0,0.0,0,1.0,2,0,7,0.0,0.0,0.0
42.739,675,18.3,0.0943,0.4595,0.2376,0.3075,0.5191,0.0,0.0,0,1.0,2,0,7,0.0,0.0,0.0
42.795,676,18.3,0.0658,0.4478,0.0,-0.4676,0.413,0.0,0.0,0,1.0,1,0,7,0.0,0.0,0.0
42.854,677,18.3,0.0,0.013,0.4339,1.0,0.2539,0.0,0.0,0,1.0,1,0,7,0.0,0.0,0.0
42.909,678,18.3,0.0,0.0088,0.436,1.0,0.2516,-0.4651,0.0,0,1.0,1,0,7,0.0233,0.0,0.0093
42.967,679,18.3,0.0,0.3351,0.1332,0.5989,0.356,-0.4651,0.0,0,1.0,1,0,7,0.0233,0.0,0.0093
43.029,680,18.3,0.1292,0.361,0.0,-0.5814,0.601,0.0,0.0,0,1.6,1,0,8,0.0,0.0,0.0
43.086,681,18.3,0.0,0.5458,0.02,0.3898,0.7328,0.0,0.0,0,1.56,1,0,8,0.0,0.0,0.0
43.141,682,18.3,0.0,0.7619,0.0627,0.4239,1.0,0.0,0.0,0,1.52,2,0,8,0.0,0.0,0.0
43.192,683,18.3,0.0,0.0,0.0,0.0,0.3,0.0,0.0,0,1.48,0,0,8,0.0,0.0,0.0
43.239,684,18.3,0.0,0.7976,0.0643,0.4227,1.0,0.0,0.0,0,1.44,2,0,8,0.0,0.0,0.0
43.295,685,18.3,0.0,0.5337,0.0208,0.3915,0.644,0.0,0.0,0,1.4,1,0,8,0.0,0.0,0.0
43.351,686,18.3,0.0,0.5209,0.0304,0.4064,0.6183,0.0,0.0,0,1.36,1,0,8,0.0,0.0,0.0
43.404,687,18.3,0.0,0.5331,0.0337,0.4099,0.616,0.0,0.0,0,1.32,1,0,8,0.0,0.0,0.0
43.459,688,18.3,0.2119,0.5644,0.0439,-0.4086,0.7588,0.0,0.0,0,1.28,2,0,8,0.0,0.0,0.0
43.515,689,18.3,0.0,0.0452,0.4718,1.0,0.3747,0.0,0.0,0,1.24,1,0,8,0.0,0.0,0.0
43.563,690,18.3,0.0,0.5857,0.2925,0.6398,0.7869,-0.1129,0.0,0,1.2,2,0,8,0.0056,0.0,0.0023
43.615,691,18.5,0.0,0.056,0.5043,1.0,0.3822,0.0,0.0,0,1.16,1,0,8,0.0,0.0,0.0
43.668,692,18.5,0.1172,0.4136,0.6849,0.6471,0.8186,0.0,0.0,0,1.12,3,0,8,0.0,0.0,0.0
43.722,693,18.5,0.0,0.29,0.6222,0.9329,0.6394,-0.1967,0.0,0,1.08,2,0,8,0.0098,0.0,0.0039
43.775,694,18.5,0.0,0.3016,0.6037,0.9202,0.6151,-0.2303,0.0,0,1.04,2,0,8,0.0115,0.0,0.0046
43.824,695,18.5,0.0,0.486,0.7732,0.7215,0.8413,-0.2303,0.0,0,1.0,3,0,8,0.0115,0.0,0.0046
43.875,696,18.5,0.1845,0.2564,0.5985,0.525,0.5505,0.0045,0.0,0,1.0,2,0,8,0.0002,0.0,0.0001
43.934,697,18.5,0.1828,0.553,0.4688,0.3574,0.727,-0.2471,0.0,0,1.0,4,0,8,0.0124,0.0,0.0049
43.992,698,18.5,0.3574,0.6564,0.2037,-0.2047,0.7515,-0.0961,0.0,0,1.0,3,0,8,0.0048,0.0,0.0019
44.04,699,18.5,0.3563,0.672,0.2571,-0.123,0.764,-0.0961,0.0,0,1.0,4,0,8,0.0048,0.0,0.0019
44.092,700,18.5,0.4689,0.6215,0.2174,-0.2935,0.7847,-0.7,0.0,0,1.0,4,0,8,0.035,0.0,0.014
44.151,701,18.5,0.3258,0.7764,0.3265,0.0008,0.835,0.0045,0.0,0,1.0,6,0,8,0.0002,0.0,0.0001
44.2,702,18.5,0.6053,0.5129,0.0919,-0.6214,0.7698,0.0045,0.0,0,1.0,6,0,8,0.0002,0.0,0.0001
44.251,703,18.5,0.1845,0.6862,0.3582,0.234,0.777,0.0,0.0,0,1.0,4,0,8,0.0,0.0,0.0
44.31,704,18.5,0.4233,0.7064,0.2533,-0.1937,0.8304,0.0045,0.0,0,1.0,8,0,8,0.0002,0.0,0.0001
44.369,705,18.5,0.4025,0.7068,0.3253,-0.0834,0.8191,-0.2303,0.0,0,1.0,9,0,8,0.0115,0.0,0.0046
44.424,706,18.5,0.3332,0.7201,0.3666,0.0369,0.8101,-0.2303,0.0,0,1.0,6,0,8,0.0115,0.0,0.0046
44.475,707,18.5,0.2233,0.7337,0.4733,0.276,0.8814,-0.2471,0.0,0,1.0,9,0,8,0.0124,0.0,0.0049
44.525,708,18.5,0.4525,0.7348,0.1812,-0.3206,0.8706,0.0915,0.0,0,1.0,6,0,8,0.0046,0.0,0.0018
44.573,709,18.5,0.4621,0.7375,0.1752,-0.3374,0.8783,0.0915,0.0,0,1.0,7,0,8,0.0046,0.0,0.0018
44.624,710,18.5,0.3167,0.7178,0.1578,-0.2325,0.7803,-0.0961,0.0,0,1.0,3,0,8,0.0048,0.0,0.0019
44.68,711,18.5,0.1845,0.3639,0.632,0.5158,0.6596,-0.2773,0.0,0,1.0,3,0,8,0.0139,0.0,0.0055
44.739,712,18.5,0.2433,0.6425,0.5847,0.3434,0.8671,-0.2773,0.0,0,1.0,7,0,8,0.0139,0.0,0.0055
44.79,713,18.5,0.2441,0.6198,0.5946,0.3522,0.8536,-0.2303,0.0,0,1.0,5,0,8,0.0115,0.0,0.0046
44.841,714,18.5,0.1717,0.6978,0.5877,0.437,0.9152,-0.2393,0.0,0,1.0,5,0,8,0.012,0.0,0.0048
44.891,715,18.5,0.1845,0.4614,0.5938,0.4667,0.7201,-0.2393,0.0,0,1.0,4,0,8,0.012,0.0,0.0048
44.945,716,18.5,0.3354,0.507,0.1051,-0.3925,0.6137,-0.1363,0.0,0,1.0,4,0,8,0.0068,0.0,0.0027
45.0,717,18.5,0.3357,0.4745,0.0476,-0.5527,0.5866,0.0,0.0,0,1.0,3,0,8,0.0,0.0,0.0
45.052,718,18.5,0.3419,0.4718,0.0446,-0.568,0.5878,0.0,0.0,0,1.0,3,0,8,0.0,0.0,0.0
45.109,719,18.5,0.3424,0.5209,0.1016,-0.4049,0.6293,0.0,0.0,0,1.0,4,0,8,0.0,0.0,0.0
45.169,720,18.5,0.3396,0.4897,0.1811,-0.2413,0.6015,0.0,0.0,0,1.0,5,0,8,0.0,0.0,0.0
45.227,721,18.7,0.1865,0.6812,0.4062,0.2783,0.7997,0.0,0.0,0,1.0,5,0,8,0.0,0.0,0.0
45.288,722,18.7,0.2945,0.658,0.3345,0.0489,0.7401,-0.1235,0.0,0,1.0,9,0,8,0.0062,0.0,0.0025
45.343,723,18.7,0.5695,0.4434,0.0,-0.8323,0.6914,0.1784,0.0,0,1.0,8,0,8,0.0089,0.0,0.0036
45.4,724,18.7,0.3168,0.6688,0.3098,-0.0086,0.7392,0.0045,0.0,0,1.0,10,0,8,0.0002,0.0,0.0001
45.448,725,18.7,0.2752,0.8688,0.3007,0.0307,0.8982,0.0045,0.0,0,1.0,10,0,8,0.0002,0.0,0.0001
45.497,726,18.7,0.2801,0.906,0.319,0.0451,0.9397,0.0045,0.0,0,1.0,6,0,8,0.0002,0.0,0.0001
45.549,727,18.7,0.2537,0.9156,0.2791,0.032,0.9254,-0.1363,0.0,0,1.0,5,0,8,0.0068,0.0,0.0027
45.596,728,18.7,0.3204,0.9218,0.2303,-0.1103,0.9537,-0.1363,0.0,0,1.0,5,0,8,0.0068,0.0,0.0027
45.648,729,18.7,0.3646,0.9103,0.2028,-0.1946,0.9688,-0.2303,0.0,0,1.0,7,0,8,0.0115,0.0,0.0046
45.7,730,18.7,0.5287,0.8325,0.1062,-0.4814,0.9954,-0.7,0.0,0,1.0,7,0,8,0.035,0.0,0.014
45.749,731,18.7,0.6905,0.6173,0.0078,-0.7878,0.9053,-0.7,0.0,0,1.0,5,0,8,0.035,0.0,0.014
45.799,732,18.7,0.5419,0.6008,0.0,-0.7584,0.8081,0.0915,0.0,0,1.0,6,0,8,0.0046,0.0,0.0018
45.85,733,18.7,0.5352,0.5919,0.0,-0.7589,0.7969,0.0915,0.0,0,1.0,5,0,8,0.0046,0.0,0.0018
45.898,734,18.7,0.3354,0.1539,0.0,-0.9357,0.3171,0.0915,0.0,0,1.0,1,0,8,0.0046,0.0,0.0018
45.954,735,18.7,0.3355,0.154,0.0,-0.9357,0.3172,0.0915,0.0,0,1.0,1,0,8,0.0046,0.0,0.0018
46.012,736,18.7,0.3354,0.1539,0.0,-0.5701,0.3171,0.0,0.0,0,1.0,1,0,8,0.0,0.0,0.0
46.07,737,18.7,0.4261,0.7022,0.0,-0.6772,0.8284,0.0,0.0,0,1.0,2,0,8,0.0,0.0,0.0
46.125,738,18.7,0.3354,0.1539,0.0,-0.9357,0.3171,0.0,0.0,0,1.0,1,0,8,0.0,0.0,0.0
46.185,739,18.7,0.3354,0.1539,0.0,-0.9357,0.3171,-0.7,0.0,0,1.0,1,0,8,0.035,0.0,0.014
46.24,740,18.7,0.3354,0.4236,0.0199,-0.6599,0.5437,0.0,0.0,0,1.0,2,0,8,0.0,0.0,0.0
46.293,741,18.7,0.2596,0.7457,0.0,-0.5769,0.7718,0.0,0.0,0,1.0,2,0,8,0.0,0.0,0.0
46.354,742,18.7,0.3354,0.1539,0.0,-0.9357,0.3171,0.0,0.0,0,1.0,1,0,8,0.0,0.0,0.0
46.406,743,18.7,0.3319,0.4753,0.0,-0.7054,0.5851,0.0,0.0,0,1.0,2,0,8,0.0,0.0,0.0
46.454,744,18.7,0.3519,0.4145,0.0,-0.7456,0.5453,0.0,0.0,0,1.0,2,0,8,0.0,0.0,0.0
46.506,745,18.7,0.3354,0.1539,0.0,-0.7469,0.3171,-0.7,0.0,0,1.0,1,0,8,0.035,0.0,0.014
46.554,746,18.7,0.3354,0.1539,0.0,-0.9357,0.3171,-0.7,0.0,0,1.0,1,0,8,0.035,0.0,0.014
46.605,747,18.7,0.3354,0.1539,0.0,-0.9357,0.3171,0.0,0.0,0,1.0,1,0,8,0.0,0.0,0.0
46.657,748,18.7,0.3354,0.1539,0.0,-0.9357,0.3171,0.0,0.0,0,1.0,1,0,8,0.0,0.0,0.0
46.715,749,18.7,0.6271,0.4554,0.1945,-0.4741,0.7337,0.0,0.0,0,1.0,3,0,8,0.0,0.0,0.0
46.766,750,18.7,0.3932,0.6495,0.0,-0.6767,0.7657,0.0,0.0,0,1.0,2,0,8,0.0,0.0,0.0
46.822,751,18.8,0.1893,0.7041,0.4319,0.2944,0.8333,-0.1235,0.0,0,1.0,4,0,8,0.0062,0.0,0.0025
46.882,752,18.8,0.2218,0.8489,0.385,0.1911,0.9287,-0.1876,0.0,0,1.0,4,0,8,0.0094,0.0,0.0038
46.938,753,18.8,0.276,0.5092,0.0,-0.6552,0.9316,0.0045,0.0,0,1.6,2,0,9,0.0002,0.0,0.0001
46.995,754,18.8,0.1,0.4572,0.1861,0.2058,0.7617,0.0,0.0,0,1.56,2,0,9,0.0,0.0,0.0
47.051,755,18.8,0.0,0.0,0.0,0.0,0.3,0.0,0.0,0,1.52,0,0,9,0.0,0.0,0.0
47.111,756,18.8,0.1058,0.387,0.212,0.247,0.6568,0.0,0.0,0,1.48,2,0,9,0.0,0.0,0.0
47.169,757,18.8,0.0794,0.3729,0.2284,0.3581,0.6353,0.0,0.0,0,1.44,2,0,9,0.0,0.0,0.0
47.226,758,18.8,0.0,0.0,0.0,0.0,0.3,0.0,0.0,0,1.4,0,0,9,0.0,0.0,0.0
47.291,759,18.8,0.0,0.4391,0.0171,0.3915,0.5147,0.0,0.0,0,1.36,1,0,9,0.0,0.0,0.0
47.355,760,18.8,0.0421,0.8581,0.0094,-0.2593,0.9826,0.0,0.0,0,1.32,3,0,9,0.0,0.0,0.0
47.406,761,18.8,0.0549,0.6082,0.0465,-0.0399,0.6932,0.0,0.0,0,1.28,2,0,9,0.0,0.0,0.0
47.456,762,18.8,0.0585,0.5956,0.0594,0.0039,0.6617,0.0,0.0,0,1.24,2,0,9,0.0,0.0,0.0
47.505,763,18.8,0.0597,0.5722,0.0639,0.0172,0.6197,0.0,0.0,0,1.2,2,0,9,0.0,0.0,0.0
47.555,764,18.8,0.0,0.0,0.0,0.0,0.3,0.0,0.0,0,1.16,0,0,9,0.0,0.0,0.0
47.606,765,18.8,0.1297,0.3531,0.2414,0.238,0.4836,0.0,0.0,0,1.12,2,0,9,0.0,0.0,0.0
47.655,766,18.8,0.0,0.0,0.0,0.0,0.3,0.0,0.0,0,1.08,0,0,9,0.0,0.0,0.0
47.709,767,18.8,0.1418,0.3623,0.0,-0.5963,0.3991,0.0,0.0,0,1.04,1,0,9,0.0,0.0,0.0
47.76,768,18.8,0.1352,0.3545,0.0,-0.5919,0.3734,0.0,0.0,0,1.0,1,0,9,0.0,0.0,0.0
47.816,769,18.8,0.1282,0.3344,0.0,-0.5927,0.3527,0.0,0.0,0,1.0,1,0,9,0.0,0.0,0.0
47.868,770,18.8,0.0,0.0,0.0,0.0,0.3,0.0,0.0,0,1.0,0,0,9,0.0,0.0,0.0
47.929,771,18.8,0.5493,0.5322,0.0115,-0.7585,0.7547,0.0,0.0,0,1.0,3,0,9,0.0,0.0,0.0
47.984,772,18.8,0.5189,0.4108,0.0,-0.8288,0.6357,0.0915,0.0,0,1.0,2,0,9,0.0046,0.0,0.0018
48.042,773,18.8,0.5007,0.427,0.0,-0.8134,0.6391,0.0915,0.0,0,1.0,2,0,9,0.0046,0.0,0.0018
48.1,774,18.8,0.4568,0.5652,0.0419,-0.6271,0.7306,0.0915,0.0,0,1.0,3,0,9,0.0046,0.0,0.0018
48.148,775,18.8,0.3865,0.6735,0.0,-0.6663,0.7821,-0.0961,0.0,0,1.0,3,0,9,0.0048,0.0,0.0019
48.2,776,18.8,0.3767,0.7854,0.0,-0.6323,0.8706,-0.4651,0.0,0,1.0,4,0,9,0.0233,0.0,0.0093
48.258,777,18.8,0.0995,0.3512,0.0,-0.5455,0.3507,-0.7,0.0,0,1.0,1,0,9,0.035,0.0,0.014
48.314,778,18.8,0.0,0.0,0.0,0.0,0.3,-0.7,0.0,0,1.0,0,0,9,0.035,0.0,0.014
48.369,779,18.8,0.0,0.0,0.0,0.0,0.3,-0.7,0.0,0,1.0,0,0,9,0.035,0.0,0.014
48.42,780,18.8,0.7029,0.3063,0.0215,-0.894,0.6509,0.0,0.0,0,1.0,5,0,9,0.0,0.0,0.0
48.478,781,18.1,0.4643,0.0321,0.0,-1.0,0.2869,-0.0737,0.0,0,1.0,1,0,9,0.0037,0.0,0.0015
48.531,782,18.1,0.4536,0.0469,0.0,-1.0,0.2934,-0.1129,0.0,0,1.0,1,0,9,0.0056,0.0,0.0023
48.586,783,18.1,0.6973,0.611,0.0,-0.8077,0.9037,-0.1129,0.0,0,1.0,5,0,9,0.0056,0.0,0.0023
48.638,784,18.1,0.6397,0.5408,0.0,-0.8152,0.8125,-0.1129,0.0,0,1.0,3,0,9,0.0056,0.0,0.0023
48.692,785,18.1,0.4119,0.7324,0.0649,-0.503,0.8459,-0.0737,0.0,0,1.0,3,0,9,0.0037,0.0,0.0015
48.741,786,18.1,0.459,0.8121,0.0976,-0.4556,0.9392,-0.0737,0.0,0,1.0,4,0,9,0.0037,0.0,0.0015
48.8,787,18.1,0.4651,0.5466,0.2422,-0.2628,0.7196,-0.7,0.0,0,1.0,5,0,9,0.035,0.0,0.014
48.852,788,18.1,0.3622,0.6909,0.2752,-0.1041,0.7832,-0.1967,0.0,0,1.0,6,0,9,0.0098,0.0,0.0039
48.912,789,18.1,0.3107,0.6732,0.3506,0.0468,0.7619,-0.2596,0.0,0,1.0,7,0,9,0.013,0.0,0.0052
48.976,790,18.1,0.2758,0.6411,0.4412,0.1854,0.7857,-0.2596,0.0,0,1.0,7,0,9,0.013,0.0,0.0052
49.039,791,18.1,0.2272,0.6158,0.5392,0.3361,0.8192,-0.2596,0.0,0,1.0,7,0,9,0.013,0.0,0.0052
49.094,792,18.1,0.2301,0.533,0.5659,0.3641,0.7646,-0.2303,0.0,0,1.0,10,0,9,0.0115,0.0,0.0046
49.154,793,18.1,0.4247,0.7634,0.0795,-0.4753,0.8791,-0.2122,0.0,0,1.0,11,0,9,0.0106,0.0,0.0042
49.21,794,18.1,0.4645,0.7553,0.0781,-0.5065,0.8946,-0.7,0.0,0,1.0,6,0,9,0.035,0.0,0.014
49.271,795,18.1,0.5133,0.757,0.0413,-0.6087,0.9234,-0.1129,0.0,0,1.0,6,0,9,0.0056,0.0,0.0023
49.328,796,18.1,0.5114,0.7598,0.0,-0.698,0.9246,-0.1129,0.0,0,1.0,5,0,9,0.0056,0.0,0.0023
49.382,797,18.1,0.4681,0.8172,0.0,-0.6659,0.9486,-0.0835,0.0,0,1.0,7,0,9,0.0042,0.0,0.0017
49.433,798,18.1,0.466,0.856,0.0,-0.6561,0.98,-0.1129,0.0,0,1.0,6,0,9,0.0056,0.0,0.0023
49.486,799,18.1,0.4117,0.9577,0.0,-0.6126,1.0,-0.1129,0.0,0,1.0,7,0,9,0.0056,0.0,0.0023
49.537,800,18.1,0.6101,0.798,0.0102,-0.7036,1.0,-0.1129,0.0,0,1.0,7,0,9,0.0056,0.0,0.0023
49.59,801,18.1,0.3767,0.8396,0.0022,-0.6139,0.9162,-0.1876,0.0,0,1.0,6,0,9,0.0094,0.0,0.0038
49.64,802,18.1,0.4127,0.7363,0.085,-0.4601,0.8497,-0.7,0.0,0,1.0,4,0,9,0.035,0.0,0.014
49.696,803,18.1,0.2245,0.8103,0.1745,-0.0798,0.8064,-0.7,0.0,0,1.0,4,0,9,0.035,0.0,0.014
49.753,804,18.1,0.4077,0.7544,0.1324,-0.308,0.862,-0.7,0.0,0,1.0,11,0,9,0.035,0.0,0.014
49.81,805,18.1,0.5412,0.635,0.0215,-0.6971,0.8365,-0.7,0.0,0,1.0,9,0,9,0.035,0.0,0.014
49.867,806,18.1,0.3675,0.6517,0.1537,-0.3008,0.7532,0.0915,0.0,0,1.0,9,0,9,0.0046,0.0,0.0018
49.922,807,18.1,0.5836,0.6493,0.05,-0.6525,0.8722,0.0915,0.0,0,1.0,9,0,9,0.0046,0.0,0.0018
49.979,808,18.1,0.1562,0.4141,0.3782,0.3462,0.5596,-0.4651,0.0,0,1.0,16,0,9,0.0233,0.0,0.0093
50.038,809,18.1,0.3856,0.772,0.1354,-0.3353,0.8644,0.0915,0.0,0,1.0,11,0,9,0.0046,0.0,0.0018
50.094,810,18.1,0.3893,0.8934,0.0,-0.615,0.9684,-0.2303,0.0,0,1.0,14,0,9,0.0115,0.0,0.0046
50.153,811,17.9,0.4799,0.5269,0.0,-0.7604,0.7113,-0.7,0.0,0,1.0,15,0,9,0.035,0.0,0.014
50.21,812,17.9,0.2745,0.7622,0.0126,-0.538,0.794,-0.1129,0.0,0,1.0,15,0,9,0.0056,0.0,0.0023
50.27,813,17.9,0.3983,1.0,0.0,-0.5993,1.0,-0.1129,0.0,0,1.0,21,0,9,0.0056,0.0,0.0023
50.329,814,17.9,0.2078,0.9568,0.2619,0.0734,0.9503,0.0,0.0,0,1.0,20,0,9,0.0,0.0,0.0
50.384,815,17.9,0.4039,0.7235,0.0679,-0.4925,0.8339,-0.7,0.0,0,1.0,19,0,9,0.035,0.0,0.014
50.434,816,17.9,0.1993,0.69,0.1459,-0.0991,0.6912,-0.7,0.0,0,1.0,18,0,9,0.035,0.0,0.014
50.487,817,17.9,0.1259,0.7258,0.5079,0.4531,0.8941,-0.7,0.0,0,1.0,27,0,9,0.035,0.0,0.014
50.542,818,17.9,0.4033,0.4769,0.3846,-0.021,0.6265,0.0,0.0,0,1.0,27,0,9,0.0,0.0,0.0
50.599,819,17.9,0.3011,0.5534,0.476,0.1915,0.7314,-0.1967,0.0,0,1.0,25,0,9,0.0098,0.0,0.0039
50.649,820,17.9,0.2196,0.642,0.4795,0.2966,0.8078,-0.158,0.0,0,1.0,33,0,9,0.0079,0.0,0.0032
50.705,821,17.9,0.1342,0.7217,0.4979,0.4329,0.8851,-0.158,0.0,0,1.0,31,0,9,0.0079,0.0,0.0032
50.762,822,17.9,0.3363,0.5868,0.4976,0.165,0.7715,0.0915,0.0,0,1.0,32,0,9,0.0046,0.0,0.0018
50.819,823,17.9,0.3636,0.5463,0.5016,0.1396,0.7398,-0.1967,0.0,0,1.0,28,0,9,0.0098,0.0,0.0039
50.877,824,17.9,0.195,0.7618,0.0439,-0.3547,0.7491,-0.2664,0.0,0,1.0,27,0,9,0.0133,0.0,0.0053
50.939,825,17.9,0.1793,0.8502,0.0,-0.5063,0.8146,0.0,0.0,0,1.0,28,0,9,0.0,0.0,0.0
50.994,826,17.9,0.204,0.7322,0.1416,-0.1137,0.7293,0.0,0.0,0,1.0,33,0,9,0.0,0.0,0.0
51.054,827,17.9,0.0878,0.7888,0.4924,0.4994,0.9383,0.0,0.0,0,1.0,27,0,9,0.0,0.0,0.0
51.119,828,17.9,0.3892,0.6793,0.0415,-0.5536,0.7885,-0.1129,0.0,0,1.0,24,0,9,0.0056,0.0,0.0023
51.178,829,17.9,0.1911,0.909,0.057,-0.2919,0.8706,-0.7,0.0,0,1.0,23,0,9,0.035,0.0,0.014
51.234,830,17.9,0.6054,0.5358,0.0453,-0.7064,0.7891,0.0,0.0,0,1.0,26,0,9,0.0,0.0,0.0
51.299,831,17.9,0.1749,0.7062,0.1927,0.0313,0.7011,0.0045,0.0,0,1.0,21,0,9,0.0002,0.0,0.0001
51.365,832,17.9,0.6836,0.7473,0.0227,-0.7187,1.0,0.0,0.0,0,1.0,25,0,9,0.0,0.0,0.0
51.42,833,17.9,0.3221,0.9106,0.0,-0.8135,0.9452,0.0,0.0,0,1.0,25,0,9,0.0,0.0,0.0
51.474,834,17.9,0.6197,0.5667,0.0,-0.7988,0.8231,-0.0737,0.0,0,1.0,25,0,9,0.0037,0.0,0.0015
51.533,835,17.9,0.9887,0.4704,0.0,-0.9292,0.9488,-0.1876,0.0,0,1.0,28,0,9,0.0094,0.0,0.0038
51.584,836,17.9,0.9806,0.4701,0.0399,-0.8619,0.944,-0.1876,0.0,0,1.0,23,0,9,0.0094,0.0,0.0038
51.641,837,17.9,0.9949,0.4388,0.0338,-0.8864,0.9257,-0.1876,0.0,0,1.0,33,0,9,0.0094,0.0,0.0038
51.715,838,17.9,0.5246,0.4483,0.184,-0.4204,0.6704,-0.1876,0.0,0,1.0,30,0,9,0.0094,0.0,0.0038
51.776,839,17.9,0.984,0.6486,0.0,-0.8663,1.0,-0.1967,0.0,0,1.0,27,0,9,0.0098,0.0,0.0039
51.836,840,17.9,1.0,0.5754,0.0136,-0.8717,1.0,-0.1876,0.0,0,1.0,30,0,9,0.0094,0.0,0.0038
51.898,841,17.2,0.7824,0.6244,0.0451,-0.7473,0.9627,-0.1876,0.0,0,1.0,31,0,9,0.0094,0.0,0.0038
51.962,842,17.2,0.6695,0.3792,0.3437,-0.3123,0.6935,-0.1876,0.0,0,1.0,15,0,9,0.0094,0.0,0.0038
52.019,843,17.2,0.7436,0.7188,0.1055,-0.6125,1.0,-0.1716,0.0,0,1.0,20,0,9,0.0086,0.0,0.0034
52.08,844,17.2,0.6525,0.4219,0.3355,-0.3044,0.7198,-0.2471,0.0,0,1.0,19,0,9,0.0124,0.0,0.0049
52.143,845,17.2,0.7924,0.5094,0.1422,-0.6286,0.8716,-0.1833,0.0,0,1.0,16,0,9,0.0092,0.0,0.0037
52.204,846,17.2,0.7452,0.5192,0.1958,-0.5262,0.8535,-0.1833,0.0,0,1.0,24,0,9,0.0092,0.0,0.0037
52.262,847,17.2,0.7855,0.6906,0.0384,-0.7407,1.0,-0.1808,0.0,0,1.0,26,0,9,0.009,0.0,0.0036
52.324,848,17.2,0.3282,0.5043,0.2928,-0.0469,0.6073,-0.2122,0.0,0,1.0,21,0,9,0.0106,0.0,0.0042
52.377,849,17.2,0.1042,0.9486,0.1311,0.0603,0.8702,0.0045,0.0,0,1.0,11,0,9,0.0002,0.0,0.0001
52.434,850,17.2,0.5143,0.6602,0.0335,-0.6503,0.8426,0.0045,0.0,0,1.0,11,0,9,0.0002,0.0,0.0001
52.484,851,17.2,0.6633,0.4129,0.0794,-0.7074,0.7183,0.0,0.0,0,1.0,5,0,9,0.0,0.0,0.0
52.542,852,17.2,0.1442,0.8942,0.1122,-0.0682,0.8319,-0.0737,0.0,0,1.0,8,0,9,0.0037,0.0,0.0015
52.592,853,17.2,0.3019,0.9139,0.0254,-0.4912,0.9367,0.0,0.0,0,1.0,14,0,9,0.0,0.0,0.0
52.639,854,17.2,0.1749,0.9843,0.0225,-0.3863,0.9247,0.0,0.0,0,1.0,10,0,9,0.0,0.0,0.0
52.692,855,17.2,0.5123,0.705,0.017,-0.674,0.879,0.0,0.0,0,1.0,12,0,9,0.0,0.0,0.0
52.752,856,17.2,0.4541,0.674,0.0601,-0.5545,0.8205,-0.0835,0.0,0,1.0,8,0,9,0.0042,0.0,0.0017
52.81,857,17.2,0.3831,0.8476,0.0293,-0.5447,0.9265,-0.1967,0.0,0,1.0,9,0,9,0.0098,0.0,0.0039
52.869,858,17.2,0.9337,0.4381,0.0,-0.9317,0.8909,-0.4651,0.0,0,1.0,9,0,9,0.0233,0.0,0.0093
52.931,859,17.2,0.8466,0.4244,0.1159,-0.7158,0.8306,-0.4651,0.0,0,1.0,7,0,9,0.0233,0.0,0.0093
52.985,860,17.2,0.9388,0.4823,0.0248,-0.8724,0.9308,-0.1876,0.0,0,1.0,11,0,9,0.0094,0.0,0.0038
53.043,861,17.2,0.9129,0.5548,0.0224,-0.8448,0.9772,-0.1876,0.0,0,1.0,14,0,9,0.0094,0.0,0.0038
53.106,862,17.2,1.0,0.4131,0.0,-0.9545,0.907,-0.1876,0.0,0,1.0,15,0,9,0.0094,0.0,0.0038
53.163,863,17.2,1.0,0.4415,0.0,-0.9427,0.9309,-0.1876,0.0,0,1.0,14,0,9,0.0094,0.0,0.0038
53.224,864,17.2,0.9232,0.56,0.0023,-0.879,0.9874,-0.1876,0.0,0,1.0,18,0,9,0.0094,0.0,0.0038
53.283,865,17.2,0.9669,0.5239,0.0,-0.9048,0.9816,-0.1876,0.0,0,1.0,16,0,9,0.0094,0.0,0.0038
53.348,866,17.2,0.9335,0.5632,0.0,-0.8839,0.9959,-0.1876,0.0,0,1.0,21,0,9,0.0094,0.0,0.0038
53.401,867,17.2,1.0,0.4334,0.0,-0.946,0.9241,-0.1876,0.0,0,1.0,18,0,9,0.0094,0.0,0.0038
53.459,868,17.2,0.7032,0.4931,0.0,-0.8538,0.8079,-0.1876,0.0,0,1.0,16,0,9,0.0094,0.0,0.0038
53.514,869,17.2,0.8874,0.2755,0.0,-1.0,0.7284,-0.0737,0.0,0,1.0,21,1,9,0.0037,0.0,0.0015
53.581,870,17.2,0.6023,0.5958,0.0,-0.7823,0.8377,-0.0737,0.0,0,1.0,16,1,9,0.0037,0.0,0.0015
53.642,871,17.2,0.8817,0.2994,0.0,-0.9871,0.7452,-0.1876,0.0,0,1.0,10,1,9,0.0094,0.0,0.0038
53.703,872,17.2,0.7433,0.4202,0.0,-0.8966,0.7693,0.0045,0.0,0,1.0,16,1,9,0.0002,0.0,0.0001
53.759,873,17.2,0.4022,0.7432,0.0,-0.655,0.8495,-0.2471,0.0,0,1.0,16,1,9,0.0124,0.0,0.0049
53.819,874,17.2,0.2249,0.9289,0.0,-0.5237,1.0,-0.7,0.0,0,1.6,22,0,10,0.035,0.0,0.014
53.876,875,17.2,0.3962,0.7128,0.0,-0.6601,1.0,0.0,0.0,0,1.56,13,0,10,0.0,0.0,0.0
53.938,876,17.2,0.3388,0.7632,0.0215,-0.5544,1.0,0.0,0.0,0,1.52,15,0,10,0.0,0.0,0.0
53.997,877,17.2,0.595,0.5925,0.0077,-0.7636,1.0,-0.7,0.0,0,1.48,22,0,10,0.035,0.0,0.014
54.052,878,17.2,0.143,1.0,0.0134,-0.3925,1.0,0.0,0.0,0,1.44,19,0,10,0.0,0.0,0.0
54.111,879,17.2,0.3535,0.9713,0.0024,-0.5773,1.0,0.0,0.0,0,1.4,22,0,10,0.0,0.0,0.0
54.168,880,17.2,0.2759,1.0,0.0112,-0.5045,1.0,-0.7,0.0,0,1.36,27,0,10,0.035,0.0,0.014
54.229,881,17.2,0.1618,1.0,0.0228,-0.3698,1.0,0.0,0.0,0,1.32,20,0,10,0.0,0.0,0.0
54.288,882,17.2,0.8539,0.7865,0.0,-0.7973,1.0,0.0,0.0,0,1.28,29,0,10,0.0,0.0,0.0
54.354,883,17.2,0.8357,0.8196,0.0,-0.7841,1.0,-0.1876,0.0,0,1.24,26,0,10,0.0094,0.0,0.0038
54.41,884,17.2,0.8856,0.6557,0.0,-0.8426,1.0,-0.1876,0.0,0,1.2,17,0,10,0.0094,0.0,0.0038
54.463,885,17.2,0.9337,0.5773,0.0,-0.8791,1.0,-0.1876,0.0,0,1.16,13,0,10,0.0094,0.0,0.0038
54.516,886,17.2,0.9703,0.5026,0.0,-0.9134,1.0,-0.1876,0.0,0,1.12,13,0,10,0.0094,0.0,0.0038
54.572,887,17.2,1.0,0.4223,0.0,-0.9506,0.9879,-0.1876,0.0,0,1.08,13,0,10,0.0094,0.0,0.0038
54.622,888,17.2,1.0,0.5268,0.0,-0.9102,1.0,-0.1876,0.0,0,1.04,20,0,10,0.0094,0.0,0.0038
54.674,889,17.2,1.0,0.4867,0.0,-0.925,0.9689,-0.1876,0.0,0,1.0,20,0,10,0.0094,0.0,0.0038
54.725,890,17.2,0.6233,0.5311,0.0,-0.8135,0.7952,-0.1876,0.0,0,1.0,24,0,10,0.0094,0.0,0.0038
54.772,891,17.2,0.7579,0.6903,0.0,-0.7996,1.0,-0.1876,0.0,0,1.0,26,0,10,0.0094,0.0,0.0038
54.826,892,17.2,0.3499,0.8056,0.0,-0.6144,0.8726,-0.2471,0.0,0,1.0,32,0,10,0.0124,0.0,0.0049
54.884,893,17.2,0.4751,0.6193,0.0,-0.7247,0.7863,-0.2471,0.0,0,1.0,36,0,10,0.0124,0.0,0.0049
54.944,894,17.2,0.6836,0.7676,0.0,-0.7557,1.0,0.0,0.0,0,1.0,40,0,10,0.0,0.0,0.0
55.003,895,17.2,0.9124,0.2365,0.0,-1.0,0.7096,-0.1129,0.0,0,1.0,35,0,10,0.0056,0.0,0.0023
55.059,896,17.2,0.9183,0.2369,0.0027,-1.0,0.7133,-0.1876,0.0,0,1.0,35,0,10,0.0094,0.0,0.0038
55.126,897,17.2,0.1853,0.5558,0.6136,0.4586,0.8105,-0.1876,0.0,0,1.0,37,0,10,0.0094,0.0,0.0038
55.187,898,17.2,0.3453,0.6414,0.3981,0.0576,0.7617,-0.1876,0.0,0,1.0,33,0,10,0.0094,0.0,0.0038
55.241,899,17.2,0.2366,0.6667,0.4723,0.2636,0.8245,-0.1967,0.0,0,1.0,32,0,10,0.0098,0.0,0.0039
55.308,900,17.2,0.0754,0.7255,0.5245,0.5542,0.9031,-0.0961,0.0,0,1.0,36,0,10,0.0048,0.0,0.0019
55.377,901,17.4,0.3562,0.5536,0.4812,0.1292,0.7345,0.0045,0.0,0,1.0,30,0,10,0.0002,0.0,0.0001
55.436,902,17.4,0.4852,0.4285,0.4606,-0.0243,0.6317,-0.2099,0.0,0,1.0,28,0,10,0.0105,0.0,0.0042
55.491,903,17.4,0.2683,0.6289,0.4801,0.231,0.7972,-0.2099,0.0,0,1.0,33,0,10,0.0105,0.0,0.0042
55.551,904,17.4,0.0851,0.6882,0.6177,0.5945,0.924,0.0915,0.0,0,1.0,28,0,10,0.0046,0.0,0.0018
55.598,905,17.4,0.4752,0.4969,0.4617,-0.013,0.6835,-0.0595,0.0,0,1.0,30,0,10,0.003,0.0,0.0012
55.651,906,17.4,0.409,0.5544,0.4756,0.066,0.732,-0.0595,0.0,0,1.0,27,0,10,0.003,0.0,0.0012
55.711,907,17.4,0.5723,0.5038,0.2855,-0.2973,0.7437,0.0915,0.0,0,1.0,15,0,10,0.0046,0.0,0.0018
55.768,908,17.4,0.8198,0.4637,0.3075,-0.434,0.8485,-0.2491,0.0,0,1.0,13,0,10,0.0125,0.0,0.005
55.827,909,17.4,0.8132,0.4604,0.3287,-0.4068,0.8422,-0.2234,0.0,0,1.0,18,0,10,0.0112,0.0,0.0045
55.896,910,17.4,0.7234,0.6492,0.2283,-0.4471,0.9505,-0.2234,0.0,0,1.0,17,0,10,0.0112,0.0,0.0045
55.978,911,17.4,0.2296,0.5246,0.5943,0.3865,0.7735,-0.1632,0.0,0,1.0,11,0,10,0.0082,0.0,0.0033
56.046,912,17.4,0.2297,0.5238,0.5942,0.3865,0.7727,-0.1716,0.0,0,1.0,8,0,10,0.0086,0.0,0.0034
56.106,913,17.4,0.1461,0.7087,0.5429,0.4459,0.8993,-0.2303,0.0,0,1.0,12,0,10,0.0115,0.0,0.0046
56.164,914,17.4,0.2299,0.6188,0.5471,0.3379,0.8262,0.0045,0.0,0,1.0,14,0,10,0.0002,0.0,0.0001
56.22,915,17.4,0.2484,0.5754,0.5504,0.3207,0.7916,-0.1129,0.0,0,1.0,13,0,10,0.0056,0.0,0.0023
56.28,916,17.4,0.4534,0.32,0.2957,-0.1997,0.5227,-0.1129,0.0,0,1.0,11,0,10,0.0056,0.0,0.0023
56.341,917,17.4,0.3582,0.5654,0.1476,-0.3151,0.6755,-0.1876,0.0,0,1.0,11,0,10,0.0094,0.0,0.0038
56.409,918,17.4,0.2546,0.5832,0.5331,0.2979,0.7885,-0.7,0.0,0,1.0,15,0,10,0.035,0.0,0.014
56.47,919,17.4,0.5717,0.7093,0.2897,-0.2686,0.916,-0.1833,0.0,0,1.0,13,0,10,0.0092,0.0,0.0037
56.53,920,17.4,0.1733,0.5016,0.6221,0.4938,0.7697,-0.2303,0.0,0,1.0,13,0,10,0.0115,0.0,0.0046
56.587,921,17.4,0.5544,0.6805,0.2355,-0.3276,0.8821,-0.2303,0.0,0,1.0,11,0,10,0.0115,0.0,0.0046
56.644,922,17.4,0.0914,0.6583,0.524,0.5384,0.8464,-0.1038,0.0,0,1.0,10,0,10,0.0052,0.0,0.0021
56.701,923,17.4,0.3529,0.522,0.1828,-0.2494,0.6361,0.0045,0.0,0,1.0,7,0,10,0.0002,0.0,0.0001
56.759,924,17.4,0.2516,0.7689,0.0914,-0.289,1.0,0.0045,0.0,0,1.6,11,0,11,0.0002,0.0,0.0001
56.811,925,17.4,0.0768,0.7024,0.1997,0.2655,1.0,0.0045,0.0,0,1.56,10,0,11,0.0002,0.0,0.0001
56.869,926,17.4,0.5631,0.7828,0.2586,-0.2928,1.0,0.0,0.0,0,1.52,12,0,11,0.0,0.0,0.0
56.93,927,17.4,0.4328,0.4083,0.2434,-0.2476,0.8663,-0.1363,0.0,0,1.48,11,0,11,0.0068,0.0,0.0027
56.987,928,17.4,0.0,0.5503,0.4643,0.7444,1.0,-0.0894,0.0,0,1.44,8,0,11,0.0045,0.0,0.0018
57.047,929,17.4,0.0359,0.4797,0.5404,0.7164,0.9878,-0.1129,0.0,0,1.4,10,0,11,0.0056,0.0,0.0023
57.102,930,17.4,0.4175,0.3045,0.4074,-0.0118,0.6658,-0.1129,0.0,0,1.36,9,0,11,0.0056,0.0,0.0023
57.16,931,16.7,0.3691,0.4672,0.2879,-0.105,0.7908,0.0045,0.0,0,1.32,8,0,11,0.0002,0.0,0.0001
57.219,932,16.7,0.4343,0.7796,0.0,-0.6606,1.0,-0.1612,0.0,0,1.28,14,0,11,0.0081,0.0,0.0032
57.278,933,16.7,0.3259,0.9352,0.0634,-0.4091,1.0,-0.4651,0.0,0,1.24,7,0,11,0.0233,0.0,0.0093
57.339,934,16.7,0.8131,0.7224,0.0329,-0.7499,1.0,-0.4651,0.0,0,1.2,13,0,11,0.0233,0.0,0.0093
57.395,935,16.7,0.0,0.3118,0.7111,0.9439,0.7658,0.0,0.0,0,1.16,8,0,11,0.0,0.0,0.0
57.447,936,16.7,0.1351,0.7081,0.5286,0.4544,0.9977,-0.1235,0.0,0,1.12,9,0,11,0.0062,0.0,0.0025
57.502,937,16.7,0.4468,0.3269,0.3002,-0.1852,0.5668,0.0045,0.0,0,1.08,8,0,11,0.0002,0.0,0.0001
57.563,938,16.7,0.1941,0.9558,0.039,-0.3493,0.948,0.0045,0.0,0,1.04,10,0,11,0.0002,0.0,0.0001
57.617,939,16.7,0.4175,0.2954,0.3428,-0.0948,0.4819,-0.0737,0.0,0,1.0,7,0,11,0.0037,0.0,0.0015
57.668,940,16.7,0.0972,0.8557,0.1658,0.1454,0.8116,-0.2027,0.0,0,1.0,7,0,11,0.0101,0.0,0.0041
57.719,941,16.7,0.2673,0.6506,0.2123,-0.0821,0.6962,-0.2027,0.0,0,1.0,7,0,11,0.0101,0.0,0.0041
57.773,942,16.7,0.0444,0.6436,0.3677,0.5397,0.7465,0.0,0.0,0,1.0,7,0,11,0.0,0.0,0.0
57.829,943,16.7,0.4089,0.4843,0.191,-0.2996,0.6358,-0.7,0.0,0,1.0,6,0,11,0.035,0.0,0.014
57.886,944,16.7,0.0,0.3581,0.5766,0.8782,0.6236,-0.0737,0.0,0,1.0,5,0,11,0.0037,0.0,0.0015
57.947,945,16.7,0.0,0.3376,0.5618,0.8847,0.5982,0.0915,0.0,0,1.0,4,0,11,0.0046,0.0,0.0018
58.005,946,16.7,0.5687,0.7358,0.0377,-0.6475,0.9365,0.0915,0.0,0,1.0,6,0,11,0.0046,0.0,0.0018
58.06,947,16.7,0.2368,0.7699,0.2573,0.0286,0.7908,0.0045,0.0,0,1.0,6,0,11,0.0002,0.0,0.0001
58.121,948,16.7,0.1451,0.6727,0.5334,0.4475,0.8638,-0.7,0.0,0,1.0,5,0,11,0.035,0.0,0.014
58.175,949,16.7,0.113,0.5483,0.632,0.5879,0.8145,-0.0835,0.0,0,1.0,7,0,11,0.0042,0.0,0.0017
58.236,950,16.7,0.4257,0.7484,0.2629,-0.1803,0.8671,-0.0835,0.0,0,1.0,8,0,11,0.0042,0.0,0.0017
58.299,951,16.7,0.2514,0.83,0.0804,-0.309,0.8379,-0.1716,0.0,0,1.0,9,0,11,0.0086,0.0,0.0034
58.364,952,16.7,0.433,0.3774,0.241,-0.2559,0.8951,-0.0395,0.0,0,1.6,6,0,12,0.002,0.0,0.0008
58.418,953,16.7,0.3023,0.7048,0.4898,0.1905,1.0,-0.1363,0.0,0,1.56,5,0,12,0.0068,0.0,0.0027
58.474,954,16.7,0.3506,0.564,0.5538,0.1971,1.0,-0.1967,0.0,0,1.52,6,0,12,0.0098,0.0,0.0039
58.53,955,16.7,0.4111,0.7679,0.3063,-0.1119,1.0,-0.1967,0.0,0,1.48,6,0,12,0.0098,0.0,0.0039
58.58,956,16.7,0.0954,0.624,0.6034,0.5842,1.0,-0.2393,0.0,0,1.44,5,0,12,0.012,0.0,0.0048
58.632,957,16.7,0.2829,0.4407,0.6079,0.3364,0.9949,0.0045,0.0,0,1.4,4,0,12,0.0002,0.0,0.0001
58.682,958,16.7,0.2869,0.4078,0.68,0.3865,0.9837,0.0045,0.0,0,1.36,6,0,12,0.0002,0.0,0.0001
58.733,959,16.7,0.1245,0.6127,0.646,0.5604,1.0,-0.1235,0.0,0,1.32,6,0,12,0.0062,0.0,0.0025
58.781,960,16.7,0.6032,0.6144,0.3445,-0.2374,1.0,-0.1876,0.0,0,1.28,5,0,12,0.0094,0.0,0.0038
58.834,961,17.9,0.7712,0.7225,0.2056,-0.488,1.0,-0.1876,0.0,0,1.24,6,0,12,0.0094,0.0,0.0038
58.895,962,17.9,0.5342,0.7151,0.3953,-0.1248,1.0,-0.2538,0.0,0,1.2,8,0,12,0.0127,0.0,0.0051
58.954,963,17.9,0.7145,0.547,0.3923,-0.2685,0.9972,-0.2209,0.0,0,1.16,6,0,12,0.011,0.0,0.0044
59.01,964,17.9,0.7113,0.6591,0.2646,-0.3943,1.0,-0.2209,0.0,0,1.12,6,0,12,0.011,0.0,0.0044
59.069,965,17.9,0.016,0.8561,0.4684,0.6196,1.0,-0.2722,0.0,0,1.08,5,0,12,0.0136,0.0,0.0054
59.128,966,17.9,0.0,0.4161,0.1994,0.6321,0.4796,-0.2099,0.0,0,1.04,1,0,12,0.0105,0.0,0.0042
59.184,967,17.9,0.0623,0.6321,0.2338,0.3636,0.6619,0.0,0.0,0,1.0,2,0,12,0.0,0.0,0.0
59.235,968,17.9,0.1232,0.3519,0.0,-0.5779,0.3646,0.0,0.0,0,1.0,1,0,12,0.0,0.0,0.0
59.295,969,17.9,0.077,0.4286,0.2079,0.3196,0.4765,0.0,0.0,0,1.0,2,0,12,0.0,0.0,0.0
59.355,970,17.9,0.1428,0.3348,0.0,-0.6111,0.3612,0.0,0.0,0,1.0,1,0,12,0.0,0.0,0.0
59.408,971,17.9,0.3835,0.485,0.1556,-0.339,0.6222,0.0,0.0,0,1.0,7,0,12,0.0,0.0,0.0
59.463,972,17.9,0.3892,0.4971,0.0905,-0.4811,0.6355,0.0,0.0,0,1.0,4,0,12,0.0,0.0,0.0
59.521,973,17.9,0.4015,0.5307,0.0625,-0.5494,0.6706,-0.7,0.0,0,1.0,5,0,12,0.035,0.0,0.014
59.576,974,17.9,0.1958,0.9432,0.0,-0.5044,0.902,-0.7,0.0,0,1.0,7,0,12,0.035,0.0,0.014
59.627,975,17.9,0.3757,0.5503,0.0784,-0.4843,0.6726,0.0,0.0,0,1.0,8,0,12,0.0,0.0,0.0
59.696,976,17.9,0.0,0.5591,0.3816,0.7007,0.6833,0.0,0.0,0,1.0,5,0,12,0.0,0.0,0.0
59.752,977,17.9,0.0522,0.7209,0.5083,0.5919,0.8903,0.0,0.0,0,1.0,5,0,12,0.0,0.0,0.0
59.804,978,17.9,0.0571,0.6182,0.5662,0.6386,0.8363,-0.0835,0.0,0,1.0,4,0,12,0.0042,0.0,0.0017
59.859,979,17.9,0.0015,1.0,0.3401,0.5687,1.0,0.0915,0.0,0,1.0,7,0,12,0.0046,0.0,0.0018
59.925,980,17.9,0.0346,0.8294,0.4715,0.5855,0.9608,0.0915,0.0,0,1.0,5,0,12,0.0046,0.0,0.0018
59.988,981,17.9,0.1256,0.7814,0.4488,0.4027,0.9077,0.0,0.0,0,1.0,9,0,12,0.0,0.0,0.0
60.041,982,17.9,0.1254,0.7001,0.3188,0.2988,1.0,-0.1129,0.0,0,1.6,7,0,13,0.0056,0.0,0.0023
60.094,983,17.9,0.258,0.8336,0.05,-0.396,1.0,0.0,0.0,0,1.56,8,0,13,0.0,0.0,0.0
60.155,984,17.9,0.2789,0.699,0.092,-0.3281,1.0,0.0,0.0,0,1.52,11,0,13,0.0,0.0,0.0
60.212,985,17.9,0.1485,0.9396,0.0481,-0.0504,1.0,0.0,0.0,0,1.48,9,0,13,0.0,0.0,0.0
60.27,986,17.9,0.4161,0.6486,0.0381,-0.5876,1.0,0.0,0.0,0,1.44,8,0,13,0.0,0.0,0.0
60.339,987,17.9,0.3112,0.855,0.0,-0.5842,1.0,0.0,0.0,0,1.4,10,0,13,0.0,0.0,0.0
60.391,988,17.9,0.4352,0.775,0.0,-0.6621,1.0,-0.7,0.0,0,1.36,11,0,13,0.035,0.0,0.014
60.439,989,17.9,0.1361,0.81,0.5511,0.4502,1.0,-0.4651,0.0,0,1.32,11,0,13,0.0233,0.0,0.0093
60.491,990,17.9,0.2543,0.6804,0.4401,0.2099,1.0,-0.4651,0.0,0,1.28,5,0,13,0.0233,0.0,0.0093
60.542,991,17.5,0.3199,0.5669,0.4793,0.1698,0.9233,0.0045,0.0,0,1.24,8,0,13,0.0002,0.0,0.0001
60.596,992,17.5,0.3563,0.5707,0.4576,0.1062,0.8828,-0.1363,0.0,0,1.2,7,0,13,0.0068,0.0,0.0027
60.649,993,17.5,0.3916,0.5508,0.0,-0.709,0.791,-0.1363,0.0,0,1.16,3,0,13,0.0068,0.0,0.0027
60.707,994,17.5,0.3222,0.7617,0.0241,-0.5359,0.9186,-0.2009,0.0,0,1.12,9,0,13,0.01,0.0,0.004
60.757,995,17.5,0.0,0.4603,0.5575,0.8201,0.7548,-0.7,0.0,0,1.08,2,0,13,0.035,0.0,0.014
60.805,996,17.5,0.0,0.4415,0.5721,0.8341,0.7189,0.0045,0.0,0,1.04,2,0,13,0.0002,0.0,0.0001
60.859,997,17.5,0.0,0.5682,0.3252,0.6658,0.6594,0.0045,0.0,0,1.0,3,0,13,0.0002,0.0,0.0001
60.924,998,17.5,0.4973,0.7232,0.3272,-0.1666,0.886,0.0915,0.0,0,1.0,9,0,13,0.0046,0.0,0.0018
60.987,999,17.5,0.5402,0.7112,0.2439,-0.3025,0.8999,-0.1464,0.0,0,1.0,4,0,13,0.0073,0.0,0.0029
61.045,1000,17.5,0.5402,0.7035,0.2489,-0.2969,0.8934,-0.1876,0.0,0,1.0,4,0,13,0.0094,0.0,0.0038
61.101,1001,17.5,0.5402,0.7035,0.2489,-0.2969,0.8934,-0.1876,0.0,0,1.0,4,0,13,0.0094,0.0,0.0038
61.163,1002,17.5,0.5402,0.7035,0.2489,-0.2969,0.8934,-0.2303,0.0,0,1.0,4,0,13,0.0115,0.0,0.0046
61.221,1003,17.5,0.5798,0.67,0.0211,-0.704,0.8875,-0.2303,0.0,0,1.0,3,0,13,0.0115,0.0,0.0046
61.279,1004,17.5,0.5798,0.67,0.0211,-0.704,0.8875,0.0915,0.0,0,1.0,3,0,13,0.0046,0.0,0.0018
61.34,1005,17.5,0.5402,0.8268,0.0141,-0.6617,0.9971,0.0915,0.0,0,1.0,4,0,13,0.0046,0.0,0.0018
61.403,1006,17.5,0.5402,0.8268,0.0141,-0.6617,0.9971,0.0915,0.0,0,1.0,4,0,13,0.0046,0.0,0.0018
61.455,1007,17.5,0.5233,0.8418,0.0141,-0.6512,1.0,0.0915,0.0,0,1.0,4,0,13,0.0046,0.0,0.0018
61.507,1008,17.5,0.0484,0.976,0.047,-0.0065,0.8469,0.0915,0.0,0,1.0,4,0,13,0.0046,0.0,0.0018
61.56,1009,17.5,0.088,0.8618,0.0257,-0.2511,0.7732,0.0,0.0,0,1.0,3,0,13,0.0,0.0,0.0
61.617,1010,17.5,0.0484,0.7713,0.5128,0.8104,0.9351,0.0,0.0,0,1.0,4,0,13,0.0,0.0,0.0
61.666,1011,17.5,0.088,0.8618,0.0257,-0.2511,0.7732,0.0,0.0,0,1.0,3,0,13,0.0,0.0,0.0
61.713,1012,17.5,0.16,0.6187,0.0046,-0.5066,0.6093,0.0,0.0,0,1.0,2,0,13,0.0,0.0,0.0
61.768,1013,17.5,0.088,0.5505,0.5655,0.5962,0.7791,0.0,0.0,0,1.0,3,0,13,0.0,0.0,0.0
61.828,1014,17.5,0.16,0.6187,0.0046,-0.5066,0.6093,0.0915,0.0,0,1.0,2,0,13,0.0046,0.0,0.0018
61.886,1015,17.5,0.088,0.5217,0.5916,0.619,0.7695,0.0915,0.0,0,1.0,3,0,13,0.0046,0.0,0.0018
61.948,1016,17.5,0.16,0.6187,0.0046,-0.5066,0.6093,0.0,0.0,0,1.0,2,0,13,0.0,0.0,0.0
62.0,1017,17.5,0.088,0.4943,0.6185,0.6415,0.7616,0.0915,0.0,0,1.0,3,0,13,0.0046,0.0,0.0018
62.063,1018,17.5,0.4963,0.4234,0.281,-0.2504,0.6336,-0.0595,0.0,0,1.0,3,0,13,0.003,0.0,0.0012
62.119,1019,17.5,0.0484,0.4497,0.7596,0.7919,0.8031,-0.0595,0.0,0,1.0,4,0,13,0.003,0.0,0.0012
62.176,1020,17.5,0.1626,0.4851,0.5966,0.4987,0.7416,-0.2564,0.0,0,1.0,4,0,13,0.0128,0.0,0.0051
62.233,1021,17.8,0.1317,0.4083,0.5183,0.5209,0.6332,-0.1967,0.0,0,1.0,3,0,13,0.0098,0.0,0.0039
62.286,1022,17.8,0.6516,0.48,0.2036,-0.3187,0.7682,0.0045,0.0,0,1.0,4,0,13,0.0002,0.0,0.0001
62.346,1023,17.8,0.6531,0.4544,0.0025,-0.8496,0.7475,0.0045,0.0,0,1.0,2,0,13,0.0002,0.0,0.0001
62.398,1024,17.8,0.7268,0.3926,0.1496,-0.6192,0.7368,-0.2405,0.0,0,1.0,3,0,13,0.012,0.0,0.0048
62.446,1025,17.8,0.7114,0.3973,0.0025,-0.8933,0.7321,-0.3037,0.0,0,1.0,2,0,13,0.0152,0.0,0.0061
62.496,1026,17.8,0.7186,0.3949,0.1404,-0.6297,0.7341,-0.3037,0.0,0,1.0,3,0,13,0.0152,0.0,0.0061
62.548,1027,17.8,0.0,0.5537,0.2612,0.6293,0.6114,-0.0737,0.0,0,1.0,2,0,13,0.0037,0.0,0.0015
62.594,1028,17.8,0.0,0.5446,0.0046,0.367,0.46,-0.0737,0.0,0,1.0,1,0,13,0.0037,0.0,0.0015
62.65,1029,17.8,0.0,0.5446,0.0046,0.367,0.46,-0.0737,0.0,0,1.0,1,0,13,0.0037,0.0,0.0015
62.695,1030,17.8,0.0,0.5446,0.0046,0.367,0.46,-0.0737,0.0,0,1.0,1,0,13,0.0037,0.0,0.0015
62.748,1031,17.8,0.0,0.5446,0.0046,0.367,0.46,-0.0737,0.0,0,1.0,1,0,13,0.0037,0.0,0.0015
62.796,1032,17.8,0.0,0.5446,0.0046,0.367,0.46,-0.0737,0.0,0,1.0,1,0,13,0.0037,0.0,0.0015
62.848,1033,17.8,0.0,0.5446,0.0046,0.367,0.46,-0.0737,0.0,0,1.0,1,0,13,0.0037,0.0,0.0015
62.9,1034,17.8,0.0,0.5446,0.0046,0.367,0.46,-0.0737,0.0,0,1.0,1,0,13,0.0037,0.0,0.0015
62.959,1035,17.8,0.0,0.5446,0.0046,0.367,0.46,-0.0737,0.0,0,1.0,1,0,13,0.0037,0.0,0.0015
63.017,1036,17.8,0.0,0.5446,0.0046,0.367,0.46,-0.0737,0.0,0,1.0,1,0,13,0.0037,0.0,0.0015
63.066,1037,17.8,0.0,0.5446,0.0046,0.367,0.46,-0.0737,0.0,0,1.0,1,0,13,0.0037,0.0,0.0015
63.116,1038,17.8,0.0,0.5446,0.0046,0.367,0.46,-0.0737,0.0,0,1.0,1,0,13,0.0037,0.0,0.0015
63.166,1039,17.8,0.0,0.5446,0.0046,0.367,0.46,-0.0737,0.0,0,1.0,1,0,13,0.0037,0.0,0.0015
63.225,1040,17.8,0.0,0.5446,0.0046,0.367,0.46,-0.0737,0.0,0,1.0,1,0,13,0.0037,0.0,0.0015
63.273,1041,17.8,0.0,0.5446,0.0046,0.367,0.46,-0.0737,0.0,0,1.0,1,0,13,0.0037,0.0,0.0015
63.326,1042,17.8,0.0,0.5446,0.0046,0.367,0.46,-0.0737,0.0,0,1.0,1,0,13,0.0037,0.0,0.0015
63.386,1043,17.8,0.0,0.5446,0.0046,0.1085,0.46,-0.0737,0.0,0,1.0,1,0,13,0.0037,0.0,0.0015
63.437,1044,17.8,0.0,0.5446,0.0046,0.367,0.46,-0.0737,0.0,0,1.0,1,0,13,0.0037,0.0,0.0015
63.486,1045,17.8,0.0,0.5446,0.0046,0.367,0.46,-0.0737,0.0,0,1.0,1,0,13,0.0037,0.0,0.0015
63.542,1046,17.8,0.0,0.5446,0.0046,0.367,0.46,-0.0737,0.0,0,1.0,1,0,13,0.0037,0.0,0.0015
63.599,1047,17.8,0.0,0.5446,0.0046,0.367,0.46,-0.0737,0.0,0,1.0,1,0,13,0.0037,0.0,0.0015
63.649,1048,17.8,0.0,0.5446,0.0046,0.367,0.46,-0.0737,0.0,0,1.0,1,0,13,0.0037,0.0,0.0015
63.706,1049,17.8,0.0,0.5446,0.0046,0.367,0.46,-0.0737,0.0,0,1.0,1,0,13,0.0037,0.0,0.0015
63.754,1050,17.8,0.0,0.5446,0.0046,0.367,0.46,-0.0737,0.0,0,1.0,1,0,13,0.0037,0.0,0.0015
63.8,1051,19.0,0.0,0.5446,0.0046,0.367,0.46,-0.0737,0.0,0,1.0,1,0,13,0.0037,0.0,0.0015
63.844,1052,19.0,0.0,0.5446,0.0046,0.367,0.46,-0.0737,0.0,0,1.0,1,0,13,0.0037,0.0,0.0015
63.895,1053,19.0,0.0,0.5446,0.0046,0.367,0.46,-0.0737,0.0,0,1.0,1,0,13,0.0037,0.0,0.0015
63.955,1054,19.0,0.0,0.5936,0.005,0.367,0.5014,-0.0737,0.0,0,1.0,1,0,13,0.0037,0.0,0.0015
64.011,1055,19.0,0.0,0.5997,0.0057,0.3679,0.5069,-0.0737,0.0,0,1.0,1,0,13,0.0037,0.0,0.0015
64.066,1056,19.0,0.0,0.6051,0.0057,0.3679,0.5115,-0.0737,0.0,0,1.0,1,0,13,0.0037,0.0,0.0015
64.114,1057,19.0,0.0,0.6057,0.0051,0.367,0.5117,-0.0737,0.0,0,1.0,1,0,13,0.0037,0.0,0.0015
64.166,1058,19.0,0.0,0.6049,0.0051,0.367,0.511,-0.0737,0.0,0,1.0,1,0,13,0.0037,0.0,0.0015
64.223,1059,19.0,0.0,0.6037,0.0051,0.367,0.51,-0.0737,0.0,0,1.0,1,0,13,0.0037,0.0,0.0015
64.273,1060,19.0,0.0,0.6033,0.0051,0.367,0.5096,-0.0737,0.0,0,1.0,1,0,13,0.0037,0.0,0.0015
64.33,1061,19.0,0.0,0.6031,0.0051,0.367,0.5094,-0.0737,0.0,0,1.0,1,0,13,0.0037,0.0,0.0015
64.383,1062,19.0,0.0,0.6075,0.0051,0.367,0.5132,-0.0737,0.0,0,1.0,1,0,13,0.0037,0.0,0.0015
64.437,1063,19.0,0.0,0.9292,0.0219,0.3793,0.7928,-0.0737,0.0,0,1.0,2,0,13,0.0037,0.0,0.0015
64.486,1064,19.0,0.0,0.6182,0.0052,0.367,0.5222,-0.0737,0.0,0,1.0,1,0,13,0.0037,0.0,0.0015
64.539,1065,19.0,0.0,0.6189,0.0052,0.367,0.5228,-0.0737,0.0,0,1.0,1,0,13,0.0037,0.0,0.0015
64.588,1066,19.0,0.0,0.6302,0.0053,0.367,0.5324,-0.0737,0.0,0,1.0,1,0,13,0.0037,0.0,0.0015
64.638,1067,19.0,0.0,0.6384,0.0054,0.367,0.5393,-0.0737,0.0,0,1.0,1,0,13,0.0037,0.0,0.0015
64.687,1068,19.0,0.0,0.6439,0.0054,0.3327,0.5439,-0.0737,0.0,0,1.0,1,0,13,0.0037,0.0,0.0015
64.741,1069,19.0,0.0,0.6486,0.0055,0.367,0.5478,-0.0737,0.0,0,1.0,1,0,13,0.0037,0.0,0.0015
64.788,1070,19.0,0.0,0.658,0.0055,0.367,0.5558,-0.0737,0.0,0,1.0,1,0,13,0.0037,0.0,0.0015
64.838,1071,19.0,0.0,0.6622,0.0056,0.367,0.5594,-0.0737,0.0,0,1.0,1,0,13,0.0037,0.0,0.0015
64.892,1072,19.0,0.0,0.6606,0.0056,0.367,0.558,-0.0737,0.0,0,1.0,1,0,13,0.0037,0.0,0.0015
64.953,1073,19.0,0.0,0.6626,0.0056,0.367,0.5597,-0.0737,0.0,0,1.0,1,0,13,0.0037,0.0,0.0015
65.006,1074,19.0,0.0,0.6689,0.0056,0.367,0.5651,-0.0737,0.0,0,1.0,1,0,13,0.0037,0.0,0.0015
65.058,1075,19.0,0.0,0.7699,0.0065,0.367,0.6503,-0.0737,0.0,0,1.0,1,0,13,0.0037,0.0,0.0015
65.106,1076,19.0,0.0,1.0,0.0169,0.374,0.8495,-0.0737,0.0,0,1.0,2,0,13,0.0037,0.0,0.0015
65.159,1077,19.0,0.0,0.7683,0.0065,0.367,0.649,-0.0737,0.0,0,1.0,1,0,13,0.0037,0.0,0.0015
65.216,1078,19.0,0.0,0.7674,0.0064,0.367,0.6482,-0.0737,0.0,0,1.0,1,0,13,0.0037,0.0,0.0015
65.263,1079,19.0,0.0,0.767,0.0064,0.367,0.6479,-0.0737,0.0,0,1.0,1,0,13,0.0037,0.0,0.0015
65.318,1080,19.0,0.0,0.7662,0.0064,0.367,0.6472,-0.0737,0.0,0,1.0,1,0,13,0.0037,0.0,0.0015
65.375,1081,19.2,0.0,0.7635,0.0064,0.367,0.6449,-0.0737,0.0,0,1.0,1,0,13,0.0037,0.0,0.0015
65.42,1082,19.2,0.0,0.7623,0.0064,0.367,0.6439,-0.0737,0.0,0,1.0,1,0,13,0.0037,0.0,0.0015
65.472,1083,19.2,0.0,0.7612,0.0064,0.367,0.643,-0.0737,0.0,0,1.0,1,0,13,0.0037,0.0,0.0015
65.523,1084,19.2,0.0,0.7598,0.0064,0.367,0.6418,-0.0737,0.0,0,1.0,1,0,13,0.0037,0.0,0.0015
65.574,1085,19.2,0.0,0.7587,0.0064,0.367,0.6408,-0.0737,0.0,0,1.0,1,0,13,0.0037,0.0,0.0015
65.623,1086,19.2,0.0,0.7573,0.0064,0.367,0.6397,-0.0737,0.0,0,1.0,1,0,13,0.0037,0.0,0.0015
65.674,1087,19.2,0.0,0.7562,0.0064,0.2259,0.6387,-0.0737,0.0,0,1.0,1,0,13,0.0037,0.0,0.0015
65.724,1088,19.2,0.0,0.7548,0.0063,0.367,0.6376,-0.0737,0.0,0,1.0,1,0,13,0.0037,0.0,0.0015
65.77,1089,19.2,0.0,0.7537,0.0063,0.367,0.6366,-0.0737,0.0,0,1.0,1,0,13,0.0037,0.0,0.0015
65.833,1090,19.2,0.2016,0.6626,0.0,-0.556,0.6695,0.0,0.0,0,1.0,1,0,13,0.0,0.0,0.0
65.891,1091,19.2,0.0411,0.471,0.0,-0.4274,0.4187,0.0,0.0,0,1.0,1,0,13,0.0,0.0,0.0
65.968,1092,19.2,0.0,0.2186,0.4632,0.9307,0.443,0.0,0.0,0,1.0,2,0,13,0.0,0.0,0.0
66.031,1093,19.2,0.0,0.0,0.0,0.0,0.3,0.0,0.0,0,1.0,0,0,13,0.0,0.0,0.0
66.094,1094,19.2,0.0509,0.5238,0.0,-0.4344,0.4685,-0.1129,0.0,0,1.0,1,0,13,0.0056,0.0,0.0023
66.163,1095,19.2,0.1006,0.5914,0.1881,0.1927,0.6021,0.0,0.0,0,1.0,4,0,13,0.0,0.0,0.0
66.224,1096,19.2,0.3182,0.3289,0.0165,-0.7064,0.4545,0.0,0.0,0,1.0,2,0,13,0.0,0.0,0.0
66.279,1097,19.2,0.2504,0.5308,0.2498,-0.0252,0.5861,0.0,0.0,0,1.0,8,0,13,0.0,0.0,0.0
66.34,1098,19.2,0.1352,0.4764,0.1042,-0.0831,0.4759,0.0,0.0,0,1.0,2,0,13,0.0,0.0,0.0
66.405,1099,19.2,0.0,0.3412,0.1491,0.6155,0.3701,0.0,0.0,0,1.0,1,0,13,0.0,0.0,0.0
66.463,1100,19.2,0.0,0.0,0.0,0.0,0.3,0.0,0.0,0,1.0,0,0,13,0.0,0.0,0.0
66.521,1101,19.2,0.0,0.4839,0.4685,0.7732,0.6689,0.0,0.0,0,1.0,2,0,13,0.0,0.0,0.0
66.58,1102,19.2,0.0,0.511,0.4377,0.7475,0.6744,-0.1129,0.0,0,1.0,2,0,13,0.0056,0.0,0.0023
66.636,1103,19.2,0.0479,0.7559,0.4378,0.5528,0.8801,-0.1129,0.0,0,1.0,6,0,13,0.0056,0.0,0.0023
66.696,1104,19.2,0.4363,0.5609,0.1103,-0.462,0.7155,-0.4651,0.0,0,1.0,6,0,13,0.0233,0.0,0.0093
66.753,1105,19.2,0.1449,0.5107,0.099,-0.119,0.5101,-0.4651,0.0,0,1.0,2,0,13,0.0233,0.0,0.0093
66.815,1106,19.2,0.0,0.035,0.4824,1.0,0.2996,0.0,0.0,0,1.0,1,0,13,0.0,0.0,0.0
66.871,1107,19.2,0.0,0.0,0.0,0.0,0.3,0.0,0.0,0,1.0,0,0,13,0.0,0.0,0.0
66.934,1108,19.2,0.7453,0.4037,0.0604,-0.7817,0.7565,-0.1129,0.0,0,1.0,3,0,13,0.0056,0.0,0.0023
66.993,1109,19.2,0.0,0.4445,0.2594,0.6696,0.5187,-0.1129,0.0,0,1.0,2,0,13,0.0056,0.0,0.0023
67.057,1110,19.2,0.0,0.0,0.0,0.0,0.3,-0.1129,0.0,0,1.0,0,0,13,0.0056,0.0,0.0023
67.113,1111,17.3,0.014,0.5781,0.3812,0.6515,0.6991,0.0,0.0,0,1.0,2,0,13,0.0,0.0,0.0
67.173,1112,17.3,0.1457,0.488,0.4022,0.3766,0.6351,-0.3477,0.0,0,1.0,2,0,13,0.0174,0.0,0.007
67.232,1113,17.3,0.7019,0.4872,0.2689,-0.41,0.8023,-0.4651,0.0,0,1.0,6,0,13,0.0233,0.0,0.0093
67.29,1114,17.3,0.0972,0.537,0.2298,0.2748,0.5798,-0.2393,0.0,0,1.0,3,0,13,0.012,0.0,0.0048
67.349,1115,17.3,0.0366,0.6518,0.6095,0.69,0.8888,0.0,0.0,0,1.0,5,0,13,0.0,0.0,0.0
67.41,1116,17.3,0.0,0.0,0.0,0.0,0.3,0.0,0.0,0,1.0,0,0,13,0.0,0.0,0.0
67.47,1117,17.3,0.0,0.4282,0.3261,0.7231,0.5423,0.0915,0.0,0,1.0,1,0,13,0.0046,0.0,0.0018
67.528,1118,17.3,0.0,0.0,0.0,0.0,0.3,0.0915,0.0,0,1.0,0,0,13,0.0046,0.0,0.0018
67.588,1119,17.3,0.1009,0.3922,0.5606,0.6166,0.6434,0.0,0.0,0,1.0,3,0,13,0.0,0.0,0.0
67.643,1120,17.3,0.051,0.6927,0.1848,0.3251,0.6854,0.0045,0.0,0,1.0,3,0,13,0.0002,0.0,0.0001
67.703,1121,17.3,0.0,0.3802,0.3655,0.7717,0.524,0.0,0.0,0,1.0,2,0,13,0.0,0.0,0.0
67.764,1122,17.3,0.0,0.6395,0.5112,0.7332,0.8235,0.0,0.0,0,1.0,5,0,13,0.0,0.0,0.0
67.824,1123,17.3,0.3506,0.0559,0.0,-1.0,0.2433,-0.7,0.0,0,1.0,1,0,13,0.035,0.0,0.014
67.879,1124,17.3,0.0,0.0,0.0,0.0,0.3,-0.7,0.0,0,1.0,0,0,13,0.035,0.0,0.014
67.943,1125,17.3,0.0,0.5046,0.1734,0.5748,0.521,-0.7,0.0,0,1.0,2,0,13,0.035,0.0,0.014
68.01,1126,17.3,0.1798,0.5731,0.1834,0.0069,0.5841,0.0,0.0,0,1.0,2,0,13,0.0,0.0,0.0
68.073,1127,17.3,0.6857,0.3714,0.091,-0.7107,0.6959,0.0,0.0,0,1.0,2,0,13,0.0,0.0,0.0
68.131,1128,17.3,0.0,0.1817,0.2268,0.8264,0.2796,-0.1363,0.0,0,1.0,1,0,13,0.0068,0.0,0.0027
68.189,1129,17.3,0.0,0.0111,0.3836,1.0,0.2241,0.0,0.0,0,1.0,1,0,13,0.0,0.0,0.0
68.252,1130,17.3,0.0,0.3518,0.6891,0.9161,0.6814,0.0,0.0,0,1.0,3,0,13,0.0,0.0,0.0
68.324,1131,17.3,0.0,0.436,0.5522,0.8294,0.6755,-0.3477,0.0,0,1.0,2,0,13,0.0174,0.0,0.007
68.391,1132,17.3,0.0,0.0538,0.3991,1.0,0.2686,0.0045,0.0,0,1.0,1,0,13,0.0002,0.0,0.0001
68.45,1133,17.3,0.0,0.415,0.5528,0.8398,0.6581,0.0045,0.0,0,1.0,3,0,13,0.0002,0.0,0.0001
68.502,1134,17.3,0.0,0.471,0.393,0.7421,0.6158,0.0045,0.0,0,1.0,2,0,13,0.0002,0.0,0.0001
68.566,1135,17.3,0.0,0.0,0.0,0.0,0.3,0.0045,0.0,0,1.0,0,0,13,0.0002,0.0,0.0001
68.618,1136,17.3,0.8505,0.4866,0.0,-0.8943,0.885,0.0,0.0,0,1.0,5,0,13,0.0,0.0,0.0
68.68,1137,17.3,0.9158,0.3678,0.0288,-0.9057,0.8218,0.0,0.0,0,1.0,5,0,13,0.0,0.0,0.0
68.738,1138,17.3,0.0,0.3904,0.1216,0.5595,0.396,-0.1876,0.0,0,1.0,1,0,13,0.0094,0.0,0.0038
68.796,1139,17.3,0.0,0.3716,0.2132,0.6662,0.4315,0.0,0.0,0,1.0,1,0,13,0.0,0.0,0.0
68.856,1140,17.3,0.3091,0.2016,0.129,-0.3844,0.3425,0.0,0.0,0,1.0,2,0,13,0.0,0.0,0.0
68.916,1141,16.7,0.7083,0.1092,0.2117,-0.6175,0.4883,0.0,0.0,0,1.0,2,0,13,0.0,0.0,0.0
68.991,1142,16.7,0.0,0.2538,0.2949,0.8115,0.3783,-0.2516,0.0,0,1.0,1,0,13,0.0126,0.0,0.005
69.048,1143,16.7,0.0,0.2463,0.3087,0.8272,0.3797,-0.2516,0.0,0,1.0,1,0,13,0.0126,0.0,0.005
69.104,1144,16.7,0.0,0.2444,0.1701,0.7047,0.3006,0.0,0.0,0,1.0,1,0,13,0.0,0.0,0.0
69.162,1145,16.7,0.0,0.5857,0.217,0.5871,0.6135,0.0,0.0,0,1.0,2,0,13,0.0,0.0,0.0
69.223,1146,16.7,0.0,0.1588,0.5191,1.0,0.424,0.0,0.0,0,1.0,2,0,13,0.0,0.0,0.0
69.281,1147,16.7,0.0,0.0,0.0,0.0,0.3,0.0,0.0,0,1.0,0,0,13,0.0,0.0,0.0
69.347,1148,16.7,0.0604,0.6924,0.0,-0.4274,0.6154,0.0045,0.0,0,1.0,1,0,13,0.0002,0.0,0.0001
69.405,1149,16.7,0.1757,0.1262,0.3821,0.3866,0.32,0.0,0.0,0,1.0,2,0,13,0.0,0.0,0.0
69.463,1150,16.7,0.0449,0.5553,0.1035,0.2122,0.5244,-0.1876,0.0,0,1.0,2,0,13,0.0094,0.0,0.0038
69.521,1151,16.7,0.0,0.1633,0.3737,0.9445,0.3465,-0.1876,0.0,0,1.0,1,0,13,0.0094,0.0,0.0038
69.585,1152,16.7,0.1305,0.6256,0.1769,-0.0011,0.6246,0.0,0.0,0,1.0,3,0,13,0.0,0.0,0.0
69.641,1153,16.7,0.1943,0.7071,0.1697,-0.0436,0.7027,0.0,0.0,0,1.0,2,0,13,0.0,0.0,0.0
69.69,1154,16.7,0.0583,0.6985,0.0795,0.0766,0.6313,0.0,0.0,0,1.0,4,0,13,0.0,0.0,0.0
69.742,1155,16.7,0.2775,0.504,0.0,-0.6583,0.5788,0.0,0.0,0,1.0,3,0,13,0.0,0.0,0.0
69.796,1156,16.7,0.0751,0.5725,0.0,-0.4574,0.523,0.0,0.0,0,1.0,2,0,13,0.0,0.0,0.0
69.853,1157,16.7,0.2374,0.8783,0.0,-0.5388,0.8707,0.0,0.0,0,1.0,2,0,13,0.0,0.0,0.0
69.914,1158,16.7,0.2185,0.9037,0.0,-0.5235,0.8815,0.0,0.0,0,1.0,2,0,13,0.0,0.0,0.0
69.976,1159,16.7,0.0401,0.574,0.1276,0.2871,0.5536,0.0,0.0,0,1.0,2,0,13,0.0,0.0,0.0
70.036,1160,16.7,0.003,0.8639,0.1028,0.4263,0.7832,0.0,0.0,0,1.0,4,0,13,0.0,0.0,0.0
70.094,1161,16.7,0.0,0.9654,0.1667,0.4837,0.9042,0.0,0.0,0,1.0,3,0,13,0.0,0.0,0.0
70.154,1162,16.7,0.2228,1.0,0.0586,-0.3177,0.9648,0.0,0.0,1,1.0,3,0,13,0.0,1.0,0.0
70.212,1163,16.7,0.2607,0.9162,0.0,-0.5461,0.9156,0.0,0.0,1,1.0,2,0,13,0.0,0.8,0.0
70.273,1164,16.7,0.304,0.2294,0.1172,-0.4008,0.3629,0.0,0.0,1,1.0,2,0,13,0.0,0.8,0.0
70.334,1165,16.7,0.198,0.7369,0.1754,-0.0389,0.7299,0.0,0.0,1,1.0,2,0,13,0.0,0.8,0.0
70.402,1166,16.7,0.0,0.0,0.0,0.0,0.3,0.0,0.0,1,1.0,0,0,13,0.0,0.8,0.0
70.463,1167,16.7,0.0,0.6244,0.0358,0.4055,0.5445,0.0,0.0,1,1.0,1,0,13,0.0,0.8,0.0
70.518,1168,16.7,0.0,0.051,0.4109,1.0,0.273,0.0,0.0,1,1.0,1,0,13,0.0,0.8,0.0
70.577,1169,16.7,0.0,0.5768,0.0161,0.3827,0.4935,0.0,0.0,1,1.0,1,0,13,0.0,0.8,0.0
70.628,1170,16.7,0.0,0.0,0.0,0.0,0.3,0.0,0.0,1,1.0,0,0,13,0.0,0.8,0.0
70.684,1171,16.9,0.0,0.0,0.0,0.0,0.3,0.0,0.0,1,1.0,0,0,13,0.0,0.8,0.0
70.731,1172,16.9,0.0,0.0,0.0,0.0,0.3,0.0,0.0,1,1.0,0,0,13,0.0,0.8,0.0
70.783,1173,16.9,0.0,0.0,0.0,0.0,0.3,0.0,0.0,1,1.0,0,0,13,0.0,0.8,0.0
70.844,1174,16.9,0.0,0.0,0.0,0.0,0.3,0.0,0.0,0,1.0,0,0,13,0.0,0.8,0.0
70.897,1175,16.9,0.0,0.0,0.0,0.0,0.3,0.0,0.0,0,1.0,0,0,13,0.0,0.0,0.0
70.948,1176,16.9,0.0,0.0,0.0,0.0,0.3,0.0,0.0,0,1.0,0,0,13,0.0,0.0,0.0
71.0,1177,16.9,0.0,0.0,0.0,0.0,0.3,0.0,0.0,0,1.0,0,0,13,0.0,0.0,0.0
71.054,1178,16.9,0.0,0.0,0.0,0.0,0.3,0.0,0.0,0,1.0,0,0,13,0.0,0.0,0.0
71.105,1179,16.9,0.0,0.0,0.0,0.0,0.3,0.0,0.0,0,1.0,0,0,13,0.0,0.0,0.0
71.157,1180,16.9,0.0,0.0,0.0,0.0,0.3,0.0,0.0,0,1.0,0,0,13,0.0,0.0,0.0
71.207,1181,16.9,0.0,0.0,0.0,0.0,0.3,0.0,0.0,0,1.0,0,0,13,0.0,0.0,0.0
71.256,1182,16.9,0.0,0.0,0.0,0.0,0.3,0.0,0.0,0,1.0,0,0,13,0.0,0.0,0.0
71.31,1183,16.9,0.0,0.0,0.0,0.0,0.3,0.0,0.0,0,1.0,0,0,13,0.0,0.0,0.0
71.365,1184,16.9,0.0,0.0,0.0,0.0,0.3,0.0,0.0,0,1.0,0,0,13,0.0,0.0,0.0
71.419,1185,16.9,0.0,0.0,0.0,0.0,0.3,0.0,0.0,0,1.0,0,0,13,0.0,0.0,0.0
71.471,1186,16.9,0.0,0.0,0.0,0.0,0.3,0.0,0.0,0,1.0,0,0,13,0.0,0.0,0.0
71.522,1187,16.9,0.0,0.0,0.0,0.0,0.3,0.0,0.0,0,1.0,0,0,13,0.0,0.0,0.0
71.572,1188,16.9,0.0,0.0,0.0,0.0,0.3,0.0,0.0,0,1.0,0,0,13,0.0,0.0,0.0
71.621,1189,16.9,0.0,0.0,0.0,0.0,0.3,0.0,0.0,0,1.0,0,0,13,0.0,0.0,0.0
71.674,1190,16.9,0.0,0.0,0.0,0.0,0.3,0.0,0.0,0,1.0,0,0,13,0.0,0.0,0.0
71.719,1191,16.9,0.0,0.0,0.0,0.0,0.3,0.0,0.0,0,1.0,0,0,13,0.0,0.0,0.0
71.774,1192,16.9,0.0,0.0,0.0,0.0,0.3,0.0,0.0,0,1.0,0,0,13,0.0,0.0,0.0
71.823,1193,16.9,0.0,0.0,0.0,0.0,0.3,0.0,0.0,0,1.0,0,0,13,0.0,0.0,0.0
71.873,1194,16.9,0.0,0.0,0.0,0.0,0.3,0.0,0.0,0,1.0,0,0,13,0.0,0.0,0.0
71.924,1195,16.9,0.0,0.0,0.0,0.0,0.3,0.0,0.0,0,1.0,0,0,13,0.0,0.0,0.0
71.976,1196,16.9,0.0,0.0,0.0,0.0,0.3,0.0,0.0,0,1.0,0,0,13,0.0,0.0,0.0
72.032,1197,16.9,0.0,0.0,0.0,0.0,0.3,0.0,0.0,0,1.0,0,0,13,0.0,0.0,0.0
72.083,1198,16.9,0.0,0.0,0.0,0.0,0.3,0.0,0.0,0,1.0,0,0,13,0.0,0.0,0.0
72.138,1199,16.9,0.0,0.0,0.0,0.0,0.3,0.0,0.0,0,1.0,0,0,13,0.0,0.0,0.0
72.191,1200,16.9,0.0,0.0,0.0,0.0,0.3,0.0,0.0,0,1.0,0,0,13,0.0,0.0,0.0
72.246,1201,19.2,0.0,0.0,0.0,0.0,0.3,0.0,0.0,0,1.0,0,0,13,0.0,0.0,0.0
72.301,1202,19.2,0.0,0.0,0.0,0.0,0.3,0.0,0.0,0,1.0,0,0,13,0.0,0.0,0.0
72.358,1203,19.2,0.0,0.0,0.0,0.0,0.3,0.0,0.0,0,1.0,0,0,13,0.0,0.0,0.0
72.414,1204,19.2,0.0,0.0,0.0,0.0,0.3,0.0,0.0,0,1.0,0,0,13,0.0,0.0,0.0
72.464,1205,19.2,0.0,0.0,0.0,0.0,0.3,0.0,0.0,0,1.0,0,0,13,0.0,0.0,0.0
72.515,1206,19.2,0.0,0.0,0.0,0.0,0.3,0.0,0.0,0,1.0,0,0,13,0.0,0.0,0.0
72.565,1207,19.2,0.0,0.0,0.0,0.0,0.3,0.0,0.0,0,1.0,0,0,13,0.0,0.0,0.0
72.618,1208,19.2,0.0,0.0,0.0,0.0,0.3,0.0,0.0,0,1.0,0,0,13,0.0,0.0,0.0
72.679,1209,19.2,0.0,0.0,0.0,0.0,0.3,0.0,0.0,0,1.0,0,0,13,0.0,0.0,0.0
72.737,1210,19.2,0.0,0.0,0.0,0.0,0.3,0.0,0.0,0,1.0,0,0,13,0.0,0.0,0.0
72.791,1211,19.2,0.0,0.0,0.0,0.0,0.3,0.0,0.0,0,1.0,0,0,13,0.0,0.0,0.0
72.848,1212,19.2,0.0,0.0,0.0,0.0,0.3,0.0,0.0,0,1.0,0,0,13,0.0,0.0,0.0
72.895,1213,19.2,0.0,0.0,0.0,0.0,0.3,0.0,0.0,0,1.0,0,0,13,0.0,0.0,0.0
72.945,1214,19.2,0.0,0.0,0.0,0.0,0.3,0.0,0.0,0,1.0,0,0,13,0.0,0.0,0.0
72.995,1215,19.2,0.0,0.0,0.0,0.0,0.3,0.0,0.0,0,1.0,0,0,13,0.0,0.0,0.0
73.045,1216,19.2,0.0,0.0,0.0,0.0,0.3,0.0,0.0,0,1.0,0,0,13,0.0,0.0,0.0
73.092,1217,19.2,0.0,0.0,0.0,0.0,0.3,0.0,0.0,0,1.0,0,0,13,0.0,0.0,0.0
73.136,1218,19.2,0.0,0.0,0.0,0.0,0.3,0.0,0.0,0,1.0,0,0,13,0.0,0.0,0.0
73.189,1219,19.2,0.3326,0.9895,0.0329,-0.4811,1.0,-0.7,0.0,0,1.0,6,0,13,0.035,0.0,0.014
73.236,1220,19.2,0.3227,0.7199,0.0588,-0.4502,0.7854,-0.7,0.0,0,1.0,3,0,13,0.035,0.0,0.014
73.29,1221,19.2,0.3226,0.6423,0.0028,-0.6312,0.7202,0.0,0.0,0,1.0,2,0,13,0.0,0.0,0.0
73.348,1222,19.2,0.0,0.4927,0.0052,0.3688,0.4167,0.0,0.0,0,1.0,1,0,13,0.0,0.0,0.0
73.396,1223,19.2,0.1172,1.0,0.0464,-0.2071,0.9056,0.0,0.0,0,1.0,12,0,13,0.0,0.0,0.0
73.443,1224,19.2,0.1172,1.0,0.0464,-0.2071,0.9056,0.0,0.0,0,1.0,12,0,13,0.0,0.0,0.0
73.483,1225,19.2,0.1172,1.0,0.0464,-0.2071,0.9056,0.0,0.0,0,1.0,12,0,13,0.0,0.0,0.0
73.526,1226,19.2,0.1172,1.0,0.0464,-0.2071,0.9056,0.0,0.0,0,1.0,12,0,13,0.0,0.0,0.0
73.567,1227,19.2,0.1172,1.0,0.0464,-0.2071,0.9056,0.0,0.0,0,1.0,12,0,13,0.0,0.0,0.0
73.61,1228,19.2,0.1172,1.0,0.0464,-0.2071,0.9056,0.0,0.0,0,1.0,12,0,13,0.0,0.0,0.0
73.663,1229,19.2,0.1172,1.0,0.0464,-0.2071,0.9056,0.0,0.0,0,1.0,12,0,13,0.0,0.0,0.0
73.712,1230,19.2,0.1172,1.0,0.0464,-0.2071,0.9056,0.0,0.0,0,1.0,12,0,13,0.0,0.0,0.0
73.764,1231,19.7,0.1172,1.0,0.0464,-0.2071,0.9056,0.0,0.0,0,1.0,12,0,13,0.0,0.0,0.0
73.815,1232,19.7,0.1172,1.0,0.0464,-0.2071,0.9056,0.0,0.0,0,1.0,12,0,13,0.0,0.0,0.0
73.863,1233,19.7,0.1172,1.0,0.0464,-0.2071,0.9056,0.0,0.0,0,1.0,12,0,13,0.0,0.0,0.0
73.915,1234,19.7,0.1172,1.0,0.0464,-0.2071,0.9056,0.0,0.0,0,1.0,12,0,13,0.0,0.0,0.0
73.964,1235,19.7,0.1172,1.0,0.0463,-0.2071,0.9056,0.0,0.0,0,1.0,12,0,13,0.0,0.0,0.0
74.013,1236,19.7,0.1172,1.0,0.0464,-0.2071,0.9056,0.0,0.0,0,1.0,12,0,13,0.0,0.0,0.0
74.063,1237,19.7,0.1172,1.0,0.0463,-0.2071,0.9056,0.0,0.0,0,1.0,12,0,13,0.0,0.0,0.0
74.112,1238,19.7,0.1172,1.0,0.0464,-0.2071,0.9056,0.0,0.0,0,1.0,12,0,13,0.0,0.0,0.0
74.165,1239,19.7,0.1172,1.0,0.0464,-0.2071,0.9056,0.0,0.0,0,1.0,12,0,13,0.0,0.0,0.0
74.211,1240,19.7,0.1172,1.0,0.0464,-0.2071,0.9056,0.0,0.0,0,1.0,12,0,13,0.0,0.0,0.0
74.262,1241,19.7,0.1172,1.0,0.0464,-0.2071,0.9056,0.0,0.0,0,1.0,12,0,13,0.0,0.0,0.0
74.314,1242,19.7,0.1172,1.0,0.0464,-0.2071,0.9056,0.0,0.0,0,1.0,13,0,13,0.0,0.0,0.0
74.363,1243,19.7,0.1172,1.0,0.0464,-0.2071,0.9056,0.0,0.0,0,1.0,12,0,13,0.0,0.0,0.0
74.41,1244,19.7,0.1172,1.0,0.0464,-0.2071,0.9056,0.0,0.0,0,1.0,12,0,13,0.0,0.0,0.0
74.458,1245,19.7,0.1172,1.0,0.0464,-0.2071,0.9056,0.0,0.0,0,1.0,12,0,13,0.0,0.0,0.0
74.501,1246,19.7,0.1172,1.0,0.0464,-0.2071,0.9056,0.0,0.0,0,1.0,12,0,13,0.0,0.0,0.0
74.543,1247,19.7,0.1172,1.0,0.0464,-0.2071,0.9056,0.0,0.0,0,1.0,12,0,13,0.0,0.0,0.0
74.595,1248,19.7,0.1172,1.0,0.0464,-0.2071,0.9056,0.0,0.0,0,1.0,12,0,13,0.0,0.0,0.0
74.643,1249,19.7,0.1172,1.0,0.0464,-0.2071,0.9056,0.0,0.0,0,1.0,12,0,13,0.0,0.0,0.0
74.698,1250,19.7,0.1172,1.0,0.0464,-0.2071,0.9056,0.0,0.0,0,1.0,12,0,13,0.0,0.0,0.0
74.748,1251,19.7,0.1172,1.0,0.0464,-0.2071,0.9056,0.0,0.0,0,1.0,13,0,13,0.0,0.0,0.0
74.798,1252,19.7,0.1172,1.0,0.0464,-0.2071,0.9056,0.0,0.0,0,1.0,12,0,13,0.0,0.0,0.0
74.847,1253,19.7,0.1172,1.0,0.0464,-0.2071,0.9056,0.0,0.0,0,1.0,12,0,13,0.0,0.0,0.0
74.896,1254,19.7,0.1172,1.0,0.0464,-0.2071,0.9056,0.0,0.0,0,1.0,12,0,13,0.0,0.0,0.0
74.945,1255,19.7,0.1172,1.0,0.0464,-0.2071,0.9056,0.0,0.0,0,1.0,12,0,13,0.0,0.0,0.0
74.998,1256,19.7,0.1172,1.0,0.0464,-0.2071,0.9056,0.0,0.0,0,1.0,12,0,13,0.0,0.0,0.0
75.048,1257,19.7,0.1172,1.0,0.0464,-0.2071,0.9056,0.0,0.0,0,1.0,12,0,13,0.0,0.0,0.0
75.097,1258,19.7,0.1172,1.0,0.0464,-0.2071,0.9056,0.0,0.0,0,1.0,13,0,13,0.0,0.0,0.0
75.143,1259,19.7,0.1172,1.0,0.0464,-0.2071,0.9056,0.0,0.0,0,1.0,13,0,13,0.0,0.0,0.0
75.197,1260,19.7,0.1172,1.0,0.0464,-0.2071,0.9056,0.0,0.0,0,1.0,12,0,13,0.0,0.0,0.0
75.246,1261,20.2,0.1172,1.0,0.0464,-0.2071,0.9056,0.0,0.0,0,1.0,13,0,13,0.0,0.0,0.0
75.298,1262,20.2,0.1172,1.0,0.0464,-0.2071,0.9056,0.0,0.0,0,1.0,13,0,13,0.0,0.0,0.0
75.346,1263,20.2,0.1172,1.0,0.0464,-0.2071,0.9056,0.0,0.0,0,1.0,12,0,13,0.0,0.0,0.0
75.4,1264,20.2,0.1172,1.0,0.0464,-0.2071,0.9056,0.0,0.0,0,1.0,12,0,13,0.0,0.0,0.0
75.442,1265,20.2,0.1172,1.0,0.0464,-0.3742,0.9056,0.0,0.0,0,1.0,12,0,13,0.0,0.0,0.0
75.486,1266,20.2,0.1172,1.0,0.0464,-0.2071,0.9056,0.0,0.0,0,1.0,12,0,13,0.0,0.0,0.0
75.535,1267,20.2,0.1172,1.0,0.0464,-0.2071,0.9056,0.0,0.0,0,1.0,13,0,13,0.0,0.0,0.0
75.574,1268,20.2,0.1172,1.0,0.0464,-0.2071,0.9056,0.0,0.0,0,1.0,13,0,13,0.0,0.0,0.0
75.617,1269,20.2,0.1172,1.0,0.0464,-0.2071,0.9056,0.0,0.0,0,1.0,12,0,13,0.0,0.0,0.0
75.666,1270,20.2,0.1172,1.0,0.0464,-0.2071,0.9056,0.0,0.0,0,1.0,12,0,13,0.0,0.0,0.0
75.712,1271,20.2,0.1172,1.0,0.0464,-0.2071,0.9056,0.0,0.0,0,1.0,12,0,13,0.0,0.0,0.0
75.763,1272,20.2,0.1172,1.0,0.0464,-0.2071,0.9056,0.0,0.0,0,1.0,12,0,13,0.0,0.0,0.0
75.813,1273,20.2,0.1172,1.0,0.0464,-0.2071,0.9056,0.0,0.0,0,1.0,12,0,13,0.0,0.0,0.0
75.862,1274,20.2,0.1172,1.0,0.0464,-0.2071,0.9056,0.0,0.0,0,1.0,12,0,13,0.0,0.0,0.0
75.914,1275,20.2,0.1172,1.0,0.0464,-0.2071,0.9056,0.0,0.0,0,1.0,13,0,13,0.0,0.0,0.0
75.962,1276,20.2,0.1172,1.0,0.0464,-0.2071,0.9056,0.0,0.0,0,1.0,13,0,13,0.0,0.0,0.0
76.015,1277,20.2,0.3851,0.9318,0.0255,-0.5403,0.9984,0.0,0.0,0,1.0,14,0,13,0.0,0.0,0.0
76.062,1278,20.2,0.3833,0.9314,0.0255,-0.5394,0.997,0.0,0.0,0,1.0,14,0,13,0.0,0.0,0.0
76.113,1279,20.2,0.1172,1.0,0.0464,-0.2071,0.9056,-0.4651,0.0,0,1.0,14,0,13,0.0233,0.0,0.0093
76.163,1280,20.2,0.3651,0.9742,0.0334,-0.5026,1.0,0.0,0.0,0,1.0,15,0,13,0.0,0.0,0.0
76.216,1281,20.2,0.0564,1.0,0.0879,0.1019,0.8892,0.0,0.0,0,1.0,15,0,13,0.0,0.0,0.0
76.263,1282,20.2,0.1172,1.0,0.0464,-0.2071,0.9056,-0.7,0.0,0,1.0,15,0,13,0.035,0.0,0.014
76.315,1283,20.2,0.1172,1.0,0.0464,-0.2071,0.9056,0.0,0.0,0,1.0,16,0,13,0.0,0.0,0.0
76.364,1284,20.2,0.1172,1.0,0.0464,-0.2071,0.9056,0.0,0.0,0,1.0,13,0,13,0.0,0.0,0.0
76.412,1285,20.2,0.1172,1.0,0.0464,-0.2071,0.9056,0.0,0.0,0,1.0,14,0,13,0.0,0.0,0.0
76.46,1286,20.2,0.1172,1.0,0.0464,-0.2071,0.9056,0.0,0.0,0,1.0,14,0,13,0.0,0.0,0.0
76.51,1287,20.2,0.1172,1.0,0.0464,-0.2071,0.9056,0.0,0.0,0,1.0,15,0,13,0.0,0.0,0.0
76.559,1288,20.2,0.1172,1.0,0.0464,-0.2071,0.9056,0.0,0.0,0,1.0,14,0,13,0.0,0.0,0.0
76.602,1289,20.2,0.1172,1.0,0.0464,-0.2071,0.9056,0.0,0.0,0,1.0,13,0,13,0.0,0.0,0.0
76.654,1290,20.2,0.1172,1.0,0.0464,-0.2071,0.9056,0.0,0.0,0,1.0,14,0,13,0.0,0.0,0.0
76.701,1291,20.6,0.141,1.0,0.0464,-0.2488,0.9189,0.0,0.0,0,1.0,15,0,13,0.0,0.0,0.0
76.753,1292,20.6,0.1598,1.0,0.0464,-0.2771,0.9295,0.0,0.0,0,1.0,15,0,13,0.0,0.0,0.0
76.807,1293,20.6,0.1599,1.0,0.0464,-0.2773,0.9296,0.0,0.0,0,1.0,15,0,13,0.0,0.0,0.0
76.857,1294,20.6,0.1586,1.0,0.0464,-0.2755,0.9288,0.0,0.0,0,1.0,14,0,13,0.0,0.0,0.0
76.905,1295,20.6,0.1945,0.9642,0.0464,-0.3246,0.9189,0.0,0.0,0,1.0,14,0,13,0.0,0.0,0.0
76.954,1296,20.6,0.1903,0.9704,0.0464,-0.3192,0.9217,0.0,0.0,0,1.0,16,0,13,0.0,0.0,0.0
77.007,1297,20.6,0.3635,0.8283,0.0255,-0.5461,0.8993,0.0,0.0,0,1.0,19,0,13,0.0,0.0,0.0
77.054,1298,20.6,0.1785,0.9852,0.0464,-0.3034,0.9276,-0.7,0.0,0,1.0,15,0,13,0.035,0.0,0.014
77.105,1299,20.6,0.1711,0.9941,0.0464,-0.293,0.9309,0.0,0.0,0,1.0,19,0,13,0.0,0.0,0.0
77.155,1300,20.6,0.1812,0.981,0.0464,-0.3071,0.9255,0.0,0.0,0,1.0,18,0,13,0.0,0.0,0.0
77.206,1301,20.6,0.1538,1.0,0.0464,-0.2684,0.9261,0.0,0.0,0,1.0,19,0,13,0.0,0.0,0.0
77.254,1302,20.6,0.1576,1.0,0.0464,-0.274,0.9283,0.0,0.0,0,1.0,20,0,13,0.0,0.0,0.0
77.307,1303,20.6,0.0632,1.0,0.1053,0.1204,0.899,0.0,0.0,0,1.0,18,0,13,0.0,0.0,0.0
77.358,1304,20.6,0.2071,0.9576,0.0464,-0.3398,0.9204,0.0,0.0,0,1.0,19,0,13,0.0,0.0,0.0
77.408,1305,20.6,0.2071,0.9576,0.0464,-0.3398,0.9204,0.0,0.0,0,1.0,21,0,13,0.0,0.0,0.0
77.46,1306,20.6,0.17,0.987,0.0464,-0.292,0.9242,0.0,0.0,0,1.0,17,0,13,0.0,0.0,0.0
77.509,1307,20.6,0.1583,0.9965,0.0464,-0.2752,0.9257,0.0,0.0,0,1.0,22,0,13,0.0,0.0,0.0
77.553,1308,20.6,0.2071,0.9576,0.0464,-0.3398,0.9204,0.0,0.0,0,1.0,16,1,13,0.0,0.0,0.0
77.608,1309,20.6,0.1648,1.0,0.0255,-0.3619,0.9323,0.0,0.0,0,1.0,17,1,13,0.0,0.0,0.0
77.662,1310,20.6,0.1375,0.9969,0.0626,-0.1873,0.9144,0.0,0.0,0,1.0,17,1,13,0.0,0.0,0.0
77.709,1311,20.6,0.1594,0.9884,0.0557,-0.2459,0.9195,0.0,0.0,0,1.0,22,1,13,0.0,0.0,0.0
77.761,1312,20.6,0.1594,0.9884,0.0557,-0.2459,0.9195,0.0,0.0,0,1.0,22,1,13,0.0,0.0,0.0
77.813,1313,20.6,0.1594,0.9884,0.0557,-0.2459,0.9195,0.0,0.0,0,1.0,22,1,13,0.0,0.0,0.0
77.862,1314,20.6,0.1594,0.9884,0.0557,-0.2459,0.9195,0.0,0.0,0,1.0,23,1,13,0.0,0.0,0.0
77.913,1315,20.6,0.1594,0.9884,0.0557,-0.2459,0.9195,0.0,0.0,0,1.0,22,1,13,0.0,0.0,0.0
77.962,1316,20.6,0.1594,0.9884,0.0557,-0.2459,0.9195,0.0,0.0,0,1.0,22,1,13,0.0,0.0,0.0
78.014,1317,20.6,0.1594,0.9884,0.0557,-0.2459,0.9195,0.0,0.0,0,1.0,23,1,13,0.0,0.0,0.0
78.064,1318,20.6,0.1594,0.9884,0.0557,-0.2459,0.9195,0.0,0.0,0,1.0,22,1,13,0.0,0.0,0.0
78.113,1319,20.6,0.1594,0.9884,0.0557,-0.2459,0.9195,0.0,0.0,0,1.0,22,1,13,0.0,0.0,0.0
78.161,1320,20.6,0.1594,0.9884,0.0557,-0.2459,0.9195,0.0,0.0,0,1.0,22,1,13,0.0,0.0,0.0
78.213,1321,19.9,0.1594,0.9884,0.0557,-0.2459,0.9195,0.0,0.0,0,1.0,22,1,13,0.0,0.0,0.0
78.263,1322,19.9,0.0643,1.0,0.0598,-0.0167,0.876,0.0,0.0,0,1.0,22,1,13,0.0,0.0,0.0
78.316,1323,19.9,0.0729,0.9993,0.0472,-0.0965,0.8802,0.0,0.0,0,1.0,12,1,13,0.0,0.0,0.0
78.363,1324,19.9,0.0341,1.0,0.0495,0.0779,0.8677,0.0,0.0,0,1.0,14,1,13,0.0,0.0,0.0
78.41,1325,19.9,0.0509,1.0,0.0507,-0.0008,0.8685,0.0,0.0,0,1.0,14,1,13,0.0,0.0,0.0
78.459,1326,19.9,0.0327,1.0,0.0936,0.2189,0.8924,0.0,0.0,0,1.0,9,1,13,0.0,0.0,0.0
78.506,1327,19.9,0.0736,1.0,0.0645,-0.0303,0.8812,0.0,0.0,0,1.0,13,1,13,0.0,0.0,0.0
78.572,1328,19.9,0.0911,1.0,0.0532,-0.1225,0.891,0.0,0.0,0,1.0,23,1,13,0.0,0.0,0.0
78.629,1329,19.9,0.054,1.0,0.0412,-0.0582,0.8703,0.0,0.0,0,1.0,11,1,13,0.0,0.0,0.0
78.681,1330,19.9,0.1135,1.0,0.056,-0.1635,0.9036,0.0,0.0,0,1.0,12,1,13,0.0,0.0,0.0
78.733,1331,19.9,0.111,1.0,0.0368,-0.2351,0.9021,0.0,0.0,0,1.0,12,1,13,0.0,0.0,0.0
78.781,1332,19.9,0.0878,1.0,0.0361,-0.1886,0.8891,0.0,0.0,0,1.0,12,1,13,0.0,0.0,0.0
78.832,1333,19.9,0.0878,1.0,0.033,-0.2044,0.8891,0.0,0.0,0,1.0,12,1,13,0.0,0.0,0.0
78.883,1334,19.9,0.0878,1.0,0.0335,-0.2017,0.8892,0.0,0.0,0,1.0,12,1,13,0.0,0.0,0.0
78.945,1335,19.9,0.1218,1.0,0.017,-0.3489,0.9082,0.0,0.0,0,1.0,11,1,13,0.0,0.0,0.0
79.007,1336,19.9,0.1218,1.0,0.017,-0.349,0.9082,0.0,0.0,0,1.0,11,1,13,0.0,0.0,0.0
79.069,1337,19.9,0.0986,1.0,0.0139,-0.3348,0.8952,0.0,0.0,0,1.0,12,1,13,0.0,0.0,0.0
79.127,1338,19.9,0.099,1.0,0.0147,-0.3307,0.8954,0.0,0.0,0,1.0,12,1,13,0.0,0.0,0.0
79.179,1339,19.9,0.092,1.0,0.0152,-0.3161,0.8915,0.0,0.0,0,1.0,12,1,13,0.0,0.0,0.0
79.231,1340,19.9,0.0997,1.0,0.0157,-0.325,0.8958,0.0,0.0,0,1.0,12,1,13,0.0,0.0,0.0
79.295,1341,19.9,0.0993,1.0,0.0163,-0.3211,0.8956,0.0,0.0,0,1.0,12,1,13,0.0,0.0,0.0
79.346,1342,19.9,0.0993,1.0,0.0163,-0.3211,0.8956,0.0,0.0,0,1.0,12,1,13,0.0,0.0,0.0
79.4,1343,19.9,0.0993,1.0,0.0163,-0.3211,0.8956,0.0,0.0,0,1.0,12,1,13,0.0,0.0,0.0
79.454,1344,19.9,0.0993,1.0,0.0163,-0.3211,0.8956,0.0,0.0,0,1.0,12,1,13,0.0,0.0,0.0
79.5,1345,19.9,0.0993,1.0,0.0163,-0.3211,0.8956,0.0,0.0,0,1.0,12,1,13,0.0,0.0,0.0
79.541,1346,19.9,0.0993,1.0,0.0163,-0.3211,0.8956,0.0,0.0,0,1.0,12,1,13,0.0,0.0,0.0
